gender,SeniorCitizen,Partner,Dependents,tenure,PhoneService,MultipleLines,OnlineSecurity,OnlineBackup,DeviceProtection,TechSupport,StreamingTV,StreamingMovies,PaperlessBilling,MonthlyCharges,TotalCharges,Churn,Contract_Month-to-month,Contract_One year,Contract_Two year,InternetService_DSL,InternetService_Fiber optic,InternetService_No,PaymentMethod_Bank transfer (automatic),PaymentMethod_Credit card (automatic),PaymentMethod_Electronic check,PaymentMethod_Mailed check,tenure_group,avg_monthly_spend_ratio,support_score,streaming_count,is_high_value,engagement_score,charge_per_tenure,high_risk_combo,contract_stability,has_any_protection,fiber_monthly_combo,payment_risk,total_services,loyalty_index
1,0,1,0,1,0,0,0,1,0,0,0,0,1,29.85,29.85,0,1,0,0,1,0,0,0,0,1,0,0,0.9675850891410048,1,0,0,1,14.925,0,0,1,0,1,1,0.03241491085899514
0,0,0,0,34,1,0,1,0,1,0,0,0,0,56.95,1889.5,0,0,1,0,1,0,0,0,0,0,1,2,0.0301243057392224,2,0,0,3,1.6271428571428572,0,1,1,0,0,3,0.5867126833477135
0,0,0,0,2,1,0,1,1,0,0,0,0,1,53.85,108.15,1,1,0,0,1,0,0,0,0,0,1,0,0.4933577645442052,2,0,0,3,17.95,0,0,1,0,0,3,0.03646308113035551
0,0,0,0,45,0,0,1,0,1,1,0,0,0,42.3,1840.75,0,0,1,0,1,0,0,1,0,0,0,2,0.0229672865481199,3,0,0,3,0.9195652173913043,0,1,1,0,0,3,1.0392609699769053
1,0,0,0,2,1,0,0,0,0,0,0,0,1,70.7,151.65,1,1,0,0,0,1,0,0,0,1,0,0,0.4631509990173599,0,0,0,1,23.566666666666666,1,0,0,1,1,1,0.02789400278940028
1,0,0,0,8,1,1,0,0,1,0,1,1,1,99.65,820.5,1,1,0,0,0,1,0,0,0,1,0,0,0.1213024954351795,1,2,1,5,11.072222222222223,1,0,1,1,1,5,0.07948335817188276
0,0,0,1,22,1,1,0,1,0,0,1,0,1,89.1,1949.4,0,1,0,0,0,1,0,0,1,0,0,1,0.04568293683347,1,1,0,4,3.8739130434782605,0,0,1,1,0,4,0.24417314095449502
1,0,0,0,10,0,0,1,0,0,0,0,0,0,29.75,301.9,0,1,0,0,1,0,0,0,0,0,1,0,0.0982172334103664,1,0,0,1,2.7045454545454546,0,0,1,0,0,1,0.3252032520325203
1,0,1,0,28,1,1,0,0,1,1,1,1,1,104.8,3046.05,1,1,0,0,0,1,0,0,0,1,0,2,0.0343939219901215,2,2,1,6,3.613793103448276,0,0,1,1,1,6,0.26465028355387527
0,0,0,1,62,1,0,1,1,0,0,0,0,0,56.15,3487.95,0,0,1,0,1,0,0,1,0,0,0,3,0.0160936671491422,2,0,0,3,0.8912698412698412,0,1,1,0,0,3,1.0848643919510061
0,0,1,1,13,1,0,1,0,0,0,0,0,1,49.95,587.45,0,1,0,0,1,0,0,0,0,0,1,1,0.0848840173336732,1,0,0,2,3.567857142857143,0,0,1,0,0,2,0.2551521099116781
0,0,0,0,16,1,0,0,0,0,0,0,0,0,18.95,326.8,0,0,0,1,0,0,1,0,1,0,0,1,0.0578096400244051,0,0,0,1,1.1147058823529412,0,2,0,0,0,1,0.8020050125313284
0,0,1,0,58,1,1,0,0,1,0,1,1,0,100.35,5681.1,0,0,1,0,0,1,0,0,1,0,0,3,0.0176607240280882,1,2,1,5,1.7008474576271186,0,1,1,0,0,5,0.5722742969906266
0,0,0,0,49,1,1,0,1,1,0,1,1,1,103.7,5036.3,1,1,0,0,0,1,0,1,0,0,0,3,0.0205864252675044,2,2,1,6,2.074,0,0,1,1,0,6,0.4680038204393505
0,0,0,0,25,1,0,1,0,1,1,1,1,1,105.5,2686.05,0,1,0,0,0,1,0,0,0,1,0,2,0.0392623881208016,3,2,1,6,4.0576923076923075,0,0,1,1,0,6,0.2347417840375587
1,0,1,1,69,1,1,1,1,1,1,1,1,0,113.25,7895.15,0,0,0,1,0,1,0,0,1,0,0,3,0.0143424327045458,4,2,1,8,1.6178571428571429,0,2,1,0,0,8,0.6039387308533917
1,0,0,0,52,1,0,0,0,0,0,0,0,0,20.65,1022.95,0,0,1,0,0,0,1,0,0,0,1,3,0.0201670003418135,0,0,0,1,0.38962264150943393,0,1,0,0,0,1,2.401847575057737
0,0,0,1,71,1,1,1,0,1,0,1,1,0,106.7,7382.25,0,0,0,1,0,1,0,1,0,0,0,3,0.0144516303795753,2,2,1,6,1.4819444444444445,0,2,1,0,0,6,0.659238625812442
1,0,1,1,10,1,0,0,0,1,1,0,0,0,55.2,528.35,1,1,0,0,1,0,0,0,1,0,0,0,0.1042788325304618,2,0,0,3,5.0181818181818185,0,0,1,0,0,3,0.1779359430604982
1,0,0,0,21,1,0,0,1,1,0,0,1,1,90.05,1862.9,0,1,0,0,0,1,0,0,0,1,0,1,0.0483126777187617,2,1,1,4,4.093181818181818,0,0,1,1,1,4,0.23064250411861614
0,1,0,0,1,0,0,0,0,1,0,0,1,1,39.65,39.65,1,1,0,0,1,0,0,0,0,1,0,0,0.97539975399754,1,1,0,2,19.825,0,0,1,0,1,2,0.024600246002460024
0,0,1,0,12,1,0,0,0,0,0,0,0,0,19.8,202.25,0,0,1,0,0,0,1,1,0,0,0,0,0.0974169741697417,0,0,0,1,1.5230769230769232,0,1,0,0,0,1,0.5769230769230769
0,0,0,0,1,1,0,0,0,0,0,0,0,0,20.15,20.15,1,1,0,0,0,0,1,0,0,0,1,0,0.9527186761229316,0,0,0,1,10.075,0,0,0,0,0,1,0.047281323877068564
1,0,1,0,58,1,1,0,1,0,1,0,0,1,59.9,3505.1,0,0,0,1,1,0,0,0,1,0,0,3,0.017084509854254,2,0,0,4,1.0152542372881355,0,2,1,0,0,4,0.9523809523809524
0,0,1,1,49,1,0,1,1,0,1,0,0,0,59.6,2970.3,0,1,0,0,1,0,0,0,1,0,0,3,0.0200585602261636,3,0,0,4,1.192,0,0,1,0,0,4,0.8085808580858086
1,0,0,0,30,1,0,1,1,0,0,0,0,1,55.3,1530.6,0,1,0,0,1,0,0,1,0,0,0,2,0.0361060329067641,2,0,0,3,1.7838709677419353,0,0,1,0,0,3,0.5328596802841918
0,0,1,1,47,1,1,0,1,0,0,1,1,1,99.35,4749.15,1,1,0,0,0,1,0,0,0,1,0,2,0.0209151289959264,1,2,1,5,2.0697916666666667,0,0,1,1,1,5,0.4683607374190334
0,0,1,1,1,0,0,0,1,0,0,0,0,0,30.2,30.2,1,1,0,0,1,0,0,0,0,1,0,0,0.967948717948718,1,0,0,1,15.1,0,0,1,0,1,1,0.032051282051282055
0,0,1,0,72,1,1,1,1,1,1,1,1,1,90.25,6369.45,0,0,0,1,1,0,0,0,1,0,0,3,0.0141669740756147,4,2,1,8,1.2363013698630136,0,2,1,0,0,8,0.7890410958904109
1,0,0,1,17,1,0,0,0,0,0,1,1,1,64.7,1093.1,1,1,0,0,1,0,0,0,0,0,1,1,0.0591353623983182,0,2,0,3,3.5944444444444446,0,0,0,0,0,3,0.258751902587519
1,1,1,0,71,1,1,1,1,1,1,0,0,1,96.35,6766.95,0,0,0,1,0,1,0,0,1,0,0,3,0.0142362162841037,4,0,1,6,1.3381944444444445,0,2,1,0,0,6,0.7293271700051361
0,1,1,0,2,1,0,0,0,1,0,1,1,1,95.5,181.65,0,1,0,0,0,1,0,0,1,0,0,0,0.5228579249931563,1,2,1,4,31.833333333333332,1,0,1,1,0,4,0.02072538860103627
1,0,1,1,27,1,0,1,1,1,1,0,0,0,66.15,1874.45,0,0,1,0,1,0,0,0,0,0,1,2,0.0352715348316404,4,0,0,5,2.3625000000000003,0,1,1,0,0,5,0.40208488458674607
0,0,0,0,1,1,0,0,0,0,0,0,0,0,20.2,20.2,0,1,0,0,0,0,1,1,0,0,0,0,0.9528301886792452,0,0,0,1,10.1,0,0,0,0,0,1,0.04716981132075472
0,1,0,0,1,1,0,0,0,0,0,0,0,0,45.25,45.25,0,1,0,0,1,0,0,1,0,0,0,0,0.9783783783783784,0,0,0,1,22.625,0,0,0,0,0,1,0.021621621621621623
1,0,1,1,72,1,1,1,1,0,1,1,0,0,99.9,7251.7,0,0,0,1,0,1,0,1,0,0,0,3,0.0137741806499648,3,1,1,6,1.3684931506849316,0,2,1,0,0,6,0.7135777998017839
0,0,0,0,5,1,0,0,0,0,0,0,0,1,69.7,316.9,1,1,0,0,0,1,0,0,0,1,0,0,0.2192513368983957,0,0,0,1,11.616666666666667,0,0,0,1,1,1,0.07072135785007072
1,0,0,0,46,1,0,0,0,1,0,0,0,1,74.8,3548.3,0,1,0,0,0,1,0,0,1,0,0,2,0.0210745780858197,1,0,0,2,1.5914893617021275,0,0,1,1,0,2,0.6068601583113457
0,0,0,0,34,1,1,0,1,1,0,1,1,1,106.35,3549.25,1,1,0,0,0,1,0,0,0,1,0,2,0.0299556369269769,2,2,1,6,3.0385714285714283,0,0,1,1,1,6,0.31672100605496045
1,0,0,0,11,1,1,0,0,1,0,1,1,1,97.85,1105.4,1,1,0,0,0,1,0,1,0,0,0,0,0.088439985538684,1,2,1,5,8.154166666666667,1,0,1,1,0,5,0.11127971674253921
0,0,1,1,10,1,0,0,1,0,0,0,0,0,49.55,475.7,0,0,1,0,1,0,0,0,0,0,1,0,0.1039437801552339,1,0,0,2,4.504545454545454,0,1,1,0,0,2,0.19782393669634027
1,0,1,1,70,1,1,1,1,0,0,1,0,1,69.2,4872.35,0,0,0,1,1,0,0,0,1,0,0,3,0.014199677839679,2,1,0,5,0.9746478873239437,0,2,1,0,0,5,0.9971509971509971
1,0,1,1,17,1,0,0,0,0,0,0,0,0,20.75,418.25,0,0,1,0,0,0,1,0,0,0,1,1,0.0494931425163983,0,0,0,1,1.1527777777777777,0,1,0,0,0,1,0.7816091954022989
1,0,0,0,63,1,1,1,1,1,1,1,0,1,79.85,4861.45,0,0,0,1,1,0,0,0,1,0,0,3,0.0164217626916472,4,1,0,7,1.24765625,0,2,1,0,0,7,0.7792207792207793
1,0,1,0,13,1,1,1,1,0,1,1,0,1,76.2,981.45,0,1,0,0,1,0,0,0,0,1,0,1,0.0775611990432083,3,1,0,6,5.442857142857143,0,0,1,0,0,6,0.16839378238341968
1,0,0,0,49,1,1,0,0,0,0,0,1,1,84.5,3906.7,0,1,0,0,0,1,0,0,0,1,0,3,0.0216239731811551,0,1,0,3,1.69,0,0,0,1,1,3,0.5730994152046783
0,0,0,0,2,1,0,0,1,0,0,0,0,0,49.25,97.0,0,1,0,0,1,0,0,0,0,0,1,0,0.5025510204081632,1,0,0,2,16.416666666666668,0,0,1,0,0,2,0.03980099502487562
1,0,0,0,2,1,0,0,0,0,0,1,0,1,80.65,144.15,1,1,0,0,0,1,0,0,0,1,0,0,0.555632104719256,0,1,0,2,26.883333333333336,1,0,0,1,1,2,0.02449479485609308
0,0,0,0,52,1,1,1,0,0,1,1,1,1,79.75,4217.8,0,0,0,1,1,0,0,0,1,0,0,3,0.0189034796624632,2,2,0,6,1.5047169811320755,0,2,1,0,0,6,0.6439628482972136
1,0,1,1,69,1,1,1,0,1,1,0,0,1,64.15,4254.1,0,0,0,1,1,0,0,0,1,0,0,3,0.0150760264153603,3,0,0,5,0.9164285714285715,0,2,1,0,0,5,1.059094397544129
1,1,0,0,43,1,1,0,1,0,0,1,0,1,90.25,3838.75,0,1,0,0,0,1,0,0,0,1,0,2,0.0235041343837489,1,1,1,4,2.0511363636363638,0,0,1,1,1,4,0.4712328767123288
1,0,0,0,15,1,0,1,1,0,0,1,1,1,99.1,1426.4,1,1,0,0,0,1,0,0,1,0,0,1,0.0694269300826677,2,2,1,5,6.19375,0,0,1,1,0,5,0.14985014985014986
1,1,1,0,25,1,1,1,0,0,1,1,0,1,69.5,1752.65,0,1,0,0,1,0,0,0,1,0,0,2,0.0396316254668833,2,1,0,5,2.673076923076923,0,0,1,0,0,5,0.3546099290780142
1,1,1,0,8,1,1,0,1,0,0,0,0,1,80.65,633.3,1,1,0,0,0,1,0,0,1,0,0,0,0.1271480372063692,1,0,0,3,8.961111111111112,1,0,1,1,0,3,0.09797917942437231
1,1,1,1,60,1,0,1,1,1,1,0,1,1,74.85,4456.35,0,0,1,0,1,0,0,0,1,0,0,3,0.0167924888106161,4,1,0,6,1.2270491803278687,0,1,1,0,0,6,0.7910349373764008
0,1,0,0,18,1,1,0,0,0,0,1,1,1,95.45,1752.55,1,1,0,0,0,1,0,0,0,1,0,1,0.0544324370562573,0,2,1,4,5.023684210526316,0,0,0,1,1,4,0.18662519440124417
1,0,1,1,63,1,1,1,0,0,0,1,1,1,99.65,6311.2,0,0,1,0,0,1,0,0,1,0,0,3,0.0157868888818478,1,2,1,5,1.55703125,0,1,1,0,0,5,0.6259314456035767
0,1,1,1,66,1,1,0,1,1,1,1,1,1,108.45,7076.35,0,0,1,0,0,1,0,0,0,1,0,3,0.0153235321130084,3,2,1,7,1.6186567164179104,0,1,1,0,1,7,0.6030150753768844
1,0,1,1,34,1,1,0,0,0,0,0,0,0,24.95,894.3,0,0,0,1,0,0,1,0,1,0,0,2,0.0278677538255333,0,0,0,2,0.7128571428571429,0,2,0,0,0,2,1.3102119460500963
1,0,0,0,72,1,1,0,0,1,1,1,1,1,107.5,7853.7,0,0,0,1,0,1,0,0,1,0,0,3,0.013686073306428,2,2,1,6,1.4726027397260273,0,2,1,0,0,6,0.663594470046083
1,0,1,0,47,1,1,0,0,1,0,1,1,1,100.5,4707.1,0,1,0,0,0,1,0,0,0,1,0,2,0.0213461906076761,1,2,1,5,2.09375,0,0,1,1,1,5,0.4630541871921182
0,0,0,0,60,1,1,0,1,0,0,1,0,1,89.9,5450.7,0,1,0,0,0,1,0,1,0,0,0,3,0.0164902690903754,1,1,1,4,1.4737704918032788,0,0,1,1,0,4,0.6600660066006601
0,0,1,0,72,0,0,1,1,1,0,0,0,0,42.1,2962.0,0,0,0,1,1,0,0,1,0,0,0,3,0.014208572392845,3,0,0,3,0.5767123287671233,0,2,1,0,0,3,1.6705336426914152
1,0,1,1,18,1,0,0,0,1,1,0,0,1,54.4,957.1,0,0,1,0,1,0,0,0,1,0,0,1,0.0567790418536687,2,0,0,3,2.863157894736842,0,1,1,0,0,3,0.3249097472924188
1,0,0,0,9,1,1,0,0,0,0,1,1,0,94.4,857.25,1,1,0,0,0,1,0,0,0,1,0,0,0.1099912612875036,0,2,1,4,9.440000000000001,1,0,0,1,1,4,0.09433962264150943
1,0,0,0,3,1,0,0,1,0,1,1,1,1,75.3,244.1,0,1,0,0,1,0,0,0,0,1,0,0,0.3072215422276622,2,2,0,5,18.825,1,0,1,0,1,5,0.039318479685452164
0,0,1,0,47,1,1,0,1,0,0,0,0,1,78.9,3650.35,0,0,1,0,0,1,0,0,0,1,0,2,0.0216084461911347,1,0,0,3,1.64375,0,1,1,0,1,3,0.588235294117647
1,0,0,0,31,1,0,0,1,1,1,1,1,0,79.2,2497.2,0,0,0,1,1,0,0,0,0,0,1,2,0.031702826034745,3,2,0,6,2.475,0,2,1,0,0,6,0.38653366583541143
1,0,1,1,50,1,0,0,0,0,0,0,0,0,20.15,930.9,0,0,0,1,0,0,1,1,0,0,0,3,0.021622491683657,0,0,0,1,0.39509803921568626,0,2,0,0,0,1,2.364066193853428
0,0,0,0,10,1,0,1,0,1,0,0,0,1,79.85,887.35,0,1,0,0,0,1,0,0,0,0,1,0,0.0898857432318342,2,0,0,3,7.259090909090909,1,0,1,1,0,3,0.12368583797155226
0,0,0,0,1,1,0,0,0,0,1,0,0,0,49.05,49.05,0,1,0,0,1,0,0,0,0,0,1,0,0.98001998001998,1,0,0,2,24.525,0,0,1,0,0,2,0.01998001998001998
1,0,1,1,52,1,0,0,0,0,0,0,0,1,20.4,1090.65,0,0,1,0,0,0,1,0,0,1,0,3,0.0186873082031786,0,0,0,1,0.38490566037735846,0,1,0,0,1,1,2.429906542056075
0,1,1,1,64,1,1,1,0,1,1,1,1,1,111.6,7099.0,0,0,0,1,0,1,0,1,0,0,0,3,0.0157183098591549,3,2,1,7,1.7169230769230768,0,2,1,0,0,7,0.5683836589698047
0,0,1,1,62,1,1,0,0,0,0,0,0,1,24.25,1424.6,0,0,0,1,0,0,1,1,0,0,0,3,0.0170103815937149,0,0,0,2,0.38492063492063494,0,2,0,0,0,2,2.4554455445544554
1,0,0,1,3,1,0,1,0,0,1,0,1,1,64.5,177.4,0,1,0,0,1,0,0,1,0,0,0,0,0.3615470852017937,2,1,0,4,16.125,0,0,1,0,0,4,0.04580152671755725
1,1,0,0,56,1,1,1,1,1,0,1,1,0,110.5,6139.5,0,0,1,0,0,1,0,0,0,1,0,3,0.0179952772575523,3,2,1,7,1.9385964912280702,0,1,1,0,0,7,0.5022421524663677
1,0,0,0,46,1,0,0,0,0,0,0,1,0,55.65,2688.85,0,0,1,0,1,0,0,0,1,0,0,2,0.0206888859973604,0,1,0,2,1.1840425531914893,0,1,0,0,0,2,0.8120035304501324
1,0,1,1,8,1,0,1,1,0,0,0,0,0,54.65,482.25,0,1,0,0,1,0,0,0,0,0,1,0,0.1130884635281945,2,0,0,3,6.072222222222222,0,0,1,0,0,3,0.14375561545372867
0,1,0,0,30,1,0,1,1,0,0,1,1,1,74.75,2111.3,0,1,0,0,1,0,0,0,0,1,0,2,0.0353879657245656,2,2,0,5,2.411290322580645,0,0,1,0,0,5,0.39603960396039606
1,0,1,1,45,1,1,0,0,0,0,0,0,1,25.9,1216.6,0,0,1,0,0,0,1,0,1,0,0,2,0.0212713534822601,0,0,0,2,0.5630434782608695,0,1,0,0,0,2,1.6728624535315986
1,0,0,1,1,1,0,0,0,0,0,1,0,1,79.35,79.35,1,1,0,0,0,1,0,0,0,1,0,0,0.9875544492843809,0,1,0,2,39.675,1,0,0,1,1,2,0.012445550715619168
1,0,1,1,11,0,0,1,0,0,0,1,1,0,50.55,565.35,0,1,0,0,1,0,0,0,0,1,0,0,0.0892557605720844,1,2,0,3,4.2124999999999995,0,0,1,0,0,3,0.21338506304558683
1,0,1,0,7,1,0,0,0,1,0,0,0,1,75.15,496.9,1,1,0,0,0,1,0,1,0,0,0,0,0.1509339224743924,1,0,0,2,9.39375,1,0,1,1,0,2,0.09192383453709782
1,0,0,0,42,1,0,0,1,1,1,1,1,1,103.8,4327.5,0,1,0,0,0,1,0,1,0,0,0,2,0.0239805937391706,3,2,1,6,2.413953488372093,0,0,1,1,0,6,0.40076335877862596
1,0,1,0,49,1,0,0,0,0,0,0,0,1,20.15,973.35,0,0,0,1,0,0,1,1,0,0,0,3,0.0206804536357571,0,0,0,1,0.40299999999999997,0,2,0,0,0,1,2.3167848699763596
0,0,0,0,9,1,1,0,1,0,0,1,1,1,99.3,918.75,0,1,0,0,0,1,0,0,1,0,0,0,0.1079641206849687,1,2,1,5,9.93,1,0,1,1,0,5,0.0897308075772682
1,0,1,0,35,1,0,1,0,0,0,1,0,1,62.15,2215.45,0,0,1,0,1,0,0,1,0,0,0,2,0.0280403347695639,1,1,0,3,1.7263888888888888,0,1,1,0,0,3,0.5542359461599367
1,0,1,1,48,1,0,0,0,0,0,0,0,0,20.65,1057.0,0,0,0,1,0,0,1,1,0,0,0,2,0.0195179584120983,0,0,0,1,0.4214285714285714,0,2,0,0,0,1,2.217090069284065
1,0,1,1,46,1,0,0,0,0,0,0,0,1,19.95,927.1,0,0,0,1,0,0,1,0,0,0,1,2,0.0214955284990841,0,0,0,1,0.42446808510638295,0,2,0,0,0,1,2.1957040572792366
0,0,1,0,29,0,0,0,0,0,0,1,0,0,33.75,1009.25,0,1,0,0,1,0,0,0,0,0,1,2,0.0334075723830735,0,1,0,1,1.125,0,0,0,0,0,1,0.8345323741007195
0,0,1,1,30,1,0,0,1,1,0,0,0,0,82.05,2570.2,0,1,0,0,0,1,0,1,0,0,0,2,0.0319111698817672,2,0,0,3,2.646774193548387,0,0,1,1,0,3,0.3612281757977122
0,1,0,0,1,1,0,0,0,0,1,0,0,0,74.7,74.7,0,1,0,0,0,1,0,0,0,1,0,0,0.9867899603698812,1,0,0,2,37.35,1,0,1,1,1,2,0.01321003963011889
0,0,1,1,66,1,1,1,0,1,1,1,1,1,84.0,5714.25,0,0,0,1,1,0,0,0,0,0,1,3,0.0146975197935348,3,2,0,7,1.2537313432835822,0,2,1,0,0,7,0.7764705882352941
1,0,0,0,65,1,1,1,1,1,0,1,1,1,111.05,7107.0,0,1,0,0,0,1,0,0,1,0,0,3,0.0156232414181204,3,2,1,7,1.6825757575757576,0,0,1,1,0,7,0.5800981704596162
0,0,0,0,72,1,1,0,1,1,0,1,1,1,100.9,7459.05,0,0,0,1,0,1,0,1,0,0,0,3,0.0135253785162297,2,2,1,6,1.382191780821918,0,2,1,0,0,6,0.7065750736015701
1,0,0,0,12,1,1,1,0,0,0,0,0,1,78.95,927.35,1,1,0,0,0,1,0,0,0,1,0,0,0.0850433564927021,1,0,0,3,6.073076923076924,0,0,1,1,0,3,0.15009380863039398
0,0,1,1,71,1,1,1,1,0,1,0,0,1,66.85,4748.7,0,0,1,0,1,0,0,0,1,0,0,3,0.0140745731309345,3,0,0,5,0.9284722222222221,0,1,1,0,0,5,1.0464259395725868
0,0,0,0,5,1,0,0,0,0,0,0,0,0,21.05,113.85,1,1,0,0,0,0,1,0,0,0,1,0,0.1832825424466695,0,0,0,1,3.5083333333333333,0,0,0,0,0,1,0.22675736961451246
0,0,0,0,52,1,0,0,0,0,0,0,0,0,21.0,1107.2,0,0,0,1,0,0,1,1,0,0,0,3,0.0189496480779642,0,0,0,1,0.39622641509433965,0,2,0,0,0,1,2.3636363636363638
1,1,1,0,25,1,0,0,1,1,0,1,1,1,98.5,2514.5,1,1,0,0,0,1,0,0,0,1,0,2,0.0391572252037368,2,2,1,5,3.7884615384615383,0,0,1,1,1,5,0.25125628140703515
0,0,0,0,1,1,0,0,0,0,0,0,0,0,20.2,20.2,0,1,0,0,0,0,1,0,0,0,1,0,0.9528301886792452,0,0,0,1,10.1,0,0,0,0,0,1,0.04716981132075472
1,0,1,1,1,1,0,0,0,0,0,0,0,0,19.45,19.45,0,1,0,0,0,0,1,0,0,1,0,0,0.9511002444987776,0,0,0,1,9.725,0,0,0,0,1,1,0.0488997555012225
0,0,0,0,38,1,1,0,0,1,1,1,0,0,95.0,3605.6,0,0,1,0,0,1,0,1,0,0,0,2,0.0263405977929351,2,1,1,5,2.4358974358974357,0,1,1,0,0,5,0.3958333333333333
1,1,1,0,66,0,0,0,1,1,0,1,0,0,45.55,3027.25,0,0,1,0,1,0,0,1,0,0,0,3,0.01504169074548,2,1,0,3,0.6798507462686567,0,1,1,0,0,3,1.4178302900107411
0,0,1,0,68,1,1,0,1,1,1,1,1,1,110.0,7611.85,1,0,0,1,0,1,0,1,0,0,0,3,0.0144492535646965,3,2,1,7,1.5942028985507246,0,2,1,0,0,7,0.6126126126126126
0,0,0,0,5,0,0,0,0,0,0,0,0,0,24.3,100.2,0,1,0,0,1,0,0,0,0,0,1,0,0.2401185770750988,0,0,0,0,4.05,0,0,0,0,0,0,0.1976284584980237
1,0,1,1,72,1,1,1,1,0,0,1,1,1,104.15,7303.05,0,0,1,0,0,1,0,0,0,1,0,3,0.0142592123547894,2,2,1,6,1.4267123287671233,0,1,1,0,0,6,0.6847360912981455
1,0,0,0,32,0,0,1,0,0,0,0,0,0,30.15,927.65,0,0,1,0,1,0,0,0,0,0,1,2,0.0324664836052334,1,0,0,1,0.9136363636363636,0,1,1,0,0,1,1.027287319422151
0,0,0,0,43,1,1,0,0,0,0,1,1,0,94.35,3921.3,0,0,1,0,0,1,0,0,0,0,1,2,0.0240547637865538,0,2,1,4,2.1443181818181816,0,1,0,0,0,4,0.45097011012060834
0,0,1,1,72,1,0,0,0,0,0,0,0,0,19.4,1363.25,0,0,0,1,0,0,1,0,1,0,0,3,0.0142202675462708,0,0,0,1,0.2657534246575342,0,2,0,0,0,1,3.5294117647058827
0,0,1,0,55,1,1,1,1,0,0,1,0,1,96.75,5238.9,1,1,0,0,0,1,0,0,0,1,0,3,0.0184640928261989,2,1,1,5,1.7276785714285714,0,0,1,1,0,5,0.5626598465473146
1,0,0,0,52,1,0,1,0,1,1,0,0,0,57.95,3042.25,0,0,1,0,1,0,0,0,1,0,0,3,0.0190421424463977,3,0,0,4,1.0933962264150945,0,1,1,0,0,4,0.8821034775233249
1,0,0,0,43,1,0,0,1,1,0,1,0,1,91.65,3954.1,0,1,0,0,0,1,0,0,0,1,0,2,0.0231726125761674,2,1,1,4,2.0829545454545455,0,0,1,1,1,4,0.464112250404749
1,1,1,0,37,1,1,0,0,0,0,0,0,1,76.5,2868.15,1,1,0,0,0,1,0,0,0,1,0,2,0.0266629489570081,0,0,0,2,2.013157894736842,0,0,0,1,1,2,0.4774193548387097
1,0,1,1,64,0,0,0,1,0,1,1,1,1,54.6,3423.5,0,0,0,1,1,0,0,0,0,1,0,3,0.0159439334209373,2,2,0,4,0.84,0,2,1,0,1,4,1.1510791366906474
0,0,1,1,3,1,0,1,1,0,0,1,0,0,89.85,248.4,0,1,0,0,0,1,0,0,0,1,0,0,0.3602646351242983,2,1,0,4,22.4625,1,0,1,1,0,4,0.03302146395156852
1,0,0,0,36,0,0,1,0,0,0,0,0,0,31.05,1126.35,0,0,0,1,1,0,0,1,0,0,0,2,0.0275424668470306,1,0,0,1,0.8391891891891892,0,2,1,0,0,1,1.123244929797192
1,0,1,1,10,1,1,1,0,0,0,1,1,1,100.25,1064.65,1,1,0,0,0,1,0,0,0,1,0,0,0.0940740393187256,1,2,1,5,9.113636363636363,1,0,1,1,0,5,0.09876543209876543
1,0,0,0,41,1,0,0,0,0,0,0,0,0,20.65,835.15,0,0,0,1,0,0,1,0,0,0,1,2,0.0246965257429887,0,0,0,1,0.49166666666666664,0,2,0,0,0,1,1.8937644341801387
0,0,1,1,27,1,1,0,1,0,1,0,0,1,85.2,2151.6,0,1,0,0,0,1,0,0,1,0,0,2,0.0395800427390132,2,0,0,4,3.042857142857143,0,0,1,1,0,4,0.31322505800464034
1,0,1,1,56,1,1,0,0,1,0,1,1,1,99.8,5515.45,0,0,1,0,0,1,0,0,1,0,0,3,0.0180913449772951,1,2,1,5,1.750877192982456,0,1,1,0,0,5,0.5555555555555556
1,0,0,0,6,1,0,0,0,0,0,0,0,0,20.7,112.75,0,1,0,0,0,0,1,0,0,0,1,0,0.1819780219780219,0,0,0,1,2.957142857142857,0,0,0,0,0,1,0.2764976958525346
0,0,0,0,3,1,1,0,0,0,0,0,0,1,74.4,229.55,1,1,0,0,0,1,0,0,0,1,0,0,0.3227065712426805,0,0,0,2,18.6,1,0,0,1,1,2,0.03978779840848806
1,0,1,1,7,1,0,1,0,0,0,0,0,0,50.7,350.35,0,1,0,0,1,0,0,0,0,0,1,0,0.1443005550021346,1,0,0,2,6.3375,0,0,1,0,0,2,0.13539651837524178
1,0,1,1,4,1,0,0,0,0,0,0,0,0,20.85,62.9,0,1,0,0,0,0,1,0,0,0,1,0,0.3262910798122066,0,0,0,1,4.17,0,0,0,0,0,1,0.18306636155606407
0,0,0,0,33,1,0,1,0,0,1,1,0,1,88.95,3027.65,0,0,0,1,0,1,0,0,0,1,0,2,0.0293695210737457,2,1,0,4,2.6161764705882353,0,2,1,0,0,4,0.3668704836020011
1,1,0,0,27,1,1,0,0,1,0,0,0,1,78.05,2135.5,1,1,0,0,0,1,0,0,0,1,0,2,0.0365317107418675,1,0,0,3,2.7875,0,0,1,1,1,3,0.3415559772296015
0,0,1,0,72,1,1,0,0,0,0,0,0,1,23.55,1723.95,0,0,0,1,0,0,1,1,0,0,0,3,0.0136525696396997,0,0,0,2,0.32260273972602743,0,2,0,0,0,2,2.9327902240325865
0,0,0,0,1,1,0,0,0,0,0,0,0,0,19.75,19.75,0,1,0,0,0,0,1,0,0,0,1,0,0.9518072289156626,0,0,0,1,9.875,0,0,0,0,0,1,0.04819277108433735
0,1,0,0,71,0,0,1,1,0,0,1,1,1,56.45,3985.35,0,0,1,0,1,0,0,0,0,1,0,3,0.0141608238112559,2,2,0,4,0.7840277777777778,0,1,1,0,0,4,1.23585726718886
1,0,0,0,13,1,1,0,0,0,0,0,1,1,85.95,1215.65,0,1,0,0,0,1,0,0,0,1,0,1,0.0706448033534705,0,1,0,3,6.139285714285714,0,0,0,1,1,3,0.14951121334100057
1,0,1,1,25,0,0,1,1,1,0,1,1,1,58.6,1502.65,1,1,0,0,1,0,0,0,1,0,0,2,0.0389718352010108,3,2,0,5,2.253846153846154,0,0,1,0,0,5,0.41946308724832215
0,0,0,0,67,1,0,0,0,0,1,0,0,0,50.55,3260.1,0,0,0,1,1,0,0,1,0,0,0,3,0.0155009046027414,1,0,0,2,0.7433823529411764,0,2,1,0,0,2,1.2997090203685742
0,0,0,0,1,0,0,0,0,0,0,0,1,1,35.45,35.45,1,1,0,0,1,0,0,0,0,1,0,0,0.9725651577503428,0,1,0,1,17.725,0,0,0,0,1,1,0.027434842249657063
0,0,0,0,2,1,0,0,0,0,0,0,0,0,44.35,81.25,1,1,0,0,1,0,0,0,0,1,0,0,0.539209726443769,0,0,0,1,14.783333333333333,0,0,0,0,1,1,0.044101433296582136
1,0,0,0,43,1,1,0,0,0,0,0,0,1,25.7,1188.2,0,0,0,1,0,0,1,0,1,0,0,2,0.0216111671712075,0,0,0,2,0.5840909090909091,0,2,0,0,0,2,1.6104868913857677
1,0,0,0,23,1,0,1,0,0,0,0,0,1,75.0,1778.5,0,1,0,0,0,1,0,1,0,0,0,1,0.0421466704130373,1,0,0,2,3.125,0,0,1,1,0,2,0.3026315789473684
1,0,1,1,64,1,0,0,0,0,0,0,0,0,20.2,1277.75,0,0,0,1,0,0,1,0,0,0,1,3,0.0157966764418377,0,0,0,1,0.31076923076923074,0,2,0,0,0,1,3.018867924528302
0,0,0,1,57,1,0,0,0,0,0,0,0,1,19.6,1170.55,0,0,0,1,0,0,1,0,0,0,1,3,0.0167299731125432,0,0,0,1,0.33793103448275863,0,2,0,0,0,1,2.7669902912621356
1,1,1,0,1,1,0,0,0,0,0,0,0,1,70.45,70.45,1,1,0,0,0,1,0,0,0,0,1,0,0.986004198740378,0,0,0,1,35.225,1,0,0,1,0,1,0.013995801259622112
1,1,1,1,72,1,1,1,1,1,1,1,1,1,88.05,6425.65,0,0,0,1,1,0,0,0,1,0,0,3,0.0137007616720997,4,2,0,8,1.2061643835616438,0,2,1,0,0,8,0.8085345311622684
1,0,0,0,8,1,1,1,0,0,1,0,1,0,71.15,563.65,1,1,0,0,1,0,0,0,0,1,0,0,0.1260072611352165,2,1,0,5,7.905555555555556,1,0,1,0,0,5,0.11088011088011088
1,0,1,0,61,1,1,0,1,0,0,1,1,1,101.05,5971.25,0,0,0,1,0,1,0,1,0,0,0,3,0.0169199213026916,1,2,1,5,1.6298387096774194,0,2,1,0,0,5,0.5977462028417443
0,0,0,0,64,1,1,1,1,0,0,0,0,1,84.3,5289.05,0,0,1,0,0,1,0,0,1,0,0,3,0.0159355771684577,2,0,0,4,1.2969230769230768,0,1,1,0,0,4,0.7502930832356389
0,1,1,0,71,1,1,0,0,0,0,0,0,0,23.95,1756.2,0,0,0,1,0,0,1,1,0,0,0,3,0.0136296380605508,0,0,0,2,0.3326388888888889,0,2,0,0,0,2,2.8456913827655312
1,0,1,1,65,1,1,1,1,0,1,1,0,1,99.05,6416.7,0,0,0,1,0,1,0,0,1,0,0,3,0.0154338781806566,3,1,1,6,1.5007575757575757,0,2,1,0,0,6,0.6496751624187906
0,0,0,0,3,1,0,0,0,0,0,0,0,0,19.6,61.35,0,0,1,0,0,0,1,0,0,0,1,0,0.3143544506816359,0,0,0,1,4.9,0,1,0,0,0,1,0.14563106796116504
0,0,0,0,1,1,0,0,0,0,0,0,0,1,45.65,45.65,1,1,0,0,1,0,0,0,0,1,0,0,0.9785637727759914,0,0,0,1,22.825,0,0,0,0,1,1,0.021436227224008574
0,0,0,1,30,1,0,0,1,1,0,1,0,0,64.5,1929.95,0,0,1,0,1,0,0,0,1,0,0,2,0.0334032471063466,2,1,0,4,2.0806451612903225,0,1,1,0,0,4,0.4580152671755725
0,0,1,1,15,1,0,0,1,1,1,0,1,1,69.5,1071.4,0,1,0,0,1,0,0,0,0,0,1,1,0.0648079074972025,3,1,0,5,4.34375,0,0,1,0,0,5,0.2127659574468085
1,0,1,1,8,1,0,0,0,0,1,1,1,1,68.55,564.35,0,1,0,0,1,0,0,0,0,1,0,0,0.1212523215707084,1,2,0,4,7.616666666666666,0,0,1,0,1,4,0.11502516175413371
0,0,0,0,7,1,1,0,0,0,0,1,1,0,95.0,655.5,1,1,0,0,0,1,0,0,0,0,1,0,0.1447067783701447,0,2,1,4,11.875,1,0,0,1,0,4,0.07291666666666667
1,0,1,1,70,1,1,1,1,1,0,1,1,1,108.15,7930.55,0,0,1,0,0,1,0,0,1,0,0,3,0.0136354180456531,3,2,1,7,1.5232394366197184,0,1,1,0,0,7,0.6413192853870819
0,0,1,1,62,1,0,1,1,1,1,1,1,0,86.1,5215.25,0,0,0,1,1,0,0,0,0,1,0,3,0.0165061107117181,4,2,0,7,1.3666666666666665,0,2,1,0,0,7,0.711825487944891
1,0,1,1,6,1,0,0,0,0,0,0,0,0,19.7,113.5,0,1,0,0,0,0,1,0,0,0,1,0,0.1720524017467249,0,0,0,1,2.814285714285714,0,0,0,0,0,1,0.2898550724637681
1,0,1,1,14,1,0,0,0,0,0,0,1,1,80.9,1152.8,0,1,0,0,0,1,0,1,0,0,0,1,0.0701161379788525,0,1,0,2,5.3933333333333335,0,0,0,1,0,2,0.17094017094017092
1,0,0,0,22,1,1,0,0,0,0,1,0,1,84.15,1821.95,0,1,0,0,0,1,0,1,0,0,0,1,0.0461614416193532,0,1,0,3,3.6586956521739133,0,0,0,1,0,3,0.2583675866118614
0,0,1,1,22,1,0,0,0,0,0,0,0,0,20.15,419.9,0,0,1,0,0,0,1,0,0,0,1,1,0.0478736041815157,0,0,0,1,0.8760869565217391,0,1,0,0,0,1,1.0401891252955084
0,0,1,1,16,1,0,1,0,1,0,1,0,0,64.25,1024.0,0,0,0,1,1,0,0,0,0,0,1,1,0.0626829268292682,2,1,0,4,3.7794117647058822,0,2,1,0,0,4,0.24521072796934865
0,0,0,0,10,1,1,0,0,0,0,0,0,0,25.7,251.6,0,0,0,1,0,0,1,1,0,0,0,0,0.1017418844022169,0,0,0,2,2.3363636363636364,0,2,0,0,0,2,0.37453183520599254
1,0,0,1,13,1,0,1,1,0,0,0,0,1,56.0,764.55,0,1,0,0,1,0,0,0,0,1,0,1,0.0731500228593821,2,0,0,3,4.0,0,0,1,0,0,3,0.22807017543859648
1,0,1,0,20,1,1,1,0,0,0,0,0,0,82.4,1592.35,1,1,0,0,0,1,0,0,0,1,0,1,0.0517149402202905,1,0,0,3,3.923809523809524,0,0,1,1,0,3,0.2398081534772182
1,0,0,0,2,1,0,0,0,0,0,0,0,1,69.7,135.2,0,1,0,0,0,1,0,0,0,1,0,0,0.511747430249633,0,0,0,1,23.233333333333334,0,0,0,1,1,1,0.028288543140028287
0,0,0,0,53,1,1,0,1,1,1,0,1,1,73.9,3958.25,0,0,0,1,1,0,0,1,0,0,0,3,0.0186651512281366,3,1,0,6,1.3685185185185187,0,2,1,0,0,6,0.7076101468624832
1,0,1,1,11,1,0,0,0,0,0,0,0,0,20.6,233.9,0,0,1,0,0,0,1,0,0,0,1,0,0.0876968922945934,0,0,0,1,1.7166666666666668,0,1,0,0,0,1,0.5092592592592592
0,0,1,0,69,1,0,0,0,0,0,0,0,0,19.9,1363.45,0,0,0,1,0,0,1,0,0,0,1,3,0.0145846311700685,0,0,0,1,0.28428571428571425,0,2,0,0,0,1,3.3014354066985647
1,0,0,0,4,1,0,0,0,0,0,0,0,1,70.9,273.0,1,1,0,0,0,1,0,1,0,0,0,0,0.2587591240875913,0,0,0,1,14.180000000000001,1,0,0,1,0,1,0.05563282336578581
0,0,1,0,72,1,1,1,1,1,1,1,1,1,89.05,6254.45,0,0,0,1,1,0,0,1,0,0,0,3,0.0142355865685122,4,2,0,8,1.2198630136986301,0,2,1,0,0,8,0.7995558023320378
0,1,1,0,58,0,0,0,1,1,0,0,1,1,45.3,2651.2,1,1,0,0,1,0,0,0,0,1,0,3,0.0170801598672799,2,1,0,3,0.7677966101694915,0,0,1,0,1,3,1.2526997840172787
1,0,1,1,16,1,0,0,0,0,0,0,0,0,20.4,321.4,0,1,0,0,0,0,1,0,0,1,0,1,0.0632754342431761,0,0,0,1,1.2,0,0,0,0,1,1,0.7476635514018692
0,0,1,0,43,1,0,1,0,1,1,0,0,1,84.25,3539.25,0,0,1,0,0,1,0,1,0,0,0,2,0.0237977543958759,3,0,0,4,1.9147727272727273,0,1,1,0,0,4,0.5043988269794721
1,0,1,0,2,1,1,0,0,1,1,1,1,1,104.4,242.8,1,1,0,0,0,1,0,0,0,1,0,0,0.4282198523379819,2,2,1,6,34.800000000000004,1,0,1,1,1,6,0.018975332068311195
0,0,1,0,14,1,0,0,1,1,1,1,1,0,81.95,1181.75,0,0,0,1,1,0,0,0,0,0,1,1,0.069287677023885,3,2,0,6,5.463333333333334,0,2,1,0,0,6,0.16877637130801687
1,0,1,0,53,1,0,0,0,1,0,1,1,1,94.85,5000.2,1,0,1,0,0,1,0,1,0,0,0,3,0.0189654482924098,1,2,1,4,1.7564814814814813,0,1,1,0,0,4,0.5529473135106938
1,0,0,0,32,1,0,0,0,0,0,0,0,0,20.55,654.55,0,0,1,0,0,0,1,1,0,0,0,2,0.0313477232857905,0,0,0,1,0.6227272727272728,0,1,0,0,0,1,1.4849187935034802
1,0,1,0,34,1,1,0,0,0,0,0,0,0,24.7,780.2,0,1,0,0,0,0,1,0,0,1,0,2,0.0316180235535074,0,0,0,2,0.7057142857142857,0,0,0,0,1,2,1.3229571984435797
1,1,0,0,15,1,1,0,0,0,0,0,0,1,74.45,1145.7,1,1,0,0,0,1,0,0,0,0,1,1,0.0649254382140054,0,0,0,2,4.653125,0,0,0,1,0,2,0.19880715705765406
1,1,0,0,7,1,0,1,0,0,0,0,0,0,76.45,503.6,1,1,0,0,0,1,0,1,0,0,0,0,0.1515061434799841,1,0,0,2,9.55625,1,0,1,1,0,2,0.09038089089735313
1,0,1,1,15,1,1,0,1,1,0,1,1,1,105.35,1559.25,0,1,0,0,0,1,0,1,0,0,0,1,0.0675212305720237,2,2,1,6,6.584375,0,0,1,1,0,6,0.14104372355430184
0,0,1,0,61,1,0,0,0,0,0,0,0,1,20.55,1252.0,0,0,1,0,0,0,1,0,1,0,0,3,0.0164006384676775,0,0,0,1,0.33145161290322583,0,1,0,0,0,1,2.830626450116009
1,0,0,0,1,0,0,0,1,0,0,0,0,0,29.95,29.95,1,1,0,0,1,0,0,1,0,0,0,0,0.9676898222940226,1,0,0,1,14.975,0,0,1,0,0,1,0.03231017770597738
1,0,0,0,1,1,0,0,0,0,0,0,0,0,45.3,45.3,0,1,0,0,1,0,0,0,0,0,1,0,0.978401727861771,0,0,0,1,22.65,0,0,0,0,0,1,0.021598272138228944
0,0,0,0,8,1,1,0,0,0,0,0,1,0,84.5,662.65,1,1,0,0,0,1,0,1,0,0,0,0,0.1273261508325171,0,1,0,3,9.38888888888889,1,0,0,1,0,3,0.0935672514619883
0,0,1,1,33,1,0,1,0,1,0,1,1,0,74.75,2453.3,0,0,1,0,1,0,0,0,1,0,0,2,0.0304567493786415,2,2,0,5,2.198529411764706,0,1,1,0,0,5,0.43564356435643564
1,0,0,0,13,1,0,0,1,1,0,0,0,1,79.25,1111.65,1,1,0,0,0,1,0,0,0,1,0,1,0.0712263515031681,2,0,0,3,5.660714285714286,0,0,1,1,1,3,0.16199376947040497
1,0,1,0,1,0,0,0,0,0,0,0,0,1,24.8,24.8,1,1,0,0,1,0,0,0,0,1,0,0,0.9612403100775194,0,0,0,0,12.4,0,0,0,0,1,0,0.03875968992248062
0,0,0,0,20,1,0,0,1,0,0,0,0,1,51.8,1023.85,0,1,0,0,1,0,0,0,0,0,1,1,0.050543982046153,1,0,0,2,2.4666666666666663,0,0,1,0,0,2,0.3787878787878788
0,0,0,0,3,0,0,0,0,0,1,0,0,0,30.4,82.15,0,1,0,0,1,0,0,0,0,1,0,0,0.3656043295249548,1,0,0,1,7.6,0,0,1,0,1,1,0.09554140127388536
1,0,0,0,13,1,0,0,0,0,0,0,0,0,19.65,244.8,0,0,1,0,0,0,1,0,0,1,0,1,0.0799430431244914,0,0,0,1,1.4035714285714285,0,1,0,0,1,1,0.6295399515738499
1,0,1,0,40,1,1,0,1,0,0,0,0,0,56.6,2379.1,0,1,0,0,1,0,0,0,1,0,0,2,0.0237805134238057,1,0,0,3,1.380487804878049,0,0,1,0,0,3,0.6944444444444444
0,0,1,1,43,1,1,1,0,0,1,0,1,1,71.9,3173.35,0,0,1,0,1,0,0,0,1,0,0,2,0.0226503063619323,2,1,0,5,1.6340909090909093,0,1,1,0,0,5,0.5898491083676268
0,0,1,0,6,1,0,0,1,1,0,0,1,1,91.0,531.0,1,1,0,0,0,1,0,0,0,1,0,0,0.1710526315789473,2,1,1,4,13.0,1,0,1,1,1,4,0.06521739130434782
1,0,1,1,69,1,0,0,0,0,0,0,0,0,19.75,1375.4,0,0,0,1,0,0,1,1,0,0,0,3,0.0143490264458006,0,0,0,1,0.28214285714285714,0,2,0,0,0,1,3.325301204819277
1,0,1,1,72,1,1,1,1,1,0,1,1,0,109.7,8129.3,0,0,0,1,0,1,0,0,1,0,0,3,0.0134927370453734,3,2,1,7,1.5027397260273974,0,2,1,0,0,7,0.6504065040650406
0,0,1,1,59,1,0,0,0,0,0,0,0,0,19.3,1192.7,0,0,0,1,0,0,1,0,1,0,0,3,0.0161682164697997,0,0,0,1,0.32166666666666666,0,2,0,0,0,1,2.9064039408866993
1,0,1,0,20,1,0,1,1,0,1,1,0,1,96.55,1901.65,0,1,0,0,0,1,0,0,0,1,0,1,0.0507450135337555,3,1,1,5,4.597619047619047,0,0,1,1,0,5,0.20502306509482318
0,0,1,1,24,1,1,0,0,0,0,0,0,1,24.1,587.4,0,0,0,1,0,0,1,1,0,0,0,1,0.0409585316111488,0,0,0,2,0.9640000000000001,0,2,0,0,0,2,0.9561752988047808
0,0,0,0,59,1,1,0,1,1,1,1,1,1,111.35,6519.75,0,1,0,0,0,1,0,0,0,1,0,3,0.0170762565655791,3,2,1,7,1.8558333333333332,0,0,1,1,1,7,0.52514463729417
0,0,1,1,72,1,1,0,1,1,1,1,1,1,112.25,8041.65,0,0,0,1,0,1,0,1,0,0,0,3,0.0139568425829794,3,2,1,7,1.5376712328767124,0,2,1,0,0,7,0.6357615894039735
0,0,0,1,1,1,0,0,0,0,0,0,0,0,20.75,20.75,0,1,0,0,0,0,1,0,0,0,1,0,0.9540229885057472,0,0,0,1,10.375,0,0,0,0,0,1,0.04597701149425287
1,0,1,0,27,1,0,1,0,0,1,1,1,1,101.9,2681.15,0,0,1,0,0,1,0,0,1,0,0,2,0.0379919094756072,2,2,1,5,3.6392857142857147,0,1,1,0,0,5,0.26239067055393583
1,0,0,0,14,1,0,0,1,0,1,0,0,1,80.05,1112.3,0,1,0,0,0,1,0,0,1,0,0,1,0.0719033503997125,2,0,0,3,5.336666666666667,0,0,1,1,0,3,0.1727328809376928
0,0,1,1,71,1,1,1,0,1,0,1,1,0,105.55,7405.5,0,0,0,1,0,1,0,0,0,1,0,3,0.014250995746979,2,2,1,6,1.4659722222222222,0,2,1,0,0,6,0.666353824495542
0,0,0,1,13,1,0,0,0,0,0,1,0,1,78.3,1033.95,0,1,0,0,0,1,0,0,1,0,0,1,0.0756558287839992,0,1,0,2,5.5928571428571425,0,0,0,1,0,2,0.1639344262295082
0,0,0,0,44,1,0,0,0,0,0,0,0,0,68.85,2958.95,0,1,0,0,0,1,0,0,1,0,0,2,0.0232605280494602,0,0,0,1,1.5299999999999998,0,0,0,1,0,1,0.6299212598425198
1,0,0,0,33,1,0,0,1,0,1,0,0,1,79.95,2684.85,0,0,1,0,0,1,0,1,0,0,0,2,0.0297671128320643,2,0,0,3,2.351470588235294,0,1,1,0,0,3,0.4076590487955528
0,0,1,1,72,0,0,1,1,1,1,0,1,1,55.45,4179.2,0,0,0,1,1,0,0,0,1,0,0,3,0.0132649155542797,4,1,0,5,0.7595890410958904,0,2,1,0,0,5,1.2754650132860939
0,0,0,0,1,1,0,0,0,0,0,0,1,0,79.9,79.9,1,1,0,0,0,1,0,0,0,1,0,0,0.9876390605686032,0,1,0,2,39.95,1,0,0,1,1,2,0.012360939431396786
1,0,0,0,19,1,0,1,0,1,1,1,1,1,106.6,1934.45,1,1,0,0,0,1,0,0,0,1,0,1,0.0550776305252008,3,2,1,6,5.33,0,0,1,1,0,6,0.17657992565055763
0,0,1,0,64,1,0,0,1,1,1,1,1,1,102.45,6654.1,0,0,1,0,0,1,0,0,1,0,0,3,0.0153942089525326,3,2,1,6,1.5761538461538462,0,1,1,0,0,6,0.6186563557274045
0,0,0,0,2,1,0,0,0,0,0,0,0,1,46.0,84.5,1,1,0,0,1,0,0,0,1,0,0,0,0.5380116959064327,0,0,0,1,15.333333333333334,0,0,0,0,0,1,0.0425531914893617
1,0,0,0,1,0,0,0,0,0,0,0,0,0,25.25,25.25,0,1,0,0,1,0,0,0,0,1,0,0,0.961904761904762,0,0,0,0,12.625,0,0,0,0,1,0,0.0380952380952381
0,0,0,1,61,1,0,0,0,0,0,0,0,0,19.75,1124.2,0,0,0,1,0,0,1,0,0,0,1,3,0.0175524351226448,0,0,0,1,0.3185483870967742,0,2,0,0,0,1,2.9397590361445785
1,0,1,1,29,1,0,0,0,0,0,0,0,0,20.0,540.05,0,0,1,0,0,0,1,0,0,1,0,2,0.0369651603363829,0,0,0,1,0.6666666666666666,0,1,0,0,1,1,1.380952380952381
0,1,1,0,23,1,1,0,0,0,0,0,1,0,86.8,1975.85,0,1,0,0,0,1,0,0,0,1,0,1,0.0439082378531502,0,1,0,3,3.6166666666666667,0,0,0,1,1,3,0.2619589977220957
1,0,1,0,57,0,0,1,1,1,0,1,1,1,58.75,3437.45,0,1,0,0,1,0,0,1,0,0,0,3,0.0170861870901132,3,2,0,5,1.0129310344827587,0,0,1,0,0,5,0.9539748953974896
0,0,1,1,72,0,0,1,1,1,1,0,0,0,45.25,3139.8,0,0,0,1,1,0,0,0,1,0,0,3,0.0144071574121242,4,0,0,4,0.6198630136986302,0,2,1,0,0,4,1.5567567567567568
0,0,1,0,66,0,0,1,1,1,1,1,0,1,56.6,3789.2,0,0,0,1,1,0,0,1,0,0,0,3,0.0149332489050709,4,1,0,5,0.8447761194029851,0,2,1,0,0,5,1.1458333333333333
0,0,1,1,65,1,1,0,1,1,1,1,1,1,84.2,5324.5,0,0,0,1,1,0,0,1,0,0,0,3,0.0158107219979344,3,2,0,7,1.2757575757575759,0,2,1,0,0,7,0.7629107981220657
1,0,0,0,8,1,0,0,0,0,0,1,0,1,80.0,624.6,0,1,0,0,0,1,0,1,0,0,0,0,0.1278772378516624,0,1,0,2,8.88888888888889,1,0,0,1,0,2,0.09876543209876543
1,0,0,0,4,1,0,0,0,0,0,0,0,1,70.15,268.35,1,1,0,0,0,1,0,0,0,1,0,0,0.2604418043437906,0,0,0,1,14.030000000000001,1,0,0,1,1,1,0.05621925509486999
1,0,1,0,71,1,1,0,0,0,0,0,0,0,24.75,1836.9,0,0,0,1,0,0,1,1,0,0,0,3,0.0134664562816257,0,0,0,2,0.34375,0,2,0,0,0,2,2.7572815533980584
0,0,1,1,1,1,0,0,0,0,0,0,0,1,20.2,20.2,0,0,1,0,0,0,1,0,0,1,0,0,0.9528301886792452,0,0,0,1,10.1,0,1,0,0,1,1,0.04716981132075472
0,0,1,0,4,1,0,0,0,0,1,0,0,0,50.05,179.35,1,1,0,0,1,0,0,0,0,0,1,0,0.2775159412253951,1,0,0,2,10.01,0,0,1,0,0,2,0.07835455435847209
1,0,0,0,12,1,0,0,0,0,0,0,0,1,19.35,219.35,0,0,1,0,0,0,1,1,0,0,0,0,0.0878148400272294,0,0,0,1,1.4884615384615385,0,1,0,0,0,1,0.5896805896805897
0,0,0,0,24,0,0,1,0,0,0,1,1,1,50.6,1288.75,0,0,1,0,1,0,0,0,0,0,1,1,0.0392324093816631,1,2,0,3,2.024,0,1,1,0,0,3,0.46511627906976744
1,0,1,1,31,1,0,1,0,1,1,1,1,1,81.15,2545.75,0,0,1,0,1,0,0,0,0,0,1,2,0.0318641405713163,3,2,0,6,2.5359375,0,1,1,0,0,6,0.3773584905660377
1,0,1,0,1,1,0,0,0,0,0,1,0,0,55.2,55.2,1,1,0,0,1,0,0,0,0,0,1,0,0.98220640569395,0,1,0,2,27.6,0,0,0,0,0,2,0.01779359430604982
0,0,0,0,30,1,1,0,0,0,1,0,1,1,89.9,2723.15,0,1,0,0,0,1,0,0,1,0,0,2,0.0330011196152928,1,1,1,4,2.9000000000000004,0,0,1,1,0,4,0.33003300330033003
1,0,1,1,47,1,1,1,1,0,1,1,1,1,85.3,4107.25,0,0,0,1,1,0,0,0,1,0,0,2,0.0207630986429745,3,2,0,7,1.7770833333333333,0,2,1,0,0,7,0.544611819235226
0,0,0,0,54,1,1,1,1,0,1,1,1,1,108.0,5760.65,0,0,0,1,0,1,0,0,1,0,0,3,0.0187446304444039,3,2,1,7,1.9636363636363636,0,2,1,0,0,7,0.4954128440366973
0,0,0,0,50,1,0,1,1,0,1,0,1,1,93.5,4747.5,0,1,0,0,0,1,0,0,1,0,0,3,0.0196904285563862,3,1,1,5,1.8333333333333333,0,0,1,1,0,5,0.5291005291005291
0,0,0,0,1,1,0,1,0,0,0,0,1,1,84.6,84.6,1,1,0,0,0,1,0,0,0,0,1,0,0.9883177570093458,1,1,0,3,42.3,1,0,1,1,0,3,0.011682242990654207
1,0,0,0,72,1,0,0,0,0,0,0,0,0,20.25,1566.9,0,0,0,1,0,0,1,0,1,0,0,3,0.012915364500287,0,0,0,1,0.2773972602739726,0,2,0,0,0,1,3.388235294117647
1,0,0,0,29,1,1,0,0,0,0,0,0,0,25.15,702.0,0,1,0,0,0,0,1,0,0,1,0,2,0.0357752489331436,0,0,0,2,0.8383333333333333,0,0,0,0,1,2,1.1089866156787764
0,0,0,0,2,1,1,0,1,0,0,0,0,1,54.4,114.1,1,1,0,0,1,0,0,0,0,0,1,0,0.472632493483927,1,0,0,3,18.133333333333333,0,0,1,0,0,3,0.036101083032490974
1,0,0,0,10,0,0,0,0,0,1,0,0,1,29.6,299.05,0,0,0,1,1,0,0,0,0,0,1,0,0.0986502249625062,1,0,0,1,2.690909090909091,0,2,1,0,0,1,0.32679738562091504
0,0,1,0,18,1,1,0,0,0,0,0,0,1,73.15,1305.95,0,1,0,0,0,1,0,0,0,1,0,1,0.0559700065036918,0,0,0,2,3.85,0,0,0,1,1,2,0.2427511800404585
1,1,0,0,11,1,0,0,1,0,0,1,1,1,95.0,1120.3,1,1,0,0,0,1,0,0,0,1,0,0,0.0847230892713814,1,2,1,4,7.916666666666667,1,0,1,1,1,4,0.11458333333333333
0,0,0,0,16,1,0,0,0,0,0,0,0,0,19.75,284.35,0,0,0,1,0,0,1,0,0,0,1,1,0.0692132468897844,0,0,0,1,1.161764705882353,0,2,0,0,0,1,0.7710843373493976
1,0,0,0,72,1,1,0,1,1,1,1,1,0,86.6,6350.5,0,0,0,1,1,0,0,1,0,0,0,3,0.0136345745099582,3,2,0,7,1.1863013698630136,0,2,1,0,0,7,0.8219178082191781
0,0,0,0,72,1,1,0,1,1,1,1,1,0,109.2,7878.3,0,0,0,1,0,1,0,1,0,0,0,3,0.0138590991585546,3,2,1,7,1.4958904109589042,0,2,1,0,0,7,0.6533575317604355
1,0,1,1,41,1,0,1,0,0,1,1,1,1,74.7,3187.65,0,0,1,0,1,0,0,0,1,0,0,2,0.0234268420805042,2,2,0,5,1.7785714285714287,0,1,1,0,0,5,0.5416116248348745
1,1,1,0,65,1,0,1,1,1,0,0,1,0,94.4,6126.15,0,1,0,0,0,1,0,0,0,1,0,3,0.0154068367838228,3,1,1,5,1.4303030303030304,0,0,1,1,0,5,0.6813417190775681
1,1,0,0,13,1,0,0,1,1,0,0,0,1,54.8,731.3,0,1,0,0,1,0,0,0,0,1,0,1,0.0748327188310801,2,0,0,3,3.914285714285714,0,0,1,0,1,3,0.23297491039426524
0,1,0,0,4,1,0,1,0,0,0,0,0,0,75.35,273.4,0,1,0,0,0,1,0,0,0,1,0,0,0.2745991253644315,1,0,0,2,15.069999999999999,1,0,1,1,0,2,0.05239030779305829
0,0,0,0,41,1,1,0,0,1,0,0,1,0,65.0,2531.8,0,0,1,0,1,0,0,0,0,0,1,2,0.0256632975363234,1,1,0,4,1.5476190476190477,0,1,1,0,0,4,0.6212121212121212
0,1,0,0,15,1,0,0,1,0,0,0,0,1,74.4,1074.3,1,1,0,0,0,1,0,0,0,1,0,1,0.0691899934901888,1,0,0,2,4.65,0,0,1,1,1,2,0.1989389920424403
0,0,0,0,1,1,0,1,0,0,0,0,0,1,48.55,48.55,1,1,0,0,1,0,0,0,0,0,1,0,0.9798183652875884,1,0,0,2,24.275,0,0,1,0,0,2,0.020181634712411706
0,0,0,0,42,1,1,1,1,1,0,0,1,1,99.0,4298.45,0,0,1,0,0,1,0,0,0,1,0,2,0.0230262010257125,3,1,1,6,2.302325581395349,0,1,1,0,0,6,0.42
1,0,1,0,51,1,0,1,1,1,0,1,0,1,93.5,4619.55,0,0,1,0,0,1,0,0,0,1,0,3,0.02023568622783,3,1,1,5,1.7980769230769231,0,1,1,0,0,5,0.5396825396825397
1,0,1,1,2,1,0,0,0,0,0,0,0,0,70.4,147.15,1,1,0,0,0,1,0,0,0,1,0,0,0.4751940600742491,0,0,0,1,23.46666666666667,1,0,0,1,1,1,0.028011204481792715
0,1,1,0,1,0,0,0,1,0,0,1,0,0,40.2,40.2,1,1,0,0,1,0,0,0,0,1,0,0,0.9757281553398058,1,1,0,2,20.1,0,0,1,0,1,2,0.024271844660194174
0,0,0,1,32,1,1,0,1,1,1,1,1,0,83.7,2633.3,0,0,1,0,1,0,0,0,1,0,0,2,0.0317731465664502,3,2,0,7,2.5363636363636366,0,1,1,0,0,7,0.3778040141676505
0,0,0,0,10,1,0,0,0,0,0,0,0,1,19.85,193.05,0,1,0,0,0,0,1,0,0,0,1,0,0.1022932233960319,0,0,0,1,1.8045454545454547,0,0,0,0,0,1,0.4796163069544364
1,0,1,1,67,0,0,0,1,1,1,1,1,1,59.55,4103.9,0,0,0,1,1,0,0,0,0,1,0,3,0.014507052546956,3,2,0,5,0.8757352941176471,0,2,1,0,1,5,1.106523534269199
1,0,1,1,61,1,1,1,1,1,1,1,1,0,115.1,7008.15,0,0,0,1,0,1,0,0,1,0,0,3,0.0164213920375509,4,2,1,8,1.8564516129032258,0,2,1,0,0,8,0.5254091300602929
0,0,0,0,50,1,1,1,1,1,1,1,1,0,114.35,5791.1,0,0,1,0,0,1,0,0,1,0,0,3,0.0197424077622969,4,2,1,8,2.242156862745098,0,1,1,0,0,8,0.43346337234503685
1,0,1,0,2,1,0,0,0,0,0,0,0,1,44.6,80.55,1,1,0,0,1,0,0,0,1,0,0,0,0.5469037400367873,0,0,0,1,14.866666666666667,0,0,0,0,0,1,0.043859649122807015
1,1,1,0,29,0,0,1,0,1,0,0,1,1,45.0,1228.65,0,1,0,0,1,0,0,0,0,1,0,2,0.0365957792867889,2,1,0,3,1.5,0,0,1,0,0,3,0.6304347826086957
0,1,0,0,3,0,0,0,0,1,0,0,1,1,41.15,132.2,1,1,0,0,1,0,0,0,0,1,0,0,0.3089339339339339,1,1,0,2,10.2875,0,0,1,0,1,2,0.0711743772241993
0,1,0,0,13,1,1,0,1,1,0,1,1,1,106.9,1364.3,1,1,0,0,0,1,0,0,0,1,0,1,0.078297810005127,2,2,1,6,7.635714285714286,0,0,1,1,1,6,0.12048192771084337
0,1,1,0,57,1,1,0,1,0,0,0,1,1,89.85,4925.35,0,1,0,0,0,1,0,0,0,1,0,3,0.0182386553939529,1,1,0,4,1.5491379310344826,0,0,1,1,1,4,0.6274078150798019
1,0,0,0,31,0,0,1,1,0,1,0,1,1,49.85,1520.1,0,0,0,1,1,0,0,1,0,0,0,2,0.0327723358096114,3,1,0,4,1.5578125,0,2,1,0,0,4,0.6096361848574238
1,0,1,0,45,1,1,1,1,1,1,1,1,0,113.3,5032.25,0,0,1,0,0,1,0,0,0,0,1,2,0.0225103064620275,4,2,1,8,2.4630434782608694,0,1,1,0,0,8,0.3937007874015748
1,0,1,1,61,1,1,1,1,1,1,1,1,0,88.1,5526.75,0,0,0,1,1,0,0,0,0,0,1,3,0.0159377685315001,4,2,0,8,1.4209677419354838,0,2,1,0,0,8,0.6846240179573513
0,0,0,0,50,1,1,0,0,0,0,0,0,0,24.9,1195.25,0,0,0,1,0,0,1,1,0,0,0,3,0.0208150470219435,0,0,0,2,0.48823529411764705,0,2,0,0,0,2,1.9305019305019306
1,1,0,0,19,1,0,1,1,0,1,1,1,1,105.0,2007.25,0,1,0,0,0,1,0,0,0,0,1,1,0.0522843271505041,3,2,1,6,5.25,0,0,1,1,0,6,0.1792452830188679
0,0,0,0,59,1,0,0,0,0,0,0,0,0,19.35,1099.6,1,0,0,1,0,0,1,0,0,0,1,3,0.0175813192803925,0,0,0,1,0.3225,0,2,0,0,0,1,2.899262899262899
1,0,1,0,71,1,1,0,0,0,0,0,0,1,24.25,1732.95,0,0,0,1,0,0,1,0,1,0,0,3,0.0139854090371694,0,0,0,2,0.3368055555555556,0,2,0,0,0,2,2.8118811881188117
1,1,0,0,16,1,0,0,0,0,1,1,1,1,94.45,1511.2,1,1,0,0,0,1,0,0,0,1,0,1,0.0624586694881629,1,2,1,4,5.555882352941176,0,0,1,1,1,4,0.1676270298585647
0,0,1,0,57,1,0,1,1,0,1,0,0,1,59.75,3450.15,0,0,0,1,1,0,0,0,0,1,0,3,0.0173130695565246,3,0,0,4,1.0301724137931034,0,2,1,0,0,4,0.9382716049382716
0,0,0,0,1,0,0,0,0,0,0,0,0,0,24.8,24.8,1,1,0,0,1,0,0,1,0,0,0,0,0.9612403100775194,0,0,0,0,12.4,0,0,0,0,0,0,0.03875968992248062
0,1,1,0,20,1,1,0,1,0,1,1,1,0,107.05,2172.05,0,1,0,0,0,1,0,0,0,1,0,1,0.0492625572352223,2,2,1,6,5.097619047619047,0,0,1,1,1,6,0.18509949097639983
0,0,0,0,1,1,0,0,0,0,0,0,0,0,70.6,70.6,1,1,0,0,0,1,0,0,0,0,1,0,0.9860335195530726,0,0,0,1,35.3,1,0,0,1,0,1,0.013966480446927375
0,0,1,0,5,1,1,0,1,0,1,0,0,1,85.4,401.1,1,1,0,0,0,1,0,0,0,1,0,0,0.2123849788609798,2,0,0,4,14.233333333333334,1,0,1,1,1,4,0.057870370370370364
1,0,1,0,52,1,1,0,1,1,0,1,1,1,105.05,5624.85,1,1,0,0,0,1,0,0,0,1,0,3,0.0186727338979887,2,2,1,6,1.982075471698113,0,0,1,1,1,6,0.49033474776049035
0,1,1,0,21,1,0,1,1,0,0,0,1,1,64.95,1339.8,0,1,0,0,1,0,0,1,0,0,0,1,0.0484412291169451,2,1,0,4,2.9522727272727276,0,0,1,0,0,4,0.31842304776345715
0,0,0,0,14,0,0,0,0,1,1,1,1,1,55.0,771.95,0,1,0,0,1,0,0,0,0,1,0,1,0.0711559609289087,2,2,0,4,3.6666666666666665,0,0,1,0,1,4,0.25
1,0,0,0,5,1,0,0,1,0,0,0,0,0,50.55,244.75,0,1,0,0,1,0,0,1,0,0,0,0,0.2056968463886063,1,0,0,2,8.424999999999999,0,0,1,0,0,2,0.09699321047526674
1,0,0,0,6,1,0,1,1,0,0,0,0,0,55.15,322.9,0,1,0,0,1,0,0,0,0,0,1,0,0.1702686014201914,2,0,0,3,7.878571428571428,0,0,1,0,0,3,0.1068566340160285
1,0,0,0,10,1,0,0,1,0,0,0,0,0,51.2,498.25,0,1,0,0,1,0,0,0,0,1,0,0,0.1025538307461191,1,0,0,2,4.654545454545455,0,0,1,0,1,2,0.19157088122605362
1,0,0,1,1,1,1,0,0,0,0,0,0,0,25.4,25.4,0,1,0,0,0,0,1,0,0,0,1,0,0.9621212121212122,0,0,0,2,12.7,0,0,0,0,0,2,0.03787878787878788
1,0,0,0,68,1,1,1,0,0,0,0,0,0,54.45,3687.75,0,1,0,0,1,0,0,0,0,0,1,3,0.0147610979329041,1,0,0,3,0.7891304347826087,0,0,1,0,0,3,1.2263300270513975
0,0,1,1,18,1,0,0,0,1,0,1,1,0,95.15,1779.95,1,1,0,0,0,1,0,0,0,0,1,1,0.0534265420140936,1,2,1,4,5.007894736842106,0,0,1,1,0,4,0.18720748829953196
1,0,0,0,22,1,1,0,0,0,0,0,0,1,76.0,1783.6,0,0,1,0,0,1,0,0,1,0,0,1,0.0425865740221898,0,0,0,2,3.3043478260869565,0,1,0,0,0,2,0.2857142857142857
1,0,0,0,20,1,0,0,0,0,0,0,0,1,44.35,927.15,0,1,0,0,1,0,0,0,0,1,0,1,0.0477832246942843,0,0,0,1,2.111904761904762,0,0,0,0,1,1,0.4410143329658214
0,0,1,0,1,1,0,0,0,0,0,0,0,0,70.0,70.0,1,1,0,0,0,1,0,0,0,1,0,0,0.9859154929577464,0,0,0,1,35.0,0,0,0,1,1,1,0.014084507042253521
0,1,0,0,8,1,0,0,1,0,0,0,0,1,74.5,606.55,1,1,0,0,0,1,0,0,0,1,0,0,0.1226236523742902,1,0,0,2,8.277777777777779,1,0,1,1,1,2,0.10596026490066225
0,0,0,0,10,1,0,0,0,0,0,0,0,1,44.85,435.4,1,1,0,0,1,0,0,0,1,0,0,0,0.1027726856095325,0,0,0,1,4.077272727272727,0,0,0,0,0,1,0.21810250817884405
0,1,0,0,24,1,1,0,0,0,0,0,0,1,76.1,1712.7,1,1,0,0,0,1,0,0,0,1,0,1,0.0444068390033261,0,0,0,2,3.0439999999999996,0,0,0,1,1,2,0.311284046692607
0,0,0,0,35,1,0,1,1,1,0,0,0,0,61.2,2021.2,0,0,1,0,1,0,0,0,0,0,1,2,0.0302640688359212,3,0,0,4,1.7000000000000002,0,1,1,0,0,4,0.562700964630225
0,0,1,1,23,1,0,0,1,1,1,0,0,0,86.8,1940.8,0,0,1,0,0,1,0,0,0,0,1,1,0.0447007930785868,3,0,0,4,3.6166666666666667,0,1,1,0,0,4,0.2619589977220957
1,1,0,0,6,1,0,0,0,0,0,1,1,1,89.35,567.8,0,1,0,0,0,1,0,0,0,1,0,0,0.1570850914205344,0,2,0,3,12.764285714285714,1,0,0,1,1,3,0.06640841173215274
1,0,0,0,12,1,0,0,0,0,0,0,0,0,19.7,220.35,0,1,0,0,0,0,1,0,0,0,1,0,0.0889993223401852,0,0,0,1,1.5153846153846153,0,0,0,0,0,1,0.5797101449275363
0,0,0,0,1,1,0,0,0,0,0,0,0,0,20.25,20.25,0,1,0,0,0,0,1,0,0,0,1,0,0.9529411764705882,0,0,0,1,10.125,0,0,0,0,0,1,0.047058823529411764
1,0,1,1,71,1,0,0,0,1,0,0,0,0,76.05,5436.45,0,0,0,1,0,1,0,0,0,1,0,3,0.0139863355065333,1,0,0,2,1.05625,0,2,1,0,1,2,0.9214795587280987
0,1,1,0,35,1,1,0,0,1,0,1,1,1,100.8,3437.5,0,1,0,0,0,1,0,0,0,1,0,2,0.0293151083321215,1,2,1,5,2.8,0,0,1,1,1,5,0.343811394891945
0,0,1,1,40,1,1,0,0,1,0,1,1,1,74.55,3015.75,0,1,0,0,1,0,0,0,0,1,0,2,0.0247120245297091,1,2,0,5,1.818292682926829,0,0,1,0,1,5,0.5294506949040371
1,0,0,1,1,1,0,1,0,0,0,0,0,1,73.6,73.6,1,1,0,0,0,1,0,0,0,0,1,0,0.9865951742627346,1,0,0,2,36.8,1,0,1,1,0,2,0.013404825737265416
0,0,0,0,23,1,0,0,0,0,0,1,1,1,64.9,1509.8,0,0,1,0,1,0,0,1,0,0,0,1,0.0429573735769129,0,2,0,3,2.704166666666667,0,1,0,0,0,3,0.3490136570561456
1,1,0,0,4,1,1,0,0,0,0,1,1,1,95.45,396.1,1,1,0,0,0,1,0,0,0,1,0,0,0.2403676655754218,0,2,1,4,19.09,1,0,0,1,1,4,0.041472265422498704
0,0,0,0,4,1,0,0,0,1,1,0,1,1,90.4,356.65,0,1,0,0,0,1,0,0,0,1,0,0,0.2527610792674403,2,1,1,4,18.080000000000002,1,0,1,1,1,4,0.0437636761487965
1,0,1,1,68,0,0,0,1,1,1,1,1,0,60.3,4109.0,0,0,0,1,1,0,0,0,1,0,0,3,0.0146715328467153,3,2,0,5,0.8739130434782608,0,2,1,0,0,5,1.1092985318107669
0,0,0,1,38,1,1,0,1,0,0,0,0,1,81.85,3141.7,0,1,0,0,0,1,0,0,0,0,1,2,0.0260444840423839,1,0,0,3,2.0987179487179484,0,0,1,1,0,3,0.4586602293301147
0,0,1,1,52,1,1,0,0,0,0,0,0,0,24.8,1229.1,0,0,0,1,0,0,1,0,0,0,1,3,0.020160962523372,0,0,0,2,0.4679245283018868,0,2,0,0,0,2,2.0155038759689923
0,1,1,0,32,1,1,0,0,0,0,0,0,1,74.9,2303.35,1,1,0,0,0,1,0,0,0,1,0,2,0.0325037429209972,0,0,0,2,2.26969696969697,0,0,0,1,1,2,0.42160737812911725
0,0,1,1,29,1,0,0,0,1,1,1,1,0,75.55,2054.4,0,0,0,1,1,0,0,0,0,0,1,2,0.0367568356524277,2,2,0,5,2.518333333333333,0,2,1,0,0,5,0.37883736120182887
0,1,1,1,38,1,1,0,1,0,0,1,1,0,101.15,3741.85,0,1,0,0,0,1,0,0,0,1,0,2,0.027024860734467,1,2,1,5,2.5935897435897437,0,0,1,1,1,5,0.3720019579050416
0,0,0,1,48,1,1,1,0,1,0,1,1,1,78.75,3682.45,0,0,1,0,1,0,0,0,1,0,0,2,0.0213794133217499,2,2,0,6,1.6071428571428572,0,1,1,0,0,6,0.6018808777429467
1,0,0,0,1,1,0,0,0,0,0,0,0,1,19.25,19.25,0,1,0,0,0,0,1,1,0,0,0,0,0.9506172839506172,0,0,0,1,9.625,0,0,0,0,0,1,0.04938271604938271
1,0,0,0,22,1,0,1,0,0,1,0,1,1,89.05,1886.25,0,1,0,0,0,1,0,0,0,1,0,1,0.0471850576235262,2,1,0,4,3.8717391304347823,0,0,1,1,0,4,0.24430871737923376
1,0,0,0,43,1,1,1,1,1,1,1,1,0,115.05,4895.1,0,0,0,1,0,1,0,0,1,0,0,2,0.0234982945609771,4,2,1,8,2.6147727272727272,0,2,1,0,0,8,0.37052994398965966
1,1,1,0,5,1,0,0,0,0,0,0,0,1,69.35,341.6,0,1,0,0,0,1,0,0,0,1,0,0,0.2024226503210741,0,0,0,1,11.558333333333332,0,0,0,1,1,1,0.07107320540156362
0,0,0,0,5,1,0,0,0,0,0,1,0,1,80.6,415.55,1,1,0,0,0,1,0,0,0,1,0,0,0.1934941783699435,0,1,0,2,13.433333333333332,1,0,0,1,1,2,0.06127450980392157
0,0,1,1,51,1,1,1,1,0,1,1,1,0,110.05,5686.4,0,0,1,0,0,1,0,0,1,0,0,3,0.0193497907655519,3,2,1,7,2.1163461538461537,0,1,1,0,0,7,0.45925258892390813
0,0,0,0,71,1,0,0,0,0,0,0,0,1,19.9,1355.1,0,0,0,1,0,0,1,0,1,0,0,3,0.0146744340387877,0,0,0,1,0.27638888888888885,0,2,0,0,0,1,3.397129186602871
1,0,1,1,38,1,0,1,1,0,1,1,1,0,80.3,3058.65,1,0,1,0,1,0,0,0,1,0,0,2,0.0262448319252202,3,2,0,6,2.0589743589743588,0,1,1,0,0,6,0.46740467404674046
0,1,1,0,24,1,0,0,0,1,0,1,1,1,93.15,2231.05,1,1,0,0,0,1,0,0,0,1,0,1,0.0417329360901413,1,2,1,4,3.7260000000000004,0,0,1,1,1,4,0.2549123738714817
0,0,1,0,35,1,1,0,0,0,1,1,0,1,91.5,3236.35,0,1,0,0,0,1,0,0,1,0,0,2,0.0282638577849166,1,1,1,4,2.5416666666666665,0,0,1,1,0,4,0.3783783783783784
1,1,0,0,54,1,1,1,1,0,1,1,1,0,82.45,4350.1,1,0,1,0,1,0,0,1,0,0,0,3,0.0189492312288846,3,2,0,7,1.4990909090909093,0,1,1,0,0,7,0.6470940683043739
1,0,1,1,72,0,0,0,1,1,1,1,1,1,60.0,4264.0,0,0,0,1,1,0,0,0,0,1,0,3,0.0140679953106682,3,2,0,5,0.821917808219178,0,2,1,0,1,5,1.180327868852459
0,0,0,0,1,1,0,0,0,0,0,0,0,1,44.8,44.8,0,1,0,0,1,0,0,0,0,1,0,0,0.9781659388646288,0,0,0,1,22.4,0,0,0,0,1,1,0.02183406113537118
1,0,1,1,9,1,0,1,0,0,0,0,0,0,48.6,422.3,0,0,1,0,1,0,0,0,0,0,1,0,0.1148121899362154,1,0,0,2,4.86,0,1,1,0,0,2,0.1814516129032258
0,0,0,0,69,0,0,1,1,0,1,1,1,1,60.05,4176.7,0,0,0,1,1,0,0,1,0,0,0,3,0.014373937812672,3,2,0,5,0.8578571428571428,0,2,1,0,0,5,1.1302211302211302
1,0,1,0,52,1,1,0,1,0,1,1,1,1,102.7,5138.1,0,1,0,0,0,1,0,0,1,0,0,3,0.0199840438987371,2,2,1,6,1.937735849056604,0,0,1,1,0,6,0.5014464802314368
1,1,1,0,11,1,0,0,0,0,1,1,0,1,82.9,880.05,0,1,0,0,0,1,0,0,0,1,0,0,0.0940922762612791,1,1,0,3,6.908333333333334,1,0,1,1,1,3,0.13110846245530391
1,1,0,0,2,1,0,0,0,0,0,0,0,1,70.35,139.05,1,1,0,0,0,1,0,0,0,1,0,0,0.5023205997857907,0,0,0,1,23.45,1,0,0,1,1,1,0.028030833917309043
1,1,1,1,28,0,0,0,0,0,0,1,0,1,35.9,973.65,0,1,0,0,1,0,0,0,0,1,0,2,0.0368337351869902,0,1,0,1,1.2379310344827585,0,0,0,0,1,1,0.7588075880758808
1,1,0,0,17,1,1,0,0,1,0,0,0,1,82.65,1470.05,0,1,0,0,0,1,0,0,1,0,0,1,0.0561843581115529,1,0,0,3,4.591666666666667,0,0,1,1,0,3,0.20322773460848773
1,0,1,1,35,1,0,0,0,0,0,0,0,1,19.85,739.35,0,0,0,1,0,0,1,0,0,0,1,2,0.0268116431417572,0,0,0,1,0.5513888888888889,0,2,0,0,0,1,1.6786570743405274
1,0,0,0,8,1,0,0,0,0,0,0,0,1,19.2,161.95,0,0,1,0,0,0,1,0,0,0,1,0,0.1178275544645596,0,0,0,1,2.1333333333333333,0,1,0,0,0,1,0.39603960396039606
0,0,0,0,46,1,1,0,1,1,0,1,0,1,94.9,4422.95,0,0,1,0,0,1,0,0,1,0,0,2,0.0214514178505634,2,1,1,5,2.019148936170213,0,1,1,0,0,5,0.47966631908237745
1,0,0,0,7,1,1,0,0,0,0,0,0,1,73.85,511.25,1,1,0,0,0,1,0,0,0,1,0,0,0.1441678867740361,0,0,0,2,9.23125,1,0,0,1,1,2,0.09352037408149633
1,0,0,0,2,1,1,0,0,1,0,0,0,0,80.6,155.8,1,1,0,0,0,1,0,0,0,0,1,0,0.5140306122448979,1,0,0,3,26.866666666666664,1,0,1,1,0,3,0.02450980392156863
0,0,1,1,68,1,1,0,1,1,1,0,1,1,75.8,5293.95,1,0,1,0,1,0,0,1,0,0,0,3,0.0143155270588013,3,1,0,6,1.098550724637681,0,1,1,0,0,6,0.8854166666666667
1,0,0,0,43,1,1,0,1,1,0,1,1,1,104.6,4759.85,1,0,0,1,0,1,0,0,0,1,0,2,0.0219708665469401,2,2,1,6,2.377272727272727,0,2,1,0,1,6,0.4071969696969697
1,0,0,0,68,1,1,1,1,1,1,1,1,1,88.15,6148.45,0,0,0,1,1,0,0,0,0,1,0,3,0.0143346152907983,4,2,0,8,1.277536231884058,0,2,1,0,0,8,0.7627593942793045
1,0,0,0,36,1,0,0,1,0,0,1,1,1,94.8,3565.65,0,1,0,0,0,1,0,0,1,0,0,2,0.026579563455904,1,2,1,4,2.562162162162162,0,0,1,1,0,4,0.3757828810020877
0,0,1,0,63,1,1,0,1,1,0,1,1,1,103.4,6603.0,1,1,0,0,0,1,0,0,0,1,0,3,0.015657177468201,2,2,1,6,1.615625,0,0,1,1,1,6,0.603448275862069
1,1,0,0,32,1,0,0,1,0,1,0,0,0,54.65,1830.1,0,1,0,0,1,0,0,1,0,0,0,2,0.0298454480913112,2,0,0,3,1.656060606060606,0,0,1,0,0,3,0.5750224618149147
1,0,1,0,71,1,1,1,1,1,1,1,1,0,85.75,6223.8,0,0,0,1,1,0,0,0,1,0,0,3,0.0137755429893329,4,2,0,8,1.1909722222222223,0,2,1,0,0,8,0.8184438040345822
1,0,1,1,66,1,1,1,1,1,0,0,0,1,67.45,4508.65,0,1,0,0,1,0,0,1,0,0,0,3,0.0149568148304192,3,0,0,5,1.0067164179104477,0,0,1,0,0,5,0.9642074506939371
0,0,0,0,63,1,0,0,0,0,0,0,0,0,20.5,1328.15,0,0,1,0,0,0,1,0,0,0,1,3,0.0154233908889139,0,0,0,1,0.3203125,0,1,0,0,0,1,2.9302325581395348
1,0,0,1,41,1,0,0,0,0,0,0,0,1,20.25,865.0,0,0,1,0,0,0,1,0,1,0,0,2,0.0233833718244803,0,0,0,1,0.48214285714285715,0,1,0,0,0,1,1.9294117647058824
1,1,0,0,1,1,1,0,0,0,0,0,0,1,72.1,72.1,0,1,0,0,0,1,0,0,0,1,0,0,0.9863201094391244,0,0,0,2,36.05,1,0,0,1,1,2,0.013679890560875515
1,0,0,0,2,1,0,0,0,0,0,1,1,1,90.4,168.2,1,1,0,0,0,1,0,0,0,1,0,0,0.5342789598108748,0,2,1,3,30.133333333333336,1,0,0,1,1,3,0.02188183807439825
1,0,1,0,70,1,0,0,0,0,0,0,0,0,19.45,1303.5,0,0,0,1,0,0,1,1,0,0,0,3,0.0149099271751628,0,0,0,1,0.27394366197183095,0,2,0,0,0,1,3.422982885085575
1,0,0,0,23,0,0,0,0,0,0,1,1,1,44.95,996.85,0,1,0,0,1,0,0,0,0,1,0,1,0.0450468507290675,0,2,0,2,1.8729166666666668,0,0,0,0,1,2,0.500544069640914
1,1,1,0,64,1,0,1,1,1,0,0,1,0,97.0,6430.9,0,0,1,0,0,1,0,1,0,0,0,3,0.0150810802406753,3,1,1,5,1.4923076923076923,0,1,1,0,0,5,0.6530612244897959
0,0,1,1,37,1,1,1,0,1,1,0,0,1,62.8,2278.75,0,0,0,1,1,0,0,0,1,0,0,2,0.0275468801403662,3,0,0,5,1.6526315789473685,0,2,1,0,0,5,0.5799373040752351
0,0,0,1,17,1,0,0,0,0,0,0,0,0,44.6,681.4,0,0,1,0,1,0,0,0,0,0,1,1,0.0653575615474794,0,0,0,1,2.477777777777778,0,1,0,0,0,1,0.37280701754385964
1,1,0,0,7,1,0,0,0,0,0,1,1,1,89.15,574.35,0,1,0,0,0,1,0,0,0,1,0,0,0.1549491613800295,0,2,0,3,11.14375,1,0,0,1,1,3,0.0776483638380477
0,0,1,1,4,1,1,0,1,1,0,0,0,1,84.8,371.9,1,1,0,0,0,1,0,1,0,0,0,0,0.2274068114776079,2,0,0,4,16.96,1,0,1,1,0,4,0.046620046620046623
1,1,0,0,21,0,0,1,0,0,0,1,0,1,41.9,840.1,1,1,0,0,1,0,0,0,0,1,0,1,0.0498157175127808,1,1,0,2,1.9045454545454545,0,0,1,0,0,2,0.48951048951048953
1,0,0,0,10,1,0,0,0,0,0,0,1,1,80.25,846.0,1,1,0,0,0,1,0,1,0,0,0,0,0.0947461629279811,0,1,0,2,7.295454545454546,1,0,0,1,0,2,0.12307692307692308
1,1,0,0,16,1,1,1,0,0,0,0,0,1,54.1,889.0,0,1,0,0,1,0,0,0,0,1,0,1,0.0607865168539325,1,0,0,3,3.182352941176471,0,0,1,0,0,3,0.29038112522686027
0,0,1,0,64,1,1,0,1,0,1,1,1,1,105.25,6823.4,0,0,0,1,0,1,0,0,0,1,0,3,0.0154226012543227,2,2,1,6,1.6192307692307693,0,2,1,0,1,6,0.6023529411764705
0,1,1,0,27,0,0,1,0,0,0,0,0,0,30.75,805.1,1,1,0,0,1,0,0,0,1,0,0,2,0.0381466319315221,1,0,0,1,1.0982142857142858,0,0,1,0,0,1,0.8503937007874016
0,0,1,1,42,1,1,1,0,0,0,1,1,0,97.1,4016.75,0,0,1,0,0,1,0,0,0,1,0,2,0.0241677555845933,1,2,1,5,2.2581395348837208,0,1,1,0,0,5,0.42813455657492355
0,0,0,1,5,1,0,0,0,0,0,0,0,0,20.2,83.75,0,1,0,0,0,0,1,0,0,0,1,0,0.2383480825958702,0,0,0,1,3.3666666666666667,0,0,0,0,0,1,0.2358490566037736
1,0,0,0,41,1,0,0,1,0,1,1,1,1,98.8,3959.15,0,0,0,1,0,1,0,1,0,0,0,2,0.0249485499286643,2,2,1,5,2.3523809523809525,0,2,1,0,0,5,0.41082164328657317
0,0,1,0,58,1,0,0,0,1,0,0,0,0,50.3,2878.55,0,0,1,0,1,0,0,0,1,0,0,3,0.0174680071538955,1,0,0,2,0.8525423728813559,0,1,1,0,0,2,1.1306042884990255
1,0,0,0,47,1,0,0,0,0,0,0,0,1,20.55,945.7,0,0,0,1,0,0,1,0,0,0,1,2,0.0217069821485158,0,0,0,1,0.42812500000000003,0,2,0,0,0,1,2.1809744779582365
0,0,0,0,18,1,0,0,0,0,1,0,0,1,75.9,1373.05,0,1,0,0,0,1,0,1,0,0,0,1,0.0552381645500527,1,0,0,2,3.9947368421052634,0,0,1,1,0,2,0.2340702210663199
0,0,0,0,5,1,0,0,0,1,0,1,1,0,96.5,492.55,1,1,0,0,0,1,0,1,0,0,0,0,0.1955222368554351,1,2,1,4,16.083333333333332,1,0,1,1,0,4,0.05128205128205128
0,0,1,0,23,1,0,1,0,0,0,0,1,1,59.95,1406.0,0,1,0,0,1,0,0,1,0,0,0,1,0.0426083866382373,1,1,0,3,2.497916666666667,0,0,1,0,0,3,0.3773584905660377
1,0,0,0,1,1,0,0,0,0,0,0,0,0,19.15,19.15,0,1,0,0,0,0,1,0,0,0,1,0,0.9503722084367244,0,0,0,1,9.575,0,0,0,0,0,1,0.04962779156327544
0,0,1,0,71,1,1,0,0,1,0,1,1,1,98.65,6962.85,0,0,1,0,0,1,0,0,1,0,0,3,0.0141660144891116,1,2,1,5,1.370138888888889,0,1,1,0,0,5,0.7124937280481686
0,0,1,1,72,1,1,1,1,1,1,1,1,1,112.6,8126.65,0,0,0,1,0,1,0,0,1,0,0,3,0.0138539430216606,4,2,1,8,1.5424657534246575,0,2,1,0,0,8,0.6338028169014085
0,0,1,1,33,1,0,0,0,0,0,0,0,0,20.6,690.25,0,0,1,0,0,0,1,0,0,0,1,2,0.0298010849909584,0,0,0,1,0.6058823529411765,0,1,0,0,0,1,1.5277777777777777
0,0,0,0,2,1,1,0,0,0,0,1,0,1,85.65,181.5,1,1,0,0,0,1,0,0,0,1,0,0,0.4693150684931507,0,1,0,3,28.55,1,0,0,1,1,3,0.023081361800346218
0,0,0,1,24,0,0,1,0,0,1,0,0,0,35.75,830.8,0,0,0,1,1,0,0,0,0,0,1,1,0.0429790815099783,2,0,0,2,1.43,0,2,1,0,0,2,0.6530612244897959
1,0,1,1,56,1,1,0,1,1,1,0,1,1,99.75,5608.4,0,0,1,0,0,1,0,0,1,0,0,3,0.017782650550861,3,1,1,6,1.75,0,1,1,0,0,6,0.5558312655086849
0,0,0,0,37,1,0,0,1,0,0,1,1,1,96.1,3646.8,0,1,0,0,0,1,0,0,1,0,0,2,0.026344646088053,1,2,1,4,2.5289473684210524,0,0,1,1,0,4,0.38105046343975285
1,0,0,0,43,1,1,0,1,1,1,1,1,0,85.1,3662.25,0,0,1,0,1,0,0,0,1,0,0,2,0.0232307377328874,3,2,0,7,1.9340909090909089,0,1,1,0,0,7,0.49941927990708485
0,0,0,0,1,0,0,0,0,0,0,0,0,0,25.35,25.35,0,1,0,0,1,0,0,0,0,0,1,0,0.9620493358633776,0,0,0,0,12.675,0,0,0,0,0,0,0.03795066413662239
1,0,1,0,25,1,1,0,0,1,1,1,1,1,104.95,2566.5,1,1,0,0,0,1,0,1,0,0,0,2,0.0408763388510224,2,2,1,6,4.036538461538462,0,0,1,1,0,6,0.23596035865974516
1,0,0,0,61,1,1,1,1,1,1,1,1,0,89.65,5308.7,0,0,0,1,1,0,0,0,0,1,0,3,0.0168841930805883,4,2,0,8,1.445967741935484,0,2,1,0,0,8,0.6729178157749586
0,0,0,0,17,1,1,0,0,1,1,0,0,0,86.75,1410.25,0,0,1,0,0,1,0,0,0,1,0,1,0.0614703277236492,2,0,0,4,4.819444444444445,0,1,1,0,1,4,0.19373219373219372
1,0,1,0,41,1,0,0,1,1,1,0,0,1,86.2,3339.05,0,0,1,0,0,1,0,1,0,0,0,2,0.0258079968862741,3,0,0,4,2.0523809523809526,0,1,1,0,0,4,0.4701834862385321
0,0,0,0,1,1,0,0,1,0,0,0,0,0,50.65,50.65,1,1,0,0,1,0,0,0,0,0,1,0,0.9806389157792836,1,0,0,2,25.325,0,0,1,0,0,2,0.01936108422071636
0,1,1,1,72,0,0,1,1,1,1,1,1,1,64.8,4732.35,0,0,0,1,1,0,0,1,0,0,0,3,0.0136900926405188,4,2,0,6,0.8876712328767122,0,2,1,0,0,6,1.0942249240121582
0,0,0,0,1,1,1,0,1,0,0,0,1,1,90.85,90.85,1,1,0,0,0,1,0,0,1,0,0,0,0.9891126837234622,1,1,1,4,45.425,1,0,1,1,0,4,0.010887316276537834
0,0,0,0,48,1,1,0,1,1,0,1,1,1,108.1,5067.45,0,0,0,1,0,1,0,1,0,0,0,2,0.0213280194142193,2,2,1,6,2.206122448979592,0,2,1,0,0,6,0.43996333638863433
0,1,1,0,11,1,0,0,0,0,0,0,0,0,19.95,214.75,1,1,0,0,0,0,1,0,0,0,1,0,0.0924681344148319,0,0,0,1,1.6624999999999999,0,0,0,0,0,1,0.5250596658711217
1,1,1,0,55,1,1,0,1,1,0,0,0,1,85.45,4874.7,1,1,0,0,0,1,0,0,0,1,0,3,0.01752568861907,2,0,0,4,1.5258928571428572,0,0,1,1,1,4,0.6362058993637941
1,0,0,0,42,0,0,1,1,1,1,0,1,1,54.75,2348.45,0,0,1,0,1,0,0,0,0,1,0,2,0.023303326310413,4,1,0,5,1.2732558139534884,0,1,1,0,0,5,0.7533632286995515
0,0,0,0,44,1,1,0,0,1,0,0,1,1,90.4,4063.0,0,1,0,0,0,1,0,0,0,0,1,2,0.0222440944881889,1,1,1,4,2.008888888888889,0,0,1,1,0,4,0.48140043763676144
0,0,0,1,1,1,0,0,0,0,0,0,0,0,44.0,44.0,0,1,0,0,1,0,0,0,0,1,0,0,0.9777777777777776,0,0,0,1,22.0,0,0,0,0,1,1,0.022222222222222223
1,0,0,0,27,1,1,0,0,0,0,1,1,1,95.6,2595.25,0,1,0,0,0,1,0,1,0,0,0,2,0.0368223399133365,0,2,1,4,3.414285714285714,0,0,0,1,0,4,0.27950310559006214
0,1,1,0,27,1,1,0,1,1,1,1,1,1,84.8,2309.55,0,1,0,0,1,0,0,1,0,0,0,2,0.0367012183246413,3,2,0,7,3.0285714285714285,0,0,1,0,0,7,0.3146853146853147
1,1,0,0,2,1,0,0,0,0,0,0,0,1,44.3,89.3,0,1,0,0,1,0,0,0,0,1,0,0,0.4905869324473975,0,0,0,1,14.766666666666666,0,0,0,0,1,1,0.04415011037527594
1,0,0,0,19,1,0,0,0,0,0,0,0,0,19.9,367.55,0,1,0,0,0,0,1,0,0,0,1,1,0.0539953873287206,0,0,0,1,0.9949999999999999,0,0,0,0,0,1,0.9090909090909092
1,1,1,0,42,1,1,0,0,0,0,1,1,1,95.05,3944.5,0,1,0,0,0,1,0,0,0,1,0,2,0.02409073628184,0,2,1,4,2.2104651162790696,0,0,0,1,1,4,0.4372722540343571
1,0,0,0,66,1,1,1,1,1,1,1,1,1,90.05,5965.95,0,0,0,1,1,0,0,0,1,0,0,3,0.0150914621372728,4,2,1,8,1.3440298507462687,0,2,1,0,0,8,0.7248764415156508
0,1,1,0,33,1,1,1,0,1,1,1,1,1,109.9,3694.7,0,1,0,0,0,1,0,1,0,0,0,2,0.0297372622236653,3,2,1,7,3.2323529411764707,0,0,1,1,0,7,0.2975653742110009
1,0,0,0,34,1,0,0,1,0,0,0,0,1,73.95,2524.45,1,1,0,0,0,1,0,0,1,0,0,2,0.0292819101546259,1,0,0,2,2.112857142857143,0,0,1,1,0,2,0.4536357571714476
0,1,0,0,33,0,0,0,0,1,1,1,1,1,54.6,1803.7,0,1,0,0,1,0,0,0,0,1,0,2,0.0302543359007037,2,2,0,4,1.6058823529411765,0,0,1,0,1,4,0.5935251798561151
1,0,1,1,23,1,0,0,0,0,0,0,0,0,20.05,415.1,0,0,1,0,0,0,1,0,0,0,1,1,0.0481855323239605,0,0,0,1,0.8354166666666667,0,1,0,0,0,1,1.0926365795724464
1,0,0,0,32,1,0,0,0,0,0,0,0,0,19.75,624.15,0,0,1,0,0,0,1,1,0,0,0,2,0.0315924178197232,0,0,0,1,0.5984848484848485,0,1,0,0,0,1,1.5421686746987953
1,0,0,0,11,1,0,0,0,0,0,0,0,0,20.05,237.7,0,0,1,0,0,0,1,0,1,0,0,0,0.0839966485127775,0,0,0,1,1.6708333333333334,0,1,0,0,0,1,0.5225653206650831
0,0,1,1,69,1,1,0,0,1,0,1,1,1,99.45,7007.6,1,1,0,0,0,1,0,0,1,0,0,3,0.0141897097851211,1,2,1,5,1.4207142857142858,0,0,1,1,0,5,0.6869089099054255
1,0,1,0,68,1,0,1,0,0,1,0,0,0,55.9,3848.8,0,0,1,0,1,0,0,1,0,0,0,3,0.0145202348173931,2,0,0,3,0.8101449275362319,0,1,1,0,0,3,1.195079086115993
0,0,0,0,20,1,0,0,0,0,0,0,0,1,19.7,419.4,0,0,0,1,0,0,1,0,0,0,1,1,0.04686013320647,0,0,0,1,0.9380952380952381,0,2,0,0,0,1,0.9661835748792271
0,0,0,0,72,1,0,0,0,0,0,0,0,1,19.8,1468.75,0,0,0,1,0,0,1,0,1,0,0,3,0.0134716788569484,0,0,0,1,0.27123287671232876,0,2,0,0,0,1,3.4615384615384612
0,0,1,1,60,1,1,1,0,1,0,1,0,1,95.4,5812.0,0,0,1,0,0,1,0,1,0,0,0,3,0.0164114914846034,2,1,1,5,1.5639344262295083,0,1,1,0,0,5,0.6224066390041494
0,1,1,1,32,1,0,0,1,0,0,1,1,1,93.95,2861.45,0,1,0,0,0,1,0,0,0,0,1,2,0.0328215340005939,1,2,1,4,2.846969696969697,0,0,1,1,0,4,0.33701948393891523
1,0,0,0,1,1,0,0,0,0,0,0,0,1,19.9,19.9,1,1,0,0,0,0,1,0,0,0,1,0,0.9521531100478468,0,0,0,1,9.95,0,0,0,0,0,1,0.04784688995215311
0,0,0,0,1,1,0,0,0,0,0,0,0,1,19.6,19.6,1,1,0,0,0,0,1,0,0,0,1,0,0.9514563106796116,0,0,0,1,9.8,0,0,0,0,0,1,0.04854368932038835
0,1,0,0,3,1,1,0,1,0,0,0,0,1,81.35,233.7,1,1,0,0,0,1,0,0,0,1,0,0,0.3466126970600767,1,0,0,3,20.3375,1,0,1,1,1,3,0.03642987249544627
1,0,1,0,46,1,1,0,0,0,0,0,0,1,24.45,1066.15,0,0,1,0,0,0,1,1,0,0,0,2,0.0229114932296303,0,0,0,2,0.5202127659574468,0,1,0,0,0,2,1.807465618860511
1,0,1,0,29,1,1,0,0,0,0,0,0,1,74.95,2149.05,0,1,0,0,0,1,0,0,0,1,0,2,0.0348596544266412,0,0,0,2,2.4983333333333335,0,0,0,1,1,2,0.3818301514154049
0,0,0,0,51,1,1,0,1,1,1,0,0,1,87.35,4473.0,0,1,0,0,0,1,0,0,0,1,0,3,0.0195239159588734,3,0,0,5,1.6798076923076921,0,0,1,1,1,5,0.5772495755517827
1,1,1,0,48,1,0,0,0,0,0,0,0,1,70.65,3545.05,0,1,0,0,0,1,0,1,0,0,0,2,0.0199235769377194,0,0,0,1,1.4418367346938776,0,0,0,1,0,1,0.6699232379623168
1,0,1,1,16,1,0,0,1,0,0,0,0,0,73.25,1195.75,0,1,0,0,0,1,0,1,0,0,0,1,0.0612074368080217,1,0,0,2,4.3088235294117645,0,0,1,1,0,2,0.21548821548821548
0,0,1,0,70,1,1,0,1,1,1,0,1,1,98.7,6858.9,0,0,0,1,0,1,0,1,0,0,0,3,0.0143879648391375,3,1,1,6,1.3901408450704227,0,2,1,0,0,6,0.7021063189568706
1,0,1,1,40,1,1,0,0,0,0,0,0,1,24.8,1024.7,0,0,0,1,0,0,1,0,0,0,1,2,0.0241786097299405,0,0,0,2,0.6048780487804878,0,2,0,0,0,2,1.5503875968992247
1,0,1,1,22,1,0,0,1,0,0,0,1,0,83.3,1845.9,1,1,0,0,0,1,0,0,0,1,0,1,0.0451026043640695,1,1,0,3,3.6217391304347823,0,0,1,1,1,3,0.2609727164887307
1,1,0,0,1,1,0,0,0,1,0,0,0,1,75.3,75.3,1,1,0,0,0,1,0,1,0,0,0,0,0.9868938401048492,1,0,0,2,37.65,1,0,1,1,0,2,0.013106159895150722
1,0,1,1,5,1,1,0,0,0,0,0,0,1,24.3,132.25,0,1,0,0,0,0,1,0,0,0,1,0,0.1823639774859287,0,0,0,2,4.05,0,0,0,0,0,2,0.1976284584980237
1,0,0,0,7,1,0,0,0,0,0,0,0,1,69.85,515.45,0,1,0,0,0,1,0,1,0,0,0,0,0.1352502662406815,0,0,0,1,8.73125,0,0,0,1,0,1,0.09880028228652082
0,0,0,1,29,1,1,0,1,1,1,0,1,0,100.55,2830.45,0,0,1,0,0,1,0,0,1,0,0,2,0.0355118402232071,3,1,1,6,3.3516666666666666,0,1,1,0,0,6,0.28557360905957657
0,0,1,1,44,1,1,0,0,0,0,0,0,0,25.7,1110.5,0,0,1,0,0,0,1,0,0,0,1,2,0.0231219073324336,0,0,0,2,0.5711111111111111,0,1,0,0,0,2,1.647940074906367
1,0,0,0,10,0,0,1,1,1,0,0,0,0,40.7,449.3,0,1,0,0,1,0,0,1,0,0,0,0,0.0903841883188985,3,0,0,3,3.7,0,0,1,0,0,3,0.2398081534772182
1,1,1,0,55,1,1,0,0,0,0,0,0,0,51.65,2838.55,0,1,0,0,1,0,0,1,0,0,0,3,0.0181895018576887,0,0,0,2,0.9223214285714285,0,0,0,0,0,2,1.0446343779677114
0,1,1,0,52,1,1,0,1,1,0,1,1,1,105.1,5376.4,0,0,1,0,0,1,0,1,0,0,0,3,0.0195447614088593,2,2,1,6,1.9830188679245282,0,1,1,0,0,6,0.49010367577756836
1,0,1,1,10,1,1,0,0,0,0,0,1,0,85.95,858.6,0,1,0,0,0,1,0,0,0,1,0,0,0.0999883666821777,0,1,0,3,7.8136363636363635,1,0,0,1,1,3,0.11500862564692352
0,0,0,0,18,1,1,0,0,0,0,0,0,1,75.6,1395.05,0,1,0,0,0,1,0,1,0,0,0,1,0.0541527882239174,0,0,0,2,3.978947368421052,0,0,0,1,0,2,0.2349869451697128
1,0,1,0,68,1,1,1,0,0,1,0,0,0,58.25,3975.7,0,0,1,0,1,0,0,1,0,0,0,3,0.0146478235723087,2,0,0,4,0.8442028985507246,0,1,1,0,0,4,1.1476793248945147
1,0,1,1,61,1,0,0,0,0,0,0,0,1,19.4,1182.55,1,1,0,0,0,0,1,0,0,0,1,3,0.0163913649613451,0,0,0,1,0.3129032258064516,0,0,0,0,0,1,2.9901960784313726
1,0,1,1,72,0,0,1,1,1,1,1,1,1,65.2,4784.45,0,0,0,1,1,0,0,0,1,0,0,3,0.013624633002121,4,2,0,6,0.8931506849315068,0,2,1,0,0,6,1.0876132930513596
0,0,0,0,2,1,0,1,0,1,0,0,0,0,53.45,119.5,0,1,0,0,1,0,0,0,0,1,0,0,0.4435684647302905,2,0,0,3,17.816666666666666,0,0,1,0,0,3,0.03673094582185491
0,0,0,0,12,1,0,0,0,0,0,0,0,1,45.4,518.9,1,1,0,0,1,0,0,1,0,0,0,0,0.0873244854779765,0,0,0,1,3.4923076923076923,0,0,0,0,0,1,0.25862068965517243
0,0,1,0,41,1,0,0,0,0,0,0,0,1,19.75,899.45,0,0,0,1,0,0,1,0,0,1,0,2,0.0219334777055916,0,0,0,1,0.47023809523809523,0,2,0,0,1,1,1.9759036144578312
1,0,0,0,26,0,0,0,0,1,1,1,0,1,44.45,1183.8,0,1,0,0,1,0,0,0,1,0,0,2,0.037516880486158,2,1,0,3,1.6462962962962964,0,0,1,0,0,3,0.5720572057205721
0,0,1,0,36,1,0,0,0,0,0,0,0,0,20.85,720.05,0,0,1,0,0,0,1,1,0,0,0,2,0.0289161639276055,0,0,0,1,0.5635135135135135,0,1,0,0,0,1,1.6475972540045765
0,0,1,1,72,1,1,1,1,1,1,1,1,1,114.05,8468.2,0,0,0,1,0,1,0,0,1,0,0,3,0.0134664431115099,4,2,1,8,1.5623287671232877,0,2,1,0,0,8,0.6258148631029987
0,0,1,0,35,1,1,0,0,0,1,0,1,1,89.85,3161.2,0,1,0,0,0,1,0,1,0,0,0,2,0.0284137625703624,1,1,0,4,2.495833333333333,0,0,1,1,0,4,0.3852504127682994
0,0,0,0,1,1,0,0,0,1,1,0,0,0,55.05,55.05,0,1,0,0,1,0,0,0,0,0,1,0,0.9821587867975022,2,0,0,3,27.525,0,0,1,0,0,3,0.01784121320249777
1,0,1,1,16,1,1,1,0,1,1,1,1,1,112.95,1882.55,0,1,0,0,0,1,0,0,0,1,0,1,0.0599665525205064,3,2,1,7,6.644117647058824,0,0,1,1,0,7,0.14041246160596751
1,1,0,0,49,1,1,1,0,0,0,1,1,0,101.55,5070.4,0,1,0,0,0,1,0,0,1,0,0,3,0.0200240564735575,1,2,1,5,2.031,0,0,1,1,0,5,0.4778156996587031
1,0,1,0,54,1,1,1,1,1,1,1,1,1,114.65,6049.5,0,0,1,0,0,1,0,0,0,0,1,3,0.0189488472027105,4,2,1,8,2.0845454545454545,0,1,1,0,0,8,0.46692607003891046
1,0,0,1,18,1,1,1,0,0,0,0,1,0,64.8,1166.7,0,1,0,0,1,0,0,0,0,1,0,1,0.055493705575062,1,1,0,4,3.4105263157894736,0,0,1,0,0,4,0.27355623100303955
1,0,1,0,36,1,0,0,0,0,0,0,1,0,80.4,2937.65,0,1,0,0,0,1,0,0,0,1,0,2,0.0273595018120565,0,1,0,2,2.172972972972973,0,0,0,1,1,2,0.44226044226044225
1,0,0,0,60,1,1,0,1,1,0,1,1,1,105.9,6396.45,1,1,0,0,0,1,0,0,0,1,0,3,0.0165534705234116,2,2,1,6,1.736065573770492,0,0,1,1,1,6,0.5612722170252572
1,0,0,0,1,1,0,0,0,0,0,0,0,0,69.55,69.55,1,1,0,0,0,1,0,0,0,0,1,0,0.9858256555634302,0,0,0,1,34.775,0,0,0,1,0,1,0.01417434443656981
1,0,1,1,52,1,1,0,0,0,0,0,0,1,25.05,1270.25,0,0,0,1,0,0,1,1,0,0,0,3,0.0197050147492625,0,0,0,2,0.47264150943396227,0,2,0,0,0,2,1.9961612284069097
0,0,1,1,8,1,0,0,0,1,0,1,1,1,94.75,759.55,0,1,0,0,0,1,0,0,0,1,0,0,0.1245808954046413,1,2,1,4,10.527777777777779,1,0,1,1,1,4,0.0835509138381201
0,0,1,1,72,1,0,1,1,0,1,1,1,0,105.5,7611.55,0,0,0,1,0,1,0,1,0,0,0,3,0.0138586938673637,3,2,1,6,1.4452054794520548,0,2,1,0,0,6,0.676056338028169
1,0,0,0,64,1,1,0,0,0,0,0,0,0,24.7,1642.75,0,0,1,0,0,0,1,0,0,0,1,3,0.0150266159695817,0,0,0,2,0.38,0,1,0,0,0,2,2.490272373540856
1,1,0,0,22,1,0,1,0,1,1,0,1,1,69.75,1545.4,0,1,0,0,1,0,0,0,0,0,1,1,0.0451047594412829,3,1,0,5,3.032608695652174,0,0,1,0,0,5,0.31095406360424027
0,0,1,0,60,0,0,0,1,1,1,1,1,1,60.2,3582.4,0,1,0,0,1,0,0,1,0,0,0,3,0.0167996874476753,3,2,0,5,0.9868852459016394,0,0,1,0,0,5,0.9803921568627451
1,0,1,1,28,1,0,0,0,0,0,0,1,1,81.05,2227.1,1,1,0,0,0,1,0,0,0,1,0,2,0.0363762847268973,0,1,0,2,2.7948275862068965,0,0,0,1,1,2,0.3412553321145643
1,0,1,0,61,1,1,0,0,0,0,0,0,0,24.4,1417.9,0,0,0,1,0,0,1,0,0,0,1,3,0.0171964197617872,0,0,0,2,0.39354838709677414,0,2,0,0,0,2,2.4015748031496065
1,0,0,0,24,1,1,0,1,1,0,1,1,1,104.15,2494.65,0,1,0,0,0,1,0,0,0,1,0,1,0.0417326147496644,2,2,1,6,4.166,0,0,1,1,1,6,0.22824536376604848
0,0,1,1,28,1,0,0,1,1,1,1,0,0,92.9,2768.35,0,0,1,0,0,1,0,1,0,0,0,2,0.0335457778901186,3,1,1,5,3.203448275862069,0,1,1,0,0,5,0.2981895633652822
1,0,1,1,30,1,0,0,1,1,1,1,1,0,80.8,2369.3,0,0,0,1,1,0,0,1,0,0,0,2,0.0340885120027,3,2,0,6,2.606451612903226,0,2,1,0,0,6,0.36674816625916873
0,0,1,0,2,1,0,0,0,0,0,0,0,0,20.0,38.0,0,1,0,0,0,0,1,0,0,0,1,0,0.5128205128205128,0,0,0,1,6.666666666666667,0,0,0,0,0,1,0.09523809523809523
0,0,0,0,1,1,1,0,0,0,0,0,0,1,75.1,75.1,0,1,0,0,0,1,0,0,0,1,0,0,0.9868593955321944,0,0,0,2,37.55,1,0,0,1,1,2,0.01314060446780552
0,0,0,1,6,1,0,0,0,0,0,0,0,0,19.65,100.9,0,1,0,0,0,0,1,0,0,0,1,0,0.1928361138370951,0,0,0,1,2.807142857142857,0,0,0,0,0,1,0.2905569007263923
1,0,1,0,24,1,0,0,1,0,0,1,1,1,69.45,1614.05,0,1,0,0,1,0,0,1,0,0,0,1,0.0430017646512491,1,2,0,4,2.778,0,0,1,0,0,4,0.340667139815472
0,0,1,1,4,1,1,0,0,1,0,1,1,0,101.15,385.9,1,1,0,0,0,1,0,0,0,1,0,0,0.2614370638407857,1,2,1,5,20.23,1,0,1,1,1,5,0.03915810083210964
0,0,0,0,7,1,1,0,1,0,0,1,1,1,99.8,673.25,1,1,0,0,0,1,0,0,0,1,0,0,0.1480163144234334,1,2,1,5,12.475,1,0,1,1,1,5,0.06944444444444445
0,1,1,0,72,1,1,1,1,1,1,1,1,1,116.05,8404.9,0,0,0,1,0,1,0,1,0,0,0,3,0.0138057792740813,4,2,1,8,1.5897260273972602,0,2,1,0,0,8,0.615121742844938
0,0,0,0,70,0,0,0,0,0,1,0,1,1,40.05,2799.75,0,0,0,1,1,0,0,0,0,0,1,3,0.0142997411407658,1,1,0,2,0.5640845070422534,0,2,1,0,0,2,1.7052375152253352
0,1,1,0,64,1,1,0,0,1,1,1,1,0,102.1,6538.45,0,0,0,1,0,1,0,0,0,1,0,3,0.0156129338094182,2,2,1,6,1.5707692307692307,0,2,1,0,1,6,0.6207565470417071
0,0,1,1,72,1,1,0,1,0,0,1,0,1,89.7,6588.95,0,0,1,0,0,1,0,0,0,1,0,3,0.0136116359001206,1,1,0,4,1.2287671232876713,0,1,1,0,1,4,0.7938257993384785
1,0,0,1,44,1,0,0,0,0,0,0,0,0,19.9,868.1,0,0,0,1,0,0,1,0,0,0,1,2,0.0228972500287653,0,0,0,1,0.4422222222222222,0,2,0,0,0,1,2.105263157894737
1,0,1,1,13,1,0,0,0,0,0,0,1,0,55.95,734.35,1,1,0,0,1,0,0,0,0,1,0,1,0.076086217447474,0,1,0,2,3.9964285714285714,0,0,0,0,1,2,0.228270412642669
1,1,0,0,17,1,0,0,0,0,0,0,0,0,20.65,330.6,0,0,1,0,0,0,1,0,0,0,1,1,0.0622738238841978,0,0,0,1,1.1472222222222221,0,1,0,0,0,1,0.7852193995381063
0,0,0,0,1,1,0,0,0,0,0,0,1,1,55.0,55.0,1,1,0,0,1,0,0,0,0,1,0,0,0.9821428571428572,0,1,0,2,27.5,0,0,0,0,1,2,0.017857142857142856
0,0,1,0,9,1,0,0,0,1,0,1,1,1,70.05,564.4,0,1,0,0,1,0,0,0,0,0,1,0,0.12389458790237,1,2,0,4,7.005,1,0,1,0,0,4,0.1266713581984518
0,0,1,0,24,1,0,1,0,0,1,0,0,0,53.6,1315.35,0,1,0,0,1,0,0,0,0,0,1,1,0.0407186538534584,2,0,0,3,2.144,0,0,1,0,0,3,0.43956043956043955
1,0,1,1,1,1,0,0,1,0,0,0,0,1,74.7,74.7,1,1,0,0,0,1,0,0,0,1,0,0,0.9867899603698812,1,0,0,2,37.35,1,0,1,1,1,2,0.01321003963011889
0,0,0,0,24,1,1,0,1,0,0,0,0,1,80.25,1861.5,1,1,0,0,0,1,0,0,0,1,0,1,0.0430872483221476,1,0,0,3,3.21,0,0,1,1,1,3,0.2953846153846154
0,1,1,1,35,1,0,0,1,0,1,1,1,1,76.05,2747.2,0,1,0,0,1,0,0,0,0,1,0,2,0.0276726584673604,2,2,0,5,2.1125,0,0,1,0,1,5,0.45425048669695006
1,0,1,1,7,1,0,1,1,1,1,1,0,1,75.7,554.05,0,1,0,0,1,0,0,0,0,1,0,0,0.1363841095396811,4,1,0,6,9.4625,1,0,1,0,0,6,0.09126466753585398
0,0,0,0,5,1,0,0,0,0,1,1,1,1,96.1,453.4,1,1,0,0,0,1,0,0,0,1,0,0,0.211487676056338,1,2,1,4,16.016666666666666,1,0,1,1,1,4,0.05149330587023687
1,0,0,1,15,1,0,0,0,0,0,0,0,0,69.0,994.8,1,1,0,0,0,1,0,1,0,0,0,1,0.0692910222936332,0,0,0,1,4.3125,0,0,0,1,0,1,0.21428571428571427
0,0,1,1,11,1,0,0,0,0,0,0,0,0,19.65,225.75,0,0,0,1,0,0,1,0,0,0,1,0,0.0866593164277838,0,0,0,1,1.6375,0,2,0,0,0,1,0.5326876513317191
1,0,1,0,48,0,0,1,0,1,0,0,1,1,45.3,2145.0,1,1,0,0,1,0,0,1,0,0,0,2,0.0211090400745573,2,1,0,3,0.9244897959183673,0,0,1,0,0,3,1.0367170626349893
1,1,0,0,20,1,0,0,0,0,0,0,1,1,81.45,1671.6,0,1,0,0,0,1,0,0,0,1,0,1,0.0486966399617362,0,1,0,2,3.8785714285714286,0,0,0,1,1,2,0.2425712553062462
1,0,1,0,72,1,1,0,1,1,1,1,1,1,108.5,8003.8,0,0,1,0,0,1,0,1,0,0,0,3,0.0135543673795722,3,2,1,7,1.4863013698630136,0,1,1,0,0,7,0.6575342465753424
1,0,1,1,8,1,0,0,1,0,0,1,0,1,83.55,680.05,1,1,0,0,0,1,0,0,0,1,0,0,0.1226782174583364,1,1,0,3,9.283333333333333,1,0,1,1,1,3,0.09461856889414548
0,0,1,1,72,1,1,0,0,0,0,0,1,1,84.5,6130.85,0,0,0,1,0,1,0,0,1,0,0,3,0.0137805066986309,0,1,0,3,1.1575342465753424,0,2,0,0,0,3,0.8421052631578947
1,0,0,0,15,1,1,0,1,0,0,1,1,1,100.15,1415.0,0,1,0,0,0,1,0,0,0,1,0,1,0.0707274011299435,1,2,1,5,6.259375,0,0,1,1,1,5,0.14829461196243202
0,0,0,0,72,1,1,0,1,1,1,1,1,1,88.6,6201.95,0,0,0,1,1,0,0,1,0,0,0,3,0.0142835263866386,3,2,0,7,1.2136986301369863,0,2,1,0,0,7,0.8035714285714286
1,0,1,1,0,0,0,1,0,1,1,1,0,1,52.55,52.55,0,0,0,1,1,0,0,1,0,0,0,0,0.9813258636788048,3,1,0,4,52.55,0,2,1,0,0,4,0.0
0,0,0,1,1,1,1,0,0,0,0,0,0,1,74.35,74.35,1,1,0,0,0,1,0,0,0,1,0,0,0.986728599867286,0,0,0,2,37.175,1,0,0,1,1,2,0.013271400132714002
0,0,1,1,63,1,1,0,1,1,0,1,1,1,104.8,6597.25,0,0,0,1,0,1,0,1,0,0,0,3,0.0158829992801121,2,2,1,6,1.6375,0,2,1,0,0,6,0.5954631379962193
1,0,0,0,2,1,0,0,1,0,0,1,0,1,59.0,114.15,0,1,0,0,1,0,0,0,0,1,0,0,0.5123751628310899,1,1,0,3,19.666666666666668,0,0,1,0,1,3,0.03333333333333333
1,0,1,0,2,1,0,1,0,0,0,0,0,1,74.4,139.4,1,1,0,0,0,1,0,0,0,1,0,0,0.5299145299145299,1,0,0,2,24.8,1,0,1,1,0,2,0.02652519893899204
0,1,1,0,61,1,1,0,1,0,0,0,1,0,64.05,3902.6,0,0,1,0,1,0,0,1,0,0,0,3,0.0164079311404857,1,1,0,4,1.0330645161290322,0,1,1,0,0,4,0.9377401998462721
0,0,0,0,1,1,0,0,0,0,0,0,0,0,20.4,20.4,0,1,0,0,0,0,1,0,0,0,1,0,0.9532710280373832,0,0,0,1,10.2,0,0,0,0,0,1,0.04672897196261683
0,0,0,0,22,0,0,0,1,1,0,0,1,1,43.75,903.6,1,0,1,0,1,0,0,1,0,0,0,1,0.0483639177537032,2,1,0,3,1.9021739130434783,0,1,1,0,0,3,0.49162011173184356
0,0,1,0,28,1,0,1,1,0,1,0,0,0,60.9,1785.65,0,1,0,0,1,0,0,0,0,0,1,2,0.0340861388632356,3,0,0,4,2.1,0,0,1,0,0,4,0.45234248788368336
1,0,1,0,70,1,0,0,0,0,0,0,0,0,19.8,1397.65,0,0,0,1,0,0,1,1,0,0,0,3,0.0141565080613448,0,0,0,1,0.27887323943661974,0,2,0,0,0,1,3.3653846153846154
1,1,0,0,5,0,0,0,1,0,0,0,0,0,28.45,131.05,1,1,0,0,1,0,0,0,0,1,0,0,0.2154486936766376,1,0,0,1,4.741666666666666,0,0,1,0,1,1,0.1697792869269949
1,0,0,0,12,1,1,1,1,1,0,0,1,1,99.7,1238.45,1,1,0,0,0,1,0,1,0,0,0,0,0.0804389043527371,3,1,1,6,7.6692307692307695,0,0,1,1,0,6,0.11916583912611718
0,0,0,0,34,1,1,1,1,1,1,1,1,0,116.25,3899.05,0,0,1,0,0,1,0,0,1,0,0,2,0.0298073101626902,4,2,1,8,3.3214285714285716,0,1,1,0,0,8,0.2899786780383795
1,1,1,0,71,1,1,1,0,0,0,0,0,1,80.7,5676.0,0,0,0,1,0,1,0,0,1,0,0,3,0.0142152545358463,1,0,0,3,1.1208333333333333,0,2,1,0,0,3,0.8690330477356181
1,0,1,1,70,1,1,1,0,0,0,0,1,0,65.2,4543.15,0,0,1,0,1,0,0,1,0,0,0,3,0.0143481179098401,1,1,0,4,0.9183098591549296,0,1,1,0,0,4,1.0574018126888216
1,0,1,1,52,1,0,1,0,1,1,0,0,1,84.05,4326.8,0,1,0,0,0,1,0,1,0,0,0,3,0.0194209529090993,3,0,0,4,1.5858490566037735,0,0,1,1,0,4,0.6114050558495003
0,0,0,1,69,1,1,1,1,1,1,1,0,1,79.45,5502.55,0,0,0,1,1,0,0,0,1,0,0,3,0.0144361366754185,4,1,0,7,1.135,0,2,1,0,0,7,0.8576755748912368
1,1,0,0,20,1,1,0,1,1,0,0,1,1,94.1,1782.4,1,1,0,0,0,1,0,0,0,1,0,1,0.0527643826399013,2,1,1,5,4.480952380952381,0,0,1,1,1,5,0.21030494216614093
0,0,0,1,11,1,1,0,0,1,0,0,0,1,78.0,851.8,0,1,0,0,0,1,0,0,0,0,1,0,0.0914634146341463,1,0,0,3,6.5,1,0,1,1,0,3,0.13924050632911392
0,0,1,0,2,1,0,0,0,0,1,1,1,1,94.2,167.5,1,1,0,0,0,1,0,0,0,1,0,0,0.5590504451038576,1,2,1,4,31.400000000000002,1,0,1,1,1,4,0.021008403361344536
1,0,1,1,6,1,1,0,0,0,1,0,0,1,80.5,502.85,1,1,0,0,0,1,0,0,0,1,0,0,0.1597697727498263,1,0,0,3,11.5,1,0,1,1,1,3,0.0736196319018405
1,0,0,0,1,1,0,0,0,0,0,0,0,0,19.85,19.85,0,1,0,0,0,0,1,0,0,0,1,0,0.9520383693045564,0,0,0,1,9.925,0,0,0,0,0,1,0.047961630695443645
0,1,1,1,20,1,0,1,0,1,1,0,1,0,94.3,1818.3,0,0,1,0,0,1,0,0,1,0,0,1,0.0518331226295828,3,1,1,5,4.4904761904761905,0,1,1,0,0,5,0.2098635886673662
0,0,0,0,61,1,1,1,0,1,0,1,1,1,106.45,6300.15,0,1,0,0,0,1,0,0,0,1,0,3,0.0168937416185934,2,2,1,6,1.7169354838709678,0,0,1,1,0,6,0.5677059097254537
1,1,1,0,5,1,1,0,0,0,0,0,0,1,74.35,334.8,1,1,0,0,0,1,0,0,0,1,0,0,0.2214115544967242,0,0,0,2,12.391666666666666,1,0,0,1,1,2,0.06635700066357002
1,0,0,0,56,1,1,0,1,0,1,1,1,1,105.45,5916.95,0,1,0,0,0,1,0,1,0,0,0,3,0.0178186703165792,2,2,1,6,1.85,0,0,1,1,0,6,0.5260685767966181
0,0,0,0,30,1,1,1,1,1,1,0,0,1,95.0,2852.4,0,1,0,0,0,1,0,0,1,0,0,2,0.033293614635172,4,0,1,6,3.064516129032258,0,0,1,1,0,6,0.3125
0,0,0,0,40,1,1,0,0,1,1,1,1,0,104.8,4131.95,1,1,0,0,0,1,0,1,0,0,0,2,0.0253571903845921,2,2,1,6,2.55609756097561,0,0,1,1,0,6,0.3780718336483932
1,0,0,0,28,1,0,1,0,0,1,0,0,0,54.3,1546.3,0,0,1,0,1,0,0,0,0,0,1,2,0.0350933884831642,2,0,0,3,1.8724137931034481,0,1,1,0,0,3,0.5063291139240507
1,1,1,0,5,1,0,0,0,0,0,0,0,0,70.05,302.6,0,1,0,0,0,1,0,0,0,1,0,0,0.2307312252964426,0,0,0,1,11.674999999999999,1,0,0,1,1,1,0.07037297677691767
1,1,1,0,27,1,0,1,0,0,0,0,0,1,75.2,1929.35,1,1,0,0,0,1,0,1,0,0,0,2,0.0389566658896055,1,0,0,2,2.685714285714286,0,0,1,1,0,2,0.3543307086614173
0,0,0,0,12,1,0,0,0,0,0,0,0,0,20.05,265.45,0,1,0,0,0,0,1,0,1,0,0,0,0.0752486395196097,0,0,0,1,1.5423076923076924,0,0,0,0,0,1,0.5700712589073634
0,0,1,1,67,1,1,0,1,1,0,1,1,1,105.4,6989.45,0,0,1,0,0,1,0,0,0,1,0,3,0.015077713165819,2,2,1,6,1.55,0,1,1,0,1,6,0.6296992481203008
0,1,1,0,29,1,1,0,0,0,0,0,0,1,51.6,1442.0,0,1,0,0,1,0,0,0,0,1,0,2,0.0357588357588357,0,0,0,2,1.72,0,0,0,0,1,2,0.5513307984790874
0,0,1,1,55,1,1,0,0,0,0,0,1,0,85.5,4713.4,0,1,0,0,0,1,0,1,0,0,0,3,0.0181359239776005,0,1,0,3,1.5267857142857142,0,0,0,1,0,3,0.6358381502890174
1,0,0,0,23,1,1,0,0,0,0,0,0,0,75.6,1758.6,1,1,0,0,0,1,0,1,0,0,0,1,0.0429643100704705,0,0,0,2,3.15,0,0,0,1,0,2,0.3002610966057441
0,0,1,0,34,1,1,0,0,1,0,1,1,1,100.05,3480.0,1,1,0,0,0,1,0,0,0,1,0,2,0.0287417408790577,1,2,1,5,2.8585714285714285,0,0,1,1,1,5,0.3364670954972786
0,0,0,0,52,1,0,1,0,1,0,1,0,0,91.25,4738.3,0,0,1,0,0,1,0,0,0,1,0,3,0.0192538982550165,2,1,1,4,1.721698113207547,0,1,1,0,0,4,0.5636856368563685
0,1,1,1,72,1,1,1,1,1,1,1,1,1,115.75,8399.15,0,0,0,1,0,1,0,0,1,0,0,3,0.013779515841979,4,2,1,8,1.5856164383561644,0,2,1,0,0,8,0.6167023554603854
0,0,1,1,58,1,1,0,1,0,1,1,0,1,94.7,5430.35,0,0,1,0,0,1,0,0,1,0,0,3,0.0174358124591491,2,1,1,5,1.605084745762712,0,1,1,0,0,5,0.6060606060606061
0,0,1,1,35,1,0,0,0,0,0,0,0,0,19.6,686.95,0,0,0,1,0,0,1,0,0,0,1,2,0.0284904426193764,0,0,0,1,0.5444444444444445,0,2,0,0,0,1,1.6990291262135921
1,1,0,0,56,1,1,0,1,1,1,1,0,1,99.9,5706.3,0,0,0,1,0,1,0,1,0,0,0,3,0.0175038985159357,3,1,1,6,1.7526315789473685,0,2,1,0,0,6,0.5550049554013875
1,0,1,1,24,1,0,0,0,0,0,0,0,1,21.1,490.65,0,0,0,1,0,0,1,0,1,0,0,1,0.0429167090409844,0,0,0,1,0.8440000000000001,0,2,0,0,0,1,1.085972850678733
0,0,1,1,70,1,0,0,0,0,0,0,0,0,20.05,1360.25,0,0,0,1,0,0,1,0,1,0,0,3,0.0147291092745638,0,0,0,1,0.2823943661971831,0,2,0,0,0,1,3.32541567695962
0,0,0,0,2,1,0,0,0,0,0,1,0,1,79.95,174.45,0,1,0,0,0,1,0,0,0,1,0,0,0.4556853804502708,0,1,0,2,26.650000000000002,1,0,0,1,1,2,0.02470660901791229
0,1,1,1,68,1,1,0,0,1,1,1,1,1,107.15,7379.8,0,0,1,0,0,1,0,0,1,0,0,3,0.0145173964881855,2,2,1,6,1.5528985507246378,0,1,1,0,0,6,0.6287563569116967
1,0,0,0,1,1,1,0,0,0,0,0,1,1,85.0,85.0,1,1,0,0,0,1,0,0,0,1,0,0,0.9883720930232558,0,1,0,3,42.5,1,0,0,1,1,3,0.011627906976744186
0,0,0,0,12,1,1,0,0,1,0,1,0,1,89.55,1021.75,0,1,0,0,0,1,0,0,0,1,0,0,0.0875580542654607,1,1,0,4,6.888461538461538,0,0,1,1,1,4,0.13252346769740475
1,0,1,0,63,1,1,0,1,0,0,0,0,1,81.55,5029.05,0,1,0,0,0,1,0,1,0,0,0,3,0.0162125624993787,1,0,0,3,1.27421875,0,0,1,1,0,3,0.7631738340399759
1,0,1,1,33,1,0,1,1,1,0,0,0,1,58.45,1955.4,0,0,1,0,1,0,0,0,0,0,1,2,0.0298763034144346,3,0,0,4,1.7191176470588236,0,1,1,0,0,4,0.5550883095037846
1,0,1,0,69,1,0,0,1,0,0,1,1,1,95.65,6744.2,0,0,1,0,0,1,0,0,1,0,0,3,0.0141804542489474,1,2,1,4,1.3664285714285715,0,1,1,0,0,4,0.7139161924469736
1,0,1,1,60,1,0,0,1,1,1,1,1,1,80.6,4946.7,0,0,0,1,1,0,0,1,0,0,0,3,0.0162903975584615,3,2,0,6,1.321311475409836,0,2,1,0,0,6,0.7352941176470589
1,0,1,1,72,1,1,1,1,1,1,1,1,1,113.1,8248.5,0,0,0,1,0,1,0,1,0,0,0,3,0.0137099218134432,4,2,1,8,1.5493150684931507,0,2,1,0,0,8,0.63102541630149
1,0,0,0,11,1,1,0,0,0,0,0,1,1,58.95,601.6,0,1,0,0,1,0,0,0,0,0,1,0,0.0978260869565217,0,1,0,3,4.9125000000000005,0,0,0,0,0,3,0.18348623853211007
1,0,0,0,1,1,0,0,0,0,0,0,0,0,19.55,19.55,0,1,0,0,0,0,1,0,0,0,1,0,0.951338199513382,0,0,0,1,9.775,0,0,0,0,0,1,0.048661800486618
0,0,0,0,10,1,1,0,0,0,0,1,0,1,86.05,834.1,1,1,0,0,0,1,0,1,0,0,0,0,0.1030415519099509,0,1,0,3,7.822727272727272,1,0,0,1,0,3,0.11487650775416428
0,0,0,0,13,0,0,1,0,0,1,1,0,1,45.55,597.0,1,1,0,0,1,0,0,0,1,0,0,1,0.0761705685618729,2,1,0,3,3.2535714285714286,0,0,1,0,0,3,0.27926960257787325
0,0,1,1,34,1,0,0,0,0,0,0,1,1,78.95,2647.2,0,0,1,0,0,1,0,1,0,0,0,2,0.0298127029680537,0,1,0,2,2.255714285714286,0,1,0,0,0,2,0.4252657911194496
0,0,1,1,39,1,0,0,1,0,0,1,0,1,86.3,3266.0,1,1,0,0,0,1,0,0,0,0,1,2,0.0264156718702173,1,1,0,3,2.1574999999999998,0,0,1,1,0,3,0.44673539518900346
1,0,0,0,65,1,1,0,1,0,1,1,1,1,105.05,6744.25,0,0,1,0,0,1,0,1,0,0,0,3,0.0155739223898298,2,2,1,6,1.5916666666666666,0,1,1,0,0,6,0.6129184347006129
0,1,1,0,50,1,1,1,1,1,0,1,0,1,101.9,5265.5,0,0,1,0,0,1,0,1,0,0,0,3,0.019348713566885,3,1,1,6,1.9980392156862745,0,1,1,0,0,6,0.48590864917395526
0,0,0,0,15,1,0,0,0,0,0,0,0,0,19.75,311.6,0,1,0,0,0,0,1,0,0,0,1,1,0.0631797824696097,0,0,0,1,1.234375,0,0,0,0,0,1,0.7228915662650602
0,0,1,1,72,1,1,1,1,1,0,1,1,1,110.3,7966.9,0,0,0,1,0,1,0,1,0,0,0,3,0.013843045218941,3,2,1,7,1.510958904109589,0,2,1,0,0,7,0.646900269541779
1,0,1,1,72,1,1,1,1,1,1,1,1,1,115.6,8220.4,0,0,0,1,0,1,0,1,0,0,0,3,0.014060865546014,4,2,1,8,1.5835616438356164,0,2,1,0,0,8,0.6174957118353345
0,0,1,1,55,1,0,0,0,0,0,0,0,0,19.35,1153.25,0,0,0,1,0,0,1,1,0,0,0,3,0.0167641325536062,0,0,0,1,0.34553571428571433,0,2,0,0,0,1,2.7027027027027026
1,0,1,1,23,1,1,0,0,0,0,0,0,1,25.6,514.75,0,0,0,1,0,0,1,0,1,0,0,1,0.049636451769268,0,0,0,2,1.0666666666666667,0,2,0,0,0,2,0.8646616541353384
0,0,0,0,32,1,1,0,1,0,0,0,0,1,80.35,2596.15,1,1,0,0,0,1,0,1,0,0,0,2,0.0309377586970332,1,0,0,3,2.4348484848484846,0,0,1,1,0,3,0.39336201598033194
1,0,1,1,56,1,1,1,0,1,0,0,1,1,68.75,3808.0,0,0,1,0,1,0,0,1,0,0,0,3,0.0180493567865581,2,1,0,5,1.206140350877193,0,1,1,0,0,5,0.8028673835125448
1,0,0,0,1,1,0,0,0,0,0,0,0,0,19.9,19.9,0,1,0,0,0,0,1,1,0,0,0,0,0.9521531100478468,0,0,0,1,9.95,0,0,0,0,0,1,0.04784688995215311
0,0,0,0,38,1,0,1,1,0,1,1,0,0,70.6,2708.2,0,0,1,0,1,0,0,0,0,0,1,2,0.0260593533146316,3,1,0,5,1.81025641025641,0,1,1,0,0,5,0.5307262569832403
0,0,0,0,11,1,0,0,0,0,0,0,0,0,70.2,760.05,0,1,0,0,0,1,0,0,0,1,0,0,0.0922409828526378,0,0,0,1,5.8500000000000005,1,0,0,1,1,1,0.1544943820224719
0,0,0,0,1,1,0,0,0,0,1,0,0,1,49.3,49.3,0,1,0,0,1,0,0,0,0,1,0,0,0.9801192842942346,1,0,0,2,24.65,0,0,1,0,1,2,0.019880715705765408
0,0,1,0,56,1,1,0,1,0,1,1,1,1,107.25,6033.3,0,0,1,0,0,1,0,0,0,1,0,3,0.0177733954228328,2,2,1,6,1.881578947368421,0,1,1,0,1,6,0.5173210161662818
0,0,1,0,3,1,1,0,0,0,0,0,0,1,23.6,89.05,0,1,0,0,0,0,1,0,0,0,1,0,0.2620766240977235,0,0,0,2,5.9,0,0,0,0,0,2,0.12195121951219512
0,0,1,1,7,1,0,1,0,0,0,1,1,0,69.7,516.15,0,1,0,0,1,0,0,0,1,0,0,0,0.1347771439620999,1,2,0,4,8.7125,0,0,1,0,0,4,0.099009900990099
0,0,1,1,59,1,1,0,0,1,0,1,1,1,99.5,5861.75,0,0,0,1,0,1,0,0,1,0,0,3,0.0169715577160888,1,2,1,5,1.6583333333333334,0,2,1,0,0,5,0.5870646766169154
0,0,0,0,7,1,0,0,0,1,1,1,0,0,64.3,445.95,0,1,0,0,1,0,0,1,0,0,0,0,0.1438639668866763,2,1,0,4,8.0375,0,0,1,0,0,4,0.10719754977029097
0,0,1,1,71,1,0,1,0,1,1,0,1,1,70.85,4973.4,0,0,0,1,1,0,0,0,1,0,0,3,0.0142429237697008,3,1,0,5,0.9840277777777777,0,2,1,0,0,5,0.9881697981906751
0,0,1,1,15,1,0,1,0,0,1,1,1,0,101.9,1667.25,0,0,1,0,0,1,0,0,0,1,0,1,0.0610819721264798,2,2,1,5,6.36875,0,1,1,0,0,5,0.14577259475218657
0,0,1,0,71,1,1,1,1,0,1,1,0,0,73.5,5357.75,0,0,0,1,1,0,0,0,1,0,0,3,0.0137158852344296,3,1,0,6,1.0208333333333333,0,2,1,0,0,6,0.9530201342281879
1,0,0,0,35,1,1,0,0,1,0,1,1,1,100.25,3527.6,1,1,0,0,0,1,0,0,0,1,0,2,0.028410701127926,1,2,1,5,2.7847222222222223,0,0,1,1,1,5,0.345679012345679
1,0,0,0,11,0,0,0,1,1,1,0,0,1,40.4,422.6,0,0,1,0,1,0,0,0,1,0,0,0,0.0953729933899905,3,0,0,3,3.3666666666666667,0,1,1,0,0,3,0.26570048309178745
1,0,1,1,60,1,0,0,0,0,0,0,0,1,19.25,1103.25,0,0,0,1,0,0,1,0,1,0,0,3,0.0174326465927099,0,0,0,1,0.3155737704918033,0,2,0,0,0,1,2.962962962962963
0,1,0,0,47,1,1,0,1,0,1,0,0,0,59.6,2754.0,0,0,0,1,1,0,0,1,0,0,0,2,0.021633393829401,2,0,0,4,1.2416666666666667,0,2,1,0,0,4,0.7755775577557755
1,0,0,0,11,1,0,0,0,1,1,0,1,0,64.9,697.25,0,0,1,0,1,0,0,0,1,0,0,0,0.0929466523451486,2,1,0,4,5.408333333333334,0,1,1,0,0,4,0.16691957511380878
0,0,1,0,56,1,1,0,1,0,0,1,1,0,100.3,5614.45,1,0,1,0,0,1,0,0,1,0,0,3,0.0178614358599934,1,2,1,5,1.7596491228070175,0,1,1,0,0,5,0.5528134254689042
1,1,1,0,28,1,1,0,1,1,1,1,1,1,110.85,3204.4,0,1,0,0,0,1,0,0,0,1,0,2,0.0345822674237224,3,2,1,7,3.822413793103448,0,0,1,1,1,7,0.25033527045149756
0,0,1,0,61,1,0,1,1,0,1,1,1,1,81.05,4747.65,0,0,0,1,1,0,0,0,0,0,1,3,0.0170680088025017,3,2,0,6,1.307258064516129,0,2,1,0,0,6,0.7434491163924437
0,0,1,1,31,1,1,1,0,1,0,1,0,0,98.05,3082.1,0,0,1,0,0,1,0,1,0,0,0,2,0.0318024066686127,2,1,1,5,3.0640625,0,1,1,0,0,5,0.3129732458354367
0,0,0,0,9,1,0,0,0,0,0,0,0,1,70.5,597.9,0,1,0,0,0,1,0,0,0,1,0,0,0.1177158123225914,0,0,0,1,7.05,1,0,0,1,1,1,0.1258741258741259
0,1,1,0,35,1,1,1,1,0,0,0,1,1,94.55,3365.4,0,1,0,0,0,1,0,0,0,1,0,2,0.0280863830798479,2,1,1,5,2.6263888888888887,0,0,1,1,0,5,0.36630036630036633
0,0,0,0,2,1,0,0,0,0,0,0,0,1,19.65,38.8,0,1,0,0,0,0,1,0,0,0,1,0,0.4937185929648241,0,0,0,1,6.55,0,0,0,0,0,1,0.09685230024213076
1,0,1,1,12,1,0,0,0,0,0,0,0,0,19.0,233.55,1,1,0,0,0,0,1,0,0,0,1,0,0.0810061820507354,0,0,0,1,1.4615384615384615,0,0,0,0,0,1,0.6
1,0,0,0,1,1,0,1,0,0,0,0,0,0,75.3,75.3,1,1,0,0,0,1,0,0,0,0,1,0,0.9868938401048492,1,0,0,2,37.65,1,0,1,1,0,2,0.013106159895150722
1,1,0,0,4,1,1,0,0,1,0,1,0,1,89.2,346.2,1,1,0,0,0,1,0,0,0,1,0,0,0.2569124423963134,1,1,0,4,17.84,1,0,1,1,1,4,0.044345898004434586
1,0,1,1,1,1,0,0,0,0,0,0,0,1,19.0,19.0,0,1,0,0,0,0,1,0,0,0,1,0,0.95,0,0,0,1,9.5,0,0,0,0,0,1,0.05
1,0,0,0,3,1,0,0,0,0,0,0,0,1,20.0,61.7,0,1,0,0,0,0,1,0,0,0,1,0,0.3189792663476873,0,0,0,1,5.0,0,0,0,0,0,1,0.14285714285714285
1,1,0,0,1,1,1,0,0,0,0,1,0,1,85.7,85.7,1,1,0,0,0,1,0,0,0,1,0,0,0.9884659746251442,0,1,0,3,42.85,1,0,0,1,1,3,0.011534025374855825
0,0,0,0,52,1,0,1,1,0,0,1,0,1,63.25,3342.45,0,0,0,1,1,0,0,0,1,0,0,3,0.018917585129133,2,1,0,4,1.1933962264150944,0,2,1,0,0,4,0.8093385214007782
0,0,1,1,5,1,0,0,0,0,0,0,0,0,20.1,85.1,0,0,1,0,0,0,1,0,0,0,1,0,0.2334494773519164,0,0,0,1,3.35,0,1,0,0,0,1,0.23696682464454974
0,0,1,0,72,1,1,1,1,1,0,0,1,1,99.15,7422.1,0,0,0,1,0,1,0,0,0,1,0,3,0.0133569532944457,3,1,1,6,1.358219178082192,0,2,1,0,0,6,0.7189216175736395
0,0,1,1,71,1,1,1,1,1,1,1,1,0,90.4,6668.05,0,0,0,1,1,0,0,0,0,1,0,3,0.0135551540324334,4,2,1,8,1.2555555555555555,0,2,1,0,0,8,0.7768052516411378
0,0,1,0,72,1,1,1,0,1,1,1,1,1,111.9,8071.05,0,0,0,1,0,1,0,0,1,0,0,3,0.0138626495128251,3,2,1,7,1.5328767123287672,0,2,1,0,0,7,0.6377325066430469
0,0,1,1,46,1,1,0,0,0,0,0,0,0,24.9,1174.8,0,0,1,0,0,0,1,0,0,1,0,2,0.0211770709304303,0,0,0,2,0.5297872340425531,0,1,0,0,1,2,1.776061776061776
0,0,1,1,63,1,1,1,1,1,0,1,1,0,83.5,5435.0,0,0,0,1,1,0,0,0,1,0,0,3,0.0153605592347314,3,2,0,7,1.3046875,0,2,1,0,0,7,0.7455621301775148
0,0,0,0,30,1,0,1,1,1,0,0,0,1,84.3,2438.6,0,1,0,0,0,1,0,0,1,0,0,2,0.0345548450565666,3,0,0,4,2.7193548387096773,0,0,1,1,0,4,0.3516998827667058
0,0,0,0,1,1,0,0,0,0,0,0,0,0,45.6,45.6,0,1,0,0,1,0,0,0,0,0,1,0,0.9785407725321889,0,0,0,1,22.8,0,0,0,0,0,1,0.02145922746781116
1,0,0,0,12,1,1,1,0,1,1,0,0,1,61.65,713.75,1,1,0,0,1,0,0,0,0,0,1,0,0.0862539349422875,3,0,0,5,4.742307692307692,0,0,1,0,0,5,0.19154030327214686
0,0,0,0,16,0,0,1,1,1,1,1,0,0,54.85,916.15,0,0,0,1,1,0,0,0,0,0,1,1,0.0598048301804503,4,1,0,5,3.226470588235294,0,2,1,0,0,5,0.2864816472694718
0,0,0,0,4,1,1,0,0,0,1,0,1,0,65.55,237.2,0,1,0,0,1,0,0,0,0,0,1,0,0.2751889168765743,1,1,0,4,13.11,0,0,1,0,0,4,0.06010518407212622
0,0,1,0,51,1,1,0,1,0,0,0,1,1,90.35,4614.55,0,0,1,0,0,1,0,0,1,0,0,3,0.0195751318911072,1,1,1,4,1.7374999999999998,0,1,1,0,0,4,0.5582922824302134
0,0,1,0,65,1,0,0,0,0,0,0,0,1,20.4,1414.45,0,0,0,1,0,0,1,0,1,0,0,3,0.0144123776890741,0,0,0,1,0.3090909090909091,0,2,0,0,0,1,3.0373831775700935
0,0,0,0,16,1,0,0,0,0,1,0,0,1,74.55,1170.5,0,1,0,0,0,1,0,0,1,0,0,1,0.0636363636363636,1,0,0,2,4.385294117647058,0,0,1,1,0,2,0.21178027796161483
0,0,0,0,2,1,0,0,0,0,0,0,0,0,19.95,47.7,0,0,1,0,0,0,1,0,0,0,1,0,0.4096509240246406,0,0,0,1,6.6499999999999995,0,1,0,0,0,1,0.0954653937947494
1,0,1,1,66,1,1,0,0,0,0,0,0,1,74.25,4859.25,0,0,1,0,0,1,0,1,0,0,0,3,0.0152769919242837,0,0,0,2,1.1082089552238805,0,1,0,0,0,2,0.8770764119601329
0,0,0,0,46,1,1,0,1,1,1,1,1,0,108.65,4903.2,0,0,0,1,0,1,0,0,0,1,0,2,0.022154479833612,3,2,1,7,2.3117021276595744,0,2,1,0,1,7,0.41951664386684906
1,0,0,0,32,1,1,1,0,1,1,1,1,1,109.55,3608.0,0,0,1,0,0,1,0,1,0,0,0,2,0.0303546688833471,3,2,1,7,3.31969696969697,0,1,1,0,0,7,0.28946178199909545
0,0,1,0,72,1,1,1,0,1,1,1,1,0,86.65,6094.25,0,0,0,1,1,0,0,0,1,0,0,3,0.0142159878593987,3,2,0,7,1.1869863013698632,0,2,1,0,0,7,0.8214489446662863
0,0,1,1,38,1,0,1,0,1,1,1,1,0,81.0,3084.9,0,0,0,1,1,0,0,0,1,0,0,2,0.0262484202339674,3,2,0,6,2.076923076923077,0,2,1,0,0,6,0.4634146341463415
0,0,0,1,51,1,0,0,0,0,1,0,0,0,47.85,2356.75,0,0,1,0,1,0,0,0,1,0,0,3,0.0202947725585833,1,0,0,2,0.9201923076923078,0,1,1,0,0,2,1.0440122824974412
0,0,1,1,72,1,1,1,1,1,1,1,1,0,114.55,8306.05,0,0,0,1,0,1,0,1,0,0,0,3,0.0137894920579507,4,2,1,8,1.5691780821917807,0,2,1,0,0,8,0.6231068801384682
1,1,1,0,65,1,1,1,0,1,0,1,1,0,105.25,6786.4,1,1,0,0,0,1,0,1,0,0,0,3,0.0155066741314789,2,2,1,6,1.5946969696969697,0,0,1,1,0,6,0.611764705882353
0,0,1,1,9,0,0,0,1,0,0,0,0,1,29.95,248.95,1,1,0,0,1,0,0,0,0,1,0,0,0.1198239647929585,1,0,0,1,2.995,0,0,1,0,1,1,0.29079159935379645
1,0,1,1,9,1,0,1,1,1,1,0,0,0,65.0,663.05,1,1,0,0,1,0,0,0,0,0,1,0,0.0978841954672088,4,0,0,5,6.5,0,0,1,0,0,5,0.13636363636363635
0,0,0,1,66,1,0,0,0,0,0,0,0,0,20.55,1357.1,0,0,0,1,0,0,1,0,0,0,1,3,0.0151314336204992,0,0,0,1,0.3067164179104478,0,2,0,0,0,1,3.062645011600928
1,1,0,0,44,1,1,1,1,1,0,1,1,1,109.8,4860.35,0,0,1,0,0,1,0,0,1,0,0,2,0.0225863186151994,3,2,1,7,2.44,0,1,1,0,0,7,0.39711191335740076
0,0,0,0,50,1,1,0,0,1,1,0,1,0,69.5,3418.2,0,0,0,1,1,0,0,1,0,0,0,3,0.0203263921385119,2,1,0,5,1.3627450980392157,0,2,1,0,0,5,0.7092198581560284
1,0,0,0,15,1,1,0,0,0,0,0,0,0,48.85,631.4,0,1,0,0,1,0,0,0,0,0,1,1,0.0772454142947501,0,0,0,2,3.053125,0,0,0,0,0,2,0.3009027081243731
0,0,0,0,8,0,0,0,0,0,0,0,0,1,25.25,186.3,0,1,0,0,1,0,0,0,1,0,0,0,0.1348104644954618,0,0,0,0,2.8055555555555554,0,0,0,0,0,0,0.3047619047619048
1,1,0,0,66,1,1,0,0,1,1,1,1,1,102.85,6976.75,0,0,1,0,0,1,0,0,1,0,0,3,0.0147397083587116,2,2,1,6,1.5350746268656716,0,1,1,0,0,6,0.6355320173326914
1,0,0,0,57,1,1,1,1,0,1,0,0,1,87.55,4884.85,0,1,0,0,0,1,0,1,0,0,0,3,0.0179190928906945,3,0,0,5,1.5094827586206896,0,0,1,1,0,5,0.6437041219649916
1,0,0,0,7,1,1,0,1,0,0,0,0,1,78.55,522.95,0,1,0,0,0,1,0,1,0,0,0,0,0.1499188853898272,1,0,0,3,9.81875,1,0,1,1,0,3,0.08799497171590195
0,1,1,1,10,0,0,0,0,0,0,0,1,1,34.55,362.6,0,1,0,0,1,0,0,1,0,0,0,0,0.09502200220022,0,1,0,1,3.1409090909090907,0,0,0,0,0,1,0.2812939521800282
1,0,0,0,62,1,1,1,1,1,0,0,0,1,92.05,5755.8,0,0,1,0,0,1,0,0,0,1,0,3,0.0159897859922178,3,0,1,5,1.461111111111111,0,1,1,0,0,5,0.6663084363245567
0,0,1,1,40,1,0,0,0,1,0,1,0,1,85.05,3355.65,0,0,1,0,0,1,0,0,0,1,0,2,0.0253377623523453,1,1,0,3,2.074390243902439,0,1,1,0,1,3,0.46484601975595585
1,0,0,0,20,1,0,0,0,0,0,0,0,0,19.7,406.95,0,0,0,1,0,0,1,0,0,0,1,1,0.048290231646035,0,0,0,1,0.9380952380952381,0,2,0,0,0,1,0.9661835748792271
1,0,0,0,7,1,0,0,0,0,0,0,0,0,20.0,137.6,1,1,0,0,0,0,1,1,0,0,0,0,0.1443001443001443,0,0,0,1,2.5,0,0,0,0,0,1,0.3333333333333333
1,0,1,0,25,1,0,0,0,0,1,1,1,1,95.15,2395.7,0,1,0,0,0,1,0,0,0,1,0,2,0.0397004214127759,1,2,1,4,3.659615384615385,0,0,1,1,1,4,0.26001040041601664
0,0,1,0,23,1,1,0,1,1,0,0,0,0,84.25,1968.1,0,1,0,0,0,1,0,0,0,1,0,1,0.0427860443857599,2,0,0,4,3.5104166666666665,0,0,1,1,1,4,0.2697947214076246
1,1,1,0,66,1,1,0,1,1,0,1,1,0,104.6,6819.45,0,0,1,0,0,1,0,0,1,0,0,3,0.0153362314803275,2,2,1,6,1.5611940298507463,0,1,1,0,0,6,0.625
1,1,0,0,72,1,1,0,1,1,1,1,1,0,111.65,7943.45,0,0,0,1,0,1,0,0,0,1,0,3,0.0140538363259885,3,2,1,7,1.5294520547945207,0,2,1,0,1,7,0.6391478029294274
0,1,1,0,49,1,1,0,1,0,0,0,1,0,90.05,4547.25,1,1,0,0,0,1,0,0,1,0,0,3,0.0197988237234101,1,1,1,4,1.801,0,0,1,1,0,4,0.5381658429434377
0,1,1,1,43,1,1,0,1,1,1,1,1,1,110.75,4687.9,1,1,0,0,0,1,0,1,0,0,0,2,0.0236196122758002,3,2,1,7,2.5170454545454546,0,0,1,1,0,7,0.38478747203579416
1,0,1,0,46,1,1,1,0,0,0,0,0,0,55.0,2473.95,0,1,0,0,1,0,0,1,0,0,0,2,0.022222671165074,1,0,0,3,1.1702127659574468,0,0,1,0,0,3,0.8214285714285714
0,0,1,1,72,1,1,1,1,1,1,1,1,0,89.85,6562.9,0,0,0,1,1,0,0,0,1,0,0,3,0.0136885083563125,4,2,0,8,1.2308219178082191,0,2,1,0,0,8,0.7925151348376445
0,0,0,0,10,1,0,0,0,0,0,0,0,0,20.35,176.3,0,0,1,0,0,0,1,0,0,0,1,0,0.1147772137619853,0,0,0,1,1.85,0,1,0,0,0,1,0.46838407494145196
1,0,0,0,40,0,0,1,0,0,1,1,1,1,54.55,2236.2,0,0,1,0,1,0,0,1,0,0,0,2,0.0243831575183264,2,2,0,4,1.3304878048780486,0,1,1,0,0,4,0.7200720072007201
1,0,1,1,65,1,1,0,1,1,0,1,1,1,105.5,6985.65,1,1,0,0,0,1,0,0,0,1,0,3,0.0151002268612282,2,2,1,6,1.5984848484848484,0,0,1,1,1,6,0.6103286384976526
0,0,0,0,31,1,0,0,0,1,1,1,1,0,99.45,3109.9,0,0,0,1,0,1,0,1,0,0,0,2,0.0319682407020476,2,2,1,5,3.1078125,0,2,1,0,0,5,0.3086112493777999
1,0,1,0,68,1,1,1,1,1,1,0,0,0,70.9,4911.35,0,0,0,1,1,0,0,0,1,0,0,3,0.0144330106771708,4,0,0,6,1.027536231884058,0,2,1,0,0,6,0.9457579972183587
0,1,1,1,56,1,1,1,0,1,0,1,1,1,104.55,5794.65,1,0,1,0,0,1,0,1,0,0,0,3,0.018039391612675,2,2,1,6,1.8342105263157895,0,1,1,0,0,6,0.5305542396968261
0,0,1,0,10,1,1,0,0,0,0,0,1,1,85.25,855.3,1,1,0,0,0,1,0,0,0,1,0,0,0.0995562302931215,0,1,0,3,7.75,1,0,0,1,1,3,0.11594202898550725
0,0,1,1,68,1,1,0,0,0,0,0,0,0,25.4,1620.2,0,0,0,1,0,0,1,1,0,0,0,3,0.0156674068591167,0,0,0,2,0.3681159420289855,0,2,0,0,0,2,2.5757575757575757
1,0,1,1,43,1,0,0,0,0,0,1,0,0,56.15,2499.3,1,1,0,0,1,0,0,0,0,1,0,2,0.0224573051233851,0,1,0,2,1.2761363636363636,0,0,0,0,1,2,0.752405949256343
0,0,0,0,1,1,0,0,0,0,0,1,1,1,89.55,89.55,1,1,0,0,0,1,0,0,0,1,0,0,0.9889563776918828,0,2,0,3,44.775,1,0,0,1,1,3,0.011043622308117063
1,1,0,0,49,1,0,0,1,1,0,0,1,1,89.85,4287.2,0,0,1,0,0,1,0,1,0,0,0,3,0.0209528473485378,2,1,0,4,1.797,0,1,1,0,0,4,0.5393505778756192
1,0,1,1,15,1,1,0,0,0,0,0,0,1,25.25,394.85,0,1,0,0,0,0,1,0,0,1,0,1,0.0637867879247189,0,0,0,2,1.578125,0,0,0,0,1,2,0.5714285714285714
0,1,1,0,20,1,1,0,0,0,0,1,1,1,94.55,1899.65,1,1,0,0,0,1,0,0,0,1,0,1,0.0497461394785994,0,2,1,4,4.502380952380952,0,0,0,1,1,4,0.20931449502878074
0,0,0,0,1,1,0,0,0,0,0,0,0,1,45.7,45.7,1,1,0,0,1,0,0,0,0,0,1,0,0.9785867237687366,0,0,0,1,22.85,0,0,0,0,0,1,0.021413276231263382
0,0,1,1,50,1,1,0,0,1,1,1,0,1,69.65,3442.15,0,0,1,0,1,0,0,0,0,1,0,3,0.0202285697689615,2,1,0,5,1.365686274509804,0,1,1,0,1,5,0.7077140835102618
1,1,0,0,2,1,1,0,1,0,0,0,1,0,89.5,161.5,1,1,0,0,0,1,0,0,0,1,0,0,0.5507692307692308,1,1,0,4,29.833333333333332,1,0,1,1,1,4,0.022099447513812154
0,1,0,0,24,1,0,0,0,0,0,0,0,0,70.0,1732.6,0,1,0,0,0,1,0,0,1,0,0,1,0.0403784033225657,0,0,0,1,2.8,0,0,0,1,0,1,0.3380281690140845
1,0,0,0,3,1,0,0,0,0,0,0,0,1,69.55,222.3,1,1,0,0,0,1,0,1,0,0,0,0,0.3114643976712942,0,0,0,1,17.3875,0,0,0,1,0,1,0.042523033309709427
1,0,0,0,1,1,0,0,0,1,0,0,0,1,74.6,74.6,1,1,0,0,0,1,0,0,0,0,1,0,0.9867724867724867,1,0,0,2,37.3,1,0,1,1,0,2,0.013227513227513229
0,0,1,1,35,1,0,0,0,0,0,0,0,0,20.1,655.3,0,0,0,1,0,0,1,0,0,0,1,2,0.0306262380009142,0,0,0,1,0.5583333333333333,0,2,0,0,0,1,1.6587677725118481
1,0,0,0,17,1,1,0,0,0,0,0,0,0,24.8,475.25,0,1,0,0,0,0,1,0,0,0,1,1,0.0520734908136482,0,0,0,2,1.3777777777777778,0,0,0,0,0,2,0.6589147286821705
1,1,0,0,8,1,0,0,0,0,0,0,0,0,19.65,164.3,1,1,0,0,0,0,1,0,0,1,0,0,0.1188747731397459,0,0,0,1,2.183333333333333,0,0,0,0,1,1,0.38740920096852305
0,0,0,0,10,1,0,0,0,0,1,1,1,1,95.1,865.1,0,1,0,0,0,1,0,0,1,0,0,0,0.1098025632144094,1,2,1,4,8.645454545454545,1,0,1,1,0,4,0.10405827263267431
0,0,1,1,68,1,1,1,1,1,1,1,1,1,88.85,6132.7,0,0,0,1,1,0,0,0,1,0,0,3,0.0144855470596866,4,2,0,8,1.2876811594202897,0,2,1,0,0,8,0.756816917084029
0,0,1,0,45,1,0,1,1,1,0,1,1,0,78.8,3597.5,0,0,1,0,1,0,0,1,0,0,0,2,0.0218980130609976,3,2,0,6,1.7130434782608694,0,1,1,0,0,6,0.5639097744360902
0,0,1,1,2,1,0,0,0,0,0,0,0,0,19.85,35.9,1,0,1,0,0,0,1,0,0,0,1,0,0.5379403794037941,0,0,0,1,6.616666666666667,0,1,0,0,0,1,0.09592326139088729
0,0,1,0,37,1,0,0,0,0,0,0,0,0,20.35,697.65,0,1,0,0,0,0,1,1,0,0,0,2,0.0291276032348099,0,0,0,1,0.5355263157894737,0,0,0,0,0,1,1.7330210772833723
1,0,0,0,4,0,0,0,0,0,0,0,0,1,24.25,96.05,1,1,0,0,1,0,0,0,0,0,1,0,0.2498712004121586,0,0,0,0,4.85,0,0,0,0,0,0,0.15841584158415842
1,0,0,0,10,1,0,0,0,0,0,0,0,0,45.25,428.7,0,1,0,0,1,0,0,0,0,0,1,0,0.1053060274610193,0,0,0,1,4.113636363636363,0,0,0,0,0,1,0.21621621621621623
0,0,0,0,1,1,0,0,0,0,0,0,0,0,20.05,20.05,0,1,0,0,0,0,1,0,0,0,1,0,0.9524940617577196,0,0,0,1,10.025,0,0,0,0,0,1,0.047505938242280284
0,0,1,1,65,1,1,1,1,0,0,0,1,1,69.55,4459.15,0,0,0,1,1,0,0,0,0,0,1,3,0.0155936459536114,2,1,0,5,1.0537878787878787,0,2,1,0,0,5,0.9213323883770376
1,0,1,1,57,1,0,0,0,0,0,0,0,0,19.5,1167.6,0,0,0,1,0,0,1,1,0,0,0,3,0.0166866335786411,0,0,0,1,0.33620689655172414,0,2,0,0,0,1,2.7804878048780486
1,0,0,0,3,1,0,0,0,1,0,0,0,1,74.75,238.1,0,1,0,0,0,1,0,0,0,0,1,0,0.3126306984525303,1,0,0,2,18.6875,1,0,1,1,0,2,0.039603960396039604
1,0,0,0,2,1,0,0,0,0,0,0,0,0,69.65,145.15,1,1,0,0,0,1,0,0,0,1,0,0,0.4765651727677044,0,0,0,1,23.21666666666667,0,0,0,1,1,1,0.028308563340410473
0,0,0,0,49,0,0,0,0,1,0,0,0,1,30.2,1453.1,0,1,0,0,1,0,0,1,0,0,0,3,0.0207688604635169,1,0,0,1,0.604,0,0,1,0,0,1,1.5705128205128205
1,0,0,0,4,1,0,0,0,0,0,0,0,0,45.65,191.05,1,1,0,0,1,0,0,0,0,0,1,0,0.2376985160114553,0,0,0,1,9.129999999999999,0,0,0,0,0,1,0.0857449088960343
1,0,1,0,70,0,0,0,1,1,1,1,1,0,57.8,4039.3,0,0,0,1,1,0,0,1,0,0,0,3,0.0143058683761106,3,2,0,5,0.8140845070422534,0,2,1,0,0,5,1.1904761904761905
1,0,1,1,53,1,0,0,0,0,0,0,0,1,19.85,1039.45,0,0,1,0,0,0,1,1,0,0,0,3,0.0190782834350521,0,0,0,1,0.36759259259259264,0,1,0,0,0,1,2.541966426858513
0,0,1,1,53,1,1,0,0,0,0,0,0,0,25.55,1336.1,0,0,0,1,0,0,1,0,1,0,0,3,0.0191085184354199,0,0,0,2,0.47314814814814815,0,2,0,0,0,2,1.9962335216572504
1,0,0,0,1,1,1,0,0,0,0,0,0,1,75.05,75.05,1,1,0,0,0,1,0,0,0,0,1,0,0.9868507560815252,0,0,0,2,37.525,1,0,0,1,0,2,0.013149243918474688
0,0,0,0,22,1,1,0,0,0,0,0,0,1,24.85,493.4,0,1,0,0,0,0,1,0,1,0,0,1,0.0502629449838187,0,0,0,2,1.0804347826086957,0,0,0,0,0,2,0.851063829787234
0,1,0,0,52,0,0,0,1,0,0,1,1,1,49.15,2550.9,1,1,0,0,1,0,0,0,0,1,0,3,0.0192601590971433,1,2,0,3,0.9273584905660377,0,0,1,0,1,3,1.036889332003988
0,1,0,0,65,1,1,1,0,1,1,1,1,1,110.35,7246.15,0,0,0,1,0,1,0,0,0,1,0,3,0.015226675313744,3,2,1,7,1.6719696969696969,0,2,1,0,0,7,0.5837449483610239
1,0,0,0,48,1,1,0,0,0,0,0,0,0,24.55,1203.95,0,0,1,0,0,0,1,1,0,0,0,2,0.0203742893896012,0,0,0,2,0.5010204081632653,0,1,0,0,0,2,1.8786692759295498
1,0,0,0,2,0,0,0,0,0,0,0,1,1,34.7,62.25,1,1,0,0,1,0,0,0,0,1,0,0,0.5486166007905139,0,1,0,1,11.566666666666668,0,0,0,0,1,1,0.05602240896358543
0,0,0,0,3,1,1,0,1,1,0,1,1,0,107.95,313.6,0,1,0,0,0,1,0,0,0,0,1,0,0.343134138588684,2,2,1,6,26.9875,1,0,1,1,0,6,0.027535566773749427
0,0,1,0,45,1,1,0,1,0,0,0,0,0,81.4,3775.85,0,1,0,0,0,1,0,1,0,0,0,2,0.0215523518275811,1,0,0,3,1.7695652173913046,0,0,1,1,0,3,0.5461165048543689
0,0,1,1,1,1,0,0,0,0,0,0,1,0,80.0,80.0,1,1,0,0,0,1,0,0,0,1,0,0,0.9876543209876544,0,1,0,2,40.0,1,0,0,1,1,2,0.012345679012345678
1,0,1,1,61,1,0,0,0,1,1,1,1,1,73.8,4616.05,0,0,0,1,1,0,0,1,0,0,0,3,0.0159842323561581,2,2,0,5,1.1903225806451612,0,2,1,0,0,5,0.8155080213903744
0,0,0,0,3,1,0,1,0,0,1,1,0,1,64.4,195.65,0,1,0,0,1,0,0,0,1,0,0,0,0.3274853801169591,2,1,0,4,16.1,0,0,1,0,0,4,0.04587155963302752
1,1,0,0,40,1,1,0,0,1,1,1,1,1,103.75,4188.4,0,0,1,0,0,1,0,0,1,0,0,2,0.0247648827994462,2,2,1,6,2.5304878048780486,0,1,1,0,0,6,0.3818615751789976
1,0,0,0,1,1,0,0,0,0,0,0,0,0,71.1,71.1,0,1,0,0,0,1,0,0,0,0,1,0,0.986130374479889,0,0,0,1,35.55,1,0,0,1,0,1,0.013869625520110958
1,0,0,0,1,1,0,0,0,0,1,0,0,1,49.9,49.9,0,1,0,0,1,0,0,0,0,1,0,0,0.9803536345776032,1,0,0,2,24.95,0,0,1,0,1,2,0.019646365422396856
0,0,0,0,51,1,1,0,0,0,0,0,0,1,24.6,1266.4,0,0,1,0,0,0,1,1,0,0,0,3,0.0194098153700489,0,0,0,2,0.4730769230769231,0,1,0,0,0,2,1.9921875
0,1,0,0,2,1,0,1,0,0,0,0,0,1,49.25,91.1,1,1,0,0,1,0,0,0,0,1,0,0,0.5347448425624322,1,0,0,2,16.416666666666668,0,0,1,0,0,2,0.03980099502487562
0,0,0,0,52,0,0,0,1,0,0,0,0,0,30.1,1623.4,0,0,1,0,1,0,0,0,0,0,1,3,0.0185299187392267,1,0,0,1,0.5679245283018868,0,1,1,0,0,1,1.6720257234726688
0,0,0,0,51,1,1,0,0,0,0,0,1,0,83.4,4149.45,0,1,0,0,0,1,0,1,0,0,0,3,0.0200942066522907,0,1,0,3,1.603846153846154,0,0,0,1,0,3,0.6042654028436019
0,0,0,0,1,1,0,0,0,0,0,0,0,1,20.45,20.45,0,1,0,0,0,0,1,0,0,0,1,0,0.9533799533799534,0,0,0,1,10.225,0,0,0,0,0,1,0.046620046620046623
0,0,1,1,31,1,1,1,1,0,1,0,1,1,75.25,2344.5,0,0,1,0,1,0,0,1,0,0,0,2,0.032082711575357,3,1,0,6,2.3515625,0,1,1,0,0,6,0.4065573770491803
0,0,0,1,47,1,0,0,0,0,0,0,0,0,20.55,1013.05,0,0,1,0,0,0,1,0,1,0,0,2,0.0202652729155367,0,0,0,1,0.42812500000000003,0,1,0,0,0,1,2.1809744779582365
1,0,0,0,3,1,1,0,0,0,0,0,0,1,75.1,270.7,1,1,0,0,0,1,0,0,1,0,0,0,0.2764078027235921,0,0,0,2,18.775,1,0,0,1,0,2,0.03942181340341656
1,1,0,0,22,1,0,0,0,0,0,0,0,1,20.05,417.0,0,0,1,0,0,0,1,0,0,0,1,1,0.0479665071770335,0,0,0,1,0.8717391304347827,0,1,0,0,0,1,1.0451306413301662
1,0,1,0,1,1,0,0,0,0,0,0,0,1,20.65,20.65,0,1,0,0,0,0,1,0,0,0,1,0,0.953810623556582,0,0,0,1,10.325,0,0,0,0,0,1,0.046189376443418015
0,0,1,0,72,1,1,0,1,1,1,1,1,1,85.15,6316.2,0,0,0,1,1,0,0,1,0,0,0,3,0.0134790730070284,3,2,0,7,1.1664383561643836,0,2,1,0,0,7,0.8357515960533952
0,0,1,1,3,1,0,0,0,1,0,0,0,1,50.15,168.15,1,1,0,0,1,0,0,0,0,1,0,0,0.2964824120603015,1,0,0,2,12.5375,0,0,1,0,1,2,0.05865102639296188
0,1,1,1,47,1,0,0,1,0,0,1,0,1,84.95,4018.05,0,0,1,0,0,1,0,1,0,0,0,2,0.02113683581941,1,1,0,3,1.7697916666666667,0,1,1,0,0,3,0.5468295520651542
0,0,1,1,72,1,1,1,0,1,1,0,0,1,66.5,4811.6,0,0,0,1,1,0,0,0,1,0,0,3,0.0138178946930972,3,0,0,5,0.910958904109589,0,2,1,0,0,5,1.0666666666666667
0,0,1,1,66,1,1,0,0,1,0,1,0,1,63.3,4189.7,0,0,0,1,1,0,0,1,0,0,0,3,0.0151048750805354,1,1,0,4,0.944776119402985,0,2,1,0,0,4,1.026438569206843
0,0,0,0,35,1,1,0,0,0,0,1,0,0,83.15,2848.45,0,1,0,0,0,1,0,0,0,1,0,2,0.0291810700310586,0,1,0,3,2.3097222222222222,0,0,0,1,1,3,0.41592394533571003
0,0,0,0,29,1,1,0,0,0,0,0,1,1,84.9,2516.2,0,1,0,0,0,1,0,0,0,1,0,2,0.0337279516923565,0,1,0,3,2.83,0,0,0,1,1,3,0.3376018626309662
1,0,0,0,2,1,0,0,0,0,0,0,0,1,20.55,33.6,0,1,0,0,0,0,1,0,0,0,1,0,0.5939306358381503,0,0,0,1,6.8500000000000005,0,0,0,0,0,1,0.09280742459396751
0,0,0,0,4,1,0,0,1,0,0,0,0,0,49.25,208.45,0,1,0,0,1,0,0,0,0,0,1,0,0.2351396514681308,1,0,0,2,9.85,0,0,1,0,0,2,0.07960199004975124
1,0,0,0,25,1,0,1,1,0,0,0,0,1,79.85,2015.35,1,1,0,0,0,1,0,1,0,0,0,2,0.0396012597019366,2,0,0,3,3.071153846153846,0,0,1,1,0,3,0.30921459492888065
1,0,0,0,65,1,0,1,1,0,1,0,0,1,59.6,3739.8,0,0,0,1,1,0,0,0,0,0,1,3,0.0159324208725406,3,0,0,4,0.9030303030303031,0,2,1,0,0,4,1.0726072607260726
0,1,0,0,27,1,1,0,1,0,1,1,1,1,104.65,2964.0,0,0,1,0,0,1,0,1,0,0,0,2,0.0352951096121416,2,2,1,6,3.7375000000000003,0,1,1,0,0,6,0.25556081400851866
0,0,1,0,29,1,0,0,0,1,0,0,0,1,75.3,2263.4,0,1,0,0,0,1,0,0,1,0,0,2,0.0332538420773714,1,0,0,2,2.51,0,0,1,1,0,2,0.38007863695937094
0,0,1,1,29,1,1,0,1,1,0,1,1,0,80.1,2211.8,0,1,0,0,1,0,0,0,1,0,0,2,0.0361984815618221,2,2,0,6,2.67,0,0,1,0,0,6,0.35758323057953145
0,0,0,0,1,1,0,0,0,0,0,0,0,0,19.55,19.55,1,1,0,0,0,0,1,0,0,0,1,0,0.951338199513382,0,0,0,1,9.775,0,0,0,0,0,1,0.048661800486618
1,0,1,0,20,1,0,0,0,1,1,0,0,1,81.0,1683.7,0,1,0,0,0,1,0,0,0,0,1,1,0.0480797768148631,2,0,0,3,3.857142857142857,0,0,1,1,0,3,0.24390243902439024
1,0,0,0,58,1,1,0,0,0,0,0,0,1,24.7,1519.0,0,0,0,1,0,0,1,0,1,0,0,3,0.01625,0,0,0,2,0.4186440677966102,0,2,0,0,0,2,2.2568093385214008
1,0,0,1,14,1,1,1,0,0,1,0,0,1,86.0,1164.05,0,1,0,0,0,1,0,0,0,0,1,1,0.0738165743959486,2,0,0,4,5.733333333333333,0,0,1,1,0,4,0.16091954022988506
0,0,1,0,72,1,1,0,0,0,0,0,0,0,25.4,1710.9,0,0,0,1,0,0,1,0,0,0,1,3,0.014837315263742,0,0,0,2,0.347945205479452,0,2,0,0,0,2,2.7272727272727275
0,0,0,0,46,1,1,1,0,0,0,1,0,1,89.15,4245.55,0,1,0,0,0,1,0,0,1,0,0,2,0.0209935123806384,1,1,0,4,1.896808510638298,0,0,1,1,0,4,0.5102606766500277
1,0,1,0,71,0,0,0,1,1,1,1,1,0,58.25,4145.9,0,0,0,1,1,0,0,1,0,0,0,3,0.0140466372471002,3,2,0,5,0.8090277777777778,0,2,1,0,0,5,1.1983122362869199
0,0,0,0,32,1,1,0,0,0,0,0,1,1,85.65,2664.3,0,1,0,0,0,1,0,1,0,0,0,2,0.0321352192998911,0,1,0,3,2.5954545454545457,0,0,0,1,0,3,0.3693017888055395
1,0,0,0,26,0,0,0,0,1,0,1,1,1,50.35,1277.5,0,1,0,0,1,0,0,0,1,0,0,2,0.0393820883848259,1,2,0,3,1.864814814814815,0,0,1,0,0,3,0.5063291139240507
0,1,1,0,68,1,1,0,0,1,0,0,0,1,80.35,5589.3,0,1,0,0,0,1,0,0,1,0,0,3,0.014373110566517,1,0,0,3,1.1644927536231884,0,0,1,1,0,3,0.8358942839582053
0,0,1,1,2,1,0,0,0,0,0,0,0,0,20.2,34.75,0,0,1,0,0,0,1,0,0,0,1,0,0.565034965034965,0,0,0,1,6.733333333333333,0,1,0,0,0,1,0.09433962264150944
0,0,1,1,61,1,0,0,0,0,0,0,0,0,20.55,1305.95,0,0,0,1,0,0,1,0,1,0,0,3,0.0157236313554458,0,0,0,1,0.33145161290322583,0,2,0,0,0,1,2.830626450116009
1,0,1,1,4,1,1,0,0,0,0,0,1,1,85.95,381.3,1,1,0,0,0,1,0,0,0,1,0,0,0.2248234370912895,0,1,0,3,17.19,1,0,0,1,1,3,0.0460034502587694
0,0,0,0,3,1,0,0,0,0,0,0,0,1,45.35,141.5,1,1,0,0,1,0,0,0,0,1,0,0,0.3182456140350877,0,0,0,1,11.3375,0,0,0,0,1,1,0.06472491909385113
0,1,1,0,33,1,1,0,0,0,0,1,1,1,94.5,3105.55,1,1,0,0,0,1,0,0,0,1,0,2,0.0304195973024738,0,2,1,4,2.7794117647058822,0,0,0,1,1,4,0.34554973821989526
0,1,1,0,9,1,0,0,0,0,0,0,0,1,21.25,204.55,0,1,0,0,0,0,1,0,0,0,1,0,0.1033811724641206,0,0,0,1,2.125,0,0,0,0,0,1,0.4044943820224719
1,0,0,0,22,1,1,0,0,0,0,0,0,0,26.25,605.9,0,0,0,1,0,0,1,0,0,0,1,1,0.0432525951557093,0,0,0,2,1.141304347826087,0,2,0,0,0,2,0.8073394495412844
1,0,1,1,5,1,0,0,0,0,0,1,0,1,80.85,356.1,0,1,0,0,0,1,0,0,0,1,0,0,0.2264071688602632,0,1,0,2,13.475,1,0,0,1,1,2,0.061087354917532075
1,1,0,0,30,1,1,1,1,1,0,0,0,0,91.7,2758.15,1,1,0,0,0,1,0,0,1,0,0,2,0.0332348730587318,3,0,1,5,2.958064516129032,0,0,1,1,0,5,0.32362459546925565
0,0,0,0,65,1,1,0,1,1,1,0,1,1,74.2,4805.65,0,0,0,1,1,0,0,0,1,0,0,3,0.015436946730051,3,1,0,6,1.1242424242424243,0,2,1,0,0,6,0.8643617021276595
1,0,0,0,45,1,1,0,0,1,1,0,0,1,87.25,3941.7,1,1,0,0,0,1,0,0,0,1,0,2,0.0221295051614375,2,0,0,4,1.8967391304347827,0,0,1,1,1,4,0.509915014164306
0,0,0,0,5,1,0,0,0,0,0,0,0,0,20.35,92.75,0,1,0,0,0,0,1,0,0,0,1,0,0.2170666666666666,0,0,0,1,3.391666666666667,0,0,0,0,0,1,0.23419203747072598
0,0,1,1,25,1,0,0,1,0,0,0,0,1,75.5,1901.05,0,1,0,0,0,1,0,0,0,1,0,2,0.0396940143529349,1,0,0,2,2.9038461538461537,0,0,1,1,1,2,0.32679738562091504
1,0,1,1,72,1,1,1,0,0,0,0,0,0,79.05,5730.7,0,0,0,1,0,1,0,1,0,0,0,3,0.0137917197341103,1,0,0,3,1.082876712328767,0,2,1,0,0,3,0.8994378513429108
1,0,1,0,27,1,1,0,0,1,0,0,1,0,90.15,2423.4,0,1,0,0,0,1,0,1,0,0,0,2,0.0371844580102293,1,1,1,4,3.2196428571428575,0,0,1,1,0,4,0.29621503017004935
0,0,1,1,32,0,0,0,0,1,0,1,1,0,50.6,1653.45,0,1,0,0,1,0,0,0,1,0,0,2,0.0305841820544591,1,2,0,3,1.5333333333333334,0,0,1,0,0,3,0.6201550387596899
1,0,0,0,30,1,1,0,1,1,1,1,1,0,110.45,3327.05,0,0,1,0,0,1,0,0,1,0,0,2,0.0331876023497243,3,2,1,7,3.5629032258064517,0,1,1,0,0,7,0.2691790040376851
0,0,1,0,70,1,0,1,1,1,1,0,1,0,101.0,7085.5,0,0,0,1,0,1,0,0,1,0,0,3,0.0142524518450575,4,1,1,6,1.4225352112676057,0,2,1,0,0,6,0.6862745098039216
0,1,0,0,42,1,1,0,1,0,0,0,0,1,79.35,3344.1,0,1,0,0,0,1,0,1,0,0,0,2,0.0237212639382978,1,0,0,3,1.845348837209302,0,0,1,1,0,3,0.5227131300560051
1,1,1,0,72,1,1,1,1,1,1,1,1,1,89.85,6697.35,0,0,0,1,1,0,0,1,0,0,0,3,0.0134137511476706,4,2,0,8,1.2308219178082191,0,2,1,0,0,8,0.7925151348376445
1,0,0,0,47,1,1,1,0,1,1,0,0,1,65.0,2879.9,0,0,0,1,1,0,0,0,0,0,1,2,0.0225623936964143,3,0,0,5,1.3541666666666667,0,2,1,0,0,5,0.7121212121212122
1,0,0,0,2,1,0,1,0,1,0,0,0,1,80.45,137.1,0,1,0,0,0,1,0,0,0,1,0,0,0.5825488776249095,2,0,0,3,26.816666666666666,1,0,1,1,0,3,0.024554941682013505
0,0,0,0,10,1,1,1,0,0,0,1,1,0,98.55,1008.55,1,1,0,0,0,1,0,0,0,1,0,0,0.0976177504828884,1,2,1,5,8.959090909090909,1,0,1,1,0,5,0.10045203415369161
1,0,1,1,61,1,1,0,0,0,0,0,0,1,24.1,1551.6,0,0,0,1,0,0,1,0,0,0,1,3,0.0155223496071106,0,0,0,2,0.38870967741935486,0,2,0,0,0,2,2.4302788844621515
1,0,0,0,5,1,0,0,0,0,0,0,0,1,44.05,202.15,0,1,0,0,1,0,0,0,1,0,0,0,0.2168348510952498,0,0,0,1,7.341666666666666,0,0,0,0,0,1,0.11098779134295228
1,1,1,0,72,1,1,0,1,1,1,1,1,1,110.8,7882.25,0,0,0,1,0,1,0,0,1,0,0,3,0.0140551168617004,3,2,1,7,1.5178082191780822,0,2,1,0,0,7,0.6440071556350626
0,1,1,1,72,1,1,1,1,1,1,1,1,1,114.95,8196.4,0,0,0,1,0,1,0,1,0,0,0,3,0.0140227389172176,4,2,1,8,1.5746575342465754,0,2,1,0,0,8,0.6209573091849935
1,1,0,0,3,1,0,0,0,1,0,0,0,0,75.05,202.9,0,1,0,0,0,1,0,0,0,0,1,0,0.3680725846002942,1,0,0,2,18.7625,1,0,1,1,0,2,0.03944773175542406
0,0,1,0,48,1,0,0,0,0,0,0,0,0,19.25,855.1,0,0,0,1,0,0,1,0,0,0,1,2,0.0224856909239574,0,0,0,1,0.39285714285714285,0,2,0,0,0,1,2.3703703703703702
1,0,0,0,63,1,0,0,0,1,1,1,0,1,90.05,5817.0,0,0,1,0,0,1,0,0,1,0,0,3,0.0154778274321072,2,1,1,4,1.40703125,0,1,1,0,0,4,0.6919275123558485
1,0,0,0,27,1,0,1,1,0,0,0,0,1,56.7,1652.95,0,1,0,0,1,0,0,0,0,0,1,2,0.0342815683666374,2,0,0,3,2.025,0,0,1,0,0,3,0.4679376083188908
0,0,1,1,70,1,0,1,1,1,0,1,1,1,80.15,5600.15,0,0,0,1,1,0,0,0,1,0,0,3,0.0143095614293493,3,2,0,6,1.1288732394366199,0,2,1,0,0,6,0.8626001232285889
0,0,1,1,7,1,0,1,0,1,1,0,1,1,71.35,515.75,0,1,0,0,1,0,0,0,1,0,0,0,0.1380745041122399,3,1,0,5,8.91875,1,0,1,0,0,5,0.0967519004837595
0,0,0,1,0,1,0,0,0,0,0,0,0,0,20.25,20.25,0,0,0,1,0,0,1,0,0,0,1,0,0.9529411764705882,0,0,0,1,20.25,0,2,0,0,0,1,0.0
1,0,1,0,2,1,0,1,1,0,0,1,0,0,90.35,190.5,0,1,0,0,0,1,0,0,0,1,0,0,0.4718015665796344,2,1,1,4,30.116666666666664,1,0,1,1,0,4,0.021893814997263273
0,1,0,0,20,1,1,0,0,1,0,1,1,1,98.55,1842.8,1,1,0,0,0,1,0,0,0,1,0,1,0.0534493979824275,1,2,1,5,4.692857142857143,0,0,1,1,1,5,0.20090406830738322
0,0,0,0,66,1,0,0,0,0,0,0,0,0,19.7,1253.8,0,0,0,1,0,0,1,1,0,0,0,3,0.0156997131016895,0,0,0,1,0.29402985074626864,0,2,0,0,0,1,3.1884057971014492
1,0,0,0,3,1,0,0,0,0,0,0,0,0,19.85,57.2,0,1,0,0,0,0,1,0,0,0,1,0,0.3410652920962199,0,0,0,1,4.9625,0,0,0,0,0,1,0.14388489208633093
1,0,0,1,15,1,0,0,1,0,0,0,1,1,85.9,1269.55,1,1,0,0,0,1,0,1,0,0,0,1,0.0676085159970091,1,1,0,3,5.36875,0,0,1,1,0,3,0.17261219792865362
1,0,1,1,72,1,1,1,1,0,1,0,0,1,90.35,6563.4,0,0,0,1,0,1,0,1,0,0,0,3,0.0137636341478276,3,0,1,5,1.2376712328767123,0,2,1,0,0,5,0.7881773399014779
0,0,0,0,1,1,0,0,0,0,0,0,0,0,20.8,20.8,0,1,0,0,0,0,1,0,0,0,1,0,0.9541284403669724,0,0,0,1,10.4,0,0,0,0,0,1,0.04587155963302752
1,0,0,0,22,1,0,0,0,0,0,1,1,0,89.25,1907.85,1,1,0,0,0,1,0,0,0,1,0,1,0.0467559001493045,0,2,0,3,3.880434782608696,0,0,0,1,1,3,0.24376731301939059
0,0,1,0,3,1,0,0,0,0,0,0,0,1,70.3,208.85,1,1,0,0,0,1,0,0,0,1,0,0,0.3350011913271384,0,0,0,1,17.575,1,0,0,1,1,1,0.04207573632538569
1,0,1,1,72,1,1,1,0,1,1,0,0,0,66.85,4758.8,0,0,0,1,1,0,0,1,0,0,0,3,0.0140447077608302,3,0,0,5,0.9157534246575342,0,2,1,0,0,5,1.0611643330876934
0,0,1,1,65,1,0,0,0,0,0,0,0,0,19.9,1292.6,0,0,0,1,0,0,1,0,0,0,1,3,0.0153834260977118,0,0,0,1,0.3015151515151515,0,2,0,0,0,1,3.110047846889952
1,0,0,0,11,0,0,0,0,0,0,1,0,1,35.8,363.15,0,1,0,0,1,0,0,0,0,0,1,0,0.0983111355210764,0,1,0,1,2.983333333333333,0,0,0,0,0,1,0.2989130434782609
0,0,0,0,22,1,1,0,1,0,0,0,0,1,78.85,1600.25,0,1,0,0,0,1,0,0,0,0,1,1,0.0492427790788446,1,0,0,3,3.428260869565217,0,0,1,1,0,3,0.27551659361302444
0,0,0,0,14,1,0,0,0,0,0,0,0,0,20.4,275.7,0,0,1,0,0,0,1,1,0,0,0,1,0.073726057101554,0,0,0,1,1.3599999999999999,0,1,0,0,0,1,0.6542056074766356
0,0,0,0,41,1,0,0,0,0,1,0,0,1,74.25,3089.1,0,1,0,0,0,1,0,0,0,1,0,2,0.0240283485971327,1,0,0,2,1.7678571428571428,0,0,1,1,1,2,0.5448504983388704
0,0,1,0,17,1,0,1,1,0,0,0,1,0,64.8,1175.6,0,0,1,0,1,0,0,0,0,0,1,1,0.0550739418663947,2,1,0,4,3.5999999999999996,0,1,1,0,0,4,0.25835866261398177
0,0,0,0,11,1,0,0,0,0,0,0,0,1,20.45,237.3,0,1,0,0,0,0,1,0,1,0,0,0,0.08581619806966,0,0,0,1,1.7041666666666666,0,0,0,0,0,1,0.5128205128205129
0,0,0,0,15,1,1,0,0,0,0,1,1,1,93.35,1444.65,1,1,0,0,0,1,0,0,0,1,0,1,0.0645730294331269,0,2,1,4,5.834375,0,0,0,1,1,4,0.1589825119236884
1,0,0,0,1,1,0,0,0,0,0,0,0,0,19.9,19.9,1,1,0,0,0,0,1,0,0,0,1,0,0.9521531100478468,0,0,0,1,9.95,0,0,0,0,0,1,0.04784688995215311
1,0,1,0,5,1,0,1,0,1,0,0,1,1,88.9,454.15,1,1,0,0,0,1,0,0,0,0,1,0,0.1953202241019444,2,1,0,4,14.816666666666668,1,0,1,1,0,4,0.05561735261401557
0,0,1,0,33,1,0,0,0,1,0,1,1,1,95.8,3036.75,1,0,1,0,0,1,0,0,0,1,0,2,0.0315364990535758,1,2,1,4,2.817647058823529,0,1,1,0,1,4,0.34090909090909094
1,0,1,0,72,1,1,1,1,1,0,1,1,1,110.65,8065.65,0,0,0,1,0,1,0,0,1,0,0,3,0.0137169704896084,3,2,1,7,1.5157534246575344,0,2,1,0,0,7,0.6448723690103
1,0,1,1,3,0,0,0,1,0,0,0,1,0,40.3,92.5,0,1,0,0,1,0,0,0,0,0,1,0,0.4310160427807486,1,1,0,2,10.075,0,0,1,0,0,2,0.07263922518159807
0,0,0,0,2,1,1,0,1,0,0,0,0,1,82.0,184.65,1,1,0,0,0,1,0,0,0,1,0,0,0.4416913546997037,1,0,0,3,27.333333333333332,1,0,1,1,1,3,0.024096385542168676
1,0,1,0,59,1,1,1,1,1,1,0,1,1,107.0,6152.3,0,0,1,0,0,1,0,0,1,0,0,3,0.0173890432775908,4,1,1,7,1.7833333333333334,0,1,1,0,0,7,0.5462962962962963
0,0,0,0,2,1,0,0,0,0,0,0,0,0,45.35,89.5,1,1,0,0,1,0,0,0,0,1,0,0,0.5011049723756906,0,0,0,1,15.116666666666667,0,0,0,0,1,1,0.04314994606256742
0,0,1,1,71,1,0,0,1,0,1,1,1,1,73.35,5154.5,0,0,0,1,1,0,0,0,1,0,0,3,0.0142275240034914,2,2,0,5,1.0187499999999998,0,2,1,0,0,5,0.9549428379287156
1,0,1,1,5,1,0,0,0,0,0,0,0,0,44.8,220.45,0,1,0,0,1,0,0,0,0,0,1,0,0.2023030029351998,0,0,0,1,7.466666666666666,0,0,0,0,0,1,0.1091703056768559
0,0,1,1,27,1,0,1,1,0,0,0,0,1,54.75,1510.3,0,1,0,0,1,0,0,0,1,0,0,2,0.0362270892609012,2,0,0,3,1.9553571428571428,0,0,1,0,0,3,0.484304932735426
1,0,0,0,1,1,0,0,0,0,1,0,0,1,52.2,52.2,1,1,0,0,1,0,0,0,0,1,0,0,0.981203007518797,1,0,0,2,26.1,0,0,1,0,1,2,0.018796992481203006
0,0,0,1,63,0,0,1,1,0,1,0,0,1,40.6,2588.95,0,0,1,0,1,0,0,1,0,0,0,3,0.0156759783007394,3,0,0,3,0.634375,0,1,1,0,0,3,1.5144230769230769
1,1,0,0,46,1,1,1,1,1,0,1,1,1,110.0,4874.8,1,0,1,0,0,1,0,0,0,1,0,2,0.0225604003445588,3,2,1,7,2.3404255319148937,0,1,1,0,0,7,0.4144144144144144
0,0,1,1,72,1,1,1,0,0,0,0,0,0,55.3,3983.6,0,0,0,1,1,0,0,1,0,0,0,3,0.0138784319630577,1,0,0,3,0.7575342465753424,0,2,1,0,0,3,1.2788632326820604
1,0,1,0,34,1,1,1,0,0,1,0,0,1,60.85,2003.6,0,1,0,0,1,0,0,1,0,0,0,2,0.0303551830789184,2,0,0,4,1.7385714285714287,0,0,1,0,0,4,0.549717057396928
1,0,1,1,24,1,1,1,1,0,0,1,1,0,78.4,1832.4,0,0,1,0,1,0,0,0,0,1,0,1,0.0427620813788589,2,2,0,6,3.136,0,1,1,0,0,6,0.30226700251889166
0,0,0,0,72,1,1,1,1,1,1,0,0,0,69.65,4908.25,0,0,0,1,1,0,0,1,0,0,0,3,0.0141875031827672,4,0,0,6,0.954109589041096,0,2,1,0,0,6,1.019108280254777
1,0,1,1,60,0,0,1,0,1,1,1,1,0,59.85,3590.2,0,0,0,1,1,0,0,0,1,0,0,3,0.01666573847182,3,2,0,5,0.9811475409836066,0,2,1,0,0,5,0.9860312243221035
0,0,0,0,68,1,1,1,1,1,0,0,1,1,76.9,5023.0,0,0,1,0,1,0,0,0,1,0,0,3,0.0153065286624203,3,1,0,6,1.1144927536231886,0,1,1,0,0,6,0.8729139922978176
1,0,1,1,8,1,0,0,0,0,0,0,0,1,19.85,146.6,0,0,0,1,0,0,1,0,0,0,1,0,0.1344850948509485,0,0,0,1,2.2055555555555557,0,2,0,0,0,1,0.38369304556354916
1,0,0,1,34,1,0,1,0,1,1,1,0,0,67.65,2339.3,0,0,0,1,1,0,0,0,1,0,0,2,0.0289065504422509,3,1,0,5,1.932857142857143,0,2,1,0,0,5,0.4952658412235979
1,0,0,0,6,0,0,0,0,0,0,1,1,0,45.0,298.7,0,1,0,0,1,0,0,0,1,0,0,0,0.1501501501501501,0,2,0,2,6.428571428571429,0,0,0,0,0,2,0.13043478260869565
0,0,1,0,2,1,0,0,1,0,1,0,1,1,64.2,143.65,0,1,0,0,1,0,0,0,0,0,1,0,0.4438299343242309,2,1,0,4,21.400000000000002,0,0,1,0,0,4,0.03067484662576687
0,0,0,0,31,1,1,0,0,0,1,0,0,0,81.7,2548.65,0,0,1,0,0,1,0,0,1,0,0,2,0.0320436138293491,1,0,0,3,2.553125,0,1,1,0,0,3,0.37484885126964934
1,0,1,1,20,1,1,0,0,0,0,0,0,1,25.55,507.4,0,1,0,0,0,0,1,1,0,0,0,1,0.0502557041699449,0,0,0,2,1.2166666666666668,0,0,0,0,0,2,0.7532956685499058
1,0,1,1,1,1,0,0,0,0,0,0,0,0,20.0,20.0,0,1,0,0,0,0,1,0,0,1,0,0,0.9523809523809524,0,0,0,1,10.0,0,0,0,0,1,1,0.047619047619047616
0,0,0,0,62,1,1,0,0,1,0,1,1,1,96.75,6125.4,1,0,1,0,0,1,0,0,0,1,0,3,0.0157923086967876,1,2,1,5,1.5357142857142858,0,1,1,0,1,5,0.6342710997442456
1,1,1,0,70,1,1,0,0,0,0,0,0,1,75.65,5411.4,0,0,0,1,0,1,0,0,1,0,0,3,0.0139771635503658,0,0,0,2,1.065492957746479,0,2,0,0,0,2,0.91324200913242
1,0,0,0,10,1,1,0,0,0,1,1,1,1,98.5,1058.25,1,1,0,0,0,1,0,0,0,1,0,0,0.0929903233419872,1,2,1,5,8.954545454545455,1,0,1,1,1,5,0.10050251256281408
0,0,1,1,39,1,1,0,0,0,0,0,0,1,23.8,903.8,0,0,0,1,0,0,1,0,0,0,1,2,0.0263041556145004,0,0,0,2,0.595,0,2,0,0,0,2,1.5725806451612903
1,0,1,0,46,1,0,0,1,0,1,1,0,1,64.2,3009.5,0,0,0,1,1,0,0,0,1,0,0,2,0.0213253612356751,2,1,0,4,1.3659574468085107,0,2,1,0,0,4,0.705521472392638
0,0,0,0,6,1,0,0,1,0,0,1,0,1,85.35,489.45,1,1,0,0,0,1,0,0,0,1,0,0,0.174023855642777,1,1,0,3,12.192857142857141,1,0,1,1,1,3,0.06948465547191662
1,0,1,1,72,1,1,0,0,1,0,1,1,1,76.8,5468.45,0,0,0,1,1,0,0,1,0,0,0,3,0.0140416312426295,1,2,0,5,1.0520547945205478,0,2,1,0,0,5,0.9254498714652957
0,0,0,0,18,1,0,0,0,1,1,0,0,0,55.2,1058.1,0,1,0,0,1,0,0,0,1,0,0,1,0.052119724294212,2,0,0,3,2.905263157894737,0,0,1,0,0,3,0.32028469750889677
0,0,1,0,71,1,1,1,0,1,1,1,1,1,108.55,7616.0,0,0,0,1,0,1,0,0,1,0,0,3,0.0142510174609426,3,2,1,7,1.5076388888888888,0,2,1,0,0,7,0.6481058877225011
0,0,1,0,40,1,1,0,1,0,0,1,1,1,101.3,4113.1,1,1,0,0,0,1,0,0,0,1,0,2,0.0246226392163535,1,2,1,5,2.470731707317073,0,0,1,1,1,5,0.39100684261974583
0,0,0,0,1,1,0,0,0,0,0,0,0,1,69.55,69.55,1,1,0,0,0,1,0,0,0,1,0,0,0.9858256555634302,0,0,0,1,34.775,0,0,0,1,1,1,0.01417434443656981
0,0,0,0,58,1,1,0,1,1,0,1,1,1,103.25,6017.65,1,0,1,0,0,1,0,1,0,0,0,3,0.0171550098444003,2,2,1,6,1.75,0,1,1,0,0,6,0.5563549160671463
0,0,0,0,70,1,1,1,0,0,1,1,1,1,104.0,7250.15,1,0,0,1,0,1,0,0,1,0,0,3,0.0143425525606283,2,2,1,6,1.4647887323943662,0,2,1,0,0,6,0.6666666666666666
1,0,1,0,42,1,1,0,0,0,0,0,0,0,25.25,1108.2,0,0,0,1,0,0,1,0,0,1,0,2,0.0227641543454742,0,0,0,2,0.5872093023255814,0,2,0,0,1,2,1.6
0,0,1,1,34,0,0,1,0,0,0,0,0,0,30.4,938.65,0,0,1,0,1,0,0,1,0,0,0,2,0.0323524716649816,1,0,0,1,0.8685714285714285,0,1,1,0,0,1,1.0828025477707006
0,1,0,0,5,1,0,0,0,0,0,0,0,0,20.05,94.15,0,1,0,0,0,0,1,1,0,0,0,0,0.210719915922228,0,0,0,1,3.341666666666667,0,0,0,0,0,1,0.2375296912114014
1,0,0,0,25,1,1,0,0,0,0,1,0,1,84.6,2088.05,0,1,0,0,0,1,0,0,0,0,1,2,0.04049687657069,0,1,0,3,3.253846153846154,0,0,0,1,0,3,0.29205607476635514
1,0,0,0,2,1,0,0,0,1,0,0,1,1,86.2,178.7,1,1,0,0,0,1,0,0,0,0,1,0,0.4796883695047301,1,1,0,3,28.733333333333334,1,0,1,1,0,3,0.02293577981651376
1,0,1,1,55,1,0,0,1,1,1,1,1,1,103.7,5656.75,0,0,1,0,0,1,0,1,0,0,0,3,0.0183288409703504,3,2,1,6,1.8517857142857144,0,1,1,0,0,6,0.5253104106972302
0,0,1,0,21,1,1,0,1,1,1,1,1,1,111.2,2317.1,1,1,0,0,0,1,0,0,0,1,0,1,0.0479703205211164,3,2,1,7,5.054545454545455,0,0,1,1,1,7,0.18716577540106952
0,0,1,0,70,1,1,1,1,0,1,0,0,1,88.0,5986.45,0,0,0,1,0,1,0,0,1,0,0,3,0.0146974087466283,3,0,0,5,1.2394366197183098,0,2,1,0,0,5,0.7865168539325843
1,0,1,0,61,1,1,0,0,1,1,1,1,1,106.35,6751.35,0,1,0,0,0,1,0,0,0,1,0,3,0.0157500721970869,2,2,1,6,1.7153225806451613,0,0,1,1,1,6,0.568234746157429
0,0,1,1,43,1,0,1,0,1,1,1,1,1,79.15,3566.6,0,0,0,1,1,0,0,0,1,0,0,2,0.022185783159547,3,2,0,6,1.7988636363636366,0,2,1,0,0,6,0.5364940736119775
0,0,0,0,47,1,1,0,1,1,0,1,1,1,103.1,4889.3,0,0,1,0,0,1,0,0,0,1,0,2,0.0210825511727296,2,2,1,6,2.1479166666666667,0,1,1,0,1,6,0.4514889529298751
0,0,0,0,5,1,0,0,0,1,1,1,0,1,63.95,318.1,0,1,0,0,1,0,0,0,1,0,0,0,0.2004073958006894,2,1,0,4,10.658333333333333,0,0,1,0,0,4,0.07698229407236336
1,0,0,0,62,1,1,0,0,0,0,0,0,1,25.8,1563.95,0,0,0,1,0,0,1,0,1,0,0,3,0.0164861497172433,0,0,0,2,0.4095238095238095,0,2,0,0,0,2,2.3134328358208953
1,0,1,1,16,1,0,0,1,1,0,1,0,1,89.45,1430.25,1,1,0,0,0,1,0,0,1,0,0,1,0.0624978165938864,2,1,0,4,5.261764705882353,0,0,1,1,0,4,0.17689331122166943
0,1,1,0,7,1,1,0,0,0,0,1,1,1,95.6,644.35,1,1,0,0,0,1,0,1,0,0,0,0,0.1481366700240179,0,2,1,4,11.95,1,0,0,1,0,4,0.07246376811594203
1,0,1,1,14,1,1,0,0,0,0,0,0,0,25.55,372.45,0,1,0,0,0,0,1,0,0,0,1,1,0.0684161199625117,0,0,0,2,1.7033333333333334,0,0,0,0,0,2,0.527306967984934
0,0,1,1,60,1,0,0,1,1,0,1,0,0,90.95,5453.4,1,0,1,0,0,1,0,0,0,1,0,3,0.0166746113229686,2,1,1,4,1.4909836065573772,0,1,1,0,1,4,0.6525285481239804
0,0,1,1,34,0,0,0,0,1,1,1,0,1,44.85,1442.6,0,1,0,0,1,0,0,0,0,1,0,2,0.0310681629260182,2,1,0,3,1.2814285714285714,0,0,1,0,1,3,0.7415485278080698
1,0,1,0,50,1,1,1,1,0,1,1,1,0,108.55,5610.7,1,0,1,0,0,1,0,0,0,1,0,3,0.0193435144430386,3,2,1,7,2.1284313725490196,0,1,1,0,0,7,0.4564125969876769
0,0,1,1,38,1,1,0,0,0,0,0,0,0,25.05,963.95,0,0,0,1,0,0,1,0,1,0,0,2,0.0259598942950411,0,0,0,2,0.6423076923076924,0,2,0,0,0,2,1.45873320537428
1,0,1,1,70,1,0,1,1,1,1,0,1,0,74.1,5222.3,0,0,1,0,1,0,0,0,1,0,0,3,0.0141864338636494,4,1,0,6,1.0436619718309859,0,1,1,0,0,6,0.9320905459387484
1,0,1,1,37,1,1,0,1,0,0,1,0,1,88.8,3340.55,0,1,0,0,0,1,0,0,0,1,0,2,0.026574493872604,1,1,0,4,2.3368421052631576,0,0,1,1,1,4,0.41202672605790647
1,1,0,0,4,1,0,0,0,0,0,1,0,1,78.85,292.8,1,1,0,0,0,1,0,0,0,1,0,0,0.2683798502382573,0,1,0,2,15.77,1,0,0,1,1,2,0.05009392611145899
0,1,1,1,60,1,1,1,1,0,0,0,1,1,93.25,5774.55,0,1,0,0,0,1,0,0,0,1,0,3,0.0161456484663798,2,1,1,5,1.528688524590164,0,0,1,1,0,5,0.636604774535809
0,0,1,1,62,1,0,1,0,1,1,0,1,0,71.4,4487.3,0,0,1,0,1,0,0,0,1,0,0,3,0.0159080275382661,3,1,0,5,1.1333333333333335,0,1,1,0,0,5,0.8563535911602209
0,0,0,0,1,1,0,0,0,0,0,0,0,0,44.4,44.4,1,1,0,0,1,0,0,0,0,0,1,0,0.9779735682819384,0,0,0,1,22.2,0,0,0,0,0,1,0.022026431718061675
0,0,0,0,36,1,0,1,0,1,1,1,1,1,79.2,2854.95,0,1,0,0,1,0,0,0,1,0,0,2,0.0277315779337873,3,2,0,6,2.1405405405405404,0,0,1,0,0,6,0.44887780548628425
0,0,0,0,44,1,0,0,0,0,0,0,0,0,20.4,905.55,0,0,0,1,0,0,1,0,1,0,0,2,0.0225028955931829,0,0,0,1,0.4533333333333333,0,2,0,0,0,1,2.0560747663551404
1,1,0,0,55,1,1,0,0,1,0,1,1,1,100.0,5509.3,1,0,1,0,0,1,0,0,0,1,0,3,0.0181478322414387,1,2,1,5,1.7857142857142858,0,1,1,0,1,5,0.5445544554455446
1,0,1,0,72,1,1,1,0,1,0,1,1,1,105.0,7589.8,0,0,0,1,0,1,0,0,1,0,0,3,0.0138325341202508,2,2,1,6,1.4383561643835616,0,2,1,0,0,6,0.6792452830188679
1,0,1,1,12,1,0,0,0,0,0,0,0,0,19.8,229.6,1,0,1,0,0,0,1,1,0,0,0,0,0.0858629661751951,0,0,0,1,1.5230769230769232,0,1,0,0,0,1,0.5769230769230769
1,0,0,0,13,0,0,1,0,0,0,0,0,1,30.85,394.1,0,1,0,0,1,0,0,1,0,0,0,1,0.0780814983548468,1,0,0,1,2.2035714285714287,0,0,1,0,0,1,0.40816326530612246
0,0,0,0,1,1,0,0,0,0,0,1,1,1,89.9,89.9,1,1,0,0,0,1,0,0,0,1,0,0,0.988998899889989,0,2,1,3,44.95,1,0,0,1,1,3,0.011001100110011
1,0,1,1,15,1,0,0,0,0,0,0,0,0,20.55,295.95,0,0,1,0,0,0,1,0,0,0,1,1,0.0692035696245159,0,0,0,1,1.284375,0,1,0,0,0,1,0.6960556844547564
1,0,0,0,65,1,0,1,1,1,1,1,1,1,84.85,5459.2,0,0,0,1,1,0,0,1,0,0,0,3,0.0155397238196403,4,2,0,7,1.2856060606060604,0,2,1,0,0,7,0.7571345369831102
1,0,1,1,12,0,0,1,0,0,1,0,0,0,33.15,444.75,0,0,1,0,1,0,0,0,1,0,0,0,0.0743690409422321,2,0,0,2,2.55,0,1,1,0,0,2,0.3513909224011713
0,0,1,0,72,1,1,1,1,1,1,1,1,1,92.0,6782.15,0,0,0,1,1,0,0,0,1,0,0,3,0.0135630201307652,4,2,1,8,1.2602739726027397,0,2,1,0,0,8,0.7741935483870968
1,0,1,1,72,1,1,1,1,1,1,1,1,0,89.8,6510.45,0,0,0,1,1,0,0,0,1,0,0,3,0.013791091078024,4,2,0,8,1.2301369863013698,0,2,1,0,0,8,0.7929515418502203
1,0,1,1,72,1,1,1,1,1,1,1,1,1,115.8,8476.5,0,0,0,1,0,1,0,1,0,0,0,3,0.0136596874078442,4,2,1,8,1.5863013698630137,0,2,1,0,0,8,0.6164383561643836
0,0,0,1,52,1,1,1,1,0,1,1,1,1,85.15,4461.85,0,0,0,1,1,0,0,0,0,0,1,3,0.0190797360431114,3,2,0,7,1.6066037735849057,0,2,1,0,0,7,0.603598374927452
0,0,0,0,2,1,1,0,0,0,0,0,0,0,24.85,62.0,0,1,0,0,0,0,1,0,0,0,1,0,0.3944444444444445,0,0,0,2,8.283333333333333,0,0,0,0,0,2,0.07736943907156672
1,0,0,0,5,1,0,1,0,0,1,1,0,1,64.35,352.65,0,1,0,0,1,0,0,0,0,1,0,0,0.181959564541213,2,1,0,4,10.725,0,0,1,0,0,4,0.07651109410864576
1,0,0,0,68,1,0,0,0,0,0,0,0,0,20.5,1424.9,0,0,0,1,0,0,1,0,1,0,0,3,0.0143768847745283,0,0,0,1,0.2971014492753623,0,2,0,0,0,1,3.1627906976744184
1,0,0,1,62,1,1,0,0,1,0,1,1,1,100.15,6413.65,1,0,1,0,0,1,0,0,0,1,0,3,0.0156126990560669,1,2,1,5,1.5896825396825398,0,1,1,0,1,5,0.6129510627780523
0,0,0,0,72,1,1,1,1,0,1,1,1,0,86.05,6309.65,0,0,0,1,1,0,0,0,1,0,0,3,0.0136356793674185,3,2,0,7,1.1787671232876713,0,2,1,0,0,7,0.8271108558299828
0,0,0,0,1,1,0,0,1,0,0,0,0,0,50.8,50.8,1,1,0,0,1,0,0,0,0,1,0,0,0.9806949806949808,1,0,0,2,25.4,0,0,1,0,1,2,0.019305019305019305
1,0,1,0,66,1,1,1,1,0,1,0,0,0,89.0,5898.6,0,0,1,0,0,1,0,0,0,1,0,3,0.0150857685266797,3,0,0,5,1.328358208955224,0,1,1,0,0,5,0.7333333333333333
0,0,1,1,72,0,0,1,1,1,1,1,1,1,64.8,4719.75,0,0,0,1,1,0,0,0,1,0,0,3,0.0137266324206958,4,2,0,6,0.8876712328767122,0,2,1,0,0,6,1.0942249240121582
0,0,0,0,26,1,0,0,0,0,0,0,0,0,19.8,457.3,0,0,1,0,0,0,1,0,1,0,0,2,0.0432031420466943,0,0,0,1,0.7333333333333334,0,1,0,0,0,1,1.25
0,0,1,1,64,1,1,1,0,1,0,0,1,0,93.4,5822.3,0,0,0,1,0,1,0,1,0,0,0,3,0.0160390156783954,2,1,1,5,1.436923076923077,0,2,1,0,0,5,0.6779661016949152
0,1,1,0,20,1,0,0,1,0,0,0,0,1,73.65,1463.5,1,1,0,0,0,1,0,0,0,1,0,1,0.0502902014339365,1,0,0,2,3.5071428571428576,0,0,1,1,1,2,0.26791694574681846
1,0,0,0,3,1,0,0,1,0,0,1,1,1,95.1,307.4,1,1,0,0,0,1,0,0,0,1,0,0,0.3083657587548638,1,2,1,4,23.775,1,0,1,1,1,4,0.03121748178980229
0,0,0,0,22,1,1,0,0,0,0,1,1,1,94.65,2104.55,1,1,0,0,0,1,0,0,1,0,0,1,0.0449526252048158,0,2,1,4,4.115217391304348,0,0,0,1,0,4,0.23000522739153162
0,0,1,0,4,1,0,0,0,1,1,0,0,1,80.6,319.15,1,1,0,0,0,1,0,0,0,0,1,0,0.2517569889114477,2,0,0,3,16.119999999999997,1,0,1,1,0,3,0.04901960784313726
0,0,1,0,62,0,0,0,0,0,1,1,0,1,39.0,2337.45,0,0,0,1,1,0,0,1,0,0,0,3,0.0166777138702987,1,1,0,2,0.6190476190476191,0,2,1,0,0,2,1.55
1,0,0,0,5,1,0,0,0,0,0,0,0,1,20.5,104.3,0,1,0,0,0,0,1,0,0,0,1,0,0.194681861348528,0,0,0,1,3.4166666666666665,0,0,0,0,0,1,0.23255813953488372
0,0,1,0,59,1,1,0,0,0,0,0,1,0,85.55,5084.65,1,0,1,0,0,1,0,0,0,1,0,3,0.0168218418491244,0,1,0,3,1.4258333333333333,0,1,0,0,1,3,0.681686886192952
0,0,0,1,3,1,1,0,0,0,0,0,0,1,26.4,121.25,0,0,0,1,0,0,1,0,0,0,1,0,0.2159509202453987,0,0,0,2,6.6,0,2,0,0,0,2,0.10948905109489052
1,0,1,0,72,1,1,1,0,1,1,1,0,1,98.2,7015.9,0,0,0,1,0,1,0,1,0,0,0,3,0.0139947840214339,3,1,1,6,1.345205479452055,0,2,1,0,0,6,0.7258064516129032
0,0,1,1,57,1,0,0,1,1,0,1,1,1,97.55,5598.0,0,0,1,0,0,1,0,0,1,0,0,3,0.0174227540632255,2,2,1,5,1.681896551724138,0,1,1,0,0,5,0.578386605783866
0,0,0,1,66,1,0,0,0,0,0,0,0,0,19.95,1269.1,0,0,0,1,0,0,1,0,1,0,0,3,0.0157074246122352,0,0,0,1,0.29776119402985074,0,2,0,0,0,1,3.1503579952267304
1,0,0,0,60,0,0,0,1,0,0,1,1,1,50.8,3027.4,1,1,0,0,1,0,0,0,0,1,0,3,0.0167745344076079,1,2,0,3,0.8327868852459016,0,0,1,0,1,3,1.1583011583011584
0,0,0,1,45,1,1,0,0,1,0,1,1,0,99.7,4634.35,0,0,0,1,0,1,0,1,0,0,0,2,0.0215086239442544,1,2,1,5,2.1673913043478263,0,2,1,0,0,5,0.4468718967229394
1,0,0,0,3,0,0,0,0,0,0,1,0,1,34.8,113.95,0,1,0,0,1,0,0,0,1,0,0,0,0.3027403218790778,0,1,0,1,8.7,0,0,0,0,0,1,0.08379888268156425
1,0,0,0,15,1,0,1,0,1,1,1,1,0,105.1,1582.75,1,1,0,0,0,1,0,0,0,1,0,1,0.0663614838200473,3,2,1,6,6.56875,0,0,1,1,0,6,0.1413760603204524
1,0,0,1,51,0,0,1,0,1,1,1,1,0,60.15,3077.0,0,0,1,0,1,0,0,1,0,0,0,3,0.019541910331384,3,2,0,5,1.1567307692307691,0,1,1,0,0,5,0.8340147179067866
1,0,0,0,60,1,1,1,0,1,1,0,0,0,64.75,4039.5,0,0,1,0,1,0,0,0,0,1,0,3,0.0160252444004454,3,0,0,5,1.0614754098360655,0,1,1,0,0,5,0.9125475285171103
0,0,0,0,33,1,1,0,1,0,0,0,0,1,54.65,1665.2,0,1,0,0,1,0,0,1,0,0,0,2,0.032799183771456,1,0,0,3,1.6073529411764707,0,0,1,0,0,3,0.5929919137466307
0,0,0,0,10,1,0,1,1,1,1,1,1,1,110.1,1043.3,1,1,0,0,0,1,0,0,0,1,0,0,0.1054294742889974,4,2,1,7,10.009090909090908,1,0,1,1,0,7,0.09000900090009001
0,1,0,0,26,1,0,0,0,0,0,0,0,0,19.3,504.2,0,0,1,0,0,0,1,0,1,0,0,2,0.038202692003167,0,0,0,1,0.7148148148148148,0,1,0,0,0,1,1.2807881773399015
1,0,0,0,6,1,0,0,0,1,0,0,1,0,83.9,497.55,1,1,0,0,0,1,0,0,0,1,0,0,0.1682880353023769,1,1,0,3,11.985714285714286,1,0,1,1,1,3,0.07067137809187278
1,0,1,0,67,1,1,1,0,1,1,1,1,1,111.25,7511.65,0,0,1,0,0,1,0,0,0,1,0,3,0.0148083565719153,3,2,1,7,1.6360294117647058,0,1,1,0,0,7,0.5968819599109132
1,0,1,1,49,0,0,1,0,0,1,0,0,1,35.8,1782.0,0,0,1,0,1,0,0,0,1,0,0,3,0.0200785193494111,2,0,0,2,0.716,0,1,1,0,0,2,1.3315217391304348
0,0,0,0,1,1,0,0,0,0,0,0,0,1,20.05,20.05,0,1,0,0,0,0,1,0,0,0,1,0,0.9524940617577196,0,0,0,1,10.025,0,0,0,0,0,1,0.047505938242280284
1,1,0,0,7,1,0,0,0,1,0,1,0,1,84.35,609.65,0,1,0,0,0,1,0,0,0,1,0,0,0.1381314992221403,1,1,0,3,10.54375,1,0,1,1,1,3,0.08201523140011717
1,1,0,0,27,1,1,1,1,1,0,1,1,1,110.5,2857.6,0,0,1,0,0,1,0,1,0,0,0,2,0.0386552858042398,3,2,1,7,3.9464285714285716,0,1,1,0,0,7,0.242152466367713
0,0,1,1,37,1,0,0,0,0,0,1,1,0,91.2,3247.55,0,0,1,0,0,1,0,0,1,0,0,2,0.0280740638130858,0,2,1,3,2.4,0,1,0,0,0,3,0.40130151843817785
1,0,1,1,63,1,1,1,1,1,0,1,0,1,100.55,6215.35,1,1,0,0,0,1,0,0,0,1,0,3,0.016175086666613,3,1,1,6,1.57109375,0,0,1,1,0,6,0.620384047267356
0,0,1,1,31,1,1,1,0,1,1,0,0,0,89.3,2823.0,0,1,0,0,0,1,0,0,0,1,0,2,0.0316218130311614,3,0,0,5,2.790625,0,0,1,1,0,5,0.3433001107419712
0,0,1,1,50,1,1,0,1,1,0,1,1,1,103.85,5017.9,1,1,0,0,0,1,0,1,0,0,0,3,0.0206917850525015,2,2,1,6,2.0362745098039214,0,0,1,1,0,6,0.47687172150691465
0,1,0,0,32,1,1,0,0,1,0,0,0,1,81.1,2619.25,0,1,0,0,0,1,0,0,1,0,0,2,0.0309512451101994,1,0,0,3,2.4575757575757575,0,0,1,1,0,3,0.389768574908648
1,0,0,0,1,0,0,0,0,0,0,0,0,0,24.6,24.6,1,1,0,0,1,0,0,0,0,1,0,0,0.9609375,0,0,0,0,12.3,0,0,0,0,1,0,0.0390625
1,0,1,0,63,1,1,0,0,0,1,0,0,1,81.2,4965.1,0,0,1,0,0,1,0,0,1,0,0,3,0.0163508588228187,1,0,0,3,1.26875,0,1,1,0,0,3,0.7664233576642335
0,0,0,0,30,1,1,1,1,0,0,0,1,1,94.3,2679.7,0,1,0,0,0,1,0,0,1,0,0,2,0.0351773790427873,2,1,1,5,3.041935483870968,0,0,1,1,0,5,0.3147953830010493
0,0,1,0,71,1,1,1,1,1,1,1,1,1,116.1,8310.55,0,0,0,1,0,1,0,1,0,0,0,3,0.0139685136947982,4,2,1,8,1.6124999999999998,0,2,1,0,0,8,0.6063193851409052
1,0,0,0,53,1,1,0,1,1,0,1,1,0,105.55,5682.25,0,0,0,1,0,1,0,0,0,1,0,3,0.0185721198258038,2,2,1,6,1.9546296296296295,0,2,1,0,1,6,0.4974190520882215
1,0,0,0,12,1,0,1,0,0,1,1,1,1,98.9,1120.95,1,1,0,0,0,1,0,1,0,0,0,0,0.0881500958153215,2,2,1,5,7.607692307692308,0,0,1,1,0,5,0.12012012012012012
0,0,1,0,50,1,1,1,1,0,0,0,1,1,94.4,4914.9,0,1,0,0,0,1,0,0,1,0,0,3,0.019202994365223,2,1,1,5,1.8509803921568628,0,0,1,1,0,5,0.5241090146750523
1,0,0,0,2,1,0,0,0,0,0,0,0,0,19.5,27.55,0,1,0,0,0,0,1,0,0,0,1,0,0.6830122591943958,0,0,0,1,6.5,0,0,0,0,0,1,0.0975609756097561
1,0,0,0,9,1,1,0,0,1,0,1,1,0,98.3,923.5,1,1,0,0,0,1,0,0,1,0,0,0,0.1063277447268793,1,2,1,5,9.83,1,0,1,1,0,5,0.0906344410876133
0,0,0,0,17,1,0,1,0,0,0,1,1,0,93.85,1625.65,1,1,0,0,0,1,0,0,0,1,0,1,0.05769526327114,1,2,1,4,5.213888888888889,0,0,1,1,0,4,0.17923036373220877
1,0,1,0,56,1,0,1,1,1,0,1,1,1,105.6,6068.65,0,0,1,0,0,1,0,0,1,0,0,3,0.0173980377781255,3,2,1,6,1.8526315789473684,0,1,1,0,0,6,0.525328330206379
0,0,1,1,67,1,0,1,1,1,0,1,1,0,81.35,5398.6,0,0,0,1,1,0,0,0,1,0,0,3,0.0150659308096896,3,2,0,6,1.1963235294117647,0,2,1,0,0,6,0.8136004857316333
0,1,0,0,9,1,1,0,0,1,0,1,1,1,100.5,918.6,1,1,0,0,0,1,0,0,0,1,0,0,0.109286646367986,1,2,1,5,10.05,1,0,1,1,1,5,0.08866995073891626
0,0,0,0,4,1,0,0,0,0,0,1,0,1,56.4,234.85,0,1,0,0,1,0,0,0,0,1,0,0,0.2391350434598261,0,1,0,2,11.28,0,0,0,0,1,2,0.06968641114982578
0,0,0,0,19,1,0,0,1,0,1,0,1,1,65.35,1231.85,0,0,1,0,1,0,0,1,0,0,0,1,0.0530072596017358,2,1,0,4,3.2674999999999996,0,1,1,0,0,4,0.2863602110022608
1,0,0,1,8,1,0,0,0,0,0,0,0,0,19.95,170.9,0,1,0,0,0,0,1,0,0,0,1,0,0.1160558464223385,0,0,0,1,2.216666666666667,0,0,0,0,0,1,0.3818615751789976
1,0,0,0,71,1,1,0,1,1,1,1,1,1,111.25,7984.15,0,0,0,1,0,1,0,0,0,1,0,3,0.0139321114819383,3,2,1,7,1.5451388888888888,0,2,1,0,1,7,0.6325167037861915
0,1,0,0,10,1,0,0,1,0,0,0,0,1,72.85,688.65,1,1,0,0,0,1,0,0,0,1,0,0,0.1056332922496918,1,0,0,2,6.622727272727272,1,0,1,1,1,2,0.13540961408259988
1,1,0,0,15,1,1,0,1,0,0,1,0,0,89.0,1288.3,0,1,0,0,0,1,0,0,1,0,0,1,0.0690297060420383,1,1,0,4,5.5625,0,0,1,1,0,4,0.16666666666666666
0,0,1,1,72,1,1,1,0,1,0,1,1,1,106.1,7848.5,0,0,1,0,0,1,0,1,0,0,0,3,0.0135167845085674,2,2,1,6,1.4534246575342464,0,1,1,0,0,6,0.6722689075630253
0,0,0,0,12,1,0,0,0,0,0,0,0,0,20.05,267.0,0,0,1,0,0,0,1,0,1,0,0,0,0.0748134328358209,0,0,0,1,1.5423076923076924,0,1,0,0,0,1,0.5700712589073634
0,0,1,1,72,1,1,0,0,0,0,0,0,1,25.2,1798.9,0,0,0,1,0,0,1,1,0,0,0,3,0.01400077782099,0,0,0,2,0.34520547945205476,0,2,0,0,0,2,2.7480916030534353
0,1,1,0,1,1,1,0,0,0,0,0,0,1,73.55,73.55,1,1,0,0,0,1,0,0,0,1,0,0,0.9865861837692824,0,0,0,2,36.775,1,0,0,1,1,2,0.01341381623071764
1,1,0,0,23,1,0,1,0,0,0,0,0,1,75.4,1643.55,0,1,0,0,0,1,0,1,0,0,0,1,0.0458484083791918,1,0,0,2,3.141666666666667,0,0,1,1,0,2,0.3010471204188481
0,0,0,0,72,0,0,1,1,1,1,1,1,1,65.55,4807.45,0,0,0,1,1,0,0,1,0,0,0,3,0.0136322515571545,4,2,0,6,0.897945205479452,0,2,1,0,0,6,1.081893313298272
1,0,0,0,26,1,1,0,0,1,0,0,0,1,80.7,2193.0,0,1,0,0,0,1,0,0,0,1,0,2,0.0367821330902461,1,0,0,3,2.988888888888889,0,0,1,1,1,3,0.3182374541003672
1,0,0,0,21,1,0,0,1,1,1,1,1,1,104.55,2239.4,0,0,1,0,0,1,0,0,0,0,1,1,0.0466657739689341,3,2,1,6,4.752272727272727,0,1,1,0,0,6,0.1989578398863098
0,0,1,0,60,1,1,0,0,0,0,0,0,0,24.15,1505.9,0,0,1,0,0,0,1,1,0,0,0,3,0.016026279116066,0,0,0,2,0.39590163934426226,0,1,0,0,0,2,2.385685884691849
0,0,0,0,12,1,0,0,0,0,0,0,0,0,20.45,255.35,0,1,0,0,0,0,1,0,0,0,1,0,0.0797737468305051,0,0,0,1,1.573076923076923,0,0,0,0,0,1,0.5594405594405595
0,0,1,0,16,1,1,0,0,0,0,0,0,1,75.4,1189.4,0,1,0,0,0,1,0,0,0,1,0,1,0.0633400537634408,0,0,0,2,4.435294117647059,0,0,0,1,1,2,0.20942408376963348
1,0,1,0,63,1,1,1,1,0,0,1,1,1,79.7,4786.15,0,0,1,0,1,0,0,0,1,0,0,3,0.0166487367222669,2,2,0,6,1.2453125,0,1,1,0,0,6,0.7806691449814126
1,1,0,0,22,1,0,1,1,0,0,0,0,0,81.7,1820.9,0,1,0,0,0,1,0,0,0,1,0,1,0.0448432954607827,2,0,0,3,3.5521739130434784,0,0,1,1,0,3,0.2660217654171705
1,0,1,1,32,1,0,1,1,1,1,0,1,0,76.3,2404.15,0,1,0,0,1,0,0,1,0,0,0,2,0.03172359312309,4,1,0,6,2.312121212121212,0,0,1,0,0,6,0.4139715394566624
1,1,0,0,3,1,1,0,1,0,0,0,0,1,79.4,205.05,1,1,0,0,0,1,0,0,0,1,0,0,0.3853433632613443,1,0,0,3,19.85,1,0,1,1,1,3,0.03731343283582089
1,0,0,0,13,1,0,0,1,1,0,0,0,1,81.15,952.3,1,1,0,0,0,1,0,0,0,1,0,1,0.0851253540333578,2,0,0,3,5.796428571428572,0,0,1,1,1,3,0.15824710894704808
1,0,1,1,68,1,1,0,1,0,1,1,1,1,103.75,7039.45,0,0,0,1,0,1,0,0,1,0,0,3,0.014736273959761,2,2,1,6,1.5036231884057971,0,2,1,0,0,6,0.649164677804296
1,0,1,1,30,1,0,0,0,1,0,0,1,0,86.45,2538.05,0,0,1,0,0,1,0,0,0,1,0,2,0.0340481676217482,1,1,0,3,2.7887096774193547,0,1,1,0,1,3,0.34305317324185247
1,0,0,0,16,1,0,0,1,0,0,0,0,0,75.1,1212.85,0,1,0,0,0,1,0,1,0,0,0,1,0.0618692589693949,1,0,0,2,4.417647058823529,0,0,1,1,0,2,0.21024967148488832
0,0,0,0,33,1,0,0,1,0,1,0,0,0,80.6,2651.1,0,0,0,1,0,1,0,1,0,0,0,2,0.030391010897025,2,0,0,3,2.3705882352941177,0,2,1,0,0,3,0.40441176470588236
0,0,1,0,72,1,0,0,0,0,0,0,0,0,19.3,1304.8,0,0,0,1,0,0,1,0,1,0,0,3,0.0147802113646806,0,0,0,1,0.26438356164383564,0,2,0,0,0,1,3.54679802955665
1,1,0,0,4,1,1,0,0,0,0,0,1,1,84.6,360.1,1,1,0,0,0,1,0,0,0,1,0,0,0.2342841318194405,0,1,0,3,16.919999999999998,1,0,0,1,1,3,0.04672897196261683
1,0,0,0,12,0,0,1,0,0,1,0,0,1,33.6,435.45,0,0,1,0,1,0,0,0,0,0,1,0,0.0769847634322373,2,0,0,2,2.5846153846153848,0,1,1,0,0,2,0.3468208092485549
1,1,1,0,4,1,1,0,0,0,0,1,0,1,83.25,308.05,0,1,0,0,0,1,0,0,0,1,0,0,0.2693738877204336,0,1,0,3,16.65,1,0,0,1,1,3,0.04747774480712166
1,0,1,1,0,1,0,1,1,1,0,1,1,0,80.85,80.85,0,0,0,1,1,0,0,0,0,0,1,0,0.9877825290164935,3,2,0,6,80.85,1,2,1,0,0,6,0.0
1,0,0,0,6,1,1,1,0,0,0,0,0,1,79.05,434.5,1,1,0,0,0,1,0,0,0,1,0,0,0.1815154994259472,1,0,0,3,11.292857142857143,1,0,1,1,0,3,0.07495315427857589
1,0,1,0,65,1,1,0,1,1,1,1,1,1,108.05,7118.9,0,0,1,0,0,1,0,0,1,0,0,3,0.0151757749406592,3,2,1,7,1.637121212121212,0,1,1,0,0,7,0.5960568546538285
1,0,0,0,15,1,0,0,0,0,0,0,0,0,19.9,320.45,0,1,0,0,0,0,1,0,0,0,1,1,0.0619069839788458,0,0,0,1,1.24375,0,0,0,0,0,1,0.7177033492822967
1,0,0,1,24,1,0,0,0,0,0,0,0,0,21.05,531.55,0,0,1,0,0,0,1,1,0,0,0,1,0.0395268049948361,0,0,0,1,0.8420000000000001,0,1,0,0,0,1,1.0884353741496597
1,0,0,1,13,0,0,0,1,0,0,0,0,0,30.15,382.2,0,1,0,0,1,0,0,0,0,1,0,1,0.0786795407098121,1,0,0,1,2.1535714285714285,0,0,1,0,1,1,0.4173354735152488
0,0,0,0,24,1,0,0,0,0,0,0,1,1,79.85,2001.0,0,1,0,0,0,1,0,0,1,0,0,1,0.0398851148851148,0,1,0,2,3.194,0,0,0,1,0,2,0.29684601113172543
1,0,1,0,72,0,0,1,1,1,1,1,1,0,65.5,4919.7,0,0,0,1,1,0,0,1,0,0,0,3,0.0133111142723596,4,2,0,6,0.8972602739726028,0,2,1,0,0,6,1.0827067669172932
1,0,1,1,54,1,1,1,1,0,0,1,1,1,104.1,5645.8,0,1,0,0,0,1,0,1,0,0,0,3,0.0184352199475809,2,2,1,6,1.8927272727272726,0,0,1,1,0,6,0.5137963843958135
1,0,0,0,3,1,1,0,0,0,0,0,0,0,74.4,215.8,1,1,0,0,0,1,0,1,0,0,0,0,0.3431734317343173,0,0,0,2,18.6,1,0,0,1,0,2,0.03978779840848806
0,0,1,1,4,1,0,0,0,0,0,0,0,1,20.5,77.6,0,1,0,0,0,0,1,0,0,0,1,0,0.2608142493638677,0,0,0,1,4.1,0,0,0,0,0,1,0.18604651162790697
1,1,1,1,32,1,1,0,0,1,0,1,0,1,91.35,2896.55,0,1,0,0,0,1,0,0,0,0,1,2,0.0315266345705854,1,1,1,4,2.768181818181818,0,0,1,1,0,4,0.3465078505684895
0,1,0,0,35,1,1,0,0,1,0,1,1,1,99.05,3395.8,1,1,0,0,0,1,0,0,0,1,0,2,0.0291597974564295,1,2,1,5,2.7513888888888887,0,0,1,1,1,5,0.3498250874562719
0,0,1,1,35,1,0,0,0,0,0,0,0,0,20.5,759.35,0,0,0,1,0,0,1,1,0,0,0,2,0.0269612678371802,0,0,0,1,0.5694444444444444,0,2,0,0,0,1,1.627906976744186
0,1,0,0,2,1,0,0,0,0,0,0,0,0,44.95,85.15,1,1,0,0,1,0,0,0,0,0,1,0,0.5217643644805572,0,0,0,1,14.983333333333334,0,0,0,0,0,1,0.043525571273122954
1,0,0,0,8,1,0,0,1,0,0,0,0,0,75.6,535.55,0,1,0,0,0,1,0,0,0,1,0,0,0.1409001956947162,1,0,0,2,8.399999999999999,1,0,1,1,1,2,0.10443864229765014
0,0,0,0,22,1,0,1,0,0,1,0,0,0,55.1,1253.15,0,1,0,0,1,0,0,0,0,0,1,1,0.0439341386596499,2,0,0,3,2.3956521739130436,0,0,1,0,0,3,0.39215686274509803
1,0,0,0,15,1,0,1,0,1,1,0,0,0,58.95,955.15,0,1,0,0,1,0,0,0,0,1,0,1,0.0616535062490195,3,0,0,4,3.684375,0,0,1,0,0,4,0.25020850708924103
0,0,0,0,22,1,1,0,0,0,0,1,1,1,95.1,2162.6,0,1,0,0,0,1,0,0,0,1,0,1,0.0439545202440377,0,2,1,4,4.134782608695652,0,0,0,1,1,4,0.22892819979188347
0,0,1,0,1,1,0,0,0,0,0,0,0,0,44.7,44.7,1,1,0,0,1,0,0,0,1,0,0,0,0.9781181619256016,0,0,0,1,22.35,0,0,0,0,0,1,0.02188183807439825
1,0,1,1,71,1,1,0,0,0,0,0,0,0,25.45,1813.35,0,0,0,1,0,0,1,1,0,0,0,3,0.014027062033235,0,0,0,2,0.3534722222222222,0,2,0,0,0,2,2.6843100189035916
0,0,0,0,4,1,0,1,0,1,0,0,0,0,56.75,245.15,0,1,0,0,1,0,0,0,0,1,0,0,0.2305504773512086,2,0,0,3,11.35,0,0,1,0,0,3,0.06926406926406926
0,0,0,0,25,1,1,1,1,1,1,0,1,0,81.75,2028.8,0,1,0,0,1,0,0,1,0,0,0,2,0.0402749039314218,4,1,0,7,3.144230769230769,0,0,1,0,0,7,0.3021148036253776
1,0,1,1,32,1,0,0,1,0,0,1,0,1,86.1,2723.75,0,1,0,0,0,1,0,0,0,1,0,2,0.0315992292870905,1,1,0,3,2.609090909090909,0,0,1,1,1,3,0.36739380022962115
0,1,1,0,7,0,0,1,0,0,0,0,0,0,29.8,220.45,0,1,0,0,1,0,0,1,0,0,0,0,0.1345676224881463,1,0,0,1,3.725,0,0,1,0,0,1,0.22727272727272727
0,0,0,0,17,1,0,0,0,0,0,0,0,1,20.5,365.8,0,0,1,0,0,0,1,0,0,0,1,1,0.0558887677208287,0,0,0,1,1.1388888888888888,0,1,0,0,0,1,0.7906976744186046
0,1,1,0,8,1,0,1,0,0,0,1,0,0,60.9,551.95,0,1,0,0,1,0,0,1,0,0,0,0,0.1101365403743557,1,1,0,3,6.766666666666667,0,0,1,0,0,3,0.12924071082390953
1,1,0,0,56,1,1,1,0,1,1,0,1,0,73.25,4054.2,0,0,0,1,1,0,0,1,0,0,0,3,0.0180632274610376,3,1,0,6,1.2850877192982457,0,2,1,0,0,6,0.7542087542087542
0,0,0,0,1,1,0,0,0,0,0,0,0,1,45.7,45.7,1,1,0,0,1,0,0,0,0,0,1,0,0.9785867237687366,0,0,0,1,22.85,0,0,0,0,0,1,0.021413276231263382
0,1,0,0,8,1,0,1,0,0,1,1,1,0,100.3,832.35,1,1,0,0,0,1,0,0,1,0,0,0,0.120357592848143,2,2,1,5,11.144444444444444,1,0,1,1,0,5,0.07897334649555775
0,0,0,0,7,1,0,0,0,0,0,0,0,0,19.25,112.3,1,1,0,0,0,0,1,0,0,1,0,0,0.1699029126213592,0,0,0,1,2.40625,0,0,0,0,1,1,0.345679012345679
0,0,0,1,3,1,0,0,0,0,0,0,0,0,20.85,60.65,0,1,0,0,0,0,1,0,0,0,1,0,0.3381995133819951,0,0,0,1,5.2125,0,0,0,0,0,1,0.13729977116704806
1,0,0,0,71,1,0,1,1,1,1,1,0,0,77.35,5550.1,0,0,0,1,1,0,0,0,1,0,0,3,0.0139341752085172,4,1,0,6,1.0743055555555554,0,2,1,0,0,6,0.9061901723037652
1,0,0,0,2,1,1,0,0,0,0,1,1,1,96.0,174.8,1,1,0,0,0,1,0,0,0,1,0,0,0.5460750853242321,0,2,1,4,32.0,1,0,0,1,1,4,0.020618556701030927
1,0,0,0,1,1,0,0,0,0,0,1,1,0,90.55,90.55,1,1,0,0,0,1,0,0,0,1,0,0,0.9890770070999454,0,2,1,3,45.275,1,0,0,1,1,3,0.010922992900054615
0,0,1,0,49,1,1,1,1,0,0,1,0,1,93.85,4733.1,0,1,0,0,0,1,0,1,0,0,0,3,0.0198242538180435,2,1,1,5,1.8769999999999998,0,0,1,1,0,5,0.5166051660516605
0,0,0,0,58,1,0,0,1,1,1,1,0,0,70.1,4048.95,0,0,0,1,1,0,0,1,0,0,0,3,0.0173088556648847,3,1,0,5,1.1881355932203388,0,2,1,0,0,5,0.8157524613220817
0,1,1,0,44,0,0,0,1,0,0,0,0,1,30.35,1359.7,1,1,0,0,1,0,0,0,0,1,0,2,0.0223046961122951,1,0,0,1,0.6744444444444445,0,0,1,0,1,1,1.4035087719298245
1,0,1,1,59,1,0,0,1,0,1,1,1,1,75.95,4542.35,0,0,0,1,1,0,0,0,1,0,0,3,0.0167167398505508,2,2,0,5,1.2658333333333334,0,2,1,0,0,5,0.7667316439246263
0,0,0,0,71,1,1,1,0,1,1,1,1,1,108.05,7532.15,1,0,0,1,0,1,0,0,0,1,0,3,0.0143432694158486,3,2,1,7,1.5006944444444443,0,2,1,0,0,7,0.651077487391105
0,0,0,0,1,1,0,0,0,0,0,0,0,1,69.9,69.9,1,1,0,0,0,1,0,0,0,1,0,0,0.9858956276445698,0,0,0,1,34.95,0,0,0,1,1,1,0.014104372355430182
1,0,0,0,11,1,1,0,0,0,0,0,0,0,75.25,888.65,0,1,0,0,0,1,0,0,0,1,0,0,0.0845838250997583,0,0,0,2,6.270833333333333,1,0,0,1,1,2,0.14426229508196722
0,1,1,0,62,1,1,0,1,1,0,1,1,1,103.75,6383.35,1,0,1,0,0,1,0,0,0,1,0,3,0.0162506754798844,2,2,1,6,1.6468253968253967,0,1,1,0,1,6,0.5918854415274463
1,0,1,1,35,1,0,1,0,0,1,0,0,1,54.95,1916.0,0,0,1,0,1,0,0,1,0,0,0,2,0.0286645800730307,2,0,0,3,1.526388888888889,0,1,1,0,0,3,0.6255585344057194
1,0,0,0,20,1,0,0,0,0,0,0,0,1,19.5,413.0,0,1,0,0,0,0,1,1,0,0,0,1,0.0471014492753623,0,0,0,1,0.9285714285714286,0,0,0,0,0,1,0.975609756097561
0,0,1,1,40,1,0,0,0,0,0,0,0,0,19.6,808.95,0,0,0,1,0,0,1,0,0,0,1,2,0.02419902463115,0,0,0,1,0.4780487804878049,0,2,0,0,0,1,1.9417475728155338
1,0,0,0,39,1,0,1,0,0,0,0,0,1,47.85,1886.4,0,0,1,0,1,0,0,0,0,1,0,2,0.0253523365476316,1,0,0,2,1.19625,0,1,1,0,0,2,0.7983623336745138
0,0,0,0,1,1,1,0,0,0,0,0,1,1,86.6,86.6,1,1,0,0,0,1,0,0,0,1,0,0,0.9885844748858448,0,1,0,3,43.3,1,0,0,1,1,3,0.011415525114155252
1,0,1,1,72,1,1,0,0,0,0,0,0,0,23.75,1679.25,0,0,0,1,0,0,1,1,0,0,0,3,0.0141348013688439,0,0,0,2,0.3253424657534247,0,2,0,0,0,2,2.909090909090909
1,1,1,0,33,1,1,0,1,0,0,0,0,1,80.6,2656.5,1,1,0,0,0,1,0,1,0,0,0,2,0.0303292568203198,1,0,0,3,2.3705882352941177,0,0,1,1,0,3,0.40441176470588236
1,0,0,0,12,1,0,0,0,0,0,0,0,0,43.8,540.95,0,1,0,0,1,0,0,1,0,0,0,0,0.0808192637697204,0,0,0,1,3.369230769230769,0,0,0,0,0,1,0.26785714285714285
0,0,0,0,1,1,0,0,0,0,0,0,0,0,19.75,19.75,0,1,0,0,0,0,1,1,0,0,0,0,0.9518072289156626,0,0,0,1,9.875,0,0,0,0,0,1,0.04819277108433735
0,0,0,1,27,1,0,0,0,0,0,0,0,0,19.15,537.35,0,1,0,0,0,0,1,0,0,0,1,2,0.0355716541283551,0,0,0,1,0.6839285714285713,0,0,0,0,0,1,1.3399503722084367
0,0,1,1,34,1,0,0,0,0,0,0,0,0,19.6,678.8,0,0,1,0,0,0,1,0,1,0,0,2,0.0288320094145336,0,0,0,1,0.56,0,1,0,0,0,1,1.6504854368932038
1,0,1,0,56,1,0,1,0,1,0,0,0,0,80.3,4513.65,0,0,0,1,0,1,0,1,0,0,0,3,0.0177865393773603,2,0,0,3,1.4087719298245613,0,2,1,0,0,3,0.6888068880688807
1,0,0,0,58,1,1,0,0,0,0,0,0,0,24.35,1423.85,0,0,0,1,0,0,1,0,1,0,0,3,0.0170895181948977,0,0,0,2,0.4127118644067797,0,2,0,0,0,2,2.2879684418145954
1,0,1,1,22,1,1,0,0,0,0,0,0,0,25.25,555.4,0,0,0,1,0,0,1,0,1,0,0,1,0.0453810208483105,0,0,0,2,1.0978260869565217,0,2,0,0,0,2,0.8380952380952381
1,0,1,1,10,1,1,0,0,0,0,0,0,0,26.1,225.55,0,0,0,1,0,0,1,0,1,0,0,0,0.1152063562127565,0,0,0,2,2.372727272727273,0,2,0,0,0,2,0.36900369003690037
0,0,0,0,13,1,0,0,0,0,0,0,0,0,20.0,268.45,0,0,0,1,0,0,1,0,1,0,0,1,0.0742252737056967,0,0,0,1,1.4285714285714286,0,2,0,0,0,1,0.6190476190476191
1,0,0,0,35,1,1,0,1,0,1,0,0,0,85.3,2917.5,1,1,0,0,0,1,0,0,1,0,0,2,0.0292273428130889,2,0,0,4,2.3694444444444445,0,0,1,1,0,4,0.40556199304750873
1,0,0,0,34,1,0,0,0,0,0,0,0,1,70.0,2416.1,1,1,0,0,0,1,0,0,1,0,0,2,0.0289603243556327,0,0,0,1,2.0,0,0,0,1,0,1,0.4788732394366197
1,1,0,0,4,1,1,0,0,0,0,1,1,1,94.3,424.45,1,1,0,0,0,1,0,0,0,1,0,0,0.2216476671759313,0,2,1,4,18.86,1,0,0,1,1,4,0.04197271773347325
0,0,1,0,72,1,0,0,0,0,0,0,0,0,20.7,1492.1,0,0,0,1,0,0,1,1,0,0,0,3,0.0138637733574442,0,0,0,1,0.28356164383561644,0,2,0,0,0,1,3.317972350230415
0,0,0,0,2,1,0,0,0,0,1,1,1,0,70.3,132.4,0,1,0,0,1,0,0,0,0,1,0,0,0.5269865067466266,1,2,0,4,23.433333333333334,1,0,1,0,1,4,0.028050490883590466
1,0,0,0,7,1,0,0,0,1,0,1,1,1,95.35,660.9,1,1,0,0,0,1,0,0,0,1,0,0,0.1440549932013899,1,2,1,4,11.91875,1,0,1,1,1,4,0.07265179034769072
0,1,1,0,27,1,1,0,0,0,0,0,0,1,75.5,1893.95,1,1,0,0,0,1,0,0,0,1,0,2,0.0398427399139819,0,0,0,2,2.6964285714285716,0,0,0,1,1,2,0.35294117647058826
0,0,1,1,4,1,0,0,0,0,0,0,0,1,69.55,284.9,0,1,0,0,0,1,0,0,0,0,1,0,0.2432668765302553,0,0,0,1,13.91,0,0,0,1,0,1,0.05669737774627924
1,0,0,0,37,1,0,0,0,0,0,0,0,0,19.85,784.25,0,0,0,1,0,0,1,0,0,0,1,2,0.0252785737026424,0,0,0,1,0.5223684210526316,0,2,0,0,0,1,1.7745803357314147
0,0,0,0,21,1,0,0,0,0,0,0,0,0,20.0,417.7,0,1,0,0,0,0,1,0,0,0,1,1,0.0477668975400047,0,0,0,1,0.9090909090909091,0,0,0,0,0,1,1.0
1,1,1,0,53,1,1,0,0,0,0,1,1,1,95.85,5016.25,0,0,1,0,0,1,0,0,1,0,0,3,0.0191040908864417,0,2,1,4,1.775,0,1,0,0,0,4,0.5472379969024265
1,0,0,0,18,1,1,0,0,0,1,0,1,1,90.1,1612.75,1,1,0,0,0,1,0,0,0,1,0,1,0.0558326878388845,1,1,1,4,4.742105263157894,0,0,1,1,1,4,0.19758507135016468
1,0,0,0,2,1,0,0,0,0,0,0,0,0,68.95,119.75,1,1,0,0,0,1,0,0,0,1,0,0,0.5710144927536233,0,0,0,1,22.983333333333334,0,0,0,1,1,1,0.028591851322373123
0,0,1,1,32,1,1,1,0,0,0,1,1,1,99.55,3204.65,1,1,0,0,0,1,0,0,1,0,0,2,0.0310545443201846,1,2,1,5,3.0166666666666666,0,0,1,1,0,5,0.3182496270512183
0,1,1,0,23,1,0,0,0,0,0,0,0,1,20.75,485.2,0,0,1,0,0,0,1,0,0,1,0,1,0.0426779103249691,0,0,0,1,0.8645833333333334,0,1,0,0,1,1,1.0574712643678161
0,0,0,0,3,1,0,1,0,0,0,0,0,1,50.15,160.85,0,1,0,0,1,0,0,0,0,0,1,0,0.3098548038307074,1,0,0,2,12.5375,0,0,1,0,0,2,0.05865102639296188
1,0,1,1,71,0,0,1,1,0,1,1,1,0,58.65,4145.25,0,0,0,1,1,0,0,0,0,0,1,3,0.0141453120289418,3,2,0,5,0.8145833333333333,0,2,1,0,0,5,1.190276613579212
0,0,0,0,9,1,0,0,0,0,1,1,1,1,95.9,827.45,0,1,0,0,0,1,0,1,0,0,0,0,0.115758343895226,1,2,1,4,9.59,1,0,1,1,0,4,0.09287925696594426
1,0,0,0,1,1,0,0,1,0,0,0,0,0,49.5,49.5,0,1,0,0,1,0,0,0,0,1,0,0,0.9801980198019802,1,0,0,2,24.75,0,0,1,0,1,2,0.019801980198019802
0,0,1,1,18,1,0,0,0,1,0,0,1,0,57.45,990.85,1,1,0,0,1,0,0,0,0,1,0,1,0.057922064828351,1,1,0,3,3.0236842105263158,0,0,1,0,1,3,0.30795551753635586
0,0,1,1,12,1,0,0,0,0,0,0,1,0,53.65,696.35,1,0,1,0,1,0,0,0,1,0,0,0,0.0769341076934107,0,1,0,2,4.1269230769230765,0,1,0,0,0,2,0.21957913998170175
0,0,1,0,71,1,1,1,1,1,1,0,1,1,80.1,5585.4,0,0,0,1,1,0,0,0,0,0,1,3,0.0143383932407274,4,1,0,7,1.1124999999999998,0,2,1,0,0,7,0.8754623921085081
1,0,0,0,64,1,1,0,0,0,0,0,0,1,24.4,1601.2,0,0,1,0,0,0,1,1,0,0,0,3,0.0152290600424416,0,0,0,2,0.37538461538461537,0,1,0,0,0,2,2.5196850393700787
0,0,0,0,4,0,0,0,0,0,1,0,1,1,40.05,162.45,0,1,0,0,1,0,0,0,0,1,0,0,0.2450290608748853,1,1,0,2,8.01,0,0,1,0,1,2,0.097442143727162
1,0,0,0,23,1,0,0,0,0,0,0,0,1,19.5,470.2,0,1,0,0,0,0,1,0,0,0,1,1,0.041383701188455,0,0,0,1,0.8125,0,0,0,0,0,1,1.1219512195121952
1,0,1,1,39,1,0,1,0,0,0,0,0,0,51.05,2066.0,0,1,0,0,1,0,0,0,1,0,0,2,0.0246976294146105,1,0,0,2,1.2762499999999999,0,0,1,0,0,2,0.7492795389048992
0,0,1,0,28,1,0,1,0,0,1,0,0,0,54.35,1426.45,0,0,1,0,1,0,0,0,0,0,1,2,0.0380748887876983,2,0,0,3,1.8741379310344828,0,1,1,0,0,3,0.5058717253839204
1,1,0,0,5,1,0,0,1,0,0,1,0,1,84.7,392.5,0,1,0,0,0,1,0,0,0,1,0,0,0.2152477763659466,1,1,0,3,14.116666666666667,1,0,1,1,1,3,0.058343057176196034
1,1,1,0,45,1,0,0,0,1,0,0,1,1,86.1,3861.45,0,1,0,0,0,1,0,0,0,1,0,2,0.0222915506996854,1,1,0,3,1.8717391304347826,0,0,1,1,1,3,0.5166475315729048
0,0,0,0,37,1,0,0,0,0,0,0,0,1,70.35,2552.9,0,1,0,0,0,1,0,0,0,0,1,2,0.0275461059555973,0,0,0,1,1.851315789473684,0,0,0,1,0,1,0.5185704274702173
1,1,1,0,60,1,0,1,1,1,1,1,1,1,110.0,6668.35,0,0,0,1,0,1,0,1,0,0,0,3,0.0164933614220276,4,2,1,7,1.8032786885245902,0,2,1,0,0,7,0.5405405405405406
0,1,0,0,8,1,1,0,0,1,0,1,1,1,100.6,819.4,1,1,0,0,0,1,0,0,0,1,0,0,0.1226231106777181,1,2,1,5,11.177777777777777,1,0,1,1,1,5,0.07874015748031496
1,0,0,0,47,1,1,1,0,1,0,1,0,0,94.9,4615.25,0,0,1,0,0,1,0,0,1,0,0,2,0.0205578120769022,2,1,1,5,1.9770833333333335,0,1,1,0,0,5,0.4900938477580813
0,0,1,1,26,1,1,0,0,0,0,1,0,1,83.75,2070.6,1,1,0,0,0,1,0,0,0,1,0,2,0.0404276887430005,0,1,0,3,3.1018518518518516,0,0,0,1,1,3,0.30678466076696165
1,1,1,1,3,1,0,1,0,0,1,1,0,1,88.3,273.75,1,1,0,0,0,1,0,0,0,0,1,0,0.3213830755232029,2,1,0,4,22.075,1,0,1,1,0,4,0.0335946248600224
1,0,1,1,50,1,0,0,0,0,0,0,0,1,69.75,3557.7,0,1,0,0,0,1,0,1,0,0,0,3,0.0195998538792255,0,0,0,1,1.3676470588235294,0,0,0,1,0,1,0.7067137809187279
0,0,1,1,27,1,1,0,0,0,1,1,1,0,71.6,1957.1,0,1,0,0,1,0,0,1,0,0,0,2,0.0365660589346815,1,2,0,5,2.557142857142857,0,0,1,0,0,5,0.37190082644628103
1,1,0,0,8,1,0,0,0,1,0,1,1,1,92.1,729.95,1,1,0,0,0,1,0,0,0,1,0,0,0.1260004104247896,1,2,1,4,10.233333333333333,1,0,1,1,1,4,0.08592910848549946
1,0,1,0,62,1,1,0,0,0,0,0,0,0,23.65,1416.75,0,0,0,1,0,0,1,1,0,0,0,3,0.0166813613119379,0,0,0,2,0.3753968253968254,0,2,0,0,0,2,2.515212981744422
1,0,1,0,71,1,0,1,0,1,1,1,1,0,81.85,5924.4,0,0,0,1,1,0,0,1,0,0,0,3,0.0138134134404428,3,2,0,6,1.1368055555555554,0,2,1,0,0,6,0.8569704284852143
0,0,0,0,66,1,1,0,0,0,0,0,0,0,25.1,1697.7,0,0,0,1,0,0,1,0,0,0,1,3,0.014776005180432,0,0,0,2,0.37462686567164183,0,2,0,0,0,2,2.528735632183908
0,0,1,1,68,1,1,1,1,1,1,1,1,1,114.7,7849.85,0,0,0,1,0,1,0,1,0,0,0,3,0.0146098830062986,4,2,1,8,1.6623188405797102,0,2,1,0,0,8,0.5877268798617113
1,0,0,0,13,0,0,0,0,1,0,1,1,0,49.15,649.4,0,1,0,0,1,0,0,0,0,1,0,1,0.0755688806888068,1,2,0,3,3.5107142857142857,0,0,1,0,1,3,0.259222333000997
0,0,1,0,56,1,0,0,0,0,0,0,1,1,80.9,4557.5,0,0,1,0,0,1,0,0,0,1,0,3,0.0177470659208072,0,1,0,2,1.4192982456140353,0,1,0,0,1,2,0.6837606837606837
0,0,1,0,38,1,0,1,1,0,0,0,0,1,79.45,3013.05,1,1,0,0,0,1,0,0,0,1,0,2,0.0263598812229392,2,0,0,3,2.037179487179487,0,0,1,1,0,3,0.4723430702299565
0,1,0,0,14,1,0,0,0,0,0,1,1,0,90.45,1266.1,1,1,0,0,0,1,0,0,1,0,0,1,0.0713834740746586,0,2,1,3,6.03,0,0,0,1,0,3,0.1530891197375615
1,0,0,1,16,1,0,0,0,0,0,0,0,1,19.3,360.35,0,0,1,0,0,0,1,1,0,0,0,1,0.0534108205341082,0,0,0,1,1.1352941176470588,0,1,0,0,0,1,0.7881773399014778
1,0,1,1,14,1,0,0,0,0,0,0,0,0,70.2,1046.5,0,1,0,0,0,1,0,0,0,1,0,1,0.067016706443914,0,0,0,1,4.680000000000001,0,0,0,1,1,1,0.19662921348314605
0,0,1,1,32,1,0,0,0,0,0,0,0,1,69.75,2347.9,1,1,0,0,0,1,0,1,0,0,0,2,0.0296947507343863,0,0,0,1,2.1136363636363638,0,0,0,1,0,1,0.45229681978798586
1,0,0,0,8,1,0,1,0,0,1,0,0,0,54.25,447.75,0,0,1,0,1,0,0,1,0,0,0,0,0.1208913649025069,2,0,0,3,6.027777777777778,0,1,1,0,0,3,0.14479638009049775
1,0,1,1,43,1,1,0,0,1,0,1,1,1,99.3,4209.95,0,1,0,0,0,1,0,1,0,0,0,2,0.0235813771239269,1,2,1,5,2.256818181818182,0,0,1,1,0,5,0.4287138584247258
1,0,0,0,52,1,1,1,0,1,1,1,0,0,74.0,3877.65,0,0,1,0,1,0,0,0,1,0,0,3,0.0190788031918322,3,1,0,6,1.3962264150943395,0,1,1,0,0,6,0.6933333333333334
0,0,0,0,3,1,0,0,0,0,1,0,0,1,50.25,152.3,0,1,0,0,1,0,0,0,0,0,1,0,0.3277886497064579,1,0,0,2,12.5625,0,0,1,0,0,2,0.05853658536585366
0,0,0,0,29,1,0,0,0,0,0,0,0,1,19.8,572.2,0,0,1,0,0,0,1,0,0,0,1,2,0.0345429169574319,0,0,0,1,0.66,0,1,0,0,0,1,1.3942307692307692
1,0,0,0,1,1,0,0,0,0,0,0,0,0,19.65,19.65,1,1,0,0,0,0,1,0,0,0,1,0,0.9515738498789348,0,0,0,1,9.825,0,0,0,0,0,1,0.04842615012106538
0,1,0,0,12,0,0,0,0,1,1,0,1,1,43.65,526.95,1,1,0,0,1,0,0,0,0,1,0,0,0.0826782839284023,2,1,0,3,3.3576923076923078,0,0,1,0,1,3,0.2687569988801792
1,0,1,1,16,0,0,0,0,0,0,0,1,1,35.5,552.7,0,1,0,0,1,0,0,0,1,0,0,1,0.0641141412317139,0,1,0,1,2.088235294117647,0,0,0,0,0,1,0.4383561643835616
1,0,0,0,40,1,1,0,0,1,1,1,1,1,80.75,3208.65,0,0,1,0,1,0,0,0,0,0,1,2,0.0251585063792002,2,2,0,6,1.9695121951219512,0,1,1,0,0,6,0.4892966360856269
1,0,0,0,5,0,0,0,0,1,0,0,1,0,39.5,210.75,1,1,0,0,1,0,0,0,0,1,0,0,0.1865407319952774,1,1,0,2,6.583333333333333,0,0,1,0,1,2,0.12345679012345678
0,0,1,0,40,1,1,0,0,0,0,1,1,1,97.1,3706.95,1,1,0,0,0,1,0,1,0,0,0,2,0.0261869766312922,0,2,1,4,2.368292682926829,0,0,0,1,0,4,0.40774719673802245
1,0,0,0,36,1,0,0,0,0,0,0,0,0,19.55,620.75,0,0,1,0,0,0,1,0,0,0,1,2,0.0314435062324085,0,0,0,1,0.5283783783783784,0,1,0,0,0,1,1.751824817518248
1,0,0,0,5,1,0,0,0,0,0,0,1,1,80.0,412.5,1,1,0,0,0,1,0,0,0,1,0,0,0.1934703748488512,0,1,0,2,13.333333333333334,1,0,0,1,1,2,0.06172839506172839
1,0,0,0,10,1,0,1,0,0,0,1,0,1,84.7,832.05,1,1,0,0,0,1,0,0,0,0,1,0,0.1016745693535802,1,1,0,3,7.7,1,0,1,1,0,3,0.11668611435239207
0,0,1,1,2,1,0,0,0,0,0,1,1,1,89.55,185.55,1,1,0,0,0,1,0,1,0,0,0,0,0.4800321629589922,0,2,0,3,29.849999999999998,1,0,0,1,0,3,0.022087244616234125
0,0,0,0,23,1,1,0,0,0,1,1,0,1,90.6,1943.2,1,1,0,0,0,1,0,0,0,1,0,1,0.0466001440181051,1,1,1,4,3.775,0,0,1,1,1,4,0.2510917030567686
0,0,1,1,26,1,0,0,0,0,0,0,0,1,20.05,505.9,0,0,1,0,0,0,1,1,0,0,0,2,0.0395541526928388,0,0,0,1,0.7425925925925926,0,1,0,0,0,1,1.2351543942992873
1,1,1,0,72,1,1,1,1,1,0,1,1,1,112.4,8046.85,0,0,0,1,0,1,0,0,0,1,0,3,0.0139664630926272,3,2,1,7,1.5397260273972604,0,2,1,0,0,7,0.6349206349206349
1,0,1,0,34,1,0,0,0,0,1,0,0,0,50.2,1815.3,0,1,0,0,1,0,0,1,0,0,0,2,0.0276386059571656,1,0,0,2,1.4342857142857144,0,0,1,0,0,2,0.6640625
0,0,0,0,10,1,0,1,0,0,1,1,0,0,62.25,612.95,0,1,0,0,1,0,0,1,0,0,0,0,0.101392621548986,2,1,0,4,5.659090909090909,0,0,1,0,0,4,0.15810276679841898
1,0,0,0,14,1,0,1,0,0,1,0,0,0,55.7,795.15,0,0,1,0,1,0,0,0,0,0,1,1,0.0699616906361866,2,0,0,3,3.7133333333333334,0,1,1,0,0,3,0.24691358024691357
1,0,0,0,23,1,1,1,0,0,0,1,0,1,90.05,2169.8,1,1,0,0,0,1,0,1,0,0,0,1,0.0414824028008107,1,1,1,4,3.752083333333333,0,0,1,1,0,4,0.2526084568918177
0,0,1,0,47,1,0,0,0,0,0,0,0,0,19.65,973.1,0,0,0,1,0,0,1,0,0,0,1,2,0.0201724668925161,0,0,0,1,0.409375,0,2,0,0,0,1,2.276029055690073
0,0,1,0,24,1,0,1,0,0,1,0,1,1,89.25,2210.2,0,1,0,0,0,1,0,0,0,1,0,1,0.0403626989869754,2,1,0,4,3.57,0,0,1,1,0,4,0.2659279778393352
0,0,1,0,49,1,1,0,1,0,0,1,1,1,99.05,4853.75,1,1,0,0,0,1,0,1,0,0,0,3,0.0204026983881765,1,2,1,5,1.9809999999999999,0,0,1,1,0,5,0.4897551224387806
0,1,0,0,20,1,0,1,0,0,1,0,0,0,54.0,1055.9,0,0,1,0,1,0,0,0,0,0,1,1,0.0510928186204938,2,0,0,3,2.5714285714285716,0,1,1,0,0,3,0.36363636363636365
1,0,0,0,2,1,0,0,0,0,0,0,0,0,69.75,144.55,1,1,0,0,0,1,0,1,0,0,0,0,0.4792167639986258,0,0,0,1,23.25,0,0,0,1,0,1,0.028268551236749116
1,0,0,0,2,1,0,0,1,0,0,0,0,1,49.05,91.1,1,1,0,0,1,0,0,0,1,0,0,0,0.5325732899022801,1,0,0,2,16.349999999999998,0,0,1,0,0,2,0.03996003996003996
0,0,0,0,22,0,0,0,0,1,1,1,1,0,56.75,1304.85,0,0,0,1,1,0,0,1,0,0,0,1,0.0434582838764023,2,2,0,4,2.467391304347826,0,2,1,0,0,4,0.38095238095238093
0,0,0,0,7,1,1,0,0,1,0,1,1,1,98.05,713.0,1,1,0,0,0,1,0,1,0,0,0,0,0.1373249299719887,1,2,1,5,12.25625,1,0,1,1,0,5,0.0706713780918728
0,0,0,0,1,1,0,0,0,0,0,0,0,0,21.1,21.1,0,1,0,0,0,0,1,0,0,0,1,0,0.9547511312217196,0,0,0,1,10.55,0,0,0,0,0,1,0.04524886877828054
1,0,1,1,59,1,1,0,1,0,1,0,1,1,96.65,5580.8,0,1,0,0,0,1,0,1,0,0,0,3,0.0173152029811172,2,1,1,5,1.6108333333333333,0,0,1,1,0,5,0.6041986687147977
1,0,1,1,58,1,1,0,0,0,0,0,0,1,24.5,1497.9,0,0,1,0,0,0,1,0,1,0,0,3,0.0163453199012609,0,0,0,2,0.4152542372881356,0,1,0,0,0,2,2.2745098039215685
1,0,0,0,41,1,1,1,1,1,1,1,1,1,114.5,4527.45,1,1,0,0,0,1,0,1,0,0,0,2,0.0252845896498802,4,2,1,8,2.7261904761904763,0,0,1,1,0,8,0.354978354978355
1,1,0,0,59,1,1,0,1,0,0,0,0,1,79.2,4590.35,0,0,0,1,0,1,0,0,1,0,0,3,0.017249828481819,1,0,0,3,1.32,0,2,1,0,0,3,0.7356608478802992
1,0,1,1,3,1,0,0,0,0,0,0,0,1,69.55,200.2,0,1,0,0,0,1,0,0,0,1,0,0,0.345675944333996,0,0,0,1,17.3875,0,0,0,1,1,1,0.042523033309709427
0,0,0,0,32,1,0,0,0,0,0,0,0,1,20.05,614.45,0,0,0,1,0,0,1,1,0,0,0,2,0.0325777886099601,0,0,0,1,0.6075757575757575,0,2,0,0,0,1,1.520190023752969
0,1,1,0,46,1,1,0,0,1,0,1,1,1,98.85,4564.9,0,1,0,0,0,1,0,0,0,1,0,2,0.0216496200091986,1,2,1,5,2.103191489361702,0,0,1,1,1,5,0.4606910365548323
0,0,1,1,0,1,1,0,0,0,0,0,0,0,25.75,25.75,0,0,0,1,0,0,1,0,0,0,1,0,0.9626168224299064,0,0,0,2,25.75,0,2,0,0,0,2,0.0
0,0,0,0,2,1,0,0,0,0,0,0,1,1,80.95,171.15,1,1,0,0,0,1,0,0,0,1,0,0,0.470229451060122,0,1,0,2,26.983333333333334,1,0,0,1,1,2,0.024405125076266014
1,0,1,1,52,1,0,0,0,0,0,0,0,0,19.6,1012.4,0,0,1,0,0,0,1,0,1,0,0,3,0.0193408328399447,0,0,0,1,0.369811320754717,0,1,0,0,0,1,2.524271844660194
1,1,0,0,13,1,0,0,0,1,0,0,0,1,74.3,940.35,1,1,0,0,0,1,0,0,0,1,0,1,0.0789291974292239,1,0,0,2,5.307142857142857,0,0,1,1,1,2,0.17264276228419656
1,1,0,0,11,1,0,0,0,0,0,1,1,0,89.7,1047.7,1,1,0,0,0,1,0,1,0,0,0,0,0.0855344712501191,0,2,0,3,7.4750000000000005,1,0,0,1,0,3,0.12127894156560087
0,0,0,0,32,1,1,1,0,0,1,0,0,0,87.65,2766.4,0,1,0,0,0,1,0,1,0,0,0,2,0.0316723278167232,2,0,0,4,2.6560606060606062,0,0,1,1,0,4,0.36097010716300054
0,1,1,0,17,1,1,0,0,1,0,1,1,1,100.45,1622.45,1,1,0,0,0,1,0,0,1,0,0,1,0.0618744032769718,1,2,1,5,5.580555555555556,0,0,1,1,0,5,0.16757023164120255
1,0,0,0,16,1,1,0,0,0,0,0,0,1,74.75,1129.35,0,1,0,0,0,1,0,0,1,0,0,1,0.066129959746981,0,0,0,2,4.397058823529412,0,0,0,1,0,2,0.21122112211221122
1,0,0,0,51,1,1,1,1,1,0,1,1,0,107.45,5680.9,0,0,1,0,0,1,0,1,0,0,0,3,0.0189109276826413,3,2,1,7,2.066346153846154,0,1,1,0,0,7,0.4702627939142462
0,0,0,0,29,1,0,0,0,1,1,1,1,1,75.35,2243.9,0,0,1,0,1,0,0,1,0,0,0,2,0.0335649694863913,2,2,0,5,2.5116666666666663,0,1,1,0,0,5,0.3798297314996726
0,0,1,0,70,1,0,1,1,1,1,0,0,0,64.95,4523.25,0,0,0,1,1,0,0,0,1,0,0,3,0.0143559706028623,4,0,0,5,0.9147887323943662,0,2,1,0,0,5,1.061410159211524
1,0,1,1,71,1,1,1,0,1,1,0,1,0,100.45,7159.7,0,0,0,1,0,1,0,0,0,1,0,3,0.014027958160515,3,1,1,6,1.395138888888889,0,2,1,0,0,6,0.6998521439132578
0,0,1,1,41,1,1,0,1,1,0,1,0,0,68.5,2839.95,0,0,1,0,1,0,0,1,0,0,0,2,0.0241116527921997,2,1,0,5,1.630952380952381,0,1,1,0,0,5,0.5899280575539568
0,0,0,0,1,1,0,0,0,0,0,1,0,1,80.55,80.55,0,1,0,0,0,1,0,0,0,1,0,0,0.987737584304108,0,1,0,2,40.275,1,0,0,1,1,2,0.012262415695892091
1,0,1,0,7,1,0,1,0,1,1,1,1,0,81.25,580.1,0,1,0,0,1,0,0,1,0,0,0,0,0.139821029082774,3,2,0,6,10.15625,1,0,1,0,0,6,0.0851063829787234
0,0,1,1,25,1,0,0,0,0,0,1,1,1,90.4,2178.6,1,0,1,0,0,1,0,0,0,1,0,2,0.0414755000917599,0,2,1,3,3.476923076923077,0,1,0,0,1,3,0.2735229759299781
0,0,1,1,67,1,1,1,1,0,1,0,0,0,89.55,6038.55,0,0,1,0,0,1,0,0,0,1,0,3,0.0148272636206339,3,0,0,5,1.3169117647058823,0,1,1,0,0,5,0.7399226946438432
0,0,1,1,5,1,1,0,0,0,1,0,0,1,55.7,259.4,0,1,0,0,1,0,0,0,0,0,1,0,0.2139016897081413,1,0,0,3,9.283333333333333,0,0,1,0,0,3,0.08818342151675485
0,0,0,1,15,1,1,0,0,0,0,0,0,1,24.8,324.15,0,1,0,0,0,0,1,0,0,1,0,1,0.0762724896201753,0,0,0,2,1.55,0,0,0,0,1,2,0.5813953488372093
1,0,1,1,20,1,0,0,0,0,0,0,0,0,20.0,417.65,0,1,0,0,0,0,1,0,0,1,0,1,0.0477726024125164,0,0,0,1,0.9523809523809523,0,0,0,0,1,1,0.9523809523809523
0,0,1,1,3,1,0,0,1,1,0,0,0,1,56.15,168.15,1,1,0,0,1,0,0,0,0,0,1,0,0.3319538870824711,2,0,0,3,14.0375,0,0,1,0,0,3,0.05249343832020997
0,0,1,1,54,1,1,0,1,0,1,1,1,1,105.2,5637.85,0,0,1,0,0,1,0,0,0,1,0,3,0.0186562862995114,2,2,1,6,1.9127272727272728,0,1,1,0,1,6,0.5084745762711864
0,0,0,0,42,1,0,0,0,0,0,0,0,1,19.55,839.4,0,0,1,0,0,0,1,0,0,0,1,2,0.0232627320323655,0,0,0,1,0.45465116279069767,0,1,0,0,0,1,2.043795620437956
1,0,1,0,9,1,0,0,0,0,0,0,1,1,79.75,769.1,0,1,0,0,0,1,0,0,0,1,0,0,0.103557979483184,0,1,0,2,7.975,1,0,0,1,1,2,0.11145510835913312
1,0,0,0,63,1,1,0,1,0,0,1,1,0,97.45,6253.0,0,0,0,1,0,1,0,1,0,0,0,3,0.0155820275023984,1,2,1,5,1.52265625,0,2,1,0,0,5,0.6399187404773997
1,0,1,0,69,1,1,0,0,0,0,0,0,0,24.25,1641.8,0,0,0,1,0,0,1,1,0,0,0,3,0.0147613830046262,0,0,0,2,0.3464285714285714,0,2,0,0,0,2,2.732673267326733
1,0,0,0,69,1,1,0,0,0,0,0,0,0,24.6,1678.05,0,0,0,1,0,0,1,0,1,0,0,3,0.0146511420148298,0,0,0,2,0.3514285714285714,0,2,0,0,0,2,2.6953125
0,0,1,0,40,1,0,0,1,0,0,0,0,1,50.15,2058.5,0,1,0,0,1,0,0,0,0,0,1,2,0.0243505705268269,1,0,0,2,1.223170731707317,0,0,1,0,0,2,0.7820136852394917
0,0,0,0,60,0,0,1,1,1,0,0,0,0,39.6,2424.5,0,0,0,1,1,0,0,1,0,0,0,3,0.0163265306122449,3,0,0,3,0.6491803278688525,0,2,1,0,0,3,1.477832512315271
1,0,0,0,4,1,0,1,0,1,1,0,1,1,94.4,387.2,1,1,0,0,0,1,0,1,0,0,0,0,0.2431736218444101,3,1,1,5,18.880000000000003,1,0,1,1,0,5,0.04192872117400419
1,1,0,0,71,1,1,1,1,1,1,1,1,0,89.85,6293.45,0,0,0,1,1,0,0,0,0,0,1,3,0.0142744798989586,4,2,0,8,1.2479166666666666,0,2,1,0,0,8,0.7815079801871216
1,0,1,0,37,1,1,0,0,1,0,0,0,1,78.95,2839.65,1,1,0,0,0,1,0,0,1,0,0,2,0.027792934715646,1,0,0,3,2.0776315789473685,0,0,1,1,0,3,0.4627892432770481
0,0,1,0,32,1,1,0,1,0,0,1,1,1,98.85,3145.9,0,1,0,0,0,1,0,0,1,0,0,2,0.0314118656455559,1,2,1,5,2.995454545454545,0,0,1,1,0,5,0.32048072108162245
0,0,0,0,39,1,1,0,0,0,1,0,0,1,53.85,2200.7,0,0,0,1,1,0,0,0,1,0,0,2,0.0244583730753508,1,0,0,3,1.34625,0,2,1,0,0,3,0.7110300820419325
1,0,0,0,38,1,1,0,0,0,0,0,0,1,24.25,914.4,0,0,1,0,0,0,1,0,0,1,0,2,0.02649115140922,0,0,0,2,0.6217948717948718,0,1,0,0,1,2,1.504950495049505
0,0,0,0,52,1,1,0,0,1,0,0,1,1,89.45,4577.75,0,0,0,1,0,1,0,0,1,0,0,3,0.0195358995358995,1,1,0,4,1.687735849056604,0,2,1,0,0,4,0.5749032614704256
1,0,1,1,48,1,1,1,1,0,0,1,1,1,105.25,4997.5,0,1,0,0,0,1,0,0,1,0,0,2,0.0210563168950685,2,2,1,6,2.1479591836734695,0,0,1,1,0,6,0.45176470588235296
0,0,1,1,70,0,0,1,0,1,1,1,1,0,59.5,4144.8,0,0,0,1,1,0,0,1,0,0,0,3,0.0143518741859231,3,2,0,5,0.8380281690140845,0,2,1,0,0,5,1.1570247933884297
0,0,0,0,20,1,0,0,0,0,0,0,0,0,70.55,1493.55,0,1,0,0,0,1,0,0,1,0,0,1,0.0472048442675052,0,0,0,1,3.3595238095238096,0,0,0,1,0,1,0.27952480782669464
1,0,0,0,50,1,1,1,0,1,1,1,1,1,82.5,4179.1,0,0,1,0,1,0,0,0,1,0,0,3,0.0197363699433027,3,2,0,7,1.6176470588235294,0,1,1,0,0,7,0.5988023952095808
1,0,0,0,19,0,0,0,0,0,0,1,1,1,44.85,893.55,1,0,1,0,1,0,0,0,1,0,0,1,0.0501369403610754,0,2,0,2,2.2425,0,1,0,0,0,2,0.4143947655398037
0,0,1,1,25,1,0,1,1,1,0,0,0,1,61.6,1611.0,0,0,1,0,1,0,0,1,0,0,0,2,0.038213399503722,3,0,0,4,2.3692307692307693,0,1,1,0,0,4,0.3993610223642172
0,0,0,0,12,1,0,0,1,0,0,0,0,1,49.05,593.05,0,1,0,0,1,0,0,1,0,0,0,0,0.0825688073394495,1,0,0,2,3.773076923076923,0,0,1,0,0,2,0.23976023976023977
0,1,1,0,39,1,1,0,1,1,0,1,1,1,105.65,4284.8,1,1,0,0,0,1,0,0,0,1,0,2,0.0246511736431938,2,2,1,6,2.6412500000000003,0,0,1,1,1,6,0.3656821378340365
0,0,0,0,7,1,0,0,0,1,0,0,0,0,74.65,544.55,1,1,0,0,0,1,0,0,0,0,1,0,0.1368343873155531,1,0,0,2,9.33125,1,0,1,1,0,2,0.09253139458030403
1,0,1,1,23,1,0,1,1,1,1,0,0,1,66.25,1533.8,0,0,1,0,1,0,0,0,0,0,1,1,0.0431652332551472,4,0,0,5,2.7604166666666665,0,1,1,0,0,5,0.3420074349442379
0,0,0,0,27,1,0,0,0,0,0,0,0,1,19.4,529.8,0,1,0,0,0,0,1,0,0,1,0,2,0.0365486058779201,0,0,0,1,0.6928571428571428,0,0,0,0,1,1,1.323529411764706
0,1,0,0,47,1,1,0,0,0,0,1,0,1,86.05,3865.6,0,1,0,0,0,1,0,0,1,0,0,2,0.022254694046449,0,1,0,3,1.7927083333333333,0,0,0,1,0,3,0.539919586444572
0,0,1,1,26,1,0,0,0,0,0,0,0,1,19.15,515.75,0,0,0,1,0,0,1,0,1,0,0,2,0.0370585389453314,0,0,0,1,0.7092592592592593,0,2,0,0,0,1,1.2903225806451615
1,0,1,0,14,1,1,1,0,0,0,1,0,1,64.7,941.0,1,1,0,0,1,0,0,1,0,0,0,1,0.0686836518046709,1,1,0,4,4.3133333333333335,0,0,1,0,0,4,0.213089802130898
1,1,1,0,11,1,1,0,0,1,1,1,1,1,104.05,1133.65,1,1,0,0,0,1,0,1,0,0,0,0,0.0917022870488696,2,2,1,6,8.670833333333333,1,0,1,1,0,6,0.10471204188481675
0,0,0,1,2,1,0,0,0,0,0,0,0,0,19.25,48.35,0,1,0,0,0,0,1,0,0,0,1,0,0.3900709219858156,0,0,0,1,6.416666666666667,0,0,0,0,0,1,0.09876543209876543
1,0,1,1,26,1,0,1,1,0,0,0,0,0,81.95,2070.05,0,1,0,0,0,1,0,0,0,1,0,2,0.0395693005963158,2,0,0,3,3.035185185185185,0,0,1,1,0,3,0.31344183242917417
1,1,1,0,72,1,1,1,1,1,1,1,1,1,114.65,8333.95,0,0,0,1,0,1,0,1,0,0,0,3,0.0137553314656956,4,2,1,8,1.5705479452054796,0,2,1,0,0,8,0.622568093385214
1,0,1,1,63,1,0,0,0,0,0,0,0,0,20.0,1209.25,0,0,0,1,0,0,1,0,1,0,0,3,0.0165255112580045,0,0,0,1,0.3125,0,2,0,0,0,1,3.0
0,0,1,1,71,1,0,0,0,0,0,0,0,0,19.8,1396.25,0,0,0,1,0,0,1,0,0,0,1,3,0.0141706924315619,0,0,0,1,0.275,0,2,0,0,0,1,3.4134615384615383
0,0,1,1,11,1,1,1,0,0,0,1,0,1,65.15,723.35,0,1,0,0,1,0,0,1,0,0,0,0,0.0899427072547801,1,1,0,4,5.429166666666667,0,0,1,0,0,4,0.16628873771730912
0,1,1,0,14,1,0,0,0,0,0,0,0,0,19.65,228.65,0,0,1,0,0,0,1,0,0,0,1,1,0.085564990202482,0,0,0,1,1.3099999999999998,0,1,0,0,0,1,0.6779661016949153
1,0,0,1,13,1,1,1,1,1,1,1,1,0,88.95,1161.75,0,0,0,1,1,0,0,0,1,0,0,1,0.0764996774887121,4,2,0,8,6.353571428571429,0,2,1,0,0,8,0.14452473596442467
0,0,0,1,6,1,0,0,0,0,0,0,0,1,20.2,98.35,0,1,0,0,0,0,1,0,0,0,1,0,0.2033215903371917,0,0,0,1,2.8857142857142857,0,0,0,0,0,1,0.2830188679245283
0,1,1,1,11,1,1,0,0,0,0,0,0,1,75.2,775.3,0,1,0,0,0,1,0,0,1,0,0,0,0.0968697668427154,0,0,0,2,6.266666666666667,1,0,0,1,0,2,0.1443569553805774
0,0,1,0,18,1,1,0,1,0,0,0,0,0,56.8,1074.65,0,1,0,0,1,0,0,0,1,0,0,1,0.0528052805280528,1,0,0,3,2.9894736842105263,0,0,1,0,0,3,0.31141868512110726
0,0,0,0,1,0,0,0,0,0,0,0,1,1,35.55,35.55,1,1,0,0,1,0,0,0,0,1,0,0,0.9726402188782488,0,1,0,1,17.775,0,0,0,0,1,1,0.02735978112175103
1,0,1,0,32,1,0,1,0,0,0,0,0,1,75.5,2324.7,0,1,0,0,0,1,0,1,0,0,0,2,0.0324633443694371,1,0,0,2,2.287878787878788,0,0,1,1,0,2,0.41830065359477125
0,0,0,0,29,0,0,1,0,0,1,0,0,0,35.6,1072.6,0,0,1,0,1,0,0,0,0,0,1,2,0.0331594634873323,2,0,0,2,1.1866666666666668,0,1,1,0,0,2,0.7923497267759563
1,0,0,0,3,1,1,0,0,0,0,1,0,1,60.25,170.5,0,1,0,0,1,0,0,0,0,1,0,0,0.3513119533527696,0,1,0,3,15.0625,0,0,0,0,1,3,0.04897959183673469
1,0,0,0,2,1,1,0,0,0,0,1,1,1,95.15,196.9,1,1,0,0,0,1,0,0,0,1,0,0,0.4807983830217281,0,2,1,4,31.71666666666667,1,0,0,1,1,4,0.02080083203328133
0,0,1,1,13,1,0,0,0,1,0,1,1,1,96.65,1162.85,1,1,0,0,0,1,0,0,0,0,1,1,0.083043347510418,1,2,1,4,6.903571428571429,0,0,1,1,0,4,0.13312852022529442
1,0,0,0,41,0,0,0,1,0,0,0,1,1,40.35,1677.85,0,1,0,0,1,0,0,0,0,1,0,2,0.0240343091997498,1,1,0,2,0.9607142857142857,0,0,1,0,1,2,0.9915356711003627
1,0,0,0,1,1,0,0,0,0,0,0,0,0,18.85,18.85,0,1,0,0,0,0,1,0,0,1,0,0,0.9496221662468514,0,0,0,1,9.425,0,0,0,0,1,1,0.05037783375314861
0,0,0,0,7,1,0,0,0,0,0,1,0,0,54.85,370.4,0,1,0,0,1,0,0,0,0,0,1,0,0.1476844372644049,0,1,0,2,6.85625,0,0,0,0,0,2,0.12533572068039392
1,0,1,0,52,1,0,1,0,1,0,1,0,1,64.3,3410.6,0,0,1,0,1,0,0,0,0,0,1,3,0.0188474616015945,2,1,0,4,1.2132075471698112,0,1,1,0,0,4,0.7963246554364471
1,0,1,1,45,1,1,0,0,0,0,0,0,1,24.65,1138.8,0,0,0,1,0,0,1,1,0,0,0,2,0.0216266011580979,0,0,0,2,0.5358695652173913,0,2,0,0,0,2,1.7543859649122808
0,0,1,0,70,1,1,0,1,1,1,1,0,0,76.1,5264.25,0,0,0,1,1,0,0,0,1,0,0,3,0.0144532548312045,3,1,0,6,1.0718309859154929,0,2,1,0,0,6,0.9079118028534372
1,0,0,0,53,1,0,0,0,0,0,0,0,0,18.7,1005.7,0,0,0,1,0,0,1,0,0,0,1,3,0.0185755438561637,0,0,0,1,0.34629629629629627,0,2,0,0,0,1,2.690355329949239
1,1,1,0,62,1,1,0,1,1,0,1,0,1,97.95,5936.55,0,0,1,0,0,1,0,0,1,0,0,3,0.0164967031856573,2,1,1,5,1.5547619047619048,0,1,1,0,0,5,0.6265790803436079
1,0,1,0,60,1,1,1,1,0,0,0,1,1,94.1,5475.9,0,1,0,0,0,1,0,0,1,0,0,3,0.0171812521681973,2,1,1,5,1.542622950819672,0,0,1,1,0,5,0.6309148264984228
1,1,1,0,3,1,0,0,0,0,0,1,0,1,80.4,224.05,1,1,0,0,0,1,0,0,0,1,0,0,0.357253943568096,0,1,0,2,20.1,1,0,0,1,1,2,0.036855036855036855
1,1,1,0,23,1,0,1,0,0,0,1,1,1,95.1,2326.05,0,1,0,0,0,1,0,0,0,1,0,1,0.0408671923680195,1,2,1,4,3.9625,0,0,1,1,0,4,0.2393340270551509
0,0,0,1,1,0,0,0,1,0,0,0,0,1,31.35,31.35,1,1,0,0,1,0,0,0,0,0,1,0,0.9690880989180836,1,0,0,1,15.675,0,0,1,0,0,1,0.030911901081916538
1,0,0,0,67,1,0,1,0,1,1,0,1,1,72.35,4991.5,0,0,1,0,1,0,0,1,0,0,0,3,0.0144917376064096,3,1,0,5,1.0639705882352941,0,1,1,0,0,5,0.9134287661895024
1,0,0,0,12,1,1,0,1,0,0,1,0,1,89.75,1052.4,1,1,0,0,0,1,0,1,0,0,0,0,0.0852003037782418,1,1,0,4,6.903846153846154,0,0,1,1,0,4,0.1322314049586777
1,1,1,0,71,1,1,1,1,1,1,0,1,1,82.7,5831.2,0,0,0,1,1,0,0,1,0,0,0,3,0.0141798978087171,4,1,0,7,1.1486111111111112,0,2,1,0,0,7,0.8482676224611708
0,0,0,0,25,1,0,0,0,0,0,0,0,0,19.9,510.8,0,0,1,0,0,0,1,0,1,0,0,2,0.0388823759280969,0,0,0,1,0.7653846153846153,0,1,0,0,0,1,1.1961722488038278
1,0,0,0,5,1,1,1,0,0,0,0,0,1,53.8,283.95,0,1,0,0,1,0,0,0,0,1,0,0,0.188805053518161,1,0,0,3,8.966666666666667,0,0,1,0,0,3,0.09124087591240876
0,0,0,0,26,1,1,0,0,0,0,0,0,1,51.55,1295.4,0,0,1,0,1,0,0,0,1,0,0,2,0.0397639617402036,0,0,0,2,1.9092592592592592,0,1,0,0,0,2,0.49476688867745006
0,0,1,1,1,1,0,0,0,0,0,0,0,0,19.65,19.65,0,0,1,0,0,0,1,0,0,0,1,0,0.9515738498789348,0,0,0,1,9.825,0,1,0,0,0,1,0.04842615012106538
0,1,0,0,70,0,0,0,1,1,0,1,0,1,44.05,3011.65,0,0,1,0,1,0,0,0,1,0,0,3,0.0146216785886179,2,1,0,3,0.6204225352112676,0,1,1,0,0,3,1.553829078801332
0,0,1,1,72,1,1,1,1,1,1,1,1,1,114.0,8093.15,0,0,0,1,0,1,0,0,0,1,0,3,0.0140842460295398,4,2,1,8,1.5616438356164384,0,2,1,0,0,8,0.6260869565217392
0,0,1,0,60,1,0,0,1,0,0,1,1,1,94.4,5610.25,1,0,1,0,0,1,0,0,0,1,0,3,0.0168233459567832,1,2,1,4,1.5475409836065575,0,1,1,0,1,4,0.6289308176100629
1,1,1,1,32,1,1,0,1,0,0,1,1,1,100.4,3217.65,0,1,0,0,0,1,0,0,0,1,0,2,0.0311932021189007,1,2,1,5,3.0424242424242425,0,0,1,1,1,5,0.3155818540433925
0,0,0,0,1,1,0,0,0,0,0,0,0,1,19.85,19.85,1,1,0,0,0,0,1,0,0,1,0,0,0.9520383693045564,0,0,0,1,9.925,0,0,0,0,1,1,0.047961630695443645
1,0,0,0,14,1,1,0,1,0,0,0,0,1,54.25,773.2,0,0,1,0,1,0,0,0,0,0,1,1,0.0700723327305605,1,0,0,3,3.6166666666666667,0,1,1,0,0,3,0.25339366515837103
1,0,0,0,13,1,1,1,0,0,0,0,0,1,80.0,1029.35,0,1,0,0,0,1,0,0,1,0,0,1,0.0776435191925074,1,0,0,3,5.714285714285714,0,0,1,1,0,3,0.16049382716049382
1,0,0,0,6,1,1,0,1,1,1,1,1,1,109.9,669.45,1,1,0,0,0,1,0,0,1,0,0,0,0.1639197553881721,3,2,1,7,15.700000000000001,1,0,1,1,0,7,0.05410279531109107
1,0,0,0,46,1,1,1,0,1,0,1,1,0,79.2,3593.8,0,0,0,1,1,0,0,0,0,0,1,2,0.02203182374541,2,2,0,6,1.6851063829787234,0,2,1,0,0,6,0.57356608478803
0,0,0,0,15,1,0,0,0,1,1,1,1,1,101.35,1553.95,1,1,0,0,0,1,0,0,0,1,0,1,0.0651789446606,2,2,1,5,6.334375,0,0,1,1,1,5,0.14655593551538837
0,1,1,0,43,1,1,0,1,0,1,1,0,1,94.3,3953.15,0,1,0,0,0,1,0,0,0,1,0,2,0.023848361847679,2,1,1,5,2.143181818181818,0,0,1,1,1,5,0.4512067156348374
0,0,0,0,39,1,0,0,0,0,1,0,0,1,49.8,1971.15,0,0,0,1,1,0,0,1,0,0,0,2,0.0252516289328905,1,0,0,2,1.2449999999999999,0,2,1,0,0,2,0.767716535433071
0,1,0,0,21,1,0,0,0,1,0,1,0,1,60.05,1236.15,1,1,0,0,1,0,0,1,0,0,0,1,0.0485389807218203,1,1,0,3,2.7295454545454545,0,0,1,0,0,3,0.343980343980344
0,0,0,0,57,0,0,1,0,1,0,1,1,1,53.75,3196.0,0,1,0,0,1,0,0,0,0,1,0,3,0.0168126368470441,2,2,0,4,0.9267241379310345,0,0,1,0,0,4,1.0410958904109588
1,0,1,0,53,1,0,0,0,0,1,1,1,1,93.45,4872.2,0,0,1,0,0,1,0,0,0,1,0,3,0.0191763112533858,1,2,1,4,1.7305555555555556,0,1,1,0,1,4,0.5611434621492853
0,0,1,1,18,1,0,1,0,1,0,1,0,1,87.9,1500.5,0,1,0,0,0,1,0,0,0,0,1,1,0.0585414585414585,2,1,0,4,4.626315789473685,0,0,1,1,0,4,0.20247469066366702
1,0,0,0,1,1,1,0,0,0,0,0,1,1,60.15,60.15,1,1,0,0,1,0,0,0,0,1,0,0,0.983646770237122,0,1,0,3,30.075,0,0,0,0,1,3,0.016353229762878167
1,0,1,0,58,1,1,1,0,0,1,0,0,1,61.05,3478.75,0,0,1,0,1,0,0,1,0,0,0,3,0.0175443638192398,2,0,0,4,1.0347457627118644,0,1,1,0,0,4,0.9347300564061242
1,1,0,0,71,1,1,0,0,1,0,1,1,0,104.05,7413.55,0,0,0,1,0,1,0,1,0,0,0,3,0.0140332184690911,1,2,1,5,1.4451388888888888,0,2,1,0,0,5,0.6758686339838172
1,0,0,0,35,1,0,0,0,1,1,1,1,1,99.25,3532.0,0,0,1,0,0,1,0,0,0,1,0,2,0.0280922728559298,2,2,1,5,2.7569444444444446,0,1,1,0,1,5,0.3491271820448878
0,0,0,0,3,1,0,0,0,1,0,0,1,0,85.7,256.75,0,1,0,0,0,1,0,0,1,0,0,0,0.3324927255092144,1,1,0,3,21.425,1,0,1,1,0,3,0.03460207612456747
0,0,0,0,38,1,1,1,1,0,0,1,1,1,104.85,3887.25,0,0,1,0,0,1,0,0,0,1,0,2,0.0269658586767826,2,2,1,6,2.6884615384615382,0,1,1,0,0,6,0.35899858290033065
0,0,1,1,35,1,1,1,1,1,1,0,0,1,69.15,2490.15,0,0,0,1,1,0,0,0,1,0,0,2,0.0277582642554643,4,0,0,6,1.9208333333333334,0,2,1,0,0,6,0.4989308624376336
0,0,0,0,7,1,1,0,0,1,0,1,0,1,90.45,593.45,1,1,0,0,0,1,0,0,0,1,0,0,0.1521574564723694,1,1,1,4,11.30625,1,0,1,1,1,4,0.07654455986878075
1,0,0,0,47,1,0,0,0,1,1,1,1,0,74.45,3510.3,0,0,0,1,1,0,0,0,0,0,1,2,0.0212029732577677,2,2,0,5,1.5510416666666667,0,2,1,0,0,5,0.6229290921139827
1,0,0,0,14,1,0,0,1,0,0,0,0,0,50.45,765.45,0,1,0,0,1,0,0,0,0,1,0,1,0.0658229499641202,1,0,0,2,3.3633333333333337,0,0,1,0,1,2,0.27210884353741494
1,1,1,0,20,1,0,0,1,0,0,0,1,1,60.0,1259.35,0,1,0,0,1,0,0,0,0,1,0,1,0.0476058237791089,1,1,0,3,2.857142857142857,0,0,1,0,1,3,0.32786885245901637
0,0,1,0,66,1,1,1,1,0,1,1,1,0,85.25,5538.35,0,0,0,1,1,0,0,0,0,1,0,3,0.0153898923158854,3,2,0,7,1.2723880597014925,0,2,1,0,0,7,0.7652173913043478
0,0,1,0,15,1,0,0,0,0,0,0,0,1,19.45,340.85,0,1,0,0,0,0,1,0,1,0,0,1,0.0568962995465847,0,0,0,1,1.215625,0,0,0,0,0,1,0.7334963325183375
1,0,0,0,42,1,0,0,0,0,0,0,0,1,20.75,844.45,0,0,0,1,0,0,1,1,0,0,0,2,0.0245431427050683,0,0,0,1,0.48255813953488375,0,2,0,0,0,1,1.9310344827586208
1,0,1,0,17,1,1,1,0,0,0,0,0,0,78.9,1348.95,0,1,0,0,0,1,0,0,0,1,0,1,0.0584466091336716,1,0,0,3,4.383333333333334,0,0,1,1,0,3,0.21276595744680848
0,0,0,0,37,1,1,0,1,0,1,1,1,1,104.5,3778.0,0,0,1,0,0,1,0,0,1,0,0,2,0.0276528182058745,2,2,1,6,2.75,0,1,1,0,0,6,0.35071090047393366
1,0,0,0,12,1,0,0,1,0,0,0,0,1,49.4,611.65,0,1,0,0,1,0,0,0,0,1,0,0,0.0806333142903778,1,0,0,2,3.8,0,0,1,0,1,2,0.2380952380952381
0,0,1,0,53,1,0,0,1,0,0,1,1,1,94.25,4867.95,1,0,1,0,0,1,0,1,0,0,0,3,0.019357356308855,1,2,1,4,1.7453703703703705,0,1,1,0,0,4,0.5564304461942258
1,0,0,0,60,1,1,0,0,0,0,0,0,0,25.0,1505.05,0,0,0,1,0,0,1,0,0,0,1,3,0.0165997144849108,0,0,0,2,0.4098360655737705,0,2,0,0,0,2,2.3076923076923075
0,0,1,1,18,0,0,0,0,0,0,0,0,0,25.55,467.85,0,1,0,0,1,0,0,0,1,0,0,1,0.0544950410579076,0,0,0,0,1.3447368421052632,0,0,0,0,0,0,0.6779661016949152
0,0,0,0,1,1,1,0,0,0,0,0,0,1,74.9,74.9,1,1,0,0,0,1,0,0,0,1,0,0,0.9868247694334652,0,0,0,2,37.45,1,0,0,1,1,2,0.013175230566534914
1,0,0,0,3,1,0,0,0,0,0,0,0,1,70.15,194.2,0,1,0,0,0,1,0,0,0,1,0,0,0.359375,0,0,0,1,17.5375,1,0,0,1,1,1,0.04216444132115249
1,0,0,1,9,1,0,0,0,0,1,1,1,1,69.4,571.45,0,1,0,0,1,0,0,0,1,0,0,0,0.1212332954843217,1,2,0,4,6.94,0,0,1,0,0,4,0.1278409090909091
1,0,0,0,1,1,0,0,0,0,0,1,0,1,80.25,80.25,1,1,0,0,0,1,0,0,0,1,0,0,0.9876923076923076,0,1,0,2,40.125,1,0,0,1,1,2,0.012307692307692308
0,0,1,0,56,1,1,1,1,1,0,0,0,1,93.15,5253.95,0,0,1,0,0,1,0,0,0,1,0,3,0.0177261439214454,3,0,1,5,1.6342105263157896,0,1,1,0,0,5,0.5947955390334572
0,0,1,1,17,1,0,0,0,0,0,0,0,1,69.0,1149.65,1,1,0,0,0,1,0,0,0,1,0,1,0.0599661061139355,0,0,0,1,3.8333333333333335,0,0,0,1,1,1,0.24285714285714285
1,0,1,1,11,1,1,0,0,0,1,0,1,1,66.35,740.8,1,1,0,0,1,0,0,0,0,1,0,0,0.0894445942302507,1,1,0,4,5.529166666666666,0,0,1,0,1,4,0.16332590942835934
0,0,0,0,7,1,0,0,0,0,0,0,0,1,69.55,521.35,0,1,0,0,0,1,0,0,0,1,0,0,0.1331482722312625,0,0,0,1,8.69375,0,0,0,1,1,1,0.09922041105598867
1,0,1,1,69,1,0,0,0,0,0,0,0,0,20.2,1412.65,0,0,0,1,0,0,1,1,0,0,0,3,0.0142892512290878,0,0,0,1,0.28857142857142853,0,2,0,0,0,1,3.2547169811320757
0,0,0,0,19,1,1,0,0,0,0,0,1,1,86.0,1532.45,1,1,0,0,0,1,0,1,0,0,0,1,0.0560826893605921,0,1,0,3,4.3,0,0,0,1,0,3,0.21839080459770116
1,0,1,1,3,1,0,0,0,0,0,0,1,1,80.3,250.05,1,1,0,0,0,1,0,0,0,1,0,0,0.319856602270464,0,1,0,2,20.075,1,0,0,1,1,2,0.03690036900369004
0,0,1,1,54,1,0,0,0,0,0,0,0,0,20.4,1090.6,0,0,0,1,0,0,1,0,1,0,0,3,0.0186881641626969,0,0,0,1,0.3709090909090909,0,2,0,0,0,1,2.5233644859813085
0,0,1,0,62,1,1,0,0,0,0,0,0,1,23.75,1446.8,0,0,1,0,0,0,1,0,1,0,0,3,0.0164041994750656,0,0,0,2,0.376984126984127,0,1,0,0,0,2,2.505050505050505
0,0,0,0,24,1,1,0,1,0,0,1,0,1,90.55,2282.55,1,1,0,0,0,1,0,0,1,0,0,1,0.0396531715968557,1,1,1,4,3.622,0,0,1,1,0,4,0.2621518296013108
1,0,1,1,62,1,1,0,0,0,0,1,1,1,70.45,4300.45,0,1,0,0,1,0,0,0,1,0,0,3,0.0163781980494949,0,2,0,4,1.1182539682539683,0,0,0,0,0,4,0.867739678096571
0,0,0,0,17,1,1,1,0,0,0,0,1,0,65.75,1111.2,0,1,0,0,1,0,0,1,0,0,0,1,0.0591170652760294,1,1,0,4,3.6527777777777777,0,0,1,0,0,4,0.2546816479400749
0,0,0,0,9,0,0,0,0,0,0,0,0,1,24.6,190.1,0,1,0,0,1,0,0,0,0,0,1,0,0.1287284144427001,0,0,0,0,2.46,0,0,0,0,0,0,0.3515625
0,0,1,1,64,1,0,1,0,1,1,1,0,0,69.25,4447.75,0,0,0,1,1,0,0,0,0,0,1,3,0.0155661702725484,3,1,0,5,1.0653846153846154,0,2,1,0,0,5,0.9110320284697508
1,0,0,0,2,1,1,0,0,0,0,0,0,1,75.9,143.35,1,1,0,0,0,1,0,0,0,1,0,0,0.5258053342570143,0,0,0,2,25.3,1,0,0,1,1,2,0.02600780234070221
0,0,1,1,1,1,0,0,0,0,0,0,0,1,45.85,45.85,1,1,0,0,1,0,0,0,0,0,1,0,0.9786552828175028,0,0,0,1,22.925,0,0,0,0,0,1,0.021344717182497332
1,0,1,0,16,0,0,0,0,0,1,1,1,1,49.95,810.2,1,1,0,0,1,0,0,0,0,1,0,1,0.0615754437869822,1,2,0,3,2.9382352941176473,0,0,1,0,1,3,0.31403336604514226
1,0,1,0,72,1,1,0,0,0,0,0,0,0,24.65,1830.05,0,0,0,1,0,0,1,1,0,0,0,3,0.0134622211299527,0,0,0,2,0.3376712328767123,0,2,0,0,0,2,2.8070175438596494
0,0,0,0,30,1,1,1,1,1,0,0,0,0,90.4,2820.65,0,0,1,0,0,1,0,1,0,0,0,2,0.0320379919550617,3,0,1,5,2.916129032258065,0,1,1,0,0,5,0.3282275711159737
1,0,1,0,49,1,1,1,0,0,0,1,1,1,100.85,4847.35,0,1,0,0,0,1,0,0,0,0,1,3,0.0208008910247816,1,2,1,5,2.017,0,0,1,1,0,5,0.48109965635738833
0,0,1,0,61,1,1,1,0,1,1,0,1,0,75.35,4729.3,0,0,0,1,1,0,0,0,1,0,0,3,0.0159292222480603,3,1,0,6,1.2153225806451613,0,2,1,0,0,6,0.7989521938441388
0,0,1,1,47,1,1,0,1,0,0,1,0,0,87.2,4017.45,0,1,0,0,0,1,0,0,0,1,0,2,0.0216999091689581,1,1,0,4,1.8166666666666667,0,0,1,1,1,4,0.5328798185941043
0,0,0,0,20,1,0,1,0,1,0,0,1,0,64.4,1398.6,0,1,0,0,1,0,0,0,1,0,0,1,0.046013146613318,2,1,0,4,3.066666666666667,0,0,1,0,0,4,0.3058103975535168
0,0,1,1,34,1,0,0,0,0,0,1,0,0,78.3,2564.3,1,1,0,0,0,1,0,0,0,1,0,2,0.0305227458776751,0,1,0,2,2.237142857142857,0,0,0,1,1,2,0.4287515762925599
1,0,1,1,70,1,1,0,0,0,0,0,0,0,24.7,1685.9,0,0,0,1,0,0,1,1,0,0,0,3,0.0146422431679411,0,0,0,2,0.34788732394366195,0,2,0,0,0,2,2.7237354085603114
0,0,0,1,54,1,0,1,1,0,1,1,1,1,105.85,5826.65,0,0,1,0,0,1,0,0,0,1,0,3,0.0181634106372208,3,2,1,6,1.9245454545454543,0,1,1,0,0,6,0.5053813757604119
0,1,1,0,61,1,1,0,1,1,1,1,0,1,98.3,6066.55,0,0,1,0,0,1,0,0,0,0,1,3,0.0162009377755436,3,1,1,6,1.585483870967742,0,1,1,0,0,6,0.6143001007049346
0,0,0,0,3,1,1,0,0,0,0,0,0,1,76.95,228.4,1,1,0,0,0,1,0,0,0,1,0,0,0.3354402789886661,0,0,0,2,19.2375,1,0,0,1,1,2,0.03848620910840282
0,0,0,0,13,1,0,0,0,0,0,0,0,0,19.45,270.2,0,0,1,0,0,0,1,0,0,0,1,1,0.0717182890855457,0,0,0,1,1.3892857142857142,0,1,0,0,0,1,0.6356968215158925
1,1,0,0,16,1,1,0,0,0,0,1,1,1,96.15,1529.2,1,1,0,0,0,1,0,0,0,1,0,1,0.0628349235394066,0,2,1,4,5.655882352941177,0,0,0,1,1,4,0.1646937725167267
1,0,1,1,3,1,0,0,1,0,0,1,0,1,58.7,168.6,0,1,0,0,1,0,0,0,1,0,0,0,0.3461084905660377,1,1,0,3,14.675,0,0,1,0,0,3,0.05025125628140703
0,0,0,0,25,1,0,0,0,0,0,0,0,1,20.15,536.35,0,1,0,0,0,0,1,0,0,0,1,2,0.037498836884712,0,0,0,1,0.7749999999999999,0,0,0,0,0,1,1.182033096926714
0,0,0,0,30,1,1,1,0,0,0,0,1,1,64.5,1888.45,0,1,0,0,1,0,0,0,0,0,1,2,0.0341369181507846,1,1,0,4,2.0806451612903225,0,0,1,0,0,4,0.4580152671755725
1,0,1,0,21,0,0,1,0,0,0,0,0,0,28.5,629.35,0,1,0,0,1,0,0,0,0,1,0,1,0.0452129769175854,1,0,0,1,1.2954545454545454,0,0,1,0,0,1,0.711864406779661
0,0,0,0,1,1,0,0,0,0,0,0,0,0,45.3,45.3,1,1,0,0,1,0,0,0,0,1,0,0,0.978401727861771,0,0,0,1,22.65,0,0,0,0,1,1,0.021598272138228944
1,0,0,0,15,1,0,0,0,0,0,0,0,0,19.4,289.3,1,1,0,0,0,0,1,1,0,0,0,1,0.0668274199104374,0,0,0,1,1.2125,0,0,0,0,0,1,0.7352941176470589
0,1,1,0,23,1,0,0,0,0,0,1,1,1,90.45,2117.25,0,1,0,0,0,1,0,0,0,1,0,1,0.042700342263661,0,2,1,3,3.7687500000000003,0,0,0,1,1,3,0.25150355385456535
1,0,1,1,45,1,1,1,1,0,0,1,1,1,105.15,4730.9,0,1,0,0,0,1,0,0,0,1,0,2,0.0222215177835541,2,2,1,6,2.2858695652173915,0,0,1,1,0,6,0.42392840320301456
1,0,1,1,24,1,1,0,1,1,0,0,0,0,83.15,2033.05,0,0,1,0,0,1,0,1,0,0,0,1,0.0408790344386814,2,0,0,4,3.326,0,1,1,0,0,4,0.285204991087344
1,0,0,0,11,1,1,0,0,0,1,1,0,0,90.15,987.95,1,1,0,0,0,1,0,0,0,1,0,0,0.091157288032762,1,1,1,4,7.5125,1,0,1,1,1,4,0.12068019747668678
0,0,0,0,1,1,0,0,0,0,0,0,0,0,45.05,45.05,1,1,0,0,1,0,0,0,0,0,1,0,0.97828447339848,0,0,0,1,22.525,0,0,0,0,0,1,0.02171552660152009
1,0,1,0,56,1,1,0,0,1,1,1,1,0,103.2,5744.35,0,0,0,1,0,1,0,1,0,0,0,3,0.0179623521630536,2,2,1,6,1.8105263157894738,0,2,1,0,0,6,0.5374280230326296
1,0,0,0,1,1,0,0,1,0,0,0,0,0,75.8,75.8,1,1,0,0,0,1,0,0,0,1,0,0,0.9869791666666666,1,0,0,2,37.9,1,0,1,1,1,2,0.013020833333333334
0,0,0,0,1,1,0,0,0,0,0,0,0,0,19.45,19.45,0,1,0,0,0,0,1,0,0,1,0,0,0.9511002444987776,0,0,0,1,9.725,0,0,0,0,1,1,0.0488997555012225
1,0,0,0,7,1,0,0,0,0,0,0,1,1,79.3,523.15,1,1,0,0,0,1,0,0,0,1,0,0,0.1512925689211103,0,1,0,2,9.9125,1,0,0,1,1,2,0.08717310087173101
1,1,1,0,55,1,0,0,0,1,1,1,0,0,88.8,4805.3,0,0,0,1,0,1,0,0,1,0,0,3,0.0184757505773672,2,1,0,4,1.5857142857142856,0,2,1,0,0,4,0.6124721603563474
1,0,0,0,2,0,0,0,0,0,1,0,0,1,30.9,59.05,1,1,0,0,1,0,0,0,0,1,0,0,0.514571190674438,1,0,0,1,10.299999999999999,0,0,1,0,1,1,0.06269592476489029
1,0,1,1,72,1,1,1,0,1,1,1,1,1,85.9,6110.75,0,0,0,1,1,0,0,0,1,0,0,3,0.0140548942610545,3,2,0,7,1.1767123287671233,0,2,1,0,0,7,0.8285385500575373
1,1,0,0,45,0,0,0,0,0,0,0,1,0,34.2,1596.6,0,0,1,0,1,0,0,0,0,1,0,2,0.021407110665999,0,1,0,1,0.7434782608695653,0,1,0,0,1,1,1.2784090909090908
1,0,0,0,47,1,0,0,0,0,0,0,0,0,20.15,1046.2,0,0,0,1,0,0,1,0,0,0,1,2,0.0192417876241405,0,0,0,1,0.4197916666666666,0,2,0,0,0,1,2.2222222222222223
1,1,0,0,46,1,0,0,1,0,0,1,1,0,95.25,4424.2,1,0,1,0,0,1,0,0,1,0,0,2,0.0215244508722769,1,2,1,4,2.026595744680851,0,1,1,0,0,4,0.4779220779220779
0,0,0,0,2,1,0,0,1,0,0,0,0,1,50.3,92.75,0,1,0,0,1,0,0,0,0,0,1,0,0.5365333333333333,1,0,0,2,16.766666666666666,0,0,1,0,0,2,0.038986354775828465
1,0,1,0,2,1,0,1,0,0,1,0,0,1,80.15,194.55,0,1,0,0,0,1,0,0,0,1,0,0,0.4098695985681411,2,0,0,3,26.71666666666667,1,0,1,1,0,3,0.024645717806531114
1,0,1,0,12,1,0,0,1,0,0,0,0,1,51.25,612.1,0,1,0,0,1,0,0,0,0,1,0,0,0.0835915837546892,1,0,0,2,3.9423076923076925,0,0,1,0,1,2,0.22966507177033493
1,1,1,0,68,1,1,0,1,0,0,0,1,1,89.6,6127.6,1,1,0,0,0,1,0,1,0,0,0,3,0.0146199784616388,1,1,0,4,1.298550724637681,0,0,1,1,0,4,0.750551876379691
0,0,1,1,69,1,0,0,0,0,1,1,1,1,95.2,6671.7,0,0,0,1,0,1,0,0,1,0,0,3,0.0142670882851019,1,2,1,4,1.36,0,2,1,0,0,4,0.7172557172557172
0,1,0,1,56,1,0,1,0,0,0,1,1,0,94.8,5264.3,0,0,1,0,0,1,0,0,1,0,0,3,0.0180046720984559,1,2,1,4,1.663157894736842,0,1,1,0,0,4,0.5845511482254697
1,1,0,0,4,1,1,1,0,0,0,0,0,1,80.25,303.7,0,1,0,0,0,1,0,0,0,1,0,0,0.2633738103052183,1,0,0,3,16.05,1,0,1,1,0,3,0.04923076923076923
0,0,1,0,64,1,1,0,1,1,1,1,0,1,76.1,4818.8,0,0,0,1,1,0,0,1,0,0,0,3,0.0157890368894974,3,1,0,6,1.1707692307692308,0,2,1,0,0,6,0.8300907911802854
0,0,1,0,59,1,1,1,1,1,0,1,1,1,110.15,6448.05,1,0,1,0,0,1,0,0,0,1,0,3,0.0170800350439211,3,2,1,7,1.8358333333333334,0,1,1,0,0,7,0.5308142150247414
0,0,1,1,62,1,1,1,1,1,1,1,1,0,115.55,7159.05,0,0,0,1,0,1,0,1,0,0,0,3,0.0161381554598082,4,2,1,8,1.834126984126984,0,2,1,0,0,8,0.531960531960532
0,0,1,1,63,1,1,0,0,0,0,0,0,0,24.65,1574.5,0,0,0,1,0,0,1,0,1,0,0,3,0.0156458267216756,0,0,0,2,0.38515625,0,2,0,0,0,2,2.456140350877193
1,0,0,0,53,0,0,1,1,1,1,1,0,1,53.6,2879.2,0,0,1,0,1,0,0,0,0,1,0,3,0.0186098187625859,4,1,0,5,0.9925925925925926,0,1,1,0,0,5,0.9706959706959707
0,0,1,1,5,1,0,0,0,0,0,0,0,0,19.45,86.05,0,1,0,0,0,0,1,0,0,0,1,0,0.2234348075818495,0,0,0,1,3.2416666666666667,0,0,0,0,0,1,0.24449877750611249
0,1,1,0,49,1,1,1,1,1,0,0,0,1,88.2,4159.45,0,1,0,0,0,1,0,0,0,1,0,3,0.0211996298477328,3,0,0,5,1.764,0,0,1,1,0,5,0.5493273542600897
1,0,1,1,62,1,1,1,0,0,0,1,1,1,101.15,6638.35,0,0,0,1,0,1,0,1,0,0,0,3,0.0152349251056202,1,2,1,5,1.6055555555555556,0,2,1,0,0,5,0.6069505628976994
1,0,1,0,55,1,0,1,1,0,1,0,0,0,56.8,3112.05,0,0,0,1,1,0,0,0,0,0,1,3,0.0182457718314835,3,0,0,4,1.0142857142857142,0,2,1,0,0,4,0.9515570934256056
1,1,1,0,71,1,0,1,1,1,1,1,0,1,99.4,7168.25,0,0,0,1,0,1,0,0,0,1,0,3,0.013864769676047,4,1,1,6,1.3805555555555555,0,2,1,0,0,6,0.7071713147410358
1,0,1,1,72,1,0,0,0,0,0,0,0,1,20.1,1326.25,0,0,0,1,0,0,1,0,1,0,0,3,0.0151440949331324,0,0,0,1,0.2753424657534247,0,2,0,0,0,1,3.4123222748815163
0,0,1,1,36,0,0,1,0,1,1,1,1,0,60.7,2234.55,0,0,1,0,1,0,0,0,1,0,0,2,0.0271521549506832,3,2,0,5,1.6405405405405407,0,1,1,0,0,5,0.5834683954619124
0,0,1,0,25,1,0,0,0,0,0,0,0,1,20.95,495.15,0,0,1,0,0,0,1,1,0,0,0,2,0.0422251335281668,0,0,0,1,0.8057692307692308,0,1,0,0,0,1,1.1389521640091116
1,1,1,0,72,1,1,1,1,1,1,1,1,1,114.85,8317.95,0,0,0,1,0,1,0,1,0,0,0,3,0.0138058288606134,4,2,1,8,1.5732876712328767,0,2,1,0,0,8,0.6214933103150626
1,0,0,0,36,1,0,0,0,0,0,0,0,1,19.25,679.8,0,0,1,0,0,0,1,1,0,0,0,2,0.0282755581668625,0,0,0,1,0.5202702702702703,0,1,0,0,0,1,1.7777777777777777
0,0,0,0,1,1,0,0,0,0,0,1,1,1,62.8,62.8,0,1,0,0,1,0,0,0,0,0,1,0,0.9843260188087776,0,2,0,3,31.4,0,0,0,0,0,3,0.015673981191222573
1,0,1,0,72,1,1,1,0,1,0,1,1,1,105.5,7544.0,0,0,0,1,0,1,0,0,0,1,0,3,0.0139827700463883,2,2,1,6,1.4452054794520548,0,2,1,0,0,6,0.676056338028169
0,0,1,1,59,1,0,0,0,0,0,0,0,0,19.85,1188.25,0,0,0,1,0,0,1,0,0,0,1,3,0.0166911919276855,0,0,0,1,0.33083333333333337,0,2,0,0,0,1,2.829736211031175
0,1,1,0,7,1,0,0,0,0,0,1,1,1,89.5,676.7,1,1,0,0,0,1,0,0,0,1,0,0,0.1320643352515862,0,2,0,3,11.1875,1,0,0,1,1,3,0.07734806629834254
1,0,0,0,1,1,0,0,0,1,1,1,1,0,74.1,74.1,0,0,1,0,1,0,0,0,1,0,0,0,0.9866844207723036,2,2,0,5,37.05,1,1,1,0,0,5,0.013315579227696406
1,0,1,1,30,1,1,0,1,1,1,1,1,1,107.5,3242.5,0,1,0,0,0,1,0,0,0,1,0,2,0.0331432094959149,3,2,1,7,3.467741935483871,0,0,1,1,1,7,0.2764976958525346
0,0,0,0,64,1,0,0,0,0,0,0,0,0,19.55,1240.15,0,0,0,1,0,0,1,0,0,0,1,3,0.0157515207670305,0,0,0,1,0.3007692307692308,0,2,0,0,0,1,3.114355231143552
0,0,0,0,63,1,1,1,1,1,1,0,0,0,68.8,4111.35,0,0,1,0,1,0,0,1,0,0,0,3,0.016730093498851,4,0,0,6,1.075,0,1,1,0,0,6,0.9025787965616047
0,1,1,0,72,1,1,1,1,1,0,1,1,0,84.45,5899.85,0,0,0,1,1,0,0,0,1,0,0,3,0.0143114974961234,3,2,0,7,1.156849315068493,0,2,1,0,0,7,0.8425980105324751
0,0,1,0,8,1,0,1,0,0,0,0,0,0,75.0,632.95,1,1,0,0,0,1,0,0,0,1,0,0,0.1183058600836028,1,0,0,2,8.333333333333334,1,0,1,1,0,2,0.10526315789473684
1,0,0,0,62,1,1,0,1,1,1,1,1,0,84.5,5193.2,0,0,0,1,1,0,0,1,0,0,0,3,0.0162681452389203,3,2,0,7,1.3412698412698412,0,2,1,0,0,7,0.7251461988304093
0,0,1,1,67,1,1,0,1,1,1,1,1,1,111.2,7530.8,0,0,0,1,0,1,0,1,0,0,0,3,0.0147640670224913,3,2,1,7,1.6352941176470588,0,2,1,0,0,7,0.5971479500891266
0,0,0,0,6,1,0,0,0,0,0,0,0,0,44.75,270.95,1,1,0,0,1,0,0,0,0,1,0,0,0.1645523074094502,0,0,0,1,6.392857142857143,0,0,0,0,1,1,0.13114754098360656
1,0,1,1,70,1,1,1,0,0,1,1,1,1,80.6,5460.2,0,0,0,1,1,0,0,1,0,0,0,3,0.0147586611001245,2,2,0,6,1.1352112676056336,0,2,1,0,0,6,0.857843137254902
1,1,0,0,20,1,0,0,0,0,0,1,0,0,80.7,1614.2,0,1,0,0,0,1,0,1,0,0,0,1,0.049962852897474,0,1,0,2,3.842857142857143,0,0,0,1,0,2,0.24479804161566707
1,0,0,0,5,1,1,0,0,0,0,0,0,0,75.6,402.5,0,1,0,0,0,1,0,0,0,1,0,0,0.187360594795539,0,0,0,2,12.6,1,0,0,1,1,2,0.06527415143603134
1,0,1,1,24,0,0,1,1,1,0,1,1,0,57.6,1367.75,0,0,1,0,1,0,0,0,0,1,0,1,0.0420821917808219,3,2,0,5,2.3040000000000003,0,1,1,0,0,5,0.40955631399317405
1,0,1,0,11,1,0,0,0,0,0,0,0,1,44.05,483.7,1,1,0,0,1,0,0,0,0,1,0,0,0.090880957293171,0,0,0,1,3.670833333333333,0,0,0,0,1,1,0.24417314095449502
0,0,1,0,72,1,1,0,1,1,1,1,1,1,110.6,7962.2,0,0,0,1,0,1,0,0,1,0,0,3,0.0138888888888888,3,2,1,7,1.5150684931506848,0,2,1,0,0,7,0.6451612903225806
1,0,1,1,66,1,0,1,1,0,1,0,0,1,58.2,3810.8,0,0,0,1,1,0,0,0,1,0,0,3,0.015268377144656,3,0,0,4,0.8686567164179105,0,2,1,0,0,4,1.114864864864865
1,0,1,1,45,1,0,1,0,1,1,1,1,1,81.0,3533.6,0,0,0,1,1,0,0,0,0,0,1,2,0.0229163130198608,3,2,0,6,1.7608695652173914,0,2,1,0,0,6,0.5487804878048781
1,0,1,1,69,1,0,0,0,0,0,0,0,0,19.7,1396.9,0,0,0,1,0,0,1,1,0,0,0,3,0.0140925674225624,0,0,0,1,0.2814285714285714,0,2,0,0,0,1,3.3333333333333335
0,1,1,0,15,1,1,0,0,0,0,0,1,1,85.6,1345.55,1,1,0,0,0,1,0,1,0,0,0,1,0.0635698637258178,0,1,0,3,5.35,0,0,0,1,0,3,0.17321016166281755
1,0,0,0,28,1,0,0,0,1,0,1,0,1,59.55,1646.45,0,1,0,0,1,0,0,1,0,0,0,2,0.0361467722844395,1,1,0,3,2.0534482758620687,0,0,1,0,0,3,0.46242774566473993
1,0,0,0,70,1,1,1,1,1,1,1,1,0,115.55,8127.6,1,0,1,0,0,1,0,0,1,0,0,3,0.014215240016731,4,2,1,8,1.6274647887323943,0,1,1,0,0,8,0.6006006006006006
1,0,0,0,36,1,0,1,1,1,1,0,1,1,75.55,2680.15,0,0,1,0,1,0,0,0,0,0,1,2,0.0281782071126195,4,1,0,6,2.041891891891892,0,1,1,0,0,6,0.47028086218158066
0,1,0,0,16,1,1,0,0,0,0,1,0,1,86.6,1281.0,1,1,0,0,0,1,0,0,0,1,0,1,0.0675507020280811,0,1,0,3,5.094117647058823,0,0,0,1,1,3,0.18264840182648404
1,0,0,0,18,1,1,0,0,0,0,1,0,1,85.2,1553.9,1,1,0,0,0,1,0,0,0,1,0,1,0.0547945205479452,0,1,0,3,4.484210526315789,0,0,0,1,1,3,0.2088167053364269
1,0,1,0,34,1,1,0,0,0,0,1,1,1,97.65,3207.55,1,1,0,0,0,1,0,0,0,1,0,2,0.0304343083324243,0,2,1,4,2.79,0,0,0,1,1,4,0.3446528129751647
0,0,1,1,42,0,0,0,1,1,0,0,1,1,45.1,2049.05,0,0,1,0,1,0,0,0,1,0,0,2,0.0219994634277212,2,1,0,3,1.0488372093023257,0,1,1,0,0,3,0.911062906724512
0,0,0,0,48,1,1,1,0,0,1,0,1,1,70.95,3629.2,0,0,1,0,1,0,0,1,0,0,0,2,0.0195443777202358,2,1,0,5,1.4479591836734695,0,1,1,0,0,5,0.6671299513551077
0,0,1,0,47,1,1,0,1,1,1,1,1,1,109.55,5124.55,1,1,0,0,0,1,0,0,0,1,0,2,0.0213733160343767,3,2,1,7,2.2822916666666666,0,0,1,1,1,7,0.4251469923111714
1,0,1,1,39,1,1,0,1,1,1,0,0,1,89.55,3474.45,1,0,1,0,0,1,0,0,0,1,0,2,0.0257664475103943,3,0,0,5,2.23875,0,1,1,0,1,5,0.43070127001656544
1,0,1,1,11,1,0,0,0,0,0,0,0,0,20.9,202.3,0,0,0,1,0,0,1,0,1,0,0,0,0.1028037383177569,0,0,0,1,1.7416666666666665,0,2,0,0,0,1,0.5022831050228311
0,0,0,0,7,1,0,0,0,0,0,0,0,1,19.95,147.5,0,1,0,0,0,0,1,0,0,0,1,0,0.1343434343434343,0,0,0,1,2.49375,0,0,0,0,0,1,0.3341288782816229
1,0,0,0,3,1,1,0,0,0,0,0,0,0,24.6,86.35,0,1,0,0,0,0,1,0,0,0,1,0,0.2816256439610761,0,0,0,2,6.15,0,0,0,0,0,2,0.1171875
0,0,0,0,8,1,0,1,0,1,0,0,1,1,66.7,579.0,0,1,0,0,1,0,0,0,0,1,0,0,0.115,2,1,0,4,7.411111111111111,0,0,1,0,0,4,0.11816838995568685
0,0,0,1,1,1,0,0,0,0,0,0,0,1,19.45,19.45,1,1,0,0,0,0,1,0,0,0,1,0,0.9511002444987776,0,0,0,1,9.725,0,0,0,0,0,1,0.0488997555012225
0,0,1,1,32,1,0,1,1,1,0,0,1,0,94.8,3131.55,0,0,1,0,0,1,0,0,0,0,1,2,0.0302628848701537,3,1,1,5,2.8727272727272726,0,1,1,0,0,5,0.33402922755741127
0,0,1,1,60,1,0,1,1,1,1,0,0,1,65.85,3928.3,0,0,1,0,1,0,0,1,0,0,0,3,0.0167587102028351,4,0,0,5,1.0795081967213114,0,1,1,0,0,5,0.8975317875841436
1,0,1,0,10,1,0,0,0,0,0,0,0,1,19.95,187.75,0,1,0,0,0,0,1,1,0,0,0,0,0.1056953642384106,0,0,0,1,1.8136363636363635,0,0,0,0,0,1,0.47732696897374705
1,0,1,0,71,1,1,0,0,0,0,0,0,1,24.65,1710.15,0,0,0,1,0,0,1,1,0,0,0,3,0.014405516757736,0,0,0,2,0.3423611111111111,0,2,0,0,0,2,2.7680311890838207
1,0,1,1,4,1,0,0,0,0,0,0,0,0,20.35,76.35,1,1,0,0,0,0,1,0,0,0,1,0,0.2630898513251455,0,0,0,1,4.07,0,0,0,0,0,1,0.18735362997658078
1,1,0,0,1,1,0,0,0,0,0,0,0,1,69.25,69.25,1,1,0,0,0,1,0,0,0,1,0,0,0.9857651245551602,0,0,0,1,34.625,0,0,0,1,1,1,0.014234875444839857
1,0,1,1,43,0,0,1,1,0,1,1,0,1,51.25,2151.6,0,0,1,0,1,0,0,1,0,0,0,2,0.0238084177273994,3,1,0,4,1.1647727272727273,0,1,1,0,0,4,0.8229665071770335
0,0,1,0,59,1,1,0,0,1,0,1,1,1,99.5,5961.1,1,0,1,0,0,1,0,1,0,0,0,3,0.0166887506080072,1,2,1,5,1.6583333333333334,0,1,1,0,0,5,0.5870646766169154
1,0,1,0,23,1,0,0,0,1,1,0,0,0,54.25,1221.55,0,1,0,0,1,0,0,0,0,1,0,1,0.0443744632121385,2,0,0,3,2.2604166666666665,0,0,1,0,1,3,0.416289592760181
1,0,1,0,72,1,0,0,0,0,0,0,0,0,19.4,1496.45,0,0,0,1,0,0,1,1,0,0,0,3,0.012955357440983,0,0,0,1,0.2657534246575342,0,2,0,0,0,1,3.5294117647058827
0,0,1,0,22,1,0,1,0,0,1,0,0,1,56.25,1292.2,0,0,1,0,1,0,0,0,1,0,0,1,0.0434967522424992,2,0,0,3,2.4456521739130435,0,1,1,0,0,3,0.38427947598253276
1,0,0,0,1,0,0,0,0,0,0,0,0,1,25.15,25.15,0,1,0,0,1,0,0,0,0,0,1,0,0.9617590822179732,0,0,0,0,12.575,0,0,0,0,0,0,0.03824091778202677
0,0,0,0,69,1,1,0,0,0,0,0,0,0,23.95,1713.1,0,0,0,1,0,0,1,1,0,0,0,3,0.0139723470042587,0,0,0,2,0.34214285714285714,0,2,0,0,0,2,2.7655310621242486
0,0,0,0,50,0,0,1,0,0,1,0,0,1,35.4,1748.9,0,0,1,0,1,0,0,0,0,0,1,3,0.020229727412995,2,0,0,2,0.6941176470588235,0,1,1,0,0,2,1.3736263736263736
1,1,0,0,1,0,0,0,0,0,0,0,0,1,25.2,25.2,1,1,0,0,1,0,0,0,0,1,0,0,0.9618320610687024,0,0,0,0,12.6,0,0,0,0,1,0,0.03816793893129771
0,0,0,0,2,1,0,0,0,0,0,0,0,1,45.0,96.45,1,1,0,0,1,0,0,0,0,0,1,0,0.4617752693689071,0,0,0,1,15.0,0,0,0,0,0,1,0.043478260869565216
1,0,1,0,15,1,0,0,1,0,0,0,0,0,75.35,1114.55,0,1,0,0,0,1,0,1,0,0,0,1,0.0675451570973959,1,0,0,2,4.709375,0,0,1,1,0,2,0.19646365422396858
0,0,0,0,31,1,0,0,0,0,0,0,0,0,20.4,609.1,0,0,0,1,0,0,1,1,0,0,0,2,0.0334371414522209,0,0,0,1,0.6375,0,2,0,0,0,1,1.4485981308411215
0,0,0,0,1,1,0,0,0,0,0,0,0,0,20.15,20.15,1,1,0,0,0,0,1,0,0,0,1,0,0.9527186761229316,0,0,0,1,10.075,0,0,0,0,0,1,0.047281323877068564
0,0,1,0,66,1,1,0,1,1,0,1,1,1,105.0,7133.25,1,1,0,0,0,1,0,0,1,0,0,3,0.0147177348705189,2,2,1,6,1.5671641791044777,0,0,1,1,0,6,0.6226415094339622
1,0,1,1,0,0,0,1,1,1,1,1,0,0,56.05,56.05,0,0,0,1,1,0,0,0,1,0,0,0,0.9824715162138477,4,1,0,5,56.05,0,2,1,0,0,5,0.0
0,0,0,1,3,1,0,0,0,0,0,1,0,1,54.7,169.45,1,1,0,0,1,0,0,0,1,0,0,0,0.3209152244059842,0,1,0,2,13.675,0,0,0,0,0,2,0.05385996409335727
1,0,0,0,8,1,0,0,0,0,0,0,0,0,20.0,141.6,0,0,0,1,0,0,1,0,0,0,1,0,0.1402524544179523,0,0,0,1,2.2222222222222223,0,2,0,0,0,1,0.38095238095238093
0,0,1,1,64,1,0,1,0,1,0,1,1,1,73.05,4688.65,0,0,1,0,1,0,0,0,1,0,0,3,0.0155768554156493,2,2,0,5,1.1238461538461537,0,1,1,0,0,5,0.8642808912896692
1,0,1,0,28,1,0,0,0,0,0,0,0,0,20.5,563.05,0,1,0,0,0,0,1,0,0,0,1,2,0.0363442957184646,0,0,0,1,0.7068965517241379,0,0,0,0,0,1,1.302325581395349
1,0,1,0,57,1,1,0,0,1,0,1,1,1,100.75,5985.0,0,0,1,0,0,1,0,0,1,0,0,3,0.0168309388573337,1,2,1,5,1.7370689655172413,0,1,1,0,0,5,0.5601965601965602
1,0,1,1,14,1,1,0,0,1,0,0,1,1,87.25,1258.6,1,1,0,0,0,1,0,0,0,1,0,1,0.0692680215941568,1,1,0,4,5.816666666666666,0,0,1,1,1,4,0.15864022662889518
0,0,0,0,19,1,0,0,0,0,0,0,0,1,19.95,373.5,0,0,0,1,0,0,1,0,0,0,1,1,0.0532710280373831,0,0,0,1,0.9974999999999999,0,2,0,0,0,1,0.9069212410501194
0,0,1,0,10,1,0,0,0,0,0,1,0,1,79.95,857.2,1,1,0,0,0,1,0,0,0,1,0,0,0.0931601025402004,0,1,0,2,7.2681818181818185,1,0,0,1,1,2,0.12353304508956145
1,0,1,0,51,0,0,0,1,0,0,1,1,1,49.65,2553.35,0,1,0,0,1,0,0,0,0,1,0,3,0.0194374302660167,1,2,0,3,0.9548076923076922,0,0,1,0,1,3,1.0069101678183614
1,0,1,0,67,1,1,1,1,1,0,0,0,0,65.65,4322.85,0,0,0,1,1,0,0,0,0,0,1,3,0.0151832279103114,3,0,0,5,0.9654411764705884,0,2,1,0,0,5,1.005251312828207
0,0,1,1,11,1,0,0,0,0,0,0,0,1,20.45,250.8,0,1,0,0,0,0,1,0,0,1,0,0,0.0812152501985702,0,0,0,1,1.7041666666666666,0,0,0,0,1,1,0.5128205128205129
0,0,1,1,72,0,0,1,0,1,1,1,1,0,60.95,4549.05,0,0,0,1,1,0,0,1,0,0,0,3,0.0133954571927781,3,2,0,5,0.834931506849315,0,2,1,0,0,5,1.162227602905569
0,0,1,1,66,1,0,0,0,0,0,0,0,1,20.35,1359.5,0,0,1,0,0,0,1,0,0,1,0,3,0.0149577361264241,0,0,0,1,0.3037313432835821,0,1,0,0,1,1,3.091334894613583
1,0,0,0,18,1,1,0,0,0,1,1,0,1,88.35,1639.3,1,1,0,0,0,1,0,0,0,1,0,1,0.0538620983966347,1,1,0,4,4.6499999999999995,0,0,1,1,1,4,0.20145495243424735
1,0,0,0,9,1,0,0,0,0,0,0,0,1,19.5,178.85,0,1,0,0,0,0,1,0,0,1,0,0,0.1084236864053377,0,0,0,1,1.95,0,0,0,0,1,1,0.43902439024390244
1,0,0,0,9,1,1,0,0,0,0,0,0,1,75.2,633.85,0,1,0,0,0,1,0,0,1,0,0,0,0.1184531779160431,0,0,0,2,7.5200000000000005,1,0,0,1,0,2,0.11811023622047244
0,0,1,0,48,1,1,1,1,1,0,1,1,1,111.45,5315.1,0,1,0,0,0,1,0,1,0,0,0,2,0.0209646169184176,3,2,1,7,2.274489795918367,0,0,1,1,0,7,0.42685638061360603
0,0,0,0,10,1,0,0,0,0,0,0,0,0,70.15,735.5,0,1,0,0,0,1,0,0,0,0,1,0,0.0952477936184657,0,0,0,1,6.377272727272728,1,0,0,1,0,1,0.14054813773717498
1,0,0,0,9,1,1,0,0,0,0,1,1,1,94.75,889.9,1,1,0,0,0,1,0,0,0,1,0,0,0.1063531260523066,0,2,1,4,9.475,1,0,0,1,1,4,0.09399477806788512
1,1,0,0,13,1,1,0,0,0,0,1,1,1,95.05,1290.0,1,1,0,0,0,1,0,0,0,1,0,1,0.0736250968241673,0,2,1,4,6.789285714285714,0,0,0,1,1,4,0.1353461738677772
0,0,0,0,4,1,1,0,1,0,0,0,0,0,78.45,330.05,1,1,0,0,0,1,0,0,0,1,0,0,0.2369732668781151,1,0,0,3,15.690000000000001,1,0,1,1,1,3,0.05034612964128382
0,0,0,0,4,1,0,0,0,0,0,0,0,1,70.2,237.95,1,1,0,0,0,1,0,0,0,1,0,0,0.2937853107344633,0,0,0,1,14.040000000000001,1,0,0,1,1,1,0.056179775280898875
1,0,1,0,72,1,1,1,1,1,1,1,1,0,92.0,6474.4,0,0,0,1,1,0,0,1,0,0,0,3,0.0142076165178985,4,2,1,8,1.2602739726027397,0,2,1,0,0,8,0.7741935483870968
1,0,1,1,51,1,0,1,1,1,1,1,1,0,85.5,4421.95,0,0,0,1,1,0,0,0,1,0,0,3,0.0193309894979595,4,2,0,7,1.6442307692307692,0,2,1,0,0,7,0.5895953757225434
0,0,1,0,59,0,0,0,1,0,0,0,1,1,41.05,2452.7,1,1,0,0,1,0,0,1,0,0,0,3,0.0167298365733382,1,1,0,2,0.6841666666666666,0,0,1,0,0,2,1.4030915576694412
0,0,1,0,10,1,1,0,0,0,0,1,0,1,85.6,813.85,1,1,0,0,0,1,0,0,0,1,0,0,0.1050500092041479,0,1,0,3,7.781818181818181,1,0,0,1,1,3,0.11547344110854504
0,1,1,0,61,1,1,0,1,0,0,0,0,1,82.15,4904.85,0,1,0,0,0,1,0,0,0,1,0,3,0.01674531426766,1,0,0,3,1.3250000000000002,0,0,1,1,1,3,0.7336139506915212
0,0,0,0,54,1,0,1,0,1,1,0,0,0,84.4,4484.05,0,0,1,0,0,1,0,0,0,1,0,3,0.0188180733771083,3,0,0,4,1.5345454545454547,0,1,1,0,0,4,0.6323185011709601
1,0,0,0,33,1,1,1,1,0,0,0,0,1,60.9,2033.85,0,1,0,0,1,0,0,0,0,0,1,2,0.029928495957933,2,0,0,4,1.7911764705882351,0,0,1,0,0,4,0.5331179321486268
1,0,0,0,27,1,0,0,0,0,0,0,0,1,20.25,538.2,0,0,0,1,0,0,1,1,0,0,0,2,0.0375556379821958,0,0,0,1,0.7232142857142857,0,2,0,0,0,1,1.2705882352941176
1,1,0,0,1,1,0,0,0,0,0,1,0,1,79.2,79.2,1,1,0,0,0,1,0,0,0,1,0,0,0.9875311720698254,0,1,0,2,39.6,1,0,0,1,1,2,0.012468827930174562
0,0,0,0,23,1,0,0,1,0,0,1,1,0,95.3,2192.9,0,1,0,0,0,1,0,0,0,0,1,1,0.0434386252791831,1,2,1,4,3.970833333333333,0,0,1,1,0,4,0.23883696780893043
0,0,0,1,1,1,0,0,0,0,0,0,0,0,19.85,19.85,0,1,0,0,0,0,1,0,0,0,1,0,0.9520383693045564,0,0,0,1,9.925,0,0,0,0,0,1,0.047961630695443645
0,0,1,1,45,1,0,1,1,1,1,1,1,1,84.35,3858.05,0,0,0,1,1,0,0,0,0,0,1,2,0.0218577110946994,4,2,0,7,1.833695652173913,0,2,1,0,0,7,0.5272407732864676
1,0,1,1,39,1,0,0,0,0,0,0,0,1,19.85,854.8,0,0,0,1,0,0,1,1,0,0,0,2,0.0231946716522552,0,0,0,1,0.49625,0,2,0,0,0,1,1.870503597122302
0,0,0,0,5,1,0,0,0,1,0,1,1,1,70.0,347.4,1,0,1,0,1,0,0,0,0,0,1,0,0.200918484500574,1,2,0,4,11.666666666666666,0,1,1,0,0,4,0.07042253521126761
0,0,1,1,72,1,1,1,1,1,1,1,0,0,82.3,5815.15,0,0,0,1,1,0,0,1,0,0,0,3,0.0141502540340259,4,1,0,7,1.1273972602739726,0,2,1,0,0,7,0.8643457382953181
1,0,1,1,58,1,1,0,1,0,0,1,0,1,66.8,3970.4,0,1,0,0,1,0,0,1,0,0,0,3,0.016820264893992,1,1,0,4,1.1322033898305084,0,0,1,0,0,4,0.8554572271386431
1,0,0,0,70,0,0,1,1,1,1,0,0,1,44.6,3058.15,0,0,0,1,1,0,0,1,0,0,0,3,0.0145792131801317,4,0,0,4,0.6281690140845071,0,2,1,0,0,4,1.5350877192982455
0,0,1,1,61,1,0,0,1,0,1,1,1,1,98.45,6145.2,0,0,1,0,0,1,0,1,0,0,0,3,0.0160180273990433,2,2,1,5,1.5879032258064516,0,1,1,0,0,5,0.6133735545500251
0,0,0,0,2,1,0,0,0,0,0,0,0,0,70.7,129.2,0,1,0,0,0,1,0,0,0,0,1,0,0.5430107526881721,0,0,0,1,23.566666666666666,1,0,0,1,0,1,0.02789400278940028
1,0,1,1,46,1,1,0,0,0,0,0,0,0,24.95,1165.9,0,0,1,0,0,0,1,0,0,0,1,2,0.0213814379981146,0,0,0,2,0.5308510638297872,0,1,0,0,0,2,1.7726396917148364
1,0,0,0,1,1,1,0,0,0,0,0,0,1,49.95,49.95,1,1,0,0,1,0,0,1,0,0,0,0,0.9803729146221786,0,0,0,2,24.975,0,0,0,0,0,2,0.01962708537782139
1,0,1,0,22,1,0,0,0,0,0,0,0,1,69.25,1554.0,1,1,0,0,0,1,0,0,0,1,0,1,0.0445337620578778,0,0,0,1,3.010869565217391,0,0,0,1,1,1,0.31316725978647686
1,0,0,0,48,1,0,1,0,1,1,1,1,1,102.5,4904.25,0,0,0,1,0,1,0,0,1,0,0,2,0.0208959787982263,3,2,1,6,2.0918367346938775,0,2,1,0,0,6,0.463768115942029
0,0,0,0,64,1,1,0,1,1,1,1,1,0,86.55,5632.55,0,0,0,1,1,0,0,0,1,0,0,3,0.0153633144287349,3,2,0,7,1.3315384615384616,0,2,1,0,0,7,0.7310108509423187
0,0,1,1,72,1,1,0,0,0,0,0,0,0,24.3,1643.25,0,0,0,1,0,0,1,1,0,0,0,3,0.0147787745172571,0,0,0,2,0.33287671232876714,0,2,0,0,0,2,2.8458498023715415
1,0,1,1,12,1,0,0,0,1,0,1,0,1,58.35,740.55,0,1,0,0,1,0,0,0,1,0,0,0,0.0786865349605556,1,1,0,3,4.4884615384615385,0,0,1,0,0,3,0.20219039595619206
1,1,1,0,34,1,1,0,1,1,0,0,1,1,94.25,3217.55,1,1,0,0,0,1,0,0,0,1,0,2,0.0292833729474452,2,1,1,5,2.692857142857143,0,0,1,1,1,5,0.3569553805774278
1,0,1,1,72,1,0,1,1,1,0,0,1,0,68.75,4888.2,0,0,0,1,1,0,0,0,1,0,0,3,0.01406160517058,3,1,0,5,0.9417808219178082,0,2,1,0,0,5,1.032258064516129
0,0,1,0,29,1,1,0,1,1,0,0,0,1,85.8,2440.25,0,1,0,0,0,1,0,0,0,1,0,2,0.0351459293394777,2,0,0,4,2.86,0,0,1,1,1,4,0.33410138248847926
0,0,1,1,33,1,0,0,0,0,0,0,0,0,20.1,620.55,0,0,1,0,0,0,1,0,1,0,0,2,0.0323385085672914,0,0,0,1,0.5911764705882353,0,1,0,0,0,1,1.5639810426540284
1,0,0,0,1,1,0,0,0,0,0,0,0,0,20.35,20.35,0,1,0,0,0,0,1,0,0,0,1,0,0.9531615925058547,0,0,0,1,10.175,0,0,0,0,0,1,0.046838407494145196
1,0,1,1,62,1,1,0,1,1,1,1,1,1,110.8,6840.95,0,0,1,0,0,1,0,0,0,1,0,3,0.0161942136379248,3,2,1,7,1.7587301587301587,0,1,1,0,1,7,0.554561717352415
0,0,1,0,41,1,1,0,0,1,0,1,1,1,73.0,3001.2,1,0,1,0,1,0,0,0,0,1,0,2,0.0243155019652255,1,2,0,5,1.7380952380952381,0,1,1,0,1,5,0.5540540540540541
1,0,0,0,64,1,1,0,0,1,0,1,1,1,100.05,6254.2,1,0,1,0,0,1,0,0,1,0,0,3,0.0159946924159099,1,2,1,5,1.5392307692307692,0,1,1,0,0,5,0.6333498268184068
1,0,0,0,4,1,0,0,0,1,0,0,1,1,82.85,319.6,0,1,0,0,0,1,0,0,1,0,0,0,0.2584217092950717,1,1,0,3,16.57,1,0,1,1,0,3,0.04770423375074538
1,0,0,0,24,1,1,1,0,0,1,0,0,1,84.35,1938.05,0,1,0,0,0,1,0,0,0,1,0,1,0.0435006833243082,2,0,0,4,3.3739999999999997,0,0,1,1,0,4,0.281195079086116
1,0,1,1,14,1,0,0,0,0,0,0,0,0,19.55,294.5,0,0,1,0,0,0,1,0,0,0,1,1,0.0661590524534687,0,0,0,1,1.3033333333333335,0,1,0,0,0,1,0.681265206812652
0,0,0,1,3,1,0,0,0,0,0,0,0,0,19.95,58.3,0,1,0,0,0,0,1,0,0,0,1,0,0.3364249578414839,0,0,0,1,4.9875,0,0,0,0,0,1,0.1431980906921241
1,1,0,0,4,1,0,0,1,1,0,1,1,1,99.8,442.85,1,1,0,0,0,1,0,0,1,0,0,0,0.2248507378618902,2,2,1,5,19.96,1,0,1,1,0,5,0.03968253968253968
1,0,0,1,18,0,0,0,0,0,0,0,1,1,35.0,553.0,1,1,0,0,1,0,0,0,0,1,0,1,0.0631768953068592,0,1,0,1,1.8421052631578947,0,0,0,0,1,1,0.5
0,0,0,0,8,1,0,0,0,0,0,1,1,1,66.25,546.45,0,1,0,0,1,0,0,0,0,1,0,0,0.1210156178646451,0,2,0,3,7.361111111111111,0,0,0,0,1,3,0.11895910780669144
1,0,0,0,35,1,1,0,0,0,0,0,0,0,23.3,797.1,0,0,0,1,0,0,1,1,0,0,0,2,0.0291943365493046,0,0,0,2,0.6472222222222223,0,2,0,0,0,2,1.4403292181069958
1,0,0,0,1,1,1,0,0,0,0,0,0,0,76.0,76.0,1,1,0,0,0,1,0,0,0,1,0,0,0.987012987012987,0,0,0,2,38.0,1,0,0,1,1,2,0.012987012987012988
0,0,0,1,66,1,1,0,0,0,0,0,0,1,25.3,1673.8,0,0,0,1,0,0,1,0,1,0,0,3,0.0151062813470265,0,0,0,2,0.3776119402985075,0,2,0,0,0,2,2.5095057034220534
0,0,0,1,8,0,0,1,0,0,1,0,1,1,44.55,343.45,0,0,0,1,1,0,0,0,0,0,1,0,0.1293366236028451,2,1,0,3,4.949999999999999,0,2,1,0,0,3,0.1756311745334797
1,0,1,0,71,1,1,1,0,1,0,1,1,1,104.1,7412.25,0,0,1,0,0,1,0,0,1,0,0,3,0.0140424240380399,2,2,1,6,1.4458333333333333,0,1,1,0,0,6,0.6755470980019029
1,0,1,1,43,1,1,0,0,1,0,0,1,1,92.55,4039.0,0,1,0,0,0,1,0,1,0,0,0,2,0.0229084158415841,1,1,1,4,2.103409090909091,0,0,1,1,0,4,0.4596472474612507
1,1,0,0,2,1,1,0,0,0,0,1,1,1,93.85,170.85,1,1,0,0,0,1,0,0,0,1,0,0,0.5461157986616235,0,2,1,4,31.28333333333333,1,0,0,1,1,4,0.021085925144965736
0,1,0,0,29,1,0,0,1,1,0,1,1,1,101.45,2948.6,0,1,0,0,0,1,0,1,0,0,0,2,0.0343944941687008,2,2,1,5,3.381666666666667,0,0,1,1,0,5,0.28306490971205467
1,0,1,0,15,1,0,0,0,1,0,1,0,1,84.3,1308.4,1,1,0,0,0,1,0,0,0,1,0,1,0.0643806323506949,1,1,0,3,5.26875,0,0,1,1,1,3,0.1758499413833529
0,0,1,1,65,1,1,1,1,1,1,0,0,0,94.55,6078.75,0,0,0,1,0,1,0,0,1,0,0,3,0.0155516263004235,4,0,1,6,1.4325757575757576,0,2,1,0,0,6,0.6802721088435374
0,0,0,0,35,1,1,0,0,1,1,1,0,0,95.5,3418.2,0,1,0,0,0,1,0,0,0,1,0,2,0.0279305100608329,2,1,1,5,2.6527777777777777,0,0,1,1,1,5,0.3626943005181347
0,0,0,0,64,1,0,1,1,0,0,1,1,1,100.3,6603.8,0,0,1,0,0,1,0,0,1,0,0,3,0.0151859253875968,2,2,1,5,1.543076923076923,0,1,1,0,0,5,0.631786771964462
1,0,1,1,58,0,0,0,0,1,1,1,1,1,55.5,3166.9,0,0,0,1,1,0,0,0,1,0,0,3,0.0175194924082199,2,2,0,4,0.940677966101695,0,2,1,0,0,4,1.0265486725663717
1,1,0,0,18,1,0,0,1,0,0,0,0,1,49.85,865.75,0,1,0,0,1,0,0,0,1,0,0,1,0.0575137006057109,1,0,0,2,2.623684210526316,0,0,1,0,0,2,0.35398230088495575
0,0,1,1,67,1,1,0,1,0,0,0,1,1,89.55,6373.1,0,1,0,0,0,1,0,1,0,0,0,3,0.0140490422177248,1,1,0,4,1.3169117647058823,0,0,1,1,0,4,0.7399226946438432
0,0,1,1,63,1,0,0,0,0,0,0,0,1,19.15,1177.05,0,0,0,1,0,0,1,0,0,0,1,3,0.0162556767539578,0,0,0,1,0.29921875,0,2,0,0,0,1,3.1265508684863526
1,0,1,0,60,1,1,0,1,0,0,1,1,1,99.8,5985.75,0,1,0,0,0,1,0,0,0,1,0,3,0.0166701465736835,1,2,1,5,1.6360655737704917,0,0,1,1,1,5,0.5952380952380952
0,1,0,0,9,1,1,0,0,0,0,0,1,1,84.4,732.5,1,1,0,0,0,1,0,0,1,0,0,0,0.1150647580095433,0,1,0,3,8.440000000000001,1,0,0,1,0,3,0.10538641686182669
1,0,1,1,70,1,1,1,1,1,1,1,1,1,113.05,7869.05,0,0,0,1,0,1,0,0,1,0,0,3,0.0143645847230957,4,2,1,8,1.5922535211267606,0,2,1,0,0,8,0.6137658921525647
0,0,1,0,15,1,1,0,0,1,0,1,1,1,101.1,1504.05,1,1,0,0,0,1,0,0,0,1,0,1,0.0671738480449154,1,2,1,5,6.31875,0,0,1,1,1,5,0.14691478942213518
1,0,0,1,48,1,0,0,0,0,0,0,0,0,19.95,936.7,0,0,1,0,0,0,1,0,0,0,1,2,0.0212754612349365,0,0,0,1,0.40714285714285714,0,1,0,0,0,1,2.2911694510739857
0,0,1,0,12,1,0,0,0,1,1,1,1,1,74.15,741.4,0,1,0,0,1,0,0,0,0,1,0,0,0.0998787715517241,2,2,0,5,5.703846153846154,0,0,1,0,1,5,0.1596806387225549
0,1,1,0,71,1,1,1,1,1,1,0,0,1,92.0,6585.2,0,0,1,0,0,1,0,0,0,1,0,3,0.0139686010142419,4,0,1,6,1.2777777777777777,0,1,1,0,0,6,0.7634408602150538
0,1,0,0,44,1,0,0,0,1,0,0,0,0,73.85,3122.4,0,1,0,0,0,1,0,0,0,1,0,2,0.0236441057821604,1,0,0,2,1.641111111111111,0,0,1,1,1,2,0.5878423513694055
0,0,0,0,1,1,1,0,0,0,0,0,0,1,50.45,50.45,1,1,0,0,1,0,0,0,0,1,0,0,0.9805636540330418,0,0,0,2,25.225,0,0,0,0,1,2,0.019436345966958212
0,0,1,1,45,1,1,0,0,0,0,0,0,0,24.45,1088.25,0,0,0,1,0,0,1,0,0,0,1,2,0.0224466375946752,0,0,0,2,0.5315217391304348,0,2,0,0,0,2,1.768172888015717
1,0,0,0,23,1,1,0,0,0,0,0,0,0,24.8,615.35,0,0,1,0,0,0,1,0,1,0,0,1,0.0402368783970146,0,0,0,2,1.0333333333333334,0,1,0,0,0,2,0.8914728682170543
1,0,1,0,43,1,1,0,0,0,1,1,0,1,64.85,2908.2,0,0,1,0,1,0,0,1,0,0,0,2,0.0222913515743159,1,1,0,4,1.4738636363636362,0,1,1,0,0,4,0.6529992406985574
0,0,0,0,35,1,0,0,0,0,0,0,0,0,20.75,739.9,0,1,0,0,0,0,1,1,0,0,0,2,0.0280064786070994,0,0,0,1,0.5763888888888888,0,0,0,0,0,1,1.6091954022988506
0,0,1,0,9,1,0,1,1,0,1,1,0,1,68.95,593.85,0,1,0,0,1,0,0,0,0,0,1,0,0.1159115743464739,3,1,0,5,6.8950000000000005,0,0,1,0,0,5,0.12866333095067906
0,0,0,0,12,1,1,0,0,0,1,1,1,1,99.95,1132.75,1,1,0,0,0,1,0,0,0,0,1,0,0.0881587651598677,1,2,1,5,7.688461538461539,0,0,1,1,0,5,0.1188707280832095
1,1,1,0,65,1,1,1,1,1,0,1,1,1,109.4,7227.45,0,1,0,0,0,1,0,0,1,0,0,3,0.015134641589829,3,2,1,7,1.6575757575757577,0,0,1,1,0,7,0.5887681159420289
1,0,0,0,2,1,1,0,0,1,0,1,0,1,91.4,193.6,1,1,0,0,0,1,0,0,0,1,0,0,0.4696813977389517,1,1,1,4,30.46666666666667,1,0,1,1,1,4,0.021645021645021644
0,0,0,0,27,1,1,0,0,0,0,0,0,0,49.0,1291.35,0,1,0,0,1,0,0,0,0,0,1,2,0.0379154253878593,0,0,0,2,1.75,0,0,0,0,0,2,0.54
1,0,0,0,40,1,0,0,0,1,0,0,0,1,50.25,2023.55,0,0,1,0,1,0,0,0,0,0,1,2,0.0248203304438023,1,0,0,2,1.225609756097561,0,1,1,0,0,2,0.7804878048780488
1,1,0,0,5,1,0,0,0,1,0,0,0,1,75.55,349.65,1,1,0,0,0,1,0,0,1,0,0,0,0.2154570084129473,1,0,0,2,12.591666666666667,1,0,1,1,0,2,0.06531678641410843
0,0,1,1,8,1,0,0,0,0,0,0,0,0,19.9,153.95,0,0,1,0,0,0,1,0,1,0,0,0,0.1284285253307518,0,0,0,1,2.211111111111111,0,1,0,0,0,1,0.3827751196172249
1,1,1,0,58,1,1,0,1,0,0,1,1,1,97.8,5458.8,0,0,1,0,0,1,0,1,0,0,0,3,0.0179127440565588,1,2,1,5,1.6576271186440676,0,1,1,0,0,5,0.5870445344129555
1,0,1,1,52,1,0,1,0,1,0,1,1,0,100.3,5244.45,0,0,1,0,0,1,0,0,0,1,0,3,0.0191213337273255,2,2,1,5,1.8924528301886792,0,1,1,0,0,5,0.5133267522211253
0,0,1,0,3,1,0,0,0,1,1,0,0,1,55.8,154.55,0,1,0,0,1,0,0,0,0,0,1,0,0.3587270973963355,2,0,0,3,13.95,0,0,1,0,0,3,0.05281690140845071
0,0,0,1,41,1,0,1,1,1,1,1,1,1,111.15,4507.15,0,0,0,1,0,1,0,0,0,1,0,2,0.0246553464281357,4,2,1,7,2.6464285714285714,0,2,1,0,0,7,0.3655818100757913
0,0,0,0,20,1,1,0,0,0,1,1,1,1,98.55,2031.95,0,1,0,0,0,1,0,0,0,0,1,1,0.0484763520991662,1,2,1,5,4.692857142857143,0,0,1,1,0,5,0.20090406830738322
0,0,0,1,1,1,1,0,0,0,0,0,0,1,50.05,50.05,0,1,0,0,1,0,0,0,0,1,0,0,0.980411361410382,0,0,0,2,25.025,0,0,0,0,1,2,0.019588638589618023
0,0,0,1,4,1,1,0,0,0,1,0,0,0,80.8,332.45,1,1,0,0,0,1,0,0,1,0,0,0,0.2423151896836107,1,0,0,3,16.16,1,0,1,1,0,3,0.0488997555012225
0,0,0,0,23,1,0,0,0,0,0,0,0,0,20.85,473.9,0,1,0,0,0,0,1,0,0,1,0,1,0.0439039797852179,0,0,0,1,0.86875,0,0,0,0,1,1,1.0526315789473684
1,1,0,0,6,1,0,0,0,0,0,0,0,0,19.5,106.8,0,1,0,0,0,0,1,1,0,0,0,0,0.1808905380333952,0,0,0,1,2.7857142857142856,0,0,0,0,0,1,0.2926829268292683
0,0,1,1,8,1,0,0,0,0,0,0,0,1,19.35,152.6,0,1,0,0,0,0,1,0,0,0,1,0,0.1259765625,0,0,0,1,2.1500000000000004,0,0,0,0,0,1,0.3931203931203931
0,0,0,0,18,1,1,1,0,1,0,1,0,0,69.5,1199.4,0,1,0,0,1,0,0,0,0,0,1,1,0.0578973675441519,2,1,0,5,3.6578947368421053,0,0,1,0,0,5,0.2553191489361702
0,1,0,0,52,0,0,1,0,0,0,1,1,1,48.8,2555.05,0,1,0,0,1,0,0,0,1,0,0,3,0.0190919582950255,1,2,0,3,0.920754716981132,0,0,1,0,0,3,1.0441767068273093
0,0,0,0,31,1,0,0,1,0,0,1,1,1,94.5,2979.2,0,1,0,0,0,1,0,0,0,1,0,2,0.0317092812562915,1,2,1,4,2.953125,0,0,1,1,1,4,0.32460732984293195
0,0,1,1,29,1,0,0,0,0,0,0,0,1,20.65,654.85,0,1,0,0,0,0,1,0,0,0,1,2,0.0314858580468094,0,0,0,1,0.6883333333333332,0,0,0,0,0,1,1.3394919168591224
1,0,1,0,36,1,1,1,1,1,1,0,1,1,106.05,3834.4,0,0,0,1,0,1,0,0,1,0,0,2,0.0276503102675079,4,1,1,7,2.866216216216216,0,2,1,0,0,7,0.33629145259224663
1,0,1,0,16,1,1,0,1,0,0,1,1,1,100.0,1534.75,1,1,0,0,0,1,0,0,0,1,0,1,0.0651147647729122,1,2,1,5,5.882352941176471,0,0,1,1,1,5,0.15841584158415842
0,0,1,0,42,1,1,0,0,1,1,1,1,1,108.3,4586.15,0,0,1,0,0,1,0,0,0,1,0,2,0.0236094306922599,2,2,1,6,2.5186046511627906,0,1,1,0,1,6,0.38426349496797807
0,0,0,0,1,1,0,0,0,0,0,0,0,0,20.55,20.55,1,1,0,0,0,0,1,0,0,1,0,0,0.9535962877030162,0,0,0,1,10.275,0,0,0,0,1,1,0.04640371229698376
1,0,0,0,60,1,0,0,1,1,0,1,1,1,99.65,5941.05,0,0,0,1,0,1,0,0,0,1,0,3,0.0167703065440378,2,2,1,5,1.6336065573770493,0,2,1,0,1,5,0.5961251862891207
0,0,0,0,5,1,1,0,1,1,0,0,0,1,85.3,424.15,1,1,0,0,0,1,0,0,0,1,0,0,0.2006350699753028,2,0,0,4,14.216666666666667,1,0,1,1,1,4,0.05793742757821553
0,0,1,0,22,1,1,1,0,0,1,1,0,0,95.9,2234.95,0,1,0,0,0,1,0,0,1,0,0,1,0.0428900467362865,2,1,1,5,4.1695652173913045,0,0,1,1,0,5,0.22703818369453044
0,0,1,0,36,1,0,0,0,0,0,0,0,0,20.0,666.75,0,0,1,0,0,0,1,0,0,0,1,2,0.0299513290902283,0,0,0,1,0.5405405405405406,0,1,0,0,0,1,1.7142857142857142
1,0,0,0,4,1,0,0,0,0,0,0,0,0,70.4,281.0,1,1,0,0,0,1,0,0,0,1,0,0,0.249645390070922,0,0,0,1,14.080000000000002,1,0,0,1,1,1,0.05602240896358543
0,0,0,0,9,1,0,1,0,0,1,0,1,0,64.95,547.8,0,1,0,0,1,0,0,0,0,0,1,0,0.1183491253644315,2,1,0,4,6.495,0,0,1,0,0,4,0.13646702047005307
0,0,1,1,1,1,0,0,1,0,0,0,0,0,74.6,74.6,0,1,0,0,0,1,0,0,1,0,0,0,0.9867724867724867,1,0,0,2,37.3,1,0,1,1,0,2,0.013227513227513229
0,0,1,1,12,1,0,1,0,0,0,0,0,1,49.2,571.15,0,1,0,0,1,0,0,0,0,1,0,0,0.0859914358122869,1,0,0,2,3.784615384615385,0,0,1,0,0,2,0.2390438247011952
1,0,0,0,23,1,1,0,0,0,1,1,1,1,73.75,1756.6,0,0,1,0,1,0,0,0,0,0,1,1,0.0419606281292671,1,2,0,5,3.0729166666666665,0,1,1,0,0,5,0.3076923076923077
0,0,0,0,62,1,1,1,1,0,0,0,1,1,92.3,5731.45,0,0,1,0,0,1,0,1,0,0,0,3,0.0161013179356121,2,1,1,5,1.465079365079365,0,1,1,0,0,5,0.6645230439442659
0,0,0,0,37,1,1,0,0,0,1,1,1,0,98.8,3475.55,1,1,0,0,0,1,0,1,0,0,0,2,0.0284189785850915,1,2,1,5,2.6,0,0,1,1,0,5,0.3707414829659319
1,0,0,0,8,1,0,0,0,0,0,0,0,0,19.2,156.85,0,1,0,0,0,0,1,0,0,0,1,0,0.1216344630978777,0,0,0,1,2.1333333333333333,0,0,0,0,0,1,0.39603960396039606
0,0,1,0,31,1,1,0,0,1,0,1,0,0,88.65,2683.2,0,1,0,0,0,1,0,0,1,0,0,2,0.0330266001043141,1,1,0,4,2.7703125,0,0,1,1,0,4,0.34578918014500837
0,0,1,1,13,1,1,0,0,0,0,0,0,1,74.4,896.75,1,1,0,0,0,1,0,0,1,0,0,1,0.0828738512949039,0,0,0,2,5.314285714285715,0,0,0,1,0,2,0.17241379310344826
1,0,0,0,24,1,1,0,0,1,0,1,1,1,98.75,2407.3,1,1,0,0,0,1,0,0,0,1,0,1,0.0410040277374081,1,2,1,5,3.95,0,0,1,1,1,5,0.24060150375939848
0,0,1,1,45,1,1,0,1,1,0,0,1,1,95.95,4456.65,0,1,0,0,0,1,0,1,0,0,0,2,0.0215247944544771,2,1,1,5,2.0858695652173913,0,0,1,1,0,5,0.46415678184631254
1,1,1,0,69,1,1,0,1,0,1,1,1,0,105.4,6998.95,0,0,0,1,0,1,0,0,1,0,0,3,0.0150572504089314,2,2,1,6,1.5057142857142858,0,2,1,0,0,6,0.6484962406015037
0,0,0,0,2,1,0,0,0,0,0,0,0,0,20.25,36.8,0,1,0,0,0,0,1,0,0,0,1,0,0.5357142857142858,0,0,0,1,6.75,0,0,0,0,0,1,0.09411764705882353
0,0,1,1,61,1,1,1,1,0,0,1,1,1,106.0,6547.7,1,0,1,0,0,1,0,0,0,1,0,3,0.0161864186785163,2,2,1,6,1.7096774193548387,0,1,1,0,0,6,0.5700934579439252
0,0,0,0,41,1,1,0,1,1,0,1,1,1,104.7,4346.4,1,1,0,0,0,1,0,0,0,1,0,2,0.0240833601692965,2,2,1,6,2.492857142857143,0,0,1,1,1,6,0.3878902554399243
1,0,0,0,44,0,0,0,0,1,0,1,1,1,49.05,2265.0,0,0,1,0,1,0,0,0,0,1,0,2,0.0216460723742277,1,2,0,3,1.0899999999999999,0,1,1,0,1,3,0.8791208791208792
0,0,0,0,39,0,0,0,0,1,1,0,0,0,35.55,1309.15,0,0,1,0,1,0,0,0,0,0,1,2,0.0271342975995115,2,0,0,2,0.8887499999999999,0,1,1,0,0,2,1.06703146374829
0,0,1,1,72,0,0,1,1,1,1,1,1,1,65.1,4754.3,0,0,0,1,1,0,0,0,1,0,0,3,0.0136899880133745,4,2,0,6,0.8917808219178082,0,2,1,0,0,6,1.0892586989409985
1,1,0,0,13,1,0,0,0,1,0,1,1,1,96.85,1235.55,0,1,0,0,0,1,0,0,0,1,0,1,0.0783227528203469,1,2,1,4,6.917857142857143,0,0,1,1,1,4,0.13285641287685232
1,0,1,1,51,1,0,1,1,0,1,0,1,1,69.75,3562.5,0,0,1,0,1,0,0,0,1,0,0,3,0.019573453065806,3,1,0,5,1.3413461538461537,0,1,1,0,0,5,0.7208480565371025
1,1,1,0,71,1,0,0,1,1,0,1,1,1,99.2,7213.75,0,0,0,1,0,1,0,0,0,1,0,3,0.0137496101736026,2,2,1,5,1.3777777777777778,0,2,1,0,1,5,0.7085828343313373
0,1,0,0,22,1,1,0,0,0,0,1,1,1,96.7,2082.95,1,1,0,0,0,1,0,0,0,1,0,1,0.0464022649295808,0,2,1,4,4.2043478260869565,0,0,0,1,1,4,0.22517911975435004
1,0,0,0,2,1,0,0,1,0,1,0,0,1,55.05,102.75,1,1,0,0,1,0,0,0,1,0,0,0,0.5306024096385542,2,0,0,3,18.349999999999998,0,0,1,0,0,3,0.03568242640499554
1,0,0,0,56,1,1,0,1,1,0,1,1,1,106.8,5914.4,0,0,1,0,0,1,0,0,0,1,0,3,0.0180545694289481,2,2,1,6,1.8736842105263158,0,1,1,0,1,6,0.5194805194805195
0,0,0,0,1,1,0,1,0,0,0,0,0,0,51.25,51.25,0,1,0,0,1,0,0,0,0,0,1,0,0.9808612440191388,1,0,0,2,25.625,0,0,1,0,0,2,0.019138755980861243
1,0,1,1,23,1,0,1,1,0,1,0,0,1,57.75,1282.85,0,0,1,0,1,0,0,0,0,0,1,1,0.0449818904077579,3,0,0,4,2.40625,0,1,1,0,0,4,0.39148936170212767
1,1,1,0,66,1,1,0,1,1,0,1,0,1,70.85,4738.85,0,0,1,0,1,0,0,1,0,0,0,3,0.0149477304134097,2,1,0,5,1.0574626865671641,0,1,1,0,0,5,0.9185803757828811
1,0,0,0,1,1,0,0,0,0,0,0,0,0,19.55,19.55,0,1,0,0,0,0,1,0,0,0,1,0,0.951338199513382,0,0,0,1,9.775,0,0,0,0,0,1,0.048661800486618
0,1,0,0,19,1,1,0,1,0,0,1,0,1,88.2,1775.8,1,1,0,0,0,1,0,0,0,1,0,1,0.04963980189104,1,1,0,4,4.41,0,0,1,1,1,4,0.21300448430493274
0,0,0,0,11,1,0,1,0,1,0,0,0,1,79.5,795.65,0,1,0,0,0,1,0,1,0,0,0,0,0.0997928826962907,2,0,0,3,6.625,1,0,1,1,0,3,0.13664596273291926
1,0,1,1,8,1,0,0,0,0,0,0,0,1,19.75,145.0,1,0,1,0,0,0,1,0,0,0,1,0,0.1352739726027397,0,0,0,1,2.1944444444444446,0,1,0,0,0,1,0.3855421686746988
1,0,1,1,52,1,1,1,1,1,0,0,1,0,98.15,4993.4,0,1,0,0,0,1,0,1,0,0,0,3,0.0196520102514816,3,1,1,6,1.8518867924528304,0,0,1,1,0,6,0.524457892082703
0,0,0,0,3,1,0,0,0,0,0,0,0,1,20.25,61.45,0,1,0,0,0,0,1,0,0,1,0,0,0.3242594075260208,0,0,0,1,5.0625,0,0,0,0,1,1,0.1411764705882353
1,0,1,1,51,1,0,1,1,0,0,0,0,1,79.15,4018.55,0,1,0,0,0,1,0,1,0,0,0,3,0.0196912589717754,2,0,0,3,1.5221153846153848,0,0,1,1,0,3,0.6363069245165315
0,1,0,0,15,1,1,0,0,0,0,0,0,0,75.65,1146.65,1,1,0,0,0,1,0,0,0,1,0,1,0.0659173092841894,0,0,0,2,4.728125,0,0,0,1,1,2,0.19569471624266144
0,1,1,0,64,1,1,0,1,1,0,0,1,1,94.25,6081.4,0,1,0,0,0,1,0,0,0,1,0,3,0.0154955280810206,2,1,1,5,1.45,0,0,1,1,1,5,0.6719160104986877
1,0,0,0,37,0,0,0,0,1,0,0,1,1,40.2,1478.85,0,1,0,0,1,0,0,0,1,0,0,2,0.0271649153630435,1,1,0,2,1.0578947368421054,0,0,1,0,0,2,0.8980582524271844
0,0,0,0,13,1,0,0,0,0,0,0,0,0,19.95,243.65,0,0,0,1,0,0,1,0,0,0,1,1,0.0815450643776824,0,0,0,1,1.425,0,2,0,0,0,1,0.6205250596658711
0,0,1,0,49,1,1,1,0,0,0,0,0,1,55.35,2633.95,0,0,1,0,1,0,0,0,0,1,0,3,0.0210060911971764,1,0,0,3,1.107,0,1,1,0,0,3,0.8695652173913043
1,1,0,0,45,1,1,0,0,1,0,1,1,1,102.15,4735.35,0,0,1,0,0,1,0,1,0,0,0,2,0.0215672405966619,1,2,1,5,2.220652173913044,0,1,1,0,0,5,0.4362578768783325
1,0,0,0,18,1,0,0,0,0,0,0,0,1,71.1,1247.75,0,1,0,0,0,1,0,0,0,1,0,1,0.0569369369369369,0,0,0,1,3.7421052631578946,0,0,0,1,1,1,0.24965325936199725
0,1,0,0,1,1,1,0,0,0,0,0,0,1,74.7,74.7,1,1,0,0,0,1,0,0,0,1,0,0,0.9867899603698812,0,0,0,2,37.35,1,0,0,1,1,2,0.01321003963011889
0,0,1,0,68,0,0,1,0,1,0,1,1,1,54.1,3794.5,0,0,0,1,1,0,0,1,0,0,0,3,0.0142537215123172,2,2,0,4,0.7840579710144928,0,2,1,0,0,4,1.234119782214156
0,0,0,0,54,1,0,0,0,0,0,0,0,0,19.65,1008.7,0,0,0,1,0,0,1,0,1,0,0,3,0.0194612261067643,0,0,0,1,0.35727272727272724,0,2,0,0,0,1,2.6150121065375305
1,1,1,1,23,1,0,0,1,1,0,0,1,1,88.45,2130.55,0,1,0,0,0,1,0,1,0,0,0,1,0.0414956252492317,2,1,0,4,3.685416666666667,0,0,1,1,0,4,0.257126886528787
0,0,0,0,17,1,0,0,0,1,0,0,0,1,76.65,1313.55,1,1,0,0,0,1,0,0,0,1,0,1,0.0583089270092427,1,0,0,2,4.258333333333334,0,0,1,1,1,2,0.2189311010946555
0,0,1,0,71,1,1,1,1,1,1,0,1,0,80.4,5727.15,0,0,0,1,1,0,0,0,1,0,0,3,0.0140359452877456,4,1,0,7,1.1166666666666667,0,2,1,0,0,7,0.8722358722358722
1,0,1,1,67,1,0,0,0,0,0,0,0,1,19.25,1372.9,0,0,0,1,0,0,1,1,0,0,0,3,0.0140112089671737,0,0,0,1,0.28308823529411764,0,2,0,0,0,1,3.308641975308642
1,0,1,1,14,1,1,0,0,0,0,1,0,1,84.8,1203.9,0,1,0,0,0,1,0,0,0,1,0,1,0.0703792845879326,0,1,0,3,5.653333333333333,0,0,0,1,1,3,0.16317016317016317
1,1,0,0,1,0,0,0,0,0,0,0,0,1,25.8,25.8,1,1,0,0,1,0,0,0,0,0,1,0,0.9626865671641792,0,0,0,0,12.9,0,0,0,0,0,0,0.03731343283582089
1,0,0,1,63,1,0,0,0,0,0,0,0,0,19.5,1215.1,0,0,0,1,0,0,1,0,1,0,0,3,0.0160348655538195,0,0,0,1,0.3046875,0,2,0,0,0,1,3.073170731707317
1,0,0,0,41,1,1,0,0,1,1,0,1,1,68.6,2877.05,0,0,1,0,1,0,0,0,0,1,0,2,0.0238355831205156,2,1,0,5,1.6333333333333333,0,1,1,0,1,5,0.589080459770115
1,0,1,0,17,1,1,0,0,0,0,1,1,0,92.6,1579.7,0,1,0,0,0,1,0,0,0,1,0,1,0.0585816410451065,0,2,1,4,5.144444444444444,0,0,0,1,1,4,0.18162393162393164
0,0,1,0,56,1,1,1,0,0,0,1,1,1,100.55,5514.95,0,0,1,0,0,1,0,0,0,1,0,3,0.0182289542145958,1,2,1,5,1.7640350877192983,0,1,1,0,0,5,0.551452486459872
1,0,0,0,5,1,0,0,0,0,0,0,0,0,20.55,96.1,0,1,0,0,0,0,1,0,1,0,0,0,0.2116374871266735,0,0,0,1,3.4250000000000003,0,0,0,0,0,1,0.23201856148491878
1,0,0,0,2,0,0,1,1,0,0,0,1,1,42.6,72.4,1,1,0,0,1,0,0,0,0,1,0,0,0.5803814713896458,2,1,0,3,14.200000000000001,0,0,1,0,0,3,0.04587155963302752
1,0,1,0,3,1,0,0,0,0,0,0,0,1,19.6,55.25,0,1,0,0,0,0,1,0,0,0,1,0,0.3484444444444444,0,0,0,1,4.9,0,0,0,0,0,1,0.14563106796116504
0,0,0,0,37,1,1,1,1,1,1,0,0,0,67.45,2443.3,0,0,1,0,1,0,0,0,0,1,0,2,0.0275948124207339,4,0,0,6,1.7750000000000001,0,1,1,0,0,6,0.5405405405405406
1,0,0,0,29,1,0,1,1,1,0,0,1,1,68.85,1970.5,1,1,0,0,1,0,0,1,0,0,0,2,0.0349226477301547,3,1,0,5,2.295,0,0,1,0,0,5,0.4151753758052971
0,0,0,0,8,1,0,0,0,0,0,0,0,0,43.55,335.4,0,1,0,0,1,0,0,0,0,0,1,0,0.1294589774078478,0,0,0,1,4.838888888888889,0,0,0,0,0,1,0.17957351290684626
1,0,0,0,63,1,1,0,1,1,1,1,1,1,109.85,7002.95,0,1,0,0,0,1,0,0,1,0,0,3,0.0156840068818309,3,2,1,7,1.71640625,0,0,1,1,0,7,0.5683355886332883
1,0,1,1,7,1,0,0,0,0,0,0,0,0,20.65,158.95,0,1,0,0,0,0,1,0,0,0,1,0,0.1291028446389496,0,0,0,1,2.58125,0,0,0,0,0,1,0.32332563510392615
1,0,0,0,3,1,0,0,1,0,0,1,1,0,95.4,293.15,0,1,0,0,0,1,0,0,0,1,0,0,0.3243243243243243,1,2,1,4,23.85,1,0,1,1,1,4,0.031120331950207466
0,0,1,1,72,1,0,0,0,0,0,0,0,0,21.0,1493.75,0,0,0,1,0,0,1,1,0,0,0,3,0.0140491721023582,0,0,0,1,0.2876712328767123,0,2,0,0,0,1,3.272727272727273
1,0,0,0,19,1,0,0,0,0,0,0,1,1,56.2,1093.4,0,1,0,0,1,0,0,0,0,1,0,1,0.0513523391812865,0,1,0,2,2.81,0,0,0,0,1,2,0.33216783216783213
1,0,1,0,59,1,0,0,0,0,0,0,0,0,18.4,1057.85,0,0,0,1,0,0,1,1,0,0,0,3,0.0173773433441941,0,0,0,1,0.30666666666666664,0,2,0,0,0,1,3.041237113402062
0,0,1,1,2,1,0,0,0,1,1,0,1,0,90.0,190.05,1,1,0,0,0,1,0,0,1,0,0,0,0.4710808688824914,2,1,1,4,30.0,1,0,1,1,0,4,0.02197802197802198
1,0,1,1,35,1,1,0,0,0,0,0,0,1,25.75,882.55,0,1,0,0,0,0,1,0,0,1,0,2,0.0291437949182276,0,0,0,2,0.7152777777777778,0,0,0,0,1,2,1.308411214953271
0,0,0,0,14,1,0,0,0,0,0,0,0,0,19.6,300.4,0,1,0,0,0,0,1,0,1,0,0,1,0.0650298606502986,0,0,0,1,1.3066666666666669,0,0,0,0,0,1,0.6796116504854368
1,0,0,0,14,1,0,0,0,1,0,0,0,0,75.35,1025.95,1,1,0,0,0,1,0,0,0,1,0,1,0.0733726082087735,1,0,0,2,5.0233333333333325,0,0,1,1,1,2,0.183366077275704
1,0,1,1,69,1,0,0,0,0,0,0,0,0,19.8,1436.95,0,0,0,1,0,0,1,0,1,0,0,3,0.0137696025591988,0,0,0,1,0.28285714285714286,0,2,0,0,0,1,3.317307692307692
0,1,1,0,7,1,1,1,1,0,1,0,0,0,64.2,475.0,0,1,0,0,1,0,0,0,0,1,0,0,0.1348739495798319,3,0,0,5,8.025,0,0,1,0,0,5,0.10736196319018404
0,0,1,1,69,1,0,1,1,1,1,1,0,1,75.75,5388.15,0,0,0,1,1,0,0,1,0,0,0,3,0.0140560199660428,4,1,0,6,1.082142857142857,0,2,1,0,0,6,0.8990228013029316
1,0,1,1,72,1,1,0,1,0,1,1,1,1,78.95,5730.15,0,0,0,1,1,0,0,0,0,1,0,3,0.0137755947759175,2,2,0,6,1.0815068493150686,0,2,1,0,1,6,0.900562851782364
0,0,0,0,8,1,1,0,1,0,0,1,1,0,100.85,819.55,1,1,0,0,0,1,0,0,0,1,0,0,0.1229053683504966,1,2,1,5,11.205555555555556,1,0,1,1,1,5,0.07854688267059401
1,0,1,1,4,1,0,1,0,0,0,0,0,0,50.3,217.1,0,1,0,0,1,0,0,0,0,1,0,0,0.2306281522237505,1,0,0,2,10.059999999999999,0,0,1,0,0,2,0.07797270955165693
0,0,1,1,63,1,0,0,1,1,0,0,0,1,80.3,4896.35,0,1,0,0,0,1,0,0,1,0,0,3,0.016396622663277,2,0,0,3,1.2546875,0,0,1,1,0,3,0.7749077490774908
0,0,0,0,72,1,0,0,0,0,0,0,0,0,19.85,1434.1,0,0,0,1,0,0,1,1,0,0,0,3,0.0138317887255243,0,0,0,1,0.2719178082191781,0,2,0,0,0,1,3.4532374100719423
1,0,0,0,46,1,0,0,0,0,0,0,0,1,21.1,937.1,0,0,0,1,0,0,1,0,0,1,0,2,0.0224922716128344,0,0,0,1,0.448936170212766,0,2,0,0,1,1,2.0814479638009047
1,0,1,0,5,1,0,0,0,0,0,0,0,0,69.95,330.15,1,1,0,0,0,1,0,0,0,1,0,0,0.2112335799486637,0,0,0,1,11.658333333333333,0,0,0,1,1,1,0.07047216349541931
0,0,1,0,30,1,0,0,0,1,0,0,0,1,50.0,1474.9,0,1,0,0,1,0,0,0,0,0,1,2,0.0338776339860424,1,0,0,2,1.6129032258064515,0,0,1,0,0,2,0.5882352941176471
0,0,0,0,63,1,1,0,1,1,0,1,1,1,104.75,6536.5,0,0,0,1,0,1,0,1,0,0,0,3,0.0160229445506692,2,2,1,6,1.63671875,0,2,1,0,0,6,0.5957446808510638
1,0,0,0,60,1,0,0,0,0,0,0,0,0,19.85,1128.1,0,0,0,1,0,0,1,1,0,0,0,3,0.0175803737490036,0,0,0,1,0.3254098360655738,0,2,0,0,0,1,2.8776978417266186
1,0,1,0,63,1,1,0,1,1,0,1,1,1,107.5,6873.75,1,0,1,0,0,1,0,0,0,1,0,3,0.0156369322520818,2,2,1,6,1.6796875,0,1,1,0,1,6,0.5806451612903226
0,0,1,1,25,1,0,0,0,0,1,1,0,0,85.9,2199.05,0,1,0,0,0,1,0,0,0,1,0,2,0.0390445671689279,1,1,0,3,3.303846153846154,0,0,1,1,1,3,0.28768699654775604
0,0,0,0,1,1,0,0,0,0,0,0,0,1,45.85,45.85,1,1,0,0,1,0,0,0,0,0,1,0,0.9786552828175028,0,0,0,1,22.925,0,0,0,0,0,1,0.021344717182497332
0,1,1,0,6,1,1,0,0,1,0,0,0,1,80.8,457.1,0,1,0,0,0,1,0,0,0,1,0,0,0.1763807029032962,1,0,0,3,11.542857142857143,1,0,1,1,1,3,0.07334963325183375
0,0,0,0,22,1,1,0,0,0,0,0,0,0,25.25,566.5,0,0,0,1,0,0,1,0,0,0,1,1,0.0444933920704845,0,0,0,2,1.0978260869565217,0,2,0,0,0,2,0.8380952380952381
1,0,1,1,31,1,1,0,1,0,1,1,1,0,80.55,2471.6,0,0,0,1,1,0,0,1,0,0,0,2,0.0325770444066974,2,2,0,6,2.5171875,0,2,1,0,0,6,0.3801348865726548
1,0,1,1,39,1,0,0,0,1,1,0,0,1,81.5,3107.3,0,1,0,0,0,1,0,1,0,0,0,2,0.0262201203230061,2,0,0,3,2.0375,0,0,1,1,0,3,0.4727272727272727
0,0,0,0,26,1,0,0,0,0,0,0,0,0,20.9,518.3,0,1,0,0,0,0,1,0,0,0,1,2,0.0402464856537646,0,0,0,1,0.774074074074074,0,0,0,0,0,1,1.1872146118721463
1,0,1,0,53,1,0,1,1,1,0,1,1,1,106.1,5769.75,1,0,1,0,0,1,0,1,0,0,0,3,0.0183858250660659,3,2,1,6,1.9648148148148148,0,1,1,0,0,6,0.49486461251167135
1,0,0,0,1,1,0,0,1,0,1,1,0,0,91.7,91.7,1,1,0,0,0,1,0,0,0,1,0,0,0.989212513484358,2,1,1,4,45.85,1,0,1,1,1,4,0.010787486515641855
0,0,0,0,12,1,1,1,1,0,1,0,0,1,67.25,832.3,0,1,0,0,1,0,0,0,0,1,0,0,0.0807032281291251,3,0,0,5,5.173076923076923,0,0,1,0,0,5,0.17582417582417584
1,0,0,0,16,1,1,0,1,1,0,0,1,1,95.6,1555.65,1,1,0,0,0,1,0,0,1,0,0,1,0.0614139337680274,2,1,1,5,5.623529411764705,0,0,1,1,0,5,0.16563146997929606
1,0,0,0,2,1,0,0,0,0,0,0,0,0,20.35,45.3,0,1,0,0,0,0,1,0,0,0,1,0,0.439524838012959,0,0,0,1,6.783333333333334,0,0,0,0,0,1,0.09367681498829039
0,0,0,1,39,0,0,1,0,0,1,1,0,0,45.05,1790.6,0,0,1,0,1,0,0,1,0,0,0,2,0.0251451216789461,2,1,0,3,1.12625,0,1,1,0,0,3,0.8469055374592834
0,0,0,0,1,1,1,0,0,0,0,0,0,1,74.95,74.95,1,1,0,0,0,1,0,0,0,1,0,0,0.9868334430546412,0,0,0,2,37.475,1,0,0,1,1,2,0.013166556945358789
1,0,1,1,7,0,0,1,0,0,1,0,0,0,34.65,246.6,0,1,0,0,1,0,0,0,0,0,1,0,0.1399434571890145,2,0,0,2,4.33125,0,0,1,0,0,2,0.19635343618513323
0,1,0,0,4,1,0,0,0,0,0,0,0,0,69.35,261.65,0,1,0,0,0,1,0,0,0,1,0,0,0.2640395964210927,0,0,0,1,13.87,0,0,0,1,1,1,0.056858564321250894
0,1,0,0,10,1,1,0,0,0,0,1,1,1,95.35,898.35,1,1,0,0,0,1,0,0,0,1,0,0,0.1060210151776282,0,2,1,4,8.668181818181818,1,0,0,1,1,4,0.10378827192527246
1,0,0,0,55,1,0,0,1,1,0,0,0,1,81.55,4509.5,0,1,0,0,0,1,0,0,0,1,0,3,0.0180800354727857,2,0,0,3,1.45625,0,0,1,1,1,3,0.6662628709872804
0,0,1,1,72,1,0,0,1,1,0,1,1,1,75.4,5480.25,0,0,0,1,1,0,0,1,0,0,0,3,0.0137559863169897,2,2,0,5,1.0328767123287672,0,2,1,0,0,5,0.9424083769633507
1,0,1,0,10,1,0,0,0,1,0,1,1,1,67.8,653.15,0,1,0,0,1,0,0,0,1,0,0,0,0.1036459527631277,1,2,0,4,6.163636363636363,0,0,1,0,0,4,0.14534883720930233
0,1,0,0,11,1,1,0,1,1,1,1,1,1,111.4,1183.05,0,1,0,0,0,1,0,0,0,1,0,0,0.0940838647016595,3,2,1,7,9.283333333333333,1,0,1,1,1,7,0.09786476868327401
1,0,1,1,15,1,0,0,0,0,0,0,0,0,46.3,639.45,0,1,0,0,1,0,0,0,0,1,0,1,0.072292919041299,0,0,0,1,2.89375,0,0,0,0,1,1,0.31712473572938693
1,0,1,1,23,1,0,0,0,0,0,0,0,0,20.4,478.75,0,0,0,1,0,0,1,1,0,0,0,1,0.0425221469515372,0,0,0,1,0.85,0,2,0,0,0,1,1.074766355140187
0,0,0,1,1,1,0,0,0,0,0,0,0,0,20.05,20.05,0,1,0,0,0,0,1,0,0,0,1,0,0.9524940617577196,0,0,0,1,10.025,0,0,0,0,0,1,0.047505938242280284
1,1,0,0,3,1,0,0,0,0,0,0,0,0,45.0,127.1,1,1,0,0,1,0,0,0,0,1,0,0,0.351288056206089,0,0,0,1,11.25,0,0,0,0,1,1,0.06521739130434782
0,0,1,1,47,1,0,1,1,1,0,0,1,1,96.1,4391.45,0,0,1,0,0,1,0,0,0,1,0,2,0.0218784505230566,3,1,1,5,2.002083333333333,0,1,1,0,0,5,0.4840370751802266
1,0,0,1,15,1,0,0,0,0,0,0,0,0,19.65,270.6,0,0,1,0,0,0,1,0,0,0,1,1,0.0723490427098674,0,0,0,1,1.228125,0,1,0,0,0,1,0.7263922518159807
0,0,0,0,66,1,0,0,1,1,0,1,1,0,99.5,6710.5,1,1,0,0,0,1,0,0,0,1,0,3,0.0148252998584519,2,2,1,5,1.4850746268656716,0,0,1,1,1,5,0.6567164179104478
1,1,1,0,68,1,0,0,1,1,1,0,0,1,60.65,3975.9,0,0,1,0,1,0,0,1,0,0,0,3,0.0152505720536095,3,0,0,4,0.8789855072463768,0,1,1,0,0,4,1.1030008110300082
1,0,1,1,17,1,0,0,0,1,1,1,1,0,98.6,1704.95,1,0,1,0,0,1,0,1,0,0,0,1,0.0577977080219232,2,2,1,5,5.477777777777778,0,1,1,0,0,5,0.1706827309236948
1,0,0,0,7,1,0,0,0,0,1,1,0,1,59.5,415.95,1,1,0,0,1,0,0,0,0,0,1,0,0.1427029619858496,1,1,0,3,7.4375,0,0,1,0,0,3,0.11570247933884298
0,1,1,0,12,1,0,0,0,0,0,0,1,1,80.45,950.2,1,1,0,0,0,1,0,0,0,1,0,0,0.0845773759461732,0,1,0,2,6.188461538461539,0,0,0,1,1,2,0.14732965009208102
1,1,1,0,21,1,1,0,1,1,0,0,1,0,71.7,1497.05,0,0,1,0,1,0,0,1,0,0,0,1,0.0478622208871533,2,1,0,5,3.2590909090909093,0,1,1,0,0,5,0.2888583218707015
0,0,0,0,21,0,0,0,1,0,1,0,0,1,36.0,780.15,0,1,0,0,1,0,0,0,0,0,1,1,0.0460858989950713,2,0,0,2,1.6363636363636365,0,0,1,0,0,2,0.5675675675675675
1,0,1,1,56,1,1,1,0,0,0,1,0,0,65.2,3512.15,0,0,1,0,1,0,0,1,0,0,0,3,0.0185588432033929,1,1,0,4,1.143859649122807,0,1,1,0,0,4,0.8459214501510574
1,0,1,1,6,1,1,0,0,0,0,0,0,1,48.95,273.25,0,1,0,0,1,0,0,0,1,0,0,0,0.1784867821330902,0,0,0,2,6.992857142857143,0,0,0,0,0,2,0.12012012012012012
1,1,0,0,65,0,0,0,1,1,0,1,1,1,53.5,3517.9,0,0,0,1,1,0,0,1,0,0,0,3,0.015203614765978,2,2,0,4,0.8106060606060606,0,2,1,0,0,4,1.1926605504587156
0,0,1,0,42,1,1,1,0,0,1,1,1,0,80.45,3375.9,0,0,1,0,1,0,0,0,1,0,0,2,0.0238236252183955,2,2,0,6,1.8709302325581396,0,1,1,0,0,6,0.5156537753222836
1,0,1,1,68,1,1,1,0,1,1,1,1,1,109.05,7508.55,0,0,0,1,0,1,0,1,0,0,0,3,0.0145215092781857,3,2,1,7,1.5804347826086955,0,2,1,0,0,7,0.6179009541117674
0,0,1,1,48,1,1,0,0,0,0,0,0,0,26.3,1245.05,0,0,0,1,0,0,1,1,0,0,0,2,0.0211066971630351,0,0,0,2,0.536734693877551,0,2,0,0,0,2,1.7582417582417582
1,1,0,0,50,1,1,0,1,0,1,1,1,1,106.8,5347.95,0,0,1,0,0,1,0,0,0,1,0,3,0.0199665354882733,2,2,1,6,2.0941176470588236,0,1,1,0,1,6,0.463821892393321
1,1,0,0,7,1,0,0,1,1,0,1,0,1,64.95,493.65,0,1,0,0,1,0,0,0,0,1,0,0,0.1313049631052259,2,1,0,4,8.11875,0,0,1,0,1,4,0.10614101592115238
1,0,1,1,63,1,0,0,0,0,0,0,0,0,19.35,1263.85,0,0,0,1,0,0,1,0,0,1,0,3,0.0152982567102818,0,0,0,1,0.30234375,0,2,0,0,1,1,3.0958230958230954
0,0,0,0,17,1,0,0,0,0,0,0,0,0,21.1,385.55,0,1,0,0,0,0,1,0,1,0,0,1,0.0545854352606389,0,0,0,1,1.1722222222222223,0,0,0,0,0,1,0.7692307692307692
1,0,1,1,42,1,0,0,0,0,0,1,0,1,77.95,3384.0,1,1,0,0,0,1,0,0,1,0,0,2,0.0230280649926144,0,1,0,2,1.8127906976744186,0,0,0,1,0,2,0.5319822672577581
0,0,1,1,4,1,0,0,0,0,0,0,0,0,18.85,84.2,0,1,0,0,0,0,1,0,0,0,1,0,0.221244131455399,0,0,0,1,3.7700000000000005,0,0,0,0,0,1,0.20151133501259444
1,0,0,1,62,1,1,0,0,0,0,0,0,0,26.0,1638.7,0,0,0,1,0,0,1,1,0,0,0,3,0.0158565591266695,0,0,0,2,0.4126984126984127,0,2,0,0,0,2,2.2962962962962963
0,1,0,0,2,1,0,0,1,0,0,0,0,1,74.7,165.4,1,1,0,0,0,1,0,0,0,1,0,0,0.4489182692307692,1,0,0,2,24.900000000000002,1,0,1,1,1,2,0.02642007926023778
1,0,1,0,2,1,0,0,0,0,0,0,0,1,70.35,120.25,0,1,0,0,0,1,0,0,0,1,0,0,0.5802061855670103,0,0,0,1,23.45,1,0,0,1,1,1,0.028030833917309043
0,0,1,0,48,1,1,1,1,1,0,1,0,1,96.9,4473.45,0,0,0,1,0,1,0,1,0,0,0,2,0.0216562929522064,3,1,1,6,1.9775510204081634,0,2,1,0,0,6,0.49029622063329925
0,0,1,0,27,1,0,0,0,0,0,0,0,0,19.55,520.55,0,0,0,1,0,0,1,1,0,0,0,2,0.0374844214361039,0,0,0,1,0.6982142857142858,0,2,0,0,0,1,1.313868613138686
1,0,1,1,70,1,0,0,1,1,1,1,1,1,80.4,5717.85,0,0,0,1,1,0,0,1,0,0,0,3,0.0140587705570175,3,2,0,6,1.1323943661971831,0,2,1,0,0,6,0.8599508599508598
0,1,0,0,1,1,1,0,0,1,0,1,0,1,88.8,88.8,1,1,0,0,0,1,0,0,0,1,0,0,0.9888641425389756,1,1,0,4,44.4,1,0,1,1,1,4,0.011135857461024499
0,0,1,0,46,1,1,0,1,1,0,1,0,1,94.65,4312.5,0,0,1,0,0,1,0,0,0,1,0,2,0.0219427379158456,2,1,1,5,2.0138297872340427,0,1,1,0,1,5,0.4809200209095661
0,0,0,0,30,1,0,0,0,0,0,1,1,1,90.25,2755.35,1,1,0,0,0,1,0,0,0,1,0,2,0.0327425762330618,0,2,1,3,2.911290322580645,0,0,0,1,1,3,0.3287671232876712
1,0,0,0,15,1,1,1,0,0,0,0,1,1,64.65,994.55,1,1,0,0,1,0,0,1,0,0,0,1,0.0649389784541208,1,1,0,4,4.040625,0,0,1,0,0,4,0.22848438690022846
0,0,1,1,69,1,1,0,1,1,0,1,0,0,95.75,6511.25,0,0,1,0,0,1,0,0,1,0,0,3,0.0147030596184114,2,1,1,5,1.3678571428571429,0,1,1,0,0,5,0.7131782945736435
0,0,0,0,65,1,0,0,0,0,0,0,0,1,19.55,1218.65,0,0,0,1,0,0,1,0,1,0,0,3,0.0160291887016767,0,0,0,1,0.2962121212121212,0,2,0,0,0,1,3.16301703163017
0,1,1,1,72,1,0,1,0,1,1,1,1,1,104.1,7447.7,0,0,0,1,0,1,0,0,1,0,0,3,0.0139755930565065,3,2,1,6,1.426027397260274,0,2,1,0,0,6,0.6850618458610848
0,1,1,0,13,1,0,0,1,0,1,0,1,1,89.05,1169.35,1,1,0,0,0,1,0,1,0,0,0,1,0.0760883496389968,2,1,0,4,6.360714285714286,0,0,1,1,0,4,0.14436424208772905
0,0,0,0,17,1,0,0,0,0,0,0,0,1,20.1,279.5,0,0,1,0,0,0,1,0,0,0,1,1,0.0716577540106952,0,0,0,1,1.1166666666666667,0,1,0,0,0,1,0.8056872037914692
0,0,1,0,51,1,1,1,0,1,1,1,1,1,111.55,5720.35,0,0,1,0,0,1,0,0,0,1,0,3,0.0194971466524509,3,2,1,7,2.145192307692308,0,1,1,0,0,7,0.45313194135939583
0,0,1,1,51,1,0,1,1,0,1,0,0,0,60.5,3121.45,0,0,0,1,1,0,0,0,1,0,0,3,0.0193758106614997,3,0,0,4,1.1634615384615385,0,2,1,0,0,4,0.8292682926829268
1,0,1,0,72,1,1,1,1,1,1,1,1,1,90.95,6468.6,0,0,0,1,1,0,0,1,0,0,0,3,0.0140580561394831,4,2,1,8,1.2458904109589042,0,2,1,0,0,8,0.7830342577487764
0,0,1,1,67,1,1,0,1,1,0,0,0,0,87.4,5918.8,1,0,1,0,0,1,0,0,0,1,0,3,0.0147640122977127,2,0,0,4,1.285294117647059,0,1,1,0,1,4,0.7579185520361991
0,0,0,0,34,1,0,0,0,0,0,0,0,0,19.7,675.6,0,1,0,0,0,0,1,0,0,0,1,2,0.0291161690806976,0,0,0,1,0.5628571428571428,0,0,0,0,0,1,1.642512077294686
0,0,1,0,67,0,0,1,1,0,1,0,1,1,50.95,3521.7,0,0,0,1,1,0,0,1,0,0,0,3,0.0144633377806795,3,1,0,4,0.7492647058823529,0,2,1,0,0,4,1.2897016361886429
1,0,1,0,49,1,0,0,0,0,0,0,0,1,20.05,923.1,0,0,1,0,0,0,1,1,0,0,0,3,0.0216967860621144,0,0,0,1,0.401,0,1,0,0,0,1,2.3277909738717337
0,0,1,1,53,1,0,0,0,0,0,0,0,1,19.4,1110.35,0,0,0,1,0,0,1,0,0,0,1,3,0.017456246906915,0,0,0,1,0.3592592592592592,0,2,0,0,0,1,2.5980392156862746
0,0,0,0,27,1,1,0,0,1,1,0,0,0,59.45,1611.65,0,1,0,0,1,0,0,0,0,1,0,2,0.0368647877716801,2,0,0,4,2.123214285714286,0,0,1,0,1,4,0.4466501240694789
1,1,0,0,23,1,0,0,1,0,0,1,1,1,94.75,2293.6,1,1,0,0,0,1,0,0,0,1,0,1,0.0412926000174322,1,2,1,4,3.9479166666666665,0,0,1,1,1,4,0.2402088772845953
0,0,0,0,69,1,1,1,1,1,1,0,1,1,81.5,5553.25,0,0,0,1,1,0,0,0,1,0,0,3,0.0146734482603411,4,1,0,7,1.1642857142857144,0,2,1,0,0,7,0.8363636363636363
1,0,1,1,2,0,0,0,0,0,1,0,0,0,29.05,44.75,0,1,0,0,1,0,0,1,0,0,0,0,0.6349726775956285,1,0,0,1,9.683333333333334,0,0,1,0,0,1,0.06655574043261231
1,0,0,0,35,1,1,0,0,0,0,1,0,1,86.45,3029.1,1,1,0,0,0,1,0,0,0,1,0,2,0.028530411537573,0,1,0,3,2.401388888888889,0,0,0,1,1,3,0.40022870211549455
1,0,1,0,46,1,0,1,1,0,1,0,1,0,70.6,3231.05,0,0,1,0,1,0,0,0,0,0,1,2,0.0218437214770811,3,1,0,5,1.502127659574468,0,1,1,0,0,5,0.6424581005586593
1,0,0,0,54,1,1,0,1,0,0,1,1,1,97.2,5129.45,0,0,0,1,0,1,0,1,0,0,0,3,0.0189457065169721,1,2,1,5,1.7672727272727273,0,2,1,0,0,5,0.5498981670061099
1,0,1,0,56,1,1,0,1,0,0,1,1,1,98.25,5508.35,1,0,1,0,0,1,0,0,0,1,0,3,0.0178333197201121,1,2,1,5,1.7236842105263157,0,1,1,0,1,5,0.5642317380352645
1,0,1,0,9,1,0,0,0,1,0,0,0,1,75.75,655.9,1,1,0,0,0,1,0,1,0,0,0,0,0.1153143553052215,1,0,0,2,7.575,1,0,1,1,0,2,0.11726384364820847
0,0,0,0,20,1,1,1,0,0,1,0,0,0,59.2,1191.2,0,1,0,0,1,0,0,1,0,0,0,1,0.0496560979701392,2,0,0,4,2.8190476190476192,0,0,1,0,0,4,0.33222591362126247
0,0,0,0,11,1,0,0,1,0,0,0,0,1,75.9,866.4,0,1,0,0,0,1,0,0,0,0,1,0,0.0875028821766197,1,0,0,2,6.325,1,0,1,1,0,2,0.14304291287386214
1,1,1,0,30,1,1,0,1,0,0,1,0,1,90.05,2627.2,0,1,0,0,0,1,0,0,0,1,0,2,0.0342629936838901,1,1,1,4,2.9048387096774193,0,0,1,1,1,4,0.3294892915980231
0,0,1,0,68,1,0,1,1,1,0,0,1,0,70.95,4741.45,0,0,0,1,1,0,0,1,0,0,0,3,0.0149606216196269,3,1,0,5,1.0282608695652173,0,2,1,0,0,5,0.9451007644197359
0,1,1,0,38,1,1,0,1,1,0,1,1,1,102.6,4009.2,0,1,0,0,0,1,0,0,0,1,0,2,0.0255847588648945,2,2,1,6,2.6307692307692307,0,0,1,1,1,6,0.36679536679536684
1,1,1,0,17,1,1,1,0,1,0,0,0,1,85.35,1463.45,1,1,0,0,0,1,0,1,0,0,0,1,0.0582812660043019,2,0,0,4,4.741666666666666,0,0,1,1,0,4,0.19687319050376376
0,0,0,0,48,1,1,0,1,1,0,1,1,1,106.1,5082.8,1,0,1,0,0,1,0,0,1,0,0,2,0.0208702151933592,2,2,1,6,2.1653061224489796,0,1,1,0,0,6,0.4481792717086835
1,0,0,0,1,1,0,0,0,0,0,0,0,0,43.8,43.8,0,1,0,0,1,0,0,0,0,1,0,0,0.9776785714285714,0,0,0,1,21.9,0,0,0,0,1,1,0.022321428571428572
0,0,1,1,63,0,0,1,1,1,0,1,1,0,59.0,3707.6,0,0,0,1,1,0,0,0,0,1,0,3,0.0159089683438494,3,2,0,5,0.921875,0,2,1,0,0,5,1.05
1,0,0,0,3,1,0,0,0,1,0,1,1,1,69.95,220.45,0,0,1,0,1,0,0,0,0,1,0,0,0.3158726574847595,1,2,0,4,17.4875,0,1,1,0,1,4,0.042283298097251586
1,0,0,0,48,1,1,0,0,0,0,0,0,0,24.35,1133.7,0,0,1,0,0,0,1,1,0,0,0,2,0.0214594165858817,0,0,0,2,0.4969387755102041,0,1,0,0,0,2,1.893491124260355
0,0,0,0,66,0,0,0,0,0,1,0,0,0,29.45,1983.15,0,0,1,0,1,0,0,0,1,0,0,3,0.0148426278255172,1,0,0,1,0.43955223880597016,0,1,1,0,0,1,2.167487684729064
1,0,1,1,68,1,1,0,1,1,0,0,0,1,84.4,5746.75,0,0,0,1,0,1,0,0,1,0,0,3,0.0146840067852638,2,0,0,4,1.2231884057971016,0,2,1,0,0,4,0.7962529274004684
0,1,0,0,17,1,0,0,0,0,0,0,0,1,45.05,770.6,1,1,0,0,1,0,0,0,0,1,0,1,0.0583851736651114,0,0,0,1,2.5027777777777778,0,0,0,0,1,1,0.3691639522258415
1,0,1,1,7,1,0,0,0,0,0,0,0,0,20.65,134.05,0,0,1,0,0,0,1,0,0,0,1,0,0.1529063309885227,0,0,0,1,2.58125,0,1,0,0,0,1,0.32332563510392615
0,0,1,0,72,1,1,1,1,1,1,1,1,1,87.1,6230.1,0,0,0,1,1,0,0,1,0,0,0,3,0.013978270289355,4,2,0,8,1.1931506849315068,0,2,1,0,0,8,0.8172531214528945
1,0,1,0,29,1,0,0,0,0,0,0,0,0,19.85,573.05,0,1,0,0,0,0,1,0,0,0,1,2,0.0345788694364602,0,0,0,1,0.6616666666666667,0,0,0,0,0,1,1.3908872901678657
0,0,1,0,37,1,0,0,0,1,1,0,1,1,90.35,3419.3,0,1,0,0,0,1,0,0,0,1,0,2,0.0264158114785252,2,1,1,4,2.3776315789473683,0,0,1,1,1,4,0.4050355774493706
1,0,0,0,34,1,1,1,1,1,0,1,1,1,109.8,3587.25,1,1,0,0,0,1,0,0,0,0,1,2,0.0305998745906779,3,2,1,7,3.137142857142857,0,0,1,1,0,7,0.3068592057761733
1,1,0,0,42,1,1,0,0,0,0,1,0,1,84.65,3541.35,1,1,0,0,0,1,0,0,0,1,0,2,0.0238965658390616,0,1,0,3,1.9686046511627908,0,0,0,1,1,3,0.49036777583187385
1,0,1,1,59,1,1,1,1,0,1,0,0,0,65.5,3801.3,0,0,1,0,1,0,0,0,0,0,1,3,0.0172264155905636,3,0,0,5,1.0916666666666666,0,1,1,0,0,5,0.8872180451127819
0,0,1,1,11,1,0,0,0,0,0,1,0,1,79.5,868.5,1,1,0,0,0,1,0,1,0,0,0,0,0.0914318573893041,0,1,0,2,6.625,1,0,0,1,0,2,0.13664596273291926
0,1,1,1,60,1,1,1,0,0,0,0,0,1,80.95,4859.1,0,1,0,0,0,1,0,0,0,1,0,3,0.0166560358840353,1,0,0,3,1.327049180327869,0,0,1,1,0,3,0.7321537522879804
1,0,0,0,27,1,0,0,1,0,1,0,0,1,56.15,1439.35,0,1,0,0,1,0,0,0,0,0,1,2,0.0389835803797688,2,0,0,3,2.0053571428571426,0,0,1,0,0,3,0.47244094488188976
1,0,0,0,1,1,1,0,0,0,0,0,1,0,85.8,85.8,1,1,0,0,0,1,0,0,0,0,1,0,0.988479262672811,0,1,0,3,42.9,1,0,0,1,0,3,0.01152073732718894
0,1,0,0,1,1,0,0,0,0,0,1,0,1,79.1,79.1,1,1,0,0,0,1,0,0,0,1,0,0,0.9875156054931336,0,1,0,2,39.55,1,0,0,1,1,2,0.012484394506866418
0,0,1,0,17,0,0,1,0,1,0,0,0,0,34.4,592.75,0,1,0,0,1,0,0,0,0,0,1,1,0.0579368421052631,2,0,0,2,1.911111111111111,0,0,1,0,0,2,0.480225988700565
0,0,1,0,58,1,0,0,0,0,0,0,0,0,20.75,1185.95,0,0,0,1,0,0,1,0,0,0,1,3,0.0174817810354269,0,0,0,1,0.3516949152542373,0,2,0,0,0,1,2.6666666666666665
0,0,1,1,1,1,0,0,0,0,0,0,0,0,18.8,18.8,0,0,1,0,0,0,1,0,0,0,1,0,0.9494949494949496,0,0,0,1,9.4,0,1,0,0,0,1,0.050505050505050504
1,0,1,1,3,1,0,0,0,0,0,0,0,0,44.3,134.5,1,1,0,0,1,0,0,0,0,0,1,0,0.3269372693726937,0,0,0,1,11.075,0,0,0,0,0,1,0.06622516556291391
1,0,0,0,53,1,1,1,1,1,0,0,0,0,90.8,4921.2,0,1,0,0,0,1,0,0,0,1,0,3,0.0184470358782658,3,0,1,5,1.6814814814814814,0,0,1,1,0,5,0.5773420479302832
0,0,0,0,35,1,1,0,0,0,0,0,0,1,25.6,901.25,0,1,0,0,0,0,1,0,0,1,0,2,0.028373510667775,0,0,0,2,0.7111111111111111,0,0,0,0,1,2,1.3157894736842104
0,0,1,1,50,1,1,1,0,1,0,1,1,0,105.95,5341.8,1,1,0,0,0,1,0,0,1,0,0,3,0.0198304259938608,2,2,1,6,2.077450980392157,0,0,1,1,0,6,0.46750818139317435
0,0,1,1,68,1,1,0,1,0,1,0,1,0,70.8,4859.95,0,0,0,1,1,0,0,0,1,0,0,3,0.0145650541560806,2,1,0,5,1.026086956521739,0,2,1,0,0,5,0.947075208913649
0,0,1,0,47,1,1,0,0,0,0,0,0,0,25.4,1139.2,0,1,0,0,0,0,1,0,0,1,0,2,0.0222767935449921,0,0,0,2,0.5291666666666667,0,0,0,0,1,2,1.7803030303030305
1,1,1,0,65,1,1,0,1,1,0,1,1,1,108.8,7082.45,0,1,0,0,0,1,0,1,0,0,0,3,0.0153597470159315,2,2,1,6,1.6484848484848484,0,0,1,1,0,6,0.5919854280510018
0,0,0,0,5,1,0,0,0,0,0,0,0,1,69.75,324.6,1,1,0,0,0,1,0,0,0,1,0,0,0.2142199017199017,0,0,0,1,11.625,0,0,0,1,1,1,0.0706713780918728
0,0,1,0,51,1,1,0,0,0,0,1,1,1,94.65,4812.75,1,1,0,0,0,1,0,0,0,1,0,3,0.0196624253440664,0,2,1,4,1.8201923076923079,0,0,0,1,1,4,0.5331939362258232
1,0,0,0,46,1,1,0,0,0,0,1,1,0,96.05,4399.5,1,1,0,0,0,1,0,1,0,0,0,2,0.0218270651062379,0,2,1,4,2.043617021276596,0,0,0,1,0,4,0.4739824832560536
1,0,0,0,9,1,1,0,0,0,0,0,0,1,76.85,663.55,0,1,0,0,0,1,0,0,0,1,0,0,0.1156421638702881,0,0,0,2,7.685,1,0,0,1,1,2,0.11560693641618498
1,0,0,0,8,1,0,0,0,0,0,0,0,0,20.25,174.65,0,0,0,1,0,0,1,0,0,0,1,0,0.1152860802732707,0,0,0,1,2.25,0,2,0,0,0,1,0.3764705882352941
0,0,0,0,14,1,1,0,0,0,0,0,0,1,24.8,321.7,0,0,1,0,0,0,1,0,1,0,0,1,0.0768515649209792,0,0,0,2,1.6533333333333333,0,1,0,0,0,2,0.5426356589147286
1,0,0,0,45,1,1,1,1,1,1,1,1,1,115.65,5125.5,0,1,0,0,0,1,0,0,0,1,0,2,0.0225592509509411,4,2,1,8,2.514130434782609,0,0,1,1,0,8,0.3857693956279468
1,0,0,0,8,1,1,0,0,0,0,0,0,1,74.6,548.9,0,1,0,0,0,1,0,0,1,0,0,0,0.1356610292780505,0,0,0,2,8.288888888888888,1,0,0,1,0,2,0.10582010582010583
0,1,0,1,1,1,0,0,0,1,0,0,0,1,50.15,50.15,1,1,0,0,1,0,0,0,0,0,1,0,0.9804496578690128,1,0,0,2,25.075,0,0,1,0,0,2,0.019550342130987292
0,0,1,1,66,1,0,1,1,1,0,1,1,1,103.15,7031.3,0,0,1,0,0,1,0,1,0,0,0,3,0.0146680317961406,3,2,1,6,1.5395522388059701,0,1,1,0,0,6,0.6337013922227556
0,0,1,1,72,1,1,1,1,1,1,0,0,0,72.1,5016.65,0,0,0,1,1,0,0,0,1,0,0,3,0.0143692764541169,4,0,0,6,0.9876712328767122,0,2,1,0,0,6,0.984952120383037
1,0,1,0,41,1,1,1,1,1,1,1,1,1,113.6,4594.95,1,1,0,0,0,1,0,1,0,0,0,2,0.0247174142451506,4,2,1,8,2.7047619047619045,0,0,1,1,0,8,0.35776614310645727
1,0,1,1,23,1,1,0,0,0,0,0,0,0,25.1,611.45,0,0,0,1,0,0,1,0,0,0,1,1,0.0409829373826434,0,0,0,2,1.0458333333333334,0,2,0,0,0,2,0.8812260536398467
1,0,0,0,29,1,0,0,0,0,0,1,0,1,78.9,2384.15,1,1,0,0,0,1,0,0,0,1,0,2,0.0330796805232375,0,1,0,2,2.6300000000000003,0,0,0,1,1,2,0.3629536921151439
1,0,0,0,4,1,1,1,0,0,0,0,0,1,80.15,319.85,0,1,0,0,0,1,0,0,0,1,0,0,0.2498052049244195,1,0,0,3,16.03,1,0,1,1,0,3,0.04929143561306223
0,0,1,1,6,1,1,0,0,0,0,0,0,0,25.4,153.3,0,0,0,1,0,0,1,0,0,0,1,0,0.1646143875567076,0,0,0,2,3.6285714285714286,0,2,0,0,0,2,0.2272727272727273
1,1,1,0,67,1,1,1,1,1,1,0,1,1,105.4,7035.6,0,0,1,0,0,1,0,0,1,0,0,3,0.0149788250007105,4,1,1,7,1.55,0,1,1,0,0,7,0.6296992481203008
0,1,0,1,7,1,0,0,0,0,0,0,0,1,45.75,344.2,0,1,0,0,1,0,0,0,0,0,1,0,0.132531865585168,0,0,0,1,5.71875,0,0,0,0,0,1,0.1497326203208556
0,0,1,1,56,1,1,0,0,0,0,0,0,1,24.45,1431.65,0,0,1,0,0,0,1,0,0,0,1,3,0.0170662757826405,0,0,0,2,0.42894736842105263,0,1,0,0,0,2,2.200392927308448
1,0,1,0,72,1,1,0,0,0,0,0,0,0,25.0,1849.2,0,0,0,1,0,0,1,0,1,0,0,3,0.0135120527510539,0,0,0,2,0.3424657534246575,0,2,0,0,0,2,2.769230769230769
0,0,1,0,72,1,1,1,1,1,0,1,1,1,85.25,6083.1,0,0,0,1,1,0,0,0,0,1,0,3,0.0140119327427228,3,2,0,7,1.167808219178082,0,2,1,0,0,7,0.8347826086956521
0,0,1,1,23,1,0,0,0,0,0,0,0,0,19.6,426.65,0,0,0,1,0,0,1,0,1,0,0,1,0.0458318718578276,0,0,0,1,0.8166666666666668,0,2,0,0,0,1,1.116504854368932
1,0,0,1,35,1,1,0,0,0,0,0,0,0,50.15,1655.35,0,1,0,0,1,0,0,0,0,0,1,2,0.0302774172125456,0,0,0,2,1.3930555555555555,0,0,0,0,0,2,0.6842619745845553
0,1,1,0,27,1,0,0,0,0,0,0,0,1,70.55,1943.9,0,1,0,0,0,1,0,0,0,1,0,2,0.0362743585788472,0,0,0,1,2.519642857142857,0,0,0,1,1,1,0.37735849056603776
1,0,1,1,26,1,1,0,1,0,1,0,0,1,60.05,1616.15,1,1,0,0,1,0,0,0,0,1,0,2,0.0371332282101227,2,0,0,4,2.224074074074074,0,0,1,0,1,4,0.4258804258804259
0,0,1,1,12,1,1,0,0,0,0,0,0,0,26.4,314.95,0,0,1,0,0,0,1,0,0,0,1,0,0.0835575249248298,0,0,0,2,2.0307692307692307,0,1,0,0,0,2,0.43795620437956206
1,0,0,0,40,1,0,0,0,0,0,0,0,0,20.15,804.85,0,0,0,1,0,0,1,0,0,0,1,2,0.0250046534714897,0,0,0,1,0.49146341463414633,0,2,0,0,0,1,1.8912529550827424
0,0,1,1,7,0,0,1,1,1,0,1,1,0,58.85,465.7,0,1,0,0,1,0,0,0,0,0,1,0,0.1260981358474394,3,2,0,5,7.35625,0,0,1,0,0,5,0.11695906432748537
0,0,1,1,70,1,1,1,1,0,0,1,0,1,97.55,6669.05,0,1,0,0,0,1,0,0,1,0,0,3,0.0146250777730301,2,1,1,5,1.373943661971831,0,0,1,1,0,5,0.7102993404363268
0,0,1,1,60,1,0,0,0,0,0,0,0,0,19.65,1161.75,0,0,0,1,0,0,1,0,1,0,0,3,0.0168995914857019,0,0,0,1,0.3221311475409836,0,2,0,0,0,1,2.9055690072639226
0,0,1,1,39,0,0,0,0,0,0,0,0,1,25.25,947.75,0,0,1,0,1,0,0,0,1,0,0,2,0.0266139657444005,0,0,0,0,0.63125,0,1,0,0,0,0,1.4857142857142858
0,0,1,0,72,1,1,1,1,1,1,1,1,0,114.45,8375.05,0,0,0,1,0,1,0,0,1,0,0,3,0.0136639585484804,4,2,1,8,1.5678082191780822,0,2,1,0,0,8,0.6236466002598527
1,0,0,0,1,0,0,0,0,0,0,1,0,1,34.7,34.7,1,1,0,0,1,0,0,0,0,1,0,0,0.9719887955182072,0,1,0,1,17.35,0,0,0,0,1,1,0.028011204481792715
0,0,1,1,54,1,1,0,1,0,1,1,0,1,70.7,3770.0,0,0,1,0,1,0,0,0,0,1,0,3,0.018748342614691,2,1,0,5,1.2854545454545454,0,1,1,0,1,5,0.7531380753138075
0,0,0,0,3,1,1,0,0,0,0,0,1,1,85.3,264.8,1,1,0,0,0,1,0,0,0,1,0,0,0.3209179834462001,0,1,0,3,21.325,1,0,0,1,1,3,0.03476245654692932
1,0,1,1,63,1,0,1,1,1,1,1,0,0,75.55,4707.85,0,0,0,1,1,0,0,0,1,0,0,3,0.0160442570903723,4,1,0,6,1.18046875,0,2,1,0,0,6,0.8229915088177662
0,0,1,1,71,1,1,0,1,0,1,0,0,1,84.8,6152.4,0,0,0,1,0,1,0,0,0,1,0,3,0.0137809991224363,2,0,0,4,1.1777777777777778,0,2,1,0,1,4,0.8275058275058276
1,0,0,0,42,1,0,0,0,0,0,0,0,1,20.65,958.1,0,0,1,0,0,0,1,0,0,0,1,2,0.0215306016056719,0,0,0,1,0.48023255813953486,0,1,0,0,0,1,1.9399538106235568
0,0,0,0,47,1,0,0,0,0,0,0,0,0,20.45,943.0,0,0,0,1,0,0,1,1,0,0,0,2,0.0216631355932203,0,0,0,1,0.42604166666666665,0,2,0,0,0,1,2.191142191142191
1,0,1,1,66,1,1,0,1,1,0,1,1,1,102.45,6615.15,1,0,1,0,0,1,0,0,1,0,0,3,0.0154848363474225,2,2,1,6,1.5291044776119402,0,1,1,0,0,6,0.637989366843886
1,0,1,0,21,1,1,1,0,1,0,1,1,1,104.4,2200.25,1,1,0,0,0,1,0,1,0,0,0,1,0.0474275979557069,2,2,1,6,4.745454545454546,0,0,1,1,0,6,0.19924098671726753
0,0,0,0,11,0,0,0,1,0,1,0,0,1,35.65,425.1,0,1,0,0,1,0,0,0,0,1,0,0,0.0836658061487913,2,0,0,2,2.970833333333333,0,0,1,0,1,2,0.30013642564802184
0,0,0,1,1,1,1,0,0,1,0,1,1,1,99.75,99.75,1,1,0,0,0,1,0,0,0,1,0,0,0.9900744416873448,1,2,1,5,49.875,1,0,1,1,1,5,0.009925558312655087
1,1,1,0,55,1,1,0,1,1,1,0,0,0,90.45,5044.8,0,1,0,0,0,1,0,0,0,1,0,3,0.0179257996749772,3,0,1,5,1.6151785714285716,0,0,1,1,1,5,0.6014215418261345
0,0,0,0,69,1,1,0,1,1,1,1,0,1,97.65,6743.55,0,0,0,1,0,1,0,0,1,0,0,3,0.0144783565990318,3,1,1,6,1.395,0,2,1,0,0,6,0.6994424733907755
1,1,0,0,3,1,0,0,0,1,0,0,0,0,73.85,196.4,0,1,0,0,0,1,0,0,0,1,0,0,0.3741134751773049,1,0,0,2,18.4625,1,0,1,1,1,2,0.04008016032064129
0,0,0,0,4,1,0,0,0,1,1,1,1,1,74.4,299.7,1,1,0,0,1,0,0,0,0,1,0,0,0.2474226804123711,2,2,0,5,14.88,1,0,1,0,1,5,0.05305039787798408
0,1,0,0,30,1,1,0,0,1,1,1,0,1,69.1,2093.9,0,0,0,1,1,0,0,0,1,0,0,2,0.0329848680127929,2,1,0,5,2.229032258064516,0,2,1,0,0,5,0.427960057061341
1,0,0,0,5,1,1,0,0,1,1,0,0,1,82.75,417.75,0,1,0,0,0,1,0,0,0,1,0,0,0.1976119402985074,2,0,0,4,13.791666666666666,1,0,1,1,1,4,0.05970149253731343
1,0,1,0,71,1,1,0,0,0,0,0,0,1,24.4,1725.4,0,0,0,1,0,0,1,0,1,0,0,3,0.0141334569045412,0,0,0,2,0.33888888888888885,0,2,0,0,0,2,2.7952755905511815
1,0,0,0,29,1,1,0,1,0,0,0,0,1,55.25,1620.2,0,0,1,0,1,0,0,0,0,1,0,2,0.0340796940537873,1,0,0,3,1.8416666666666666,0,1,1,0,1,3,0.5155555555555555
0,0,1,0,52,1,1,0,1,0,1,0,0,0,61.35,3169.55,0,1,0,0,1,0,0,1,0,0,0,3,0.0193499550551166,2,0,0,4,1.1575471698113209,0,0,1,0,0,4,0.8340016038492382
0,0,0,0,68,1,1,1,1,1,0,0,1,0,76.75,5233.25,0,0,1,0,1,0,0,0,1,0,0,3,0.0146630367292353,3,1,0,6,1.1123188405797102,0,1,1,0,0,6,0.8745980707395499
1,0,1,1,46,1,0,0,0,0,0,0,0,0,19.4,967.85,0,0,0,1,0,0,1,0,0,0,1,2,0.0200237394849563,0,0,0,1,0.4127659574468085,0,2,0,0,0,1,2.2549019607843137
0,0,0,0,8,1,0,0,0,0,0,0,1,1,54.75,438.05,0,1,0,0,1,0,0,0,1,0,0,0,0.1247010591048855,0,1,0,2,6.083333333333333,0,0,0,0,0,2,0.14349775784753363
0,0,1,0,72,1,0,0,0,0,0,0,0,0,19.7,1421.9,0,0,0,1,0,0,1,0,1,0,0,3,0.0138449645091011,0,0,0,1,0.26986301369863014,0,2,0,0,0,1,3.4782608695652173
1,0,0,0,17,1,0,0,0,0,0,0,0,0,19.9,323.15,0,0,1,0,0,0,1,1,0,0,0,1,0.0613913311738392,0,0,0,1,1.1055555555555554,0,1,0,0,0,1,0.8133971291866029
0,0,0,0,3,1,0,0,1,1,1,1,1,1,107.95,318.6,0,1,0,0,0,1,0,0,0,1,0,0,0.3377659574468085,3,2,1,6,26.9875,1,0,1,1,1,6,0.027535566773749427
1,1,0,0,2,1,0,0,1,0,0,1,0,1,83.8,163.7,0,1,0,0,0,1,0,1,0,0,0,0,0.5088038858530662,1,1,0,3,27.933333333333334,1,0,1,1,0,3,0.02358490566037736
1,0,0,0,9,1,0,1,0,0,0,0,0,1,74.25,639.65,1,1,0,0,0,1,0,0,1,0,0,0,0.1158979161788808,1,0,0,2,7.425,1,0,1,1,0,2,0.11960132890365449
1,0,0,0,51,0,0,0,1,1,0,1,1,1,56.4,2928.5,0,0,1,0,1,0,0,0,1,0,0,3,0.0192524321556579,2,2,0,4,1.0846153846153845,0,1,1,0,0,4,0.8885017421602788
1,0,1,1,6,1,0,0,0,0,0,0,0,0,20.1,100.35,0,0,0,1,0,0,1,0,0,0,1,0,0.198322644301924,0,0,0,1,2.8714285714285714,0,2,0,0,0,1,0.2843601895734597
1,0,1,0,3,1,1,0,0,0,0,1,1,0,94.9,273.2,0,1,0,0,0,1,0,0,0,1,0,0,0.3460977388767323,0,2,1,4,23.725,1,0,0,1,1,4,0.03128258602711157
1,1,0,0,17,1,1,0,0,0,0,1,1,1,94.2,1608.15,0,1,0,0,0,1,0,0,0,1,0,1,0.0585402230991517,0,2,1,4,5.233333333333333,0,0,0,1,1,4,0.17857142857142858
0,0,1,0,30,1,1,0,0,0,0,0,0,0,49.9,1441.95,0,1,0,0,1,0,0,0,0,1,0,2,0.0345819328459059,0,0,0,2,1.6096774193548387,0,0,0,0,1,2,0.5893909626719057
0,0,0,0,31,1,1,0,1,0,1,1,0,1,71.05,2168.15,0,1,0,0,1,0,0,0,0,1,0,2,0.0327547656916303,2,1,0,5,2.2203125,0,0,1,0,1,5,0.43025676613462877
1,0,0,0,45,1,0,1,0,1,1,1,1,0,81.65,3618.7,0,0,0,1,1,0,0,1,0,0,0,2,0.0225571179932038,3,2,0,6,1.7750000000000001,0,2,1,0,0,6,0.5444646098003629
0,0,1,0,64,1,1,1,1,1,0,0,0,0,89.45,5692.65,0,0,1,0,0,1,0,1,0,0,0,3,0.015710484487104,3,0,0,5,1.3761538461538463,0,1,1,0,0,5,0.7075732448866777
0,0,0,0,1,1,1,0,0,0,0,1,0,1,59.85,59.85,1,1,0,0,1,0,0,0,0,1,0,0,0.9835661462612982,0,1,0,3,29.925,0,0,0,0,1,3,0.016433853738701727
1,1,0,0,1,1,0,0,0,0,0,0,0,1,69.6,69.6,1,1,0,0,0,1,0,0,0,1,0,0,0.9858356940509916,0,0,0,1,34.8,0,0,0,1,1,1,0.0141643059490085
0,1,1,1,61,1,1,0,1,0,0,1,1,0,99.0,5969.3,0,0,1,0,0,1,0,0,0,1,0,3,0.0165820813024471,1,2,1,5,1.596774193548387,0,1,1,0,1,5,0.61
0,0,0,0,1,1,0,0,0,0,0,0,0,0,19.05,19.05,0,1,0,0,0,0,1,0,0,0,1,0,0.9501246882793016,0,0,0,1,9.525,0,0,0,0,0,1,0.04987531172069825
0,0,0,0,9,0,0,0,0,0,0,1,1,1,45.4,418.8,1,1,0,0,1,0,0,0,0,1,0,0,0.1081467365412101,0,2,0,2,4.54,0,0,0,0,1,2,0.1939655172413793
0,0,1,1,72,1,1,1,1,1,1,1,1,0,114.45,8100.55,0,0,0,1,0,1,0,1,0,0,0,3,0.0141269263289123,4,2,1,8,1.5678082191780822,0,2,1,0,0,8,0.6236466002598527
1,0,0,0,1,1,0,0,0,0,0,0,0,0,19.5,19.5,1,1,0,0,0,0,1,0,0,0,1,0,0.951219512195122,0,0,0,1,9.75,0,0,0,0,0,1,0.04878048780487805
1,0,1,0,7,1,0,0,0,0,0,0,0,1,44.25,313.45,0,1,0,0,1,0,0,0,0,0,1,0,0.1407218953728732,0,0,0,1,5.53125,0,0,0,0,0,1,0.15469613259668508
1,0,1,0,66,1,1,0,1,1,1,0,0,1,90.55,6130.95,0,0,1,0,0,1,0,1,0,0,0,3,0.0147669175384665,3,0,1,5,1.3514925373134328,0,1,1,0,0,5,0.7209175314036046
0,0,0,0,1,1,0,0,0,0,0,0,0,1,69.9,69.9,1,1,0,0,0,1,0,0,0,1,0,0,0.9858956276445698,0,0,0,1,34.95,0,0,0,1,1,1,0.014104372355430182
0,0,1,1,40,1,0,0,0,0,0,0,0,1,20.4,745.3,0,1,0,0,0,0,1,1,0,0,0,2,0.0273348519362186,0,0,0,1,0.49756097560975604,0,0,0,0,0,1,1.869158878504673
0,0,0,0,16,1,1,0,1,1,0,0,1,1,71.4,1212.1,0,1,0,0,1,0,0,1,0,0,0,1,0.0588574725908828,2,1,0,5,4.2,0,0,1,0,0,5,0.22099447513812154
1,0,0,0,2,1,0,0,1,0,0,1,0,1,87.15,183.75,1,1,0,0,0,1,0,1,0,0,0,0,0.4717185385656293,1,1,0,3,29.05,1,0,1,1,0,3,0.022688598979013045
0,0,1,0,67,1,1,0,0,0,0,0,0,0,24.85,1583.5,0,0,0,1,0,0,1,0,1,0,0,3,0.0156831808141369,0,0,0,2,0.36544117647058827,0,2,0,0,0,2,2.591876208897485
1,0,1,0,41,1,0,1,1,1,0,1,1,1,104.45,4162.05,0,0,1,0,0,1,0,1,0,0,0,2,0.0250897779272408,3,2,1,6,2.486904761904762,0,1,1,0,0,6,0.388809862494073
1,0,1,1,56,1,0,0,0,0,0,0,0,1,19.8,1119.9,0,0,0,1,0,0,1,0,1,0,0,3,0.0176643768400392,0,0,0,1,0.3473684210526316,0,2,0,0,0,1,2.692307692307692
1,0,0,0,72,1,1,1,1,1,1,1,1,1,116.45,8013.55,0,0,0,1,0,1,0,1,0,0,0,3,0.0145298238828131,4,2,1,8,1.595205479452055,0,2,1,0,0,8,0.6130268199233716
1,0,1,1,3,1,1,0,0,0,0,0,1,1,84.75,264.85,1,1,0,0,0,1,0,1,0,0,0,0,0.3187887906714312,0,1,0,3,21.1875,1,0,0,1,0,3,0.03498542274052478
1,0,1,0,54,1,0,0,0,0,0,0,0,0,20.05,1102.4,0,0,0,1,0,0,1,0,1,0,0,3,0.0181711074859525,0,0,0,1,0.36454545454545456,0,2,0,0,0,1,2.5653206650831355
0,1,0,0,52,1,1,0,1,1,1,1,1,1,110.75,5832.0,0,1,0,0,0,1,0,0,0,1,0,3,0.0189867992456711,3,2,1,7,2.089622641509434,0,0,1,1,1,7,0.465324384787472
1,0,0,0,50,1,0,0,0,1,1,0,1,1,89.7,4304.5,0,0,0,1,0,1,0,1,0,0,0,3,0.0208338172105446,2,1,0,4,1.7588235294117647,0,2,1,0,0,4,0.5512679162072767
0,0,0,0,14,1,1,0,0,0,1,1,0,1,89.95,1178.4,1,1,0,0,0,1,0,0,0,1,0,1,0.0762675936917076,1,1,1,4,5.996666666666667,0,0,1,1,1,4,0.15393073117097306
0,0,1,0,27,1,0,1,0,0,0,0,0,0,48.7,1421.75,0,0,1,0,1,0,0,0,1,0,0,2,0.0342294851519943,1,0,0,2,1.7392857142857143,0,1,1,0,0,2,0.5432595573440644
1,1,1,0,72,1,1,1,1,1,1,0,0,1,96.6,6827.5,0,0,0,1,0,1,0,1,0,0,0,3,0.0141465914915427,4,0,1,6,1.3232876712328767,0,2,1,0,0,6,0.7377049180327869
0,0,0,0,62,1,0,1,1,0,0,1,1,1,74.3,4698.05,0,0,1,0,1,0,0,0,1,0,0,3,0.0158117066215511,2,2,0,5,1.1793650793650794,0,1,1,0,0,5,0.8233731739707836
1,0,0,0,12,1,0,0,1,0,1,0,0,1,54.3,654.5,0,1,0,0,1,0,0,0,0,1,0,0,0.0828375286041189,2,0,0,3,4.176923076923076,0,0,1,0,1,3,0.216998191681736
1,1,0,0,44,1,0,0,0,1,1,1,1,0,74.85,3268.05,0,0,1,0,1,0,0,1,0,0,0,2,0.0228965601627384,2,2,0,5,1.663333333333333,0,1,1,0,0,5,0.5800922874093606
0,0,1,1,54,1,0,0,1,0,1,0,0,1,79.95,4362.05,0,0,0,1,0,1,0,1,0,0,0,3,0.018324337332829,2,0,0,3,1.4536363636363636,0,2,1,0,0,3,0.6670784434836319
1,0,0,0,68,1,0,0,0,0,0,0,0,0,20.05,1386.9,0,0,0,1,0,0,1,1,0,0,0,3,0.0144462857554578,0,0,0,1,0.29057971014492756,0,2,0,0,0,1,3.2304038004750595
0,0,0,0,20,1,0,0,0,0,0,0,0,0,19.4,415.4,0,1,0,0,0,0,1,0,0,0,1,1,0.0465898174831892,0,0,0,1,0.9238095238095237,0,0,0,0,0,1,0.9803921568627452
0,0,1,1,50,1,1,0,0,1,0,0,0,0,54.9,2614.1,0,0,1,0,1,0,0,1,0,0,0,3,0.0209934610531146,1,0,0,3,1.076470588235294,0,1,1,0,0,3,0.8944543828264758
0,0,0,0,58,1,1,0,0,0,0,0,0,1,24.45,1513.6,0,0,0,1,0,0,1,0,1,0,0,3,0.0161428760068665,0,0,0,2,0.4144067796610169,0,2,0,0,0,2,2.2789783889980355
0,0,1,1,35,1,1,0,1,0,0,1,0,1,89.65,3161.6,0,1,0,0,0,1,0,1,0,0,0,2,0.028346929741352,1,1,0,4,2.490277777777778,0,0,1,1,0,4,0.38610038610038605
1,0,0,0,2,1,0,0,0,0,0,0,0,1,45.4,80.95,0,1,0,0,1,0,0,0,0,1,0,0,0.5539963392312385,0,0,0,1,15.133333333333333,0,0,0,0,1,1,0.04310344827586207
0,0,1,1,63,1,1,1,0,1,1,0,1,0,75.7,4676.7,0,0,0,1,1,0,0,0,0,0,1,3,0.016183166941018,3,1,0,6,1.1828125,0,2,1,0,0,6,0.8213820078226858
1,0,1,0,58,1,1,1,1,1,0,1,1,1,110.65,6526.65,0,0,1,0,0,1,0,0,1,0,0,3,0.0169509701040956,3,2,1,7,1.8754237288135593,0,1,1,0,0,7,0.5194805194805194
1,0,1,1,27,1,0,0,0,0,0,0,0,1,20.55,583.3,0,0,1,0,0,0,1,0,0,0,1,2,0.035170289234982,0,0,0,1,0.7339285714285715,0,1,0,0,0,1,1.2529002320185614
1,0,1,0,71,1,1,1,1,1,1,1,1,1,115.15,8078.1,0,0,0,1,0,1,0,0,1,0,0,3,0.0142528251909247,4,2,1,8,1.5993055555555555,0,2,1,0,0,8,0.6112785191562634
1,0,0,0,63,1,0,0,0,1,0,0,1,0,58.55,3503.5,0,0,1,0,1,0,0,0,1,0,0,3,0.0167070908831502,1,1,0,3,0.91484375,0,1,1,0,0,3,1.057934508816121
0,0,1,0,71,1,1,0,1,1,0,0,1,1,93.25,6669.45,0,1,0,0,0,1,0,1,0,0,0,3,0.0139795665959567,2,1,1,5,1.2951388888888888,0,0,1,1,0,5,0.753315649867374
1,1,0,0,41,1,1,1,1,1,0,1,1,1,113.2,4689.5,1,1,0,0,0,1,0,0,0,1,0,2,0.0241338876452403,3,2,1,7,2.6952380952380954,0,0,1,1,0,7,0.35901926444833626
0,1,0,0,13,1,0,0,0,0,0,1,1,1,90.5,1201.15,1,1,0,0,0,1,0,0,0,1,0,1,0.0752817867986524,0,2,1,3,6.464285714285714,0,0,0,1,1,3,0.14207650273224043
0,0,0,0,2,1,0,0,0,0,0,1,0,0,79.0,143.65,1,1,0,0,0,1,0,0,0,1,0,0,0.5461458693397857,0,1,0,2,26.333333333333332,1,0,0,1,1,2,0.025
1,0,1,1,68,1,0,0,0,0,0,0,0,1,19.35,1292.65,0,0,0,1,0,0,1,1,0,0,0,3,0.0149576778881459,0,0,0,1,0.2804347826086957,0,2,0,0,0,1,3.341523341523341
0,0,1,1,1,1,0,1,0,0,0,0,0,1,48.75,48.75,0,1,0,0,1,0,0,0,0,0,1,0,0.9798994974874372,1,0,0,2,24.375,0,0,1,0,0,2,0.020100502512562814
0,1,0,0,65,1,1,1,0,1,1,1,1,1,109.05,7108.2,0,0,0,1,0,1,0,0,0,1,0,3,0.0153392786811455,3,2,1,7,1.6522727272727273,0,2,1,0,0,7,0.5906406179009541
0,1,1,0,72,1,1,0,0,0,0,0,0,1,25.0,1802.55,0,0,0,1,0,0,1,1,0,0,0,3,0.0138615508303068,0,0,0,2,0.3424657534246575,0,2,0,0,0,2,2.769230769230769
1,0,0,0,28,1,1,0,0,0,1,0,0,1,54.9,1505.15,0,1,0,0,1,0,0,0,1,0,0,2,0.0364505527337914,1,0,0,3,1.893103448275862,0,0,1,0,0,3,0.5008944543828265
0,0,1,1,72,1,1,0,0,0,0,0,0,0,24.75,1859.1,0,0,0,1,0,0,1,0,1,0,0,3,0.0133057362507392,0,0,0,2,0.339041095890411,0,2,0,0,0,2,2.796116504854369
1,0,0,0,2,1,0,1,1,0,0,1,0,1,91.15,168.5,0,1,0,0,0,1,0,0,0,1,0,0,0.5377581120943953,2,1,1,4,30.383333333333336,1,0,1,1,0,4,0.02170374389582203
1,0,0,1,18,1,0,0,0,0,0,0,0,0,20.15,390.85,1,0,1,0,0,0,1,1,0,0,0,1,0.051422738292714,0,0,0,1,1.0605263157894735,0,1,0,0,0,1,0.851063829787234
0,1,1,0,60,1,1,0,1,1,0,1,1,1,104.35,6339.45,0,0,1,0,0,1,0,0,0,1,0,3,0.0164578223943095,2,2,1,6,1.7106557377049179,0,1,1,0,1,6,0.56953013763645
1,1,0,0,26,1,1,0,0,0,1,0,1,1,66.05,1652.4,0,1,0,0,1,0,0,0,0,1,0,2,0.0399479859683077,1,1,0,4,2.446296296296296,0,0,1,0,1,4,0.3877703206562267
0,0,0,1,1,1,0,0,0,0,0,0,0,1,71.65,71.65,1,1,0,0,0,1,0,0,0,1,0,0,0.9862353750860288,0,0,0,1,35.825,1,0,0,1,1,1,0.013764624913971093
1,0,0,0,4,1,0,0,0,0,0,0,0,0,20.35,77.5,1,1,0,0,0,0,1,0,0,0,1,0,0.2592356687898089,0,0,0,1,4.07,0,0,0,0,0,1,0.18735362997658078
0,0,1,1,68,1,1,1,1,1,1,1,1,1,92.2,6392.85,0,0,0,1,1,0,0,0,1,0,0,3,0.0144201068213986,4,2,1,8,1.336231884057971,0,2,1,0,0,8,0.7296137339055794
1,0,0,0,38,1,0,0,1,1,1,0,0,1,84.25,3264.5,1,1,0,0,0,1,0,0,1,0,0,2,0.0258000306231817,3,0,0,4,2.16025641025641,0,0,1,1,0,4,0.44574780058651026
1,1,1,0,42,1,1,1,0,1,0,1,1,1,105.2,4599.15,0,0,1,0,0,1,0,1,0,0,0,2,0.0228688194950164,2,2,1,6,2.4465116279069767,0,1,1,0,0,6,0.39548022598870053
1,0,1,0,57,1,0,0,0,0,0,0,0,1,19.6,1134.25,0,0,0,1,0,0,1,1,0,0,0,3,0.0172649196212288,0,0,0,1,0.33793103448275863,0,2,0,0,0,1,2.7669902912621356
0,0,1,0,54,0,0,0,1,0,0,0,0,0,30.4,1621.35,0,1,0,0,1,0,0,0,0,1,0,3,0.0187382500693438,1,0,0,1,0.5527272727272727,0,0,1,0,1,1,1.7197452229299364
1,0,0,0,12,1,0,0,0,0,0,0,1,0,78.1,947.3,1,1,0,0,0,1,0,1,0,0,0,0,0.0823579036169988,0,1,0,2,6.007692307692308,0,0,0,1,0,2,0.15170670037926676
1,0,1,0,44,1,0,1,1,1,0,0,0,1,61.5,2722.2,0,0,1,0,1,0,0,0,0,0,1,2,0.0225837250293772,3,0,0,4,1.3666666666666667,0,1,1,0,0,4,0.704
0,0,1,1,42,1,1,1,1,0,0,1,0,1,69.4,3058.3,0,1,0,0,1,0,0,1,0,0,0,2,0.0226849279246886,2,1,0,5,1.6139534883720932,0,0,1,0,0,5,0.5965909090909091
0,0,1,1,72,1,1,0,0,0,0,0,0,0,24.75,1769.6,0,0,0,1,0,0,1,1,0,0,0,3,0.0139783124364622,0,0,0,2,0.339041095890411,0,2,0,0,0,2,2.796116504854369
1,0,1,1,71,1,1,1,1,1,1,1,1,0,91.05,6293.75,0,0,0,1,1,0,0,0,0,0,1,3,0.0144644346479208,4,2,1,8,1.2645833333333334,0,2,1,0,0,8,0.7713199348180337
1,0,1,0,19,1,1,0,0,1,0,0,1,0,89.65,1761.05,1,1,0,0,0,1,0,0,0,0,1,1,0.0508782384154819,1,1,0,4,4.4825,0,0,1,1,0,4,0.2095973524544953
1,0,1,0,23,1,1,0,0,0,1,1,1,1,73.65,1642.75,0,1,0,0,1,0,0,0,1,0,0,1,0.0448060836501901,1,2,0,5,3.06875,0,0,1,0,0,5,0.30810448760884124
1,0,0,0,30,1,0,0,0,0,0,0,0,0,19.4,578.5,0,0,0,1,0,0,1,0,1,0,0,2,0.0334771354616048,0,0,0,1,0.6258064516129032,0,2,0,0,0,1,1.4705882352941178
0,0,0,0,35,1,1,0,0,0,0,0,0,0,26.2,954.9,0,0,1,0,0,0,1,1,0,0,0,2,0.0274087247620043,0,0,0,2,0.7277777777777777,0,1,0,0,0,2,1.286764705882353
1,0,0,0,10,1,1,1,0,0,0,1,1,1,98.7,973.25,1,1,0,0,0,1,0,0,0,1,0,0,0.1013086989992301,1,2,1,5,8.972727272727273,1,0,1,1,0,5,0.10030090270812438
0,0,0,0,1,1,0,0,0,0,0,0,0,1,43.85,43.85,0,1,0,0,1,0,0,1,0,0,0,0,0.9777034559643256,0,0,0,1,21.925,0,0,0,0,0,1,0.02229654403567447
0,0,0,0,22,1,0,0,0,0,0,0,0,1,69.7,1490.4,0,1,0,0,0,1,0,0,0,0,1,1,0.0467346117741719,0,0,0,1,3.0304347826086957,0,0,0,1,0,1,0.31117397454031115
0,0,1,1,7,0,0,1,1,1,0,0,0,0,38.55,280.0,0,0,0,1,1,0,0,0,0,0,1,0,0.1371886120996441,3,0,0,3,4.81875,0,2,1,0,0,3,0.1769911504424779
1,0,0,0,36,0,0,1,1,1,1,0,1,1,53.1,1901.25,0,0,0,1,1,0,0,0,0,0,1,2,0.0279143119989486,4,1,0,5,1.4351351351351351,0,2,1,0,0,5,0.6654343807763401
1,0,1,1,34,1,0,0,0,0,0,0,0,0,20.65,716.4,0,1,0,0,0,0,1,0,0,0,1,2,0.0287844995818232,0,0,0,1,0.59,0,0,0,0,0,1,1.5704387990762125
0,0,1,1,72,1,1,1,1,1,0,0,0,0,64.45,4720.0,0,0,0,1,1,0,0,0,1,0,0,3,0.0136517686930735,3,0,0,5,0.8828767123287672,0,2,1,0,0,5,1.1000763941940412
0,0,1,1,36,1,1,0,0,0,0,0,0,0,25.1,930.95,0,0,0,1,0,0,1,0,1,0,0,2,0.0269327753634851,0,0,0,2,0.6783783783783784,0,2,0,0,0,2,1.379310344827586
1,0,0,0,1,1,0,0,0,1,0,0,0,0,76.35,76.35,1,1,0,0,0,1,0,0,0,1,0,0,0.9870717517776342,1,0,0,2,38.175,1,0,1,1,1,2,0.01292824822236587
1,0,0,0,23,1,1,0,1,0,0,0,0,1,79.15,1676.95,1,1,0,0,0,1,0,0,0,1,0,1,0.0471706546678983,1,0,0,3,3.297916666666667,0,0,1,1,1,3,0.28696194635059263
0,1,1,0,32,1,1,0,0,0,0,0,1,1,85.0,2642.05,1,1,0,0,0,1,0,0,0,1,0,2,0.0321598153648247,0,1,0,3,2.5757575757575757,0,0,0,1,1,3,0.37209302325581395
1,0,1,1,71,1,1,1,1,1,1,0,0,1,95.15,6770.85,0,0,1,0,0,1,0,0,1,0,0,3,0.0140508132932655,4,0,1,6,1.3215277777777779,0,1,1,0,0,6,0.7384295371814872
1,1,0,0,23,1,1,0,0,1,0,0,0,1,79.35,1835.3,0,1,0,0,0,1,0,0,0,0,1,1,0.0432118934814572,1,0,0,3,3.30625,0,0,1,1,0,3,0.2862476664592408
0,0,1,0,17,1,0,0,0,1,0,1,1,1,96.65,1588.25,0,0,1,0,0,1,0,1,0,0,0,1,0.0608148497719049,1,2,1,4,5.3694444444444445,0,1,1,0,0,4,0.1740911418330773
0,0,0,0,1,1,0,0,0,1,1,1,1,1,75.5,75.5,0,1,0,0,1,0,0,0,0,1,0,0,0.9869281045751634,2,2,0,5,37.75,1,0,1,0,1,5,0.013071895424836602
0,0,1,1,12,1,0,0,0,0,0,0,0,0,19.7,258.35,0,0,0,1,0,0,1,0,0,0,1,0,0.0759591285907075,0,0,0,1,1.5153846153846153,0,2,0,0,0,1,0.5797101449275363
1,0,1,0,72,1,0,0,0,0,0,0,0,0,20.5,1502.25,0,0,0,1,0,0,1,0,1,0,0,3,0.0136371195742557,0,0,0,1,0.2808219178082192,0,2,0,0,0,1,3.3488372093023258
0,0,0,0,1,1,0,0,0,0,0,0,0,0,19.2,19.2,0,1,0,0,0,0,1,0,0,0,1,0,0.9504950495049505,0,0,0,1,9.6,0,0,0,0,0,1,0.04950495049504951
0,1,1,0,72,1,1,0,1,0,0,1,1,0,98.35,6929.4,0,0,0,1,0,1,0,1,0,0,0,3,0.0141911000808034,1,2,1,5,1.3472602739726027,0,2,1,0,0,5,0.7247106190236537
0,0,1,1,60,1,1,0,0,0,0,0,0,0,74.35,4453.3,0,1,0,0,0,1,0,1,0,0,0,3,0.0166917360752531,0,0,0,2,1.2188524590163934,0,0,0,1,0,2,0.7962840079628402
1,0,1,1,61,0,0,0,1,1,1,1,0,0,51.35,3244.4,0,0,0,1,1,0,0,0,1,0,0,3,0.0158223947741418,3,1,0,4,0.8282258064516129,0,2,1,0,0,4,1.1652340019102196
1,0,1,0,6,1,0,0,0,0,0,0,0,0,45.65,323.45,0,1,0,0,1,0,0,0,0,0,1,0,0.1406996455540144,0,0,0,1,6.521428571428571,0,0,0,0,0,1,0.12861736334405144
0,1,1,0,32,1,1,0,0,0,0,0,1,0,85.3,2661.1,1,1,0,0,0,1,0,0,0,1,0,2,0.0320423725630141,0,1,0,3,2.584848484848485,0,0,0,1,1,3,0.3707995365005794
1,0,0,1,31,1,1,0,0,0,0,1,0,1,86.55,2697.4,1,1,0,0,0,1,0,0,1,0,0,2,0.0320745627038244,0,1,0,3,2.7046875,0,0,0,1,0,3,0.3540833809251856
0,0,0,0,19,1,0,0,1,0,0,0,0,1,73.85,1424.5,1,1,0,0,0,1,0,0,1,0,0,1,0.0518063837250087,1,0,0,2,3.6925,0,0,1,1,0,2,0.25384101536406145
0,0,1,1,72,1,0,0,0,0,0,0,0,0,20.3,1401.15,0,0,0,1,0,0,1,1,0,0,0,3,0.014477766287487,0,0,0,1,0.27808219178082194,0,2,0,0,0,1,3.380281690140845
1,0,0,0,32,1,1,0,1,0,0,0,0,1,54.2,1739.6,0,1,0,0,1,0,0,0,0,1,0,2,0.0311386878088015,1,0,0,3,1.6424242424242426,0,0,1,0,1,3,0.5797101449275363
0,0,1,0,65,1,1,0,1,0,0,0,1,1,90.65,5931.0,0,1,0,0,0,1,0,0,0,1,0,3,0.0152815239379635,1,1,1,4,1.3734848484848485,0,0,1,1,1,4,0.7092198581560283
1,0,1,1,45,0,0,1,0,0,0,1,1,1,50.9,2333.85,0,1,0,0,1,0,0,1,0,0,0,2,0.0218001156391202,1,2,0,3,1.1065217391304347,0,0,1,0,0,3,0.8670520231213873
0,0,0,0,42,1,1,0,0,0,0,0,0,0,25.05,949.85,0,0,1,0,0,0,1,0,0,1,0,2,0.0263448493453226,0,0,0,2,0.5825581395348838,0,1,0,0,1,2,1.6122840690978886
0,0,0,0,8,1,1,0,0,0,0,0,0,1,74.85,572.45,0,1,0,0,0,1,0,0,0,1,0,0,0.1305257651059377,0,0,0,2,8.316666666666666,1,0,0,1,1,2,0.10547132498352012
0,0,0,1,32,1,0,0,0,0,0,0,0,0,20.5,696.8,0,0,0,1,0,0,1,0,0,0,1,2,0.029378045285182,0,0,0,1,0.6212121212121212,0,2,0,0,0,1,1.4883720930232558
1,1,1,0,22,1,1,1,1,0,1,0,0,1,63.55,1381.8,0,1,0,0,1,0,0,0,0,0,1,1,0.0459574775817182,3,0,0,5,2.7630434782608693,0,0,1,0,0,5,0.34082106893880715
0,1,1,0,57,0,0,0,0,0,0,1,1,1,44.85,2572.95,1,1,0,0,1,0,0,0,0,1,0,3,0.0174245808970648,0,2,0,2,0.7732758620689656,0,0,0,0,1,2,1.243184296619411
0,0,0,0,1,1,0,1,0,0,0,0,0,0,47.95,47.95,0,1,0,0,1,0,0,0,0,1,0,0,0.979570990806946,1,0,0,2,23.975,0,0,1,0,0,2,0.020429009193054137
0,1,0,0,1,1,0,0,0,0,0,0,0,0,45.1,45.1,1,1,0,0,1,0,0,0,0,1,0,0,0.9783080260303688,0,0,0,1,22.55,0,0,0,0,1,1,0.021691973969631236
1,0,1,0,1,1,0,0,0,0,0,0,0,1,45.0,45.0,0,1,0,0,1,0,0,0,0,1,0,0,0.9782608695652174,0,0,0,1,22.5,0,0,0,0,1,1,0.021739130434782608
0,0,0,0,24,1,0,0,0,0,1,1,1,1,96.0,2122.45,1,1,0,0,0,1,0,0,0,1,0,1,0.0452094468906732,1,2,1,4,3.84,0,0,1,1,1,4,0.24742268041237114
0,0,0,0,1,1,0,0,0,0,0,0,0,0,20.05,20.05,1,1,0,0,0,0,1,1,0,0,0,0,0.9524940617577196,0,0,0,1,10.025,0,0,0,0,0,1,0.047505938242280284
0,1,0,0,54,1,1,0,1,0,0,0,1,1,90.05,4931.8,0,1,0,0,0,1,0,0,0,1,0,3,0.0182553519299383,1,1,1,4,1.6372727272727272,0,0,1,1,1,4,0.5930807248764416
1,0,0,0,4,1,1,0,0,0,0,0,0,1,25.3,116.95,0,0,0,1,0,0,1,0,1,0,0,0,0.2144976685036032,0,0,0,2,5.0600000000000005,0,2,0,0,0,2,0.1520912547528517
0,0,1,1,65,1,1,1,0,1,1,1,1,0,108.65,6937.95,1,0,0,1,0,1,0,1,0,0,0,3,0.0156579886005807,3,2,1,7,1.6462121212121212,0,2,1,0,0,7,0.5927952576379388
1,0,1,0,56,1,1,0,0,0,0,0,0,0,24.3,1261.7,0,0,1,0,0,0,1,0,0,1,0,3,0.0192444761225944,0,0,0,2,0.4263157894736842,0,1,0,0,1,2,2.2134387351778657
0,0,0,0,45,1,0,1,0,1,0,1,1,1,75.95,3273.8,0,1,0,0,1,0,0,0,0,1,0,2,0.0231922560156345,2,2,0,5,1.6510869565217392,0,0,1,0,0,5,0.5847953216374269
1,0,1,1,71,1,0,0,0,0,0,0,0,0,19.7,1415.85,0,0,0,1,0,0,1,0,1,0,0,3,0.0139040830010233,0,0,0,1,0.2736111111111111,0,2,0,0,0,1,3.429951690821256
0,0,1,0,59,1,0,1,1,1,0,1,0,0,66.4,3958.2,0,0,1,0,1,0,0,0,1,0,0,3,0.0167710648615882,3,1,0,5,1.1066666666666667,0,1,1,0,0,5,0.8753709198813056
0,0,0,0,69,0,0,0,1,1,0,0,0,1,35.75,2492.25,0,0,1,0,1,0,0,1,0,0,0,3,0.0143387145292289,2,0,0,2,0.5107142857142857,0,1,1,0,0,2,1.8775510204081634
0,0,0,0,19,1,0,0,0,0,0,0,0,0,18.8,279.2,0,0,1,0,0,0,1,0,0,0,1,1,0.0670949321912919,0,0,0,1,0.9400000000000001,0,1,0,0,0,1,0.9595959595959596
1,0,1,1,55,1,0,0,0,0,0,0,0,0,19.4,1083.0,0,0,0,1,0,0,1,0,1,0,0,3,0.0178966789667896,0,0,0,1,0.3464285714285714,0,2,0,0,0,1,2.696078431372549
1,0,0,0,38,1,0,0,0,0,0,0,0,0,19.3,755.5,0,0,1,0,0,0,1,0,0,0,1,2,0.0255122273628552,0,0,0,1,0.4948717948717949,0,1,0,0,0,1,1.8719211822660098
0,0,0,0,10,1,0,0,0,0,0,0,0,1,45.55,402.6,1,1,0,0,1,0,0,0,0,1,0,0,0.1128592666005946,0,0,0,1,4.140909090909091,0,0,0,0,1,1,0.21482277121374868
1,1,1,0,47,1,1,1,1,1,0,0,0,1,67.45,3252.0,0,1,0,0,1,0,0,0,1,0,0,2,0.0207347064248386,3,0,0,5,1.4052083333333334,0,0,1,0,0,5,0.6866325785244703
1,0,1,0,2,0,0,0,0,0,0,0,1,1,35.1,68.75,1,1,0,0,1,0,0,0,0,1,0,0,0.503225806451613,0,1,0,1,11.700000000000001,0,0,0,0,1,1,0.055401662049861494
0,0,0,0,1,1,0,0,0,0,0,0,0,0,46.2,46.2,1,1,0,0,1,0,0,0,1,0,0,0,0.978813559322034,0,0,0,1,23.1,0,0,0,0,0,1,0.0211864406779661
1,0,0,0,1,1,0,0,0,0,0,0,0,0,45.15,45.15,1,1,0,0,1,0,0,0,0,1,0,0,0.9783315276273022,0,0,0,1,22.575,0,0,0,0,1,1,0.021668472372697724
0,1,0,0,1,0,0,0,1,1,0,0,1,1,43.3,43.3,1,1,0,0,1,0,0,0,0,1,0,0,0.9774266365688488,2,1,0,3,21.65,0,0,1,0,1,3,0.022573363431151242
0,0,1,1,46,1,0,0,0,0,0,0,0,1,20.1,936.85,0,0,0,1,0,0,1,0,0,0,1,2,0.0214319987204776,0,0,0,1,0.4276595744680851,0,2,0,0,0,1,2.1800947867298577
1,1,0,0,38,1,0,1,1,0,0,0,0,1,57.15,2250.65,1,1,0,0,1,0,0,0,1,0,0,2,0.0253813869828792,2,0,0,3,1.4653846153846153,0,0,1,0,0,3,0.6534823731728289
1,0,1,0,65,1,0,1,0,1,1,0,0,0,58.9,3857.1,0,0,0,1,1,0,0,0,1,0,0,3,0.0152665819963194,3,0,0,4,0.8924242424242425,0,2,1,0,0,4,1.0851419031719534
1,0,1,0,19,1,0,1,0,0,0,0,0,1,73.2,1441.1,1,1,0,0,0,1,0,0,0,1,0,1,0.050759309340545,1,0,0,2,3.66,0,0,1,1,0,2,0.25606469002695414
0,0,0,0,52,1,0,0,1,0,0,0,1,1,85.35,4338.6,1,1,0,0,0,1,0,0,0,1,0,3,0.0196677113097981,1,1,0,3,1.6103773584905658,0,0,1,1,1,3,0.6022003474232774
0,0,1,1,71,1,0,0,0,0,0,0,0,0,19.45,1378.45,0,0,0,1,0,0,1,0,0,0,1,3,0.0140998223929827,0,0,0,1,0.2701388888888889,0,2,0,0,0,1,3.4718826405867973
1,0,0,0,1,1,0,0,0,0,0,0,0,0,45.95,45.95,1,1,0,0,1,0,0,0,0,0,1,0,0.9787007454739084,0,0,0,1,22.975,0,0,0,0,0,1,0.021299254526091587
1,1,0,0,52,0,0,0,1,1,1,1,0,1,50.5,2566.3,0,1,0,0,1,0,0,0,0,1,0,3,0.0196704709227593,3,1,0,4,0.9528301886792453,0,0,1,0,1,4,1.0097087378640777
0,0,1,0,6,1,1,0,0,0,0,0,0,0,25.1,171.0,0,0,1,0,0,0,1,0,0,0,1,0,0.1459302325581395,0,0,0,2,3.585714285714286,0,1,0,0,0,2,0.22988505747126436
1,1,1,0,26,1,0,0,0,1,0,0,1,0,60.7,1597.4,0,0,1,0,1,0,0,0,0,0,1,2,0.0379754754754754,1,1,0,3,2.2481481481481485,0,1,1,0,0,3,0.4213938411669368
0,1,0,0,48,1,1,0,1,0,0,1,1,1,99.0,4744.35,0,0,1,0,0,1,0,0,0,1,0,2,0.0208625285806104,1,2,1,5,2.020408163265306,0,1,1,0,1,5,0.48
1,0,1,1,64,1,1,1,0,0,1,1,1,1,104.4,6721.6,0,0,1,0,0,1,0,1,0,0,0,3,0.0155297057686014,2,2,1,6,1.6061538461538463,0,1,1,0,0,6,0.6072106261859582
1,0,0,0,3,1,0,0,1,0,0,1,0,0,83.75,247.25,1,1,0,0,0,1,0,0,0,1,0,0,0.337361530715005,1,1,0,3,20.9375,1,0,1,1,1,3,0.035398230088495575
0,0,0,0,1,1,0,0,0,0,0,0,0,1,44.05,44.05,0,1,0,0,1,0,0,1,0,0,0,0,0.9778024417314096,0,0,0,1,22.025,0,0,0,0,0,1,0.022197558268590458
0,0,1,1,72,1,1,0,0,0,0,0,0,0,24.1,1734.65,0,0,0,1,0,0,1,0,1,0,0,3,0.0138852879324748,0,0,0,2,0.3301369863013699,0,2,0,0,0,2,2.8685258964143423
0,0,0,0,1,1,0,0,0,0,0,0,0,1,45.55,45.55,0,1,0,0,1,0,0,0,0,0,1,0,0.9785177228786252,0,0,0,1,22.775,0,0,0,0,0,1,0.021482277121374866
1,0,1,1,51,1,1,1,1,0,0,0,1,1,93.8,4539.35,0,1,0,0,0,1,0,0,0,1,0,3,0.0206592002819165,2,1,1,5,1.8038461538461539,0,0,1,1,0,5,0.5379746835443038
1,0,1,1,41,1,0,0,0,0,0,0,0,0,19.7,804.25,0,0,0,1,0,0,1,1,0,0,0,2,0.0244644520335299,0,0,0,1,0.46904761904761905,0,2,0,0,0,1,1.9806763285024156
1,0,1,1,72,1,0,1,1,1,0,1,0,1,70.65,5011.15,0,0,0,1,1,0,0,0,1,0,0,3,0.0140957473339784,3,1,0,5,0.9678082191780822,0,2,1,0,0,5,1.0048848569434752
1,0,1,0,43,1,1,1,1,0,1,1,1,0,86.45,3574.5,0,0,0,1,1,0,0,0,1,0,0,2,0.0241784365822961,3,2,0,7,1.9647727272727273,0,2,1,0,0,7,0.49170954831332186
0,0,1,0,72,1,1,1,1,1,1,1,1,1,114.1,8086.4,0,0,0,1,0,1,0,0,1,0,0,3,0.0141083661003536,4,2,1,8,1.5630136986301368,0,2,1,0,0,8,0.6255430060816681
0,0,1,0,47,1,1,0,0,0,0,1,1,1,95.2,4563.0,0,0,1,0,0,1,0,0,1,0,0,2,0.0208588957055214,0,2,1,4,1.9833333333333334,0,1,0,0,0,4,0.48856548856548854
0,0,0,0,72,1,1,1,1,1,1,1,1,0,88.55,6362.35,0,0,0,1,1,0,0,0,1,0,0,3,0.0139156262031791,4,2,0,8,1.213013698630137,0,2,1,0,0,8,0.8040201005025126
0,0,0,0,3,1,0,0,0,0,0,0,0,1,20.75,67.1,0,1,0,0,0,0,1,0,1,0,0,0,0.3046989720998532,0,0,0,1,5.1875,0,0,0,0,0,1,0.13793103448275862
0,0,0,0,1,1,0,0,0,0,0,0,0,1,70.05,70.05,1,1,0,0,0,1,0,0,0,1,0,0,0.9859254046446164,0,0,0,1,35.025,1,0,0,1,1,1,0.014074595355383534
0,0,0,0,2,1,1,0,0,0,0,0,1,1,86.0,165.45,1,1,0,0,0,1,0,0,0,1,0,0,0.5166716731751277,0,1,0,3,28.666666666666668,1,0,0,1,1,3,0.022988505747126436
0,0,0,0,26,0,0,1,1,0,0,0,1,1,44.65,1156.55,0,1,0,0,1,0,0,1,0,0,0,2,0.0385728478251479,2,1,0,3,1.6537037037037037,0,0,1,0,0,3,0.5695509309967142
0,0,1,1,29,1,0,1,0,0,0,0,1,1,60.2,1834.15,0,1,0,0,1,0,0,0,0,0,1,2,0.0328038579952592,1,1,0,3,2.006666666666667,0,0,1,0,0,3,0.4738562091503268
1,1,1,0,35,1,1,1,1,0,1,1,0,1,100.5,3653.35,1,1,0,0,0,1,0,1,0,0,0,2,0.0275014708498091,3,1,1,6,2.7916666666666665,0,0,1,1,0,6,0.3448275862068966
0,0,0,0,27,1,0,1,1,0,0,0,0,0,55.45,1477.65,0,0,1,0,1,0,0,1,0,0,0,2,0.0375004226828526,2,0,0,3,1.980357142857143,0,1,1,0,0,3,0.47829937998228517
0,0,1,1,24,1,0,1,1,0,1,0,1,1,70.3,1706.45,0,1,0,0,1,0,0,0,1,0,0,1,0.0411725087118217,3,1,0,5,2.812,0,0,1,0,0,5,0.33660589060308554
0,0,1,1,67,1,0,1,0,1,1,0,0,1,60.4,3953.7,0,0,0,1,1,0,0,1,0,0,0,3,0.015272966343844,3,0,0,4,0.888235294117647,0,2,1,0,0,4,1.0912052117263844
1,0,0,0,16,1,1,0,0,0,0,0,0,0,72.65,1194.3,1,1,0,0,0,1,0,0,0,1,0,1,0.0607797205722412,0,0,0,2,4.273529411764706,0,0,0,1,1,2,0.21724372029871009
1,0,0,0,23,1,0,0,1,1,0,0,0,0,55.8,1327.85,0,0,1,0,1,0,0,1,0,0,0,1,0.041991195394514,2,0,0,3,2.3249999999999997,0,1,1,0,0,3,0.40492957746478875
0,0,0,0,14,0,0,0,1,0,0,0,0,1,31.1,419.7,0,1,0,0,1,0,0,0,0,0,1,1,0.0739244116947944,1,0,0,1,2.0733333333333333,0,0,1,0,0,1,0.43613707165109034
1,0,1,1,1,1,0,0,0,0,0,0,0,1,21.0,21.0,1,1,0,0,0,0,1,0,0,1,0,0,0.9545454545454546,0,0,0,1,10.5,0,0,0,0,1,1,0.045454545454545456
1,1,0,0,1,1,0,0,0,0,0,0,0,0,45.1,45.1,1,1,0,0,1,0,0,0,0,0,1,0,0.9783080260303688,0,0,0,1,22.55,0,0,0,0,0,1,0.021691973969631236
0,1,0,0,4,0,0,0,1,0,0,1,1,1,50.95,207.35,0,1,0,0,1,0,0,0,1,0,0,0,0.2445404367650588,1,2,0,3,10.190000000000001,0,0,1,0,0,3,0.07699711260827719
0,0,0,1,16,1,1,1,1,0,0,0,1,1,69.1,1083.7,0,1,0,0,1,0,0,0,0,1,0,1,0.0637042500230478,2,1,0,5,4.064705882352941,0,0,1,0,0,5,0.2282453637660485
1,0,1,0,46,0,0,0,0,0,0,1,1,1,43.95,2007.85,0,1,0,0,1,0,0,0,0,1,0,2,0.0218781890136147,0,2,0,2,0.9351063829787235,0,0,0,0,1,2,1.0233592880978866
0,0,0,1,68,1,1,1,1,0,1,1,1,1,86.5,5882.75,0,0,0,1,1,0,0,1,0,0,0,3,0.0147015083917569,3,2,0,7,1.2536231884057971,0,2,1,0,0,7,0.7771428571428571
0,0,0,0,38,1,1,1,1,1,1,0,0,0,69.95,2657.55,0,1,0,0,1,0,0,0,0,1,0,2,0.0263113351262906,4,0,0,6,1.7935897435897437,0,0,1,0,0,6,0.5355884425651868
0,1,1,0,30,1,0,0,1,0,0,0,0,1,50.4,1527.5,1,1,0,0,1,0,0,1,0,0,0,2,0.0329735034347399,1,0,0,2,1.6258064516129032,0,0,1,0,0,2,0.5836575875486382
1,1,0,0,5,1,0,0,0,0,0,0,1,0,78.95,378.4,1,1,0,0,0,1,0,0,0,1,0,0,0.2080917237743806,0,1,0,2,13.158333333333333,1,0,0,1,1,2,0.06253908692933083
0,0,0,0,17,1,0,0,1,1,0,0,1,1,90.95,1612.2,0,1,0,0,0,1,0,0,1,0,0,1,0.0563786263327547,2,1,1,4,5.052777777777778,0,0,1,1,0,4,0.18488308863512778
0,0,1,1,4,1,0,0,0,0,0,0,0,0,19.9,76.65,0,0,0,1,0,0,1,0,0,0,1,0,0.2562781712813908,0,0,0,1,3.9799999999999995,0,2,0,0,0,1,0.19138755980861244
1,0,0,0,12,1,0,0,0,0,0,0,0,0,20.15,260.7,0,0,1,0,0,0,1,0,0,1,0,0,0.0769965609476499,0,0,0,1,1.5499999999999998,0,1,0,0,1,1,0.5673758865248227
0,0,1,1,72,1,1,1,1,1,1,1,1,1,90.6,6441.85,0,0,0,1,1,0,0,0,1,0,0,3,0.0140620998471173,4,2,1,8,1.2410958904109588,0,2,1,0,0,8,0.7860262008733625
0,0,0,0,3,1,0,0,0,0,0,1,1,1,92.0,266.8,0,1,0,0,0,1,0,0,0,1,0,0,0.3435399551904406,0,2,1,3,23.0,1,0,0,1,1,3,0.03225806451612903
0,0,0,0,56,1,1,0,1,0,1,0,1,1,94.45,5124.6,1,1,0,0,0,1,0,0,0,1,0,3,0.0184271109723739,2,1,1,5,1.6570175438596493,0,0,1,1,1,5,0.5866946045049765
1,0,0,0,41,1,1,0,0,0,0,0,0,1,24.85,962.25,0,0,1,0,0,0,1,0,0,0,1,2,0.0257980794186348,0,0,0,2,0.5916666666666667,0,1,0,0,0,2,1.5860735009671179
0,0,0,0,40,0,0,0,1,0,1,0,0,0,36.0,1382.9,0,0,1,0,1,0,0,0,1,0,0,2,0.0260134402774766,2,0,0,2,0.8780487804878049,0,1,1,0,0,2,1.0810810810810811
1,0,0,0,7,1,0,1,1,0,1,1,1,1,78.5,571.05,0,1,0,0,1,0,0,0,0,1,0,0,0.137225766978411,3,2,0,6,9.8125,1,0,1,0,0,6,0.0880503144654088
0,0,0,0,69,1,0,0,0,0,0,0,0,0,19.95,1399.35,0,0,0,1,0,0,1,0,1,0,0,3,0.0142464383904024,0,0,0,1,0.285,0,2,0,0,0,1,3.2935560859188544
0,0,1,1,7,1,0,0,0,0,0,0,0,0,20.65,150.0,0,0,1,0,0,0,1,0,0,0,1,0,0.1367549668874172,0,0,0,1,2.58125,0,1,0,0,0,1,0.32332563510392615
1,0,1,1,5,0,0,0,1,0,0,0,0,1,30.5,167.2,0,1,0,0,1,0,0,0,0,1,0,0,0.1813317479191439,1,0,0,1,5.083333333333333,0,0,1,0,1,1,0.15873015873015872
1,0,1,1,72,1,1,1,1,1,1,1,0,0,106.1,7657.4,0,0,0,1,0,1,0,0,1,0,0,3,0.0138540687349838,4,1,1,7,1.4534246575342464,0,2,1,0,0,7,0.6722689075630253
0,0,1,1,44,1,0,0,0,0,0,0,0,1,20.5,865.05,0,0,1,0,0,0,1,1,0,0,0,2,0.0236706887593095,0,0,0,1,0.45555555555555555,0,1,0,0,0,1,2.046511627906977
1,0,0,0,65,1,1,0,1,1,0,1,0,1,95.5,6153.85,0,0,1,0,0,1,0,0,0,1,0,3,0.0155162189167891,2,1,1,5,1.446969696969697,0,1,1,0,1,5,0.6735751295336787
1,0,0,0,3,1,1,0,0,0,1,1,0,0,64.6,174.2,0,1,0,0,1,0,0,0,0,1,0,0,0.3687214611872146,1,1,0,4,16.15,0,0,1,0,1,4,0.04573170731707318
0,0,0,0,24,1,0,0,0,0,1,0,0,1,51.1,1269.6,0,1,0,0,1,0,0,0,1,0,0,1,0.0402172202109239,1,0,0,2,2.044,0,0,1,0,0,2,0.4606525911708253
1,0,0,0,44,1,1,0,1,1,0,0,0,1,84.8,3862.55,1,1,0,0,0,1,0,1,0,0,0,2,0.0219487259126968,2,0,0,4,1.8844444444444444,0,0,1,1,0,4,0.5128205128205129
1,1,1,0,72,1,1,1,1,1,1,1,1,0,89.1,6352.4,0,0,0,1,1,0,0,0,1,0,0,3,0.0140239871564831,4,2,0,8,1.2205479452054793,0,2,1,0,0,8,0.7991120976692564
0,0,0,0,24,1,0,1,0,0,1,0,0,0,54.95,1348.5,0,1,0,0,1,0,0,0,0,1,0,1,0.040718784735087,2,0,0,3,2.198,0,0,1,0,0,3,0.42895442359249325
0,0,0,0,1,1,0,0,0,1,0,0,0,0,50.9,50.9,1,1,0,0,1,0,0,0,0,0,1,0,0.9807321772639692,1,0,0,2,25.45,0,0,1,0,0,2,0.01926782273603083
0,0,1,0,22,1,0,0,0,0,0,0,0,1,20.45,471.55,0,1,0,0,0,0,1,1,0,0,0,1,0.0432758438260501,0,0,0,1,0.8891304347826087,0,0,0,0,0,1,1.0256410256410258
0,0,1,1,70,1,1,0,1,1,1,1,1,1,85.95,5931.75,0,0,0,1,1,0,0,0,1,0,0,3,0.0144873793771859,3,2,0,7,1.2105633802816902,0,2,1,0,0,7,0.8050603795284647
0,0,1,1,25,1,1,0,0,0,0,1,0,0,60.35,1404.65,0,1,0,0,1,0,0,0,0,1,0,2,0.0429338740084658,0,1,0,3,2.3211538461538463,0,0,0,0,1,3,0.40749796251018744
0,0,1,1,37,1,0,0,0,0,0,0,0,0,19.8,726.1,0,0,0,1,0,0,1,1,0,0,0,2,0.0272314674735249,0,0,0,1,0.5210526315789474,0,2,0,0,0,1,1.7788461538461537
1,1,1,1,22,1,1,0,0,0,0,1,0,0,85.35,1961.6,0,1,0,0,0,1,0,1,0,0,0,1,0.0434882298991134,0,1,0,3,3.710869565217391,0,0,0,1,0,3,0.25477707006369427
1,0,1,1,59,1,1,0,0,1,1,1,0,1,72.1,4194.85,0,0,0,1,1,0,0,1,0,0,0,3,0.0171836457452006,2,1,0,5,1.2016666666666667,0,2,1,0,0,5,0.8071135430916553
0,0,1,1,49,1,1,0,0,1,0,1,1,1,99.8,4872.45,1,1,0,0,0,1,0,0,0,1,0,3,0.0204783059229088,1,2,1,5,1.996,0,0,1,1,1,5,0.4861111111111111
0,0,1,1,47,1,1,0,0,1,1,1,1,1,107.35,5118.95,1,1,0,0,0,1,0,1,0,0,0,2,0.0209670016308753,2,2,1,6,2.236458333333333,0,0,1,1,0,6,0.43377941855099217
1,0,1,1,31,1,0,0,0,0,0,0,0,1,19.55,658.95,1,1,0,0,0,0,1,0,0,0,1,2,0.0296234563224486,0,0,0,1,0.6109375,0,0,0,0,0,1,1.508515815085158
0,0,1,1,1,1,0,0,0,0,0,0,1,1,81.05,81.05,0,1,0,0,0,1,0,0,0,1,0,0,0.987812309567337,0,1,0,2,40.525,1,0,0,1,1,2,0.01218769043266301
0,0,0,0,3,1,0,0,0,0,0,0,0,1,20.5,76.95,0,1,0,0,0,0,1,0,0,1,0,0,0.2629890955740859,0,0,0,1,5.125,0,0,0,0,1,1,0.13953488372093023
1,0,1,0,53,1,1,0,1,1,1,1,1,1,111.8,5809.75,0,0,1,0,0,1,0,1,0,0,0,3,0.0192402013509443,3,2,1,7,2.0703703703703704,0,1,1,0,0,7,0.4698581560283688
0,0,0,0,1,1,0,0,0,0,0,0,0,0,20.2,20.2,0,1,0,0,0,0,1,0,0,0,1,0,0.9528301886792452,0,0,0,1,10.1,0,0,0,0,0,1,0.04716981132075472
0,0,0,0,20,1,0,0,0,0,0,0,0,1,19.7,415.9,0,0,1,0,0,0,1,0,0,0,1,1,0.0472535380187095,0,0,0,1,0.9380952380952381,0,1,0,0,0,1,0.9661835748792271
1,0,0,0,3,1,0,1,1,0,0,0,0,1,79.1,246.5,1,1,0,0,0,1,0,0,0,1,0,0,0.3195959595959596,2,0,0,3,19.775,1,0,1,1,0,3,0.03745318352059925
1,0,0,0,51,1,0,0,0,0,0,0,0,1,19.85,996.95,0,0,1,0,0,0,1,1,0,0,0,3,0.0198907760909865,0,0,0,1,0.38173076923076926,0,1,0,0,0,1,2.446043165467626
1,0,1,0,51,1,0,1,1,0,1,0,0,1,60.5,3145.15,0,0,1,0,1,0,0,1,0,0,0,3,0.0192298523592327,3,0,0,4,1.1634615384615385,0,1,1,0,0,4,0.8292682926829268
1,0,1,1,13,1,0,0,0,0,0,0,0,0,19.55,265.3,0,0,0,1,0,0,1,0,0,0,1,1,0.0734134434847915,0,0,0,1,1.3964285714285716,0,2,0,0,0,1,0.6326034063260341
1,0,0,0,1,1,0,0,0,0,0,0,0,0,20.9,20.9,0,1,0,0,0,0,1,0,0,0,1,0,0.954337899543379,0,0,0,1,10.45,0,0,0,0,0,1,0.04566210045662101
0,0,0,1,1,1,0,0,0,0,0,0,0,1,21.05,21.05,0,1,0,0,0,0,1,0,0,0,1,0,0.9546485260770976,0,0,0,1,10.525,0,0,0,0,0,1,0.045351473922902494
0,0,0,0,63,1,1,1,1,1,1,0,0,0,71.5,4576.3,0,0,1,0,1,0,0,0,0,1,0,3,0.0156205623402442,4,0,0,6,1.1171875,0,1,1,0,0,6,0.8689655172413793
0,0,0,0,3,1,0,0,0,0,0,0,1,0,54.65,189.1,0,1,0,0,1,0,0,0,0,0,1,0,0.2874802735402419,0,1,0,2,13.6625,0,0,0,0,0,2,0.05390835579514825
0,0,0,0,46,1,0,0,0,0,0,0,0,0,19.2,908.15,0,0,0,1,0,0,1,0,1,0,0,2,0.0211186272892262,0,0,0,1,0.4085106382978723,0,2,0,0,0,1,2.2772277227722775
0,0,0,0,1,1,1,0,0,0,0,0,0,1,49.8,49.8,0,1,0,0,1,0,0,0,1,0,0,0,0.9803149606299212,0,0,0,2,24.9,0,0,0,0,0,2,0.01968503937007874
0,0,0,1,8,0,0,0,0,0,0,0,0,0,25.5,215.2,1,1,0,0,1,0,0,0,0,0,1,0,0.1179463459759482,0,0,0,0,2.8333333333333335,0,0,0,0,0,0,0.3018867924528302
1,0,1,1,71,1,0,0,0,0,0,0,0,0,20.5,1500.95,0,0,0,1,0,0,1,1,0,0,0,3,0.0136489230666799,0,0,0,1,0.2847222222222222,0,2,0,0,0,1,3.302325581395349
0,0,1,1,55,1,1,0,0,1,0,1,0,1,90.4,5099.15,0,1,0,0,0,1,0,0,1,0,0,3,0.0177249688734645,1,1,1,4,1.6142857142857143,0,0,1,1,0,4,0.6017505470459519
1,0,0,0,70,1,1,0,1,1,1,0,0,1,90.25,6385.95,0,0,1,0,0,1,0,1,0,0,0,3,0.0141303752182183,3,0,1,5,1.2711267605633803,0,1,1,0,0,5,0.7671232876712328
1,0,0,0,2,1,0,0,0,0,0,0,1,0,80.75,159.45,1,1,0,0,0,1,0,0,0,1,0,0,0.503272047366781,0,1,0,2,26.916666666666668,1,0,0,1,1,2,0.024464831804281346
0,0,1,1,67,1,1,1,0,0,1,1,1,0,104.6,6885.75,0,0,0,1,0,1,0,1,0,0,0,3,0.0151885867789595,2,2,1,6,1.538235294117647,0,2,1,0,0,6,0.634469696969697
0,0,1,0,65,1,1,0,1,0,0,1,0,1,91.85,5940.85,1,1,0,0,0,1,0,1,0,0,0,3,0.015458148556426,1,1,1,4,1.3916666666666666,0,0,1,1,0,4,0.7000538502961767
0,0,1,0,14,1,0,0,0,1,0,0,0,0,50.2,668.85,0,1,0,0,1,0,0,0,1,0,0,1,0.0749421512278868,1,0,0,2,3.3466666666666667,0,0,1,0,0,2,0.2734375
1,0,1,1,20,1,1,0,0,1,1,0,1,1,95.5,1916.2,0,1,0,0,0,1,0,1,0,0,0,1,0.0498122261631546,2,1,1,5,4.5476190476190474,0,0,1,1,0,5,0.20725388601036268
0,0,0,1,1,1,0,0,1,0,0,0,0,1,75.35,75.35,1,1,0,0,0,1,0,0,0,1,0,0,0.9869024230517356,1,0,0,2,37.675,1,0,1,1,1,2,0.013097576948264572
0,0,0,0,1,1,1,0,0,0,0,0,0,1,75.45,75.45,1,1,0,0,0,1,0,0,0,1,0,0,0.986919555264879,0,0,0,2,37.725,1,0,0,1,1,2,0.013080444735120994
1,0,1,1,49,1,1,0,0,0,0,1,1,1,95.4,4613.95,0,1,0,0,0,1,0,1,0,0,0,3,0.0206719466083056,0,2,1,4,1.9080000000000001,0,0,0,1,0,4,0.508298755186722
1,0,0,0,72,1,1,1,1,1,0,1,0,1,101.3,7261.25,0,0,0,1,0,1,0,1,0,0,0,3,0.0139488450549072,3,1,1,6,1.3876712328767122,0,2,1,0,0,6,0.7038123167155426
1,0,1,0,46,1,1,1,0,0,0,0,0,0,53.1,2459.8,0,1,0,0,1,0,0,0,0,1,0,2,0.0215783485045513,1,0,0,3,1.1297872340425532,0,0,1,0,0,3,0.8502772643253235
0,0,0,0,24,1,1,0,1,1,0,0,0,1,84.85,2048.8,0,1,0,0,0,1,0,1,0,0,0,1,0.0413942823690116,2,0,0,4,3.3939999999999997,0,0,1,1,0,4,0.27955736750145604
1,0,1,1,5,0,0,0,1,0,1,0,0,0,34.25,163.55,0,1,0,0,1,0,0,0,0,1,0,0,0.208143421452446,2,0,0,2,5.708333333333333,0,0,1,0,1,2,0.14184397163120568
1,0,1,1,33,1,1,0,1,1,1,0,0,0,88.6,2888.7,0,1,0,0,0,1,0,0,1,0,0,2,0.0306606222099179,3,0,0,5,2.605882352941176,0,0,1,1,0,5,0.36830357142857145
1,0,0,0,42,1,1,1,1,0,0,0,0,1,60.15,2421.6,0,0,1,0,1,0,0,1,0,0,0,2,0.0248286964418393,2,0,0,4,1.3988372093023256,0,1,1,0,0,4,0.6868356500408831
0,0,0,0,23,1,0,1,0,1,0,1,1,1,99.95,2292.75,0,0,1,0,0,1,0,0,1,0,0,1,0.0435749318801089,2,2,1,5,4.164583333333334,0,1,1,0,0,5,0.2278355621594849
0,0,0,0,8,1,0,0,0,0,0,0,0,0,70.7,553.4,0,1,0,0,0,1,0,1,0,0,0,0,0.1275252525252525,0,0,0,1,7.855555555555556,1,0,0,1,0,1,0.11157601115760112
0,0,0,0,66,1,0,1,1,0,0,0,0,1,54.8,3465.7,0,0,1,0,1,0,0,0,0,0,1,3,0.0158075403121123,2,0,0,3,0.817910447761194,0,1,1,0,0,3,1.1827956989247312
0,0,0,0,24,1,0,1,0,0,0,0,0,1,49.55,1210.4,1,1,0,0,1,0,0,1,0,0,0,1,0.0409030873369654,1,0,0,2,1.982,0,0,1,0,0,2,0.47477744807121663
0,1,0,0,24,1,1,0,1,0,0,0,0,0,54.8,1291.3,0,1,0,0,1,0,0,0,1,0,0,1,0.0424050143155614,1,0,0,3,2.1919999999999997,0,0,1,0,0,3,0.43010752688172044
0,0,0,0,69,1,1,1,1,1,1,0,1,1,78.6,5356.45,1,0,1,0,1,0,0,0,1,0,0,3,0.014671158853559,4,1,0,7,1.1228571428571428,0,1,1,0,0,7,0.8668341708542714
1,0,0,0,53,1,0,0,1,1,0,1,1,1,100.3,5200.8,0,0,1,0,0,1,0,0,0,0,1,3,0.0192817870737052,2,2,1,5,1.8574074074074074,0,1,1,0,0,5,0.5231984205330701
1,0,0,0,60,0,0,1,0,1,0,1,1,0,53.6,3237.05,0,0,0,1,1,0,0,0,0,1,0,3,0.0165531724340266,2,2,0,4,0.878688524590164,0,2,1,0,0,4,1.0989010989010988
1,0,1,0,7,1,0,0,0,0,0,1,0,1,81.1,576.65,1,1,0,0,0,1,0,0,0,1,0,0,0.1403964338267116,0,1,0,2,10.1375,1,0,0,1,1,2,0.08526187576126676
1,0,0,0,20,1,0,0,0,0,0,0,0,1,19.35,433.75,0,0,1,0,0,0,1,0,1,0,0,1,0.0445083381253594,0,0,0,1,0.9214285714285715,0,1,0,0,0,1,0.9828009828009827
1,0,1,1,23,1,1,0,0,0,0,0,1,0,85.6,1868.4,0,1,0,0,0,1,0,0,0,1,0,1,0.0457900930779929,0,1,0,3,3.5666666666666664,0,0,0,1,1,3,0.2655889145496536
0,0,1,1,72,1,0,1,0,1,1,1,1,1,80.8,5728.55,0,0,0,1,1,0,0,0,0,1,0,3,0.0141023291532493,3,2,0,6,1.106849315068493,0,2,1,0,0,6,0.880195599022005
0,0,1,0,11,1,1,0,0,0,0,0,0,1,74.95,825.7,1,1,0,0,0,1,0,0,0,1,0,0,0.0906616668682714,0,0,0,2,6.245833333333334,1,0,0,1,1,2,0.14483212639894666
0,0,0,0,21,1,0,0,0,0,0,0,0,0,19.6,390.4,0,0,0,1,0,0,1,0,0,0,1,1,0.0500766479305058,0,0,0,1,0.890909090909091,0,2,0,0,0,1,1.0194174757281553
0,1,0,0,1,1,1,0,0,0,0,1,1,1,93.55,93.55,1,1,0,0,0,1,0,0,0,1,0,0,0.989423585404548,0,2,1,4,46.775,1,0,0,1,1,4,0.010576414595452142
0,1,0,0,31,1,1,0,1,0,0,1,0,1,90.7,2845.15,0,1,0,0,0,1,0,0,0,1,0,2,0.0318676106319062,1,1,1,4,2.834375,0,0,1,1,1,4,0.33805888767720826
1,0,0,0,57,1,0,0,1,1,1,1,0,0,69.75,3894.4,0,0,0,1,1,0,0,0,0,0,1,3,0.0179057349694511,3,1,0,5,1.2025862068965518,0,2,1,0,0,5,0.8056537102473498
1,0,1,1,45,1,0,0,0,0,0,0,0,1,20.0,886.4,0,0,0,1,0,0,1,1,0,0,0,2,0.0225377507324769,0,0,0,1,0.43478260869565216,0,2,0,0,0,1,2.142857142857143
0,0,0,0,10,1,1,0,1,1,0,0,1,1,95.25,1021.55,0,1,0,0,0,1,0,0,0,1,0,0,0.0931494792430688,2,1,1,5,8.659090909090908,1,0,1,1,1,5,0.1038961038961039
1,0,1,0,58,1,1,0,0,1,1,1,1,1,102.1,5885.4,1,1,0,0,0,1,0,0,1,0,0,3,0.0173450665941832,2,2,1,6,1.730508474576271,0,0,1,1,0,6,0.5625606207565471
0,0,0,1,14,1,0,0,0,0,0,0,0,0,19.95,268.4,0,1,0,0,0,0,1,0,0,0,1,1,0.0740534521158129,0,0,0,1,1.3299999999999998,0,0,0,0,0,1,0.6682577565632458
0,0,1,0,27,1,1,1,0,0,1,1,1,0,80.85,2204.35,0,0,1,0,1,0,0,0,0,0,1,2,0.0366608474845262,2,2,0,6,2.8874999999999997,0,1,1,0,0,6,0.32987171655467323
1,0,1,1,14,1,1,0,1,0,0,0,1,1,90.9,1259.0,1,1,0,0,0,1,0,1,0,0,0,1,0.0721428571428571,1,1,1,4,6.0600000000000005,0,0,1,1,0,4,0.15233949945593034
1,0,1,1,12,0,0,0,1,0,0,0,0,0,29.2,309.1,1,1,0,0,1,0,0,0,0,0,1,0,0.0941631731699451,1,0,0,1,2.246153846153846,0,0,1,0,0,1,0.3973509933774835
1,0,1,1,69,1,1,0,1,0,1,0,1,1,93.3,6398.05,0,0,0,1,0,1,0,1,0,0,0,3,0.0145802892616872,2,1,1,5,1.3328571428571427,0,2,1,0,0,5,0.7317073170731707
1,0,1,1,25,1,0,0,1,1,0,1,0,1,89.15,2257.75,1,1,0,0,0,1,0,1,0,0,0,2,0.0394687327061427,2,1,0,4,3.428846153846154,0,0,1,1,0,4,0.2773155851358846
0,1,1,0,58,1,1,1,1,1,0,1,1,1,108.85,6287.25,1,0,1,0,0,1,0,0,0,1,0,3,0.0173100624180018,3,2,1,7,1.844915254237288,0,1,1,0,0,7,0.5279927173418298
1,0,1,1,35,0,0,1,0,0,1,1,0,1,46.35,1662.05,0,0,0,1,1,0,0,0,1,0,0,2,0.0278704789392982,2,1,0,3,1.2875,0,2,1,0,0,3,0.7391763463569165
1,1,0,0,16,1,1,0,0,0,0,1,0,1,84.75,1350.15,1,1,0,0,0,1,0,0,0,1,0,1,0.0627243459275432,0,1,0,3,4.985294117647059,0,0,0,1,1,3,0.18658892128279883
0,0,1,1,45,1,1,0,1,1,0,1,1,0,78.75,3600.65,0,0,1,0,1,0,0,0,1,0,0,2,0.0218649785514972,2,2,0,6,1.7119565217391304,0,1,1,0,0,6,0.5642633228840125
1,0,0,0,17,1,0,0,1,0,0,1,0,1,83.55,1329.15,0,1,0,0,0,1,0,0,0,1,0,1,0.0628124647596135,1,1,0,3,4.641666666666667,0,0,1,1,1,3,0.20106445890005914
1,0,1,1,1,1,0,0,0,0,0,0,0,1,45.7,45.7,1,1,0,0,1,0,0,0,0,1,0,0,0.9785867237687366,0,0,0,1,22.85,0,0,0,0,1,1,0.021413276231263382
0,0,0,0,22,1,0,0,0,0,0,0,0,0,19.6,422.5,0,0,1,0,0,0,1,0,0,0,1,1,0.0462809917355371,0,0,0,1,0.8521739130434783,0,1,0,0,0,1,1.0679611650485437
1,1,0,0,1,1,0,0,0,0,0,0,0,1,69.95,69.95,1,1,0,0,0,1,0,0,0,1,0,0,0.9859055673009162,0,0,0,1,34.975,0,0,0,1,1,1,0.01409443269908386
0,0,1,1,67,1,0,1,0,1,1,0,1,0,67.85,4627.65,0,0,0,1,1,0,0,0,0,0,1,3,0.0146587017812969,3,1,0,5,0.9977941176470587,0,2,1,0,0,5,0.973129992737836
1,0,1,1,67,1,1,0,0,1,1,1,1,1,105.65,6717.9,0,0,0,1,0,1,0,1,0,0,0,3,0.0157243001086487,2,2,1,6,1.5536764705882353,0,2,1,0,0,6,0.6282231598687295
1,0,1,0,2,0,0,0,0,0,0,1,1,0,44.6,97.1,1,1,0,0,1,0,0,0,0,1,0,0,0.454638124362895,0,2,0,2,14.866666666666667,0,0,0,0,1,2,0.043859649122807015
0,0,0,0,23,1,1,0,0,0,0,0,0,1,74.95,1710.45,1,1,0,0,0,1,0,0,0,1,0,1,0.0437932747085804,0,0,0,2,3.122916666666667,0,0,0,1,1,2,0.3028308097432521
1,1,0,0,9,1,0,0,0,1,0,0,0,0,75.5,637.4,0,1,0,0,0,1,0,0,1,0,0,0,0.1182644110275689,1,0,0,2,7.55,1,0,1,1,0,2,0.11764705882352941
1,0,0,0,5,1,0,0,0,0,0,0,0,0,20.15,117.95,0,1,0,0,0,0,1,0,0,0,1,0,0.1693989071038251,0,0,0,1,3.358333333333333,0,0,0,0,0,1,0.2364066193853428
0,0,0,0,54,0,0,1,0,0,1,1,0,0,45.2,2460.55,0,0,0,1,1,0,0,0,1,0,0,3,0.0183624139261847,2,1,0,3,0.8218181818181819,0,2,1,0,0,3,1.1688311688311688
1,0,0,0,57,1,0,0,0,1,0,1,1,1,95.25,5464.65,1,0,0,1,0,1,0,0,0,1,0,3,0.0174270214887524,1,2,1,4,1.6422413793103448,0,2,1,0,1,4,0.5922077922077922
0,0,0,0,24,1,1,0,0,1,0,1,0,1,89.85,2165.05,1,1,0,0,0,1,0,0,0,0,1,1,0.0414810369105052,1,1,0,4,3.594,0,0,1,1,0,4,0.26417171161254815
1,0,1,1,49,1,1,0,1,0,0,1,1,0,100.45,4941.8,1,0,1,0,0,1,0,0,0,0,1,3,0.0203224892773326,1,2,1,5,2.009,0,1,1,0,0,5,0.48299655002464265
0,0,0,0,5,1,1,0,0,0,0,0,0,0,47.15,223.15,1,1,0,0,1,0,0,0,0,1,0,0,0.2103502119116662,0,0,0,2,7.858333333333333,0,0,0,0,1,2,0.10384215991692627
0,0,0,0,2,1,0,0,0,0,0,0,1,1,80.2,181.1,1,1,0,0,0,1,0,0,0,1,0,0,0.4404173531026908,0,1,0,2,26.733333333333334,1,0,0,1,1,2,0.02463054187192118
1,0,0,1,4,1,1,0,0,1,1,0,0,1,87.1,341.45,1,1,0,0,0,1,0,0,0,0,1,0,0.2543436998101913,2,0,0,4,17.419999999999998,1,0,1,1,0,4,0.045402951191827474
0,0,1,1,70,1,1,1,1,1,1,1,0,1,79.25,5731.85,0,0,0,1,1,0,0,1,0,0,0,3,0.0138238398004482,4,1,0,7,1.1161971830985915,0,2,1,0,0,7,0.8722741433021807
0,0,0,0,5,1,1,0,0,0,0,0,0,1,75.9,357.75,1,1,0,0,0,1,0,1,0,0,0,0,0.2115679442508711,0,0,0,2,12.65,1,0,0,1,0,2,0.06501950585175552
0,0,1,1,53,1,1,1,0,1,1,1,1,0,85.7,4616.1,0,1,0,0,1,0,0,0,0,1,0,3,0.0185614346667821,3,2,0,7,1.587037037037037,0,0,1,0,0,7,0.6113033448673587
1,0,1,0,47,1,1,1,1,1,0,1,0,1,98.75,4533.7,1,1,0,0,0,1,0,0,0,1,0,2,0.021776523254019,3,1,1,6,2.0572916666666665,0,0,1,1,0,6,0.47117794486215536
1,0,0,1,31,1,0,0,0,0,0,0,0,0,20.1,589.25,0,0,1,0,0,0,1,0,1,0,0,2,0.0340533672172808,0,0,0,1,0.628125,0,1,0,0,0,1,1.4691943127962084
0,0,1,1,13,1,0,0,1,1,1,0,0,0,61.8,750.1,0,1,0,0,1,0,0,1,0,0,0,1,0.082279323658634,3,0,0,4,4.414285714285714,0,0,1,0,0,4,0.2070063694267516
1,0,1,1,28,1,1,0,0,0,0,0,0,0,49.9,1410.25,0,1,0,0,1,0,0,0,0,0,1,2,0.0353587245349867,0,0,0,2,1.7206896551724138,0,0,0,0,0,2,0.550098231827112
1,0,0,0,10,1,1,0,0,0,0,0,1,0,86.45,830.85,1,1,0,0,0,1,0,0,0,1,0,0,0.1039249864759271,0,1,0,3,7.859090909090909,1,0,0,1,1,3,0.11435105774728416
0,0,1,0,38,1,0,0,0,0,0,0,0,0,20.4,743.5,0,0,0,1,0,0,1,1,0,0,0,2,0.0274009402283411,0,0,0,1,0.523076923076923,0,2,0,0,0,1,1.7757009345794394
1,0,0,0,1,1,0,0,0,0,0,0,0,1,45.3,45.3,1,1,0,0,1,0,0,0,0,0,1,0,0.978401727861771,0,0,0,1,22.65,0,0,0,0,0,1,0.021598272138228944
0,0,1,0,67,1,1,0,1,1,0,1,1,0,104.1,7040.85,1,0,1,0,0,1,0,0,0,1,0,3,0.014783047068597,2,2,1,6,1.5308823529411764,0,1,1,0,1,6,0.6374881065651761
0,0,1,0,52,1,0,1,1,0,0,1,1,1,75.4,3865.45,0,0,1,0,1,0,0,0,0,0,1,3,0.0195010927336445,2,2,0,5,1.4226415094339624,0,1,1,0,0,5,0.6806282722513088
0,0,1,1,62,1,0,1,1,1,1,1,1,0,108.15,6825.65,0,0,0,1,0,1,0,0,0,0,1,3,0.0158423238337984,4,2,1,7,1.7166666666666668,0,2,1,0,0,7,0.5680256527714155
1,0,0,0,16,1,0,0,1,0,0,0,1,1,86.25,1340.1,0,1,0,0,0,1,0,0,0,1,0,1,0.0643128774886287,1,1,0,3,5.073529411764706,0,0,1,1,1,3,0.1833810888252149
1,1,1,0,5,1,1,0,1,0,0,0,0,1,81.0,371.65,1,1,0,0,0,1,0,0,0,1,0,0,0.2173621360525962,1,0,0,3,13.5,1,0,1,1,1,3,0.06097560975609756
0,0,0,0,12,1,0,0,0,1,0,1,1,0,95.7,1184.0,0,0,1,0,0,1,0,0,0,1,0,0,0.080759493670886,1,2,1,4,7.361538461538462,0,1,1,0,1,4,0.12409513960703206
1,0,1,1,72,1,1,1,1,1,1,1,1,1,116.85,8477.7,0,0,0,1,0,1,0,1,0,0,0,3,0.0137815938764197,4,2,1,8,1.6006849315068492,0,2,1,0,0,8,0.6109461179465422
0,1,0,0,71,1,1,0,1,0,1,1,1,0,105.75,7382.85,0,0,1,0,0,1,0,1,0,0,0,3,0.0143217968945739,2,2,1,6,1.46875,0,1,1,0,0,6,0.6651053864168618
1,0,1,0,24,1,0,0,0,0,0,0,0,0,20.15,456.85,0,0,1,0,0,0,1,0,0,0,1,1,0.0440100469586108,0,0,0,1,0.8059999999999999,0,1,0,0,0,1,1.1347517730496455
1,0,0,0,15,1,0,0,0,0,0,0,0,0,19.6,331.6,0,0,0,1,0,0,1,0,0,0,1,1,0.0589296452194828,0,0,0,1,1.225,0,2,0,0,0,1,0.7281553398058251
0,0,1,0,67,1,0,1,1,0,0,0,1,1,90.6,6056.15,1,0,1,0,0,1,0,0,1,0,0,3,0.0149575295312151,2,1,1,4,1.3323529411764705,0,1,1,0,0,4,0.7314410480349346
0,0,0,1,2,1,1,1,1,0,0,0,0,0,60.95,134.6,0,1,0,0,1,0,0,1,0,0,0,0,0.4494837758112094,2,0,0,4,20.316666666666666,0,0,1,0,0,4,0.03228410008071025
1,0,1,1,5,0,0,0,0,0,0,0,0,0,25.05,125.5,0,1,0,0,1,0,0,0,0,0,1,0,0.1980237154150197,0,0,0,0,4.175,0,0,0,0,0,0,0.19193857965451055
1,0,1,0,15,1,0,0,0,0,0,1,1,0,88.15,1390.6,1,1,0,0,0,1,0,0,0,1,0,1,0.0633443518252371,0,2,0,3,5.509375,0,0,0,1,1,3,0.16825574873808188
0,0,0,0,1,1,0,0,0,0,0,0,0,1,20.2,20.2,1,1,0,0,0,0,1,0,0,0,1,0,0.9528301886792452,0,0,0,1,10.1,0,0,0,0,0,1,0.04716981132075472
0,0,1,1,41,1,0,1,1,1,0,0,0,1,60.3,2511.3,0,0,1,0,1,0,0,1,0,0,0,2,0.0240019105998487,3,0,0,4,1.4357142857142857,0,1,1,0,0,4,0.66884176182708
1,0,0,1,43,1,0,1,1,0,0,0,1,1,63.95,2737.05,0,1,0,0,1,0,0,0,0,1,0,2,0.0233560380562809,2,1,0,4,1.4534090909090909,0,0,1,0,0,4,0.6620477290223248
0,1,1,0,1,1,1,0,0,0,0,0,0,0,74.3,74.3,0,1,0,0,0,1,0,0,0,1,0,0,0.9867197875166004,0,0,0,2,37.15,1,0,0,1,1,2,0.013280212483399735
1,1,0,0,1,1,0,0,0,0,0,0,0,1,70.6,70.6,0,1,0,0,0,1,0,0,0,0,1,0,0.9860335195530726,0,0,0,1,35.3,1,0,0,1,0,1,0.013966480446927375
1,0,1,1,26,1,0,0,0,0,0,1,1,1,90.8,2361.8,1,1,0,0,0,1,0,0,0,1,0,2,0.0384289825630607,0,2,1,3,3.3629629629629627,0,0,0,1,1,3,0.2832244008714597
0,0,0,0,22,1,1,0,1,0,0,0,0,1,79.35,1730.35,1,1,0,0,0,1,0,0,0,1,0,1,0.0458312877234527,1,0,0,3,3.4499999999999997,0,0,1,1,1,3,0.2738021157436217
0,0,1,0,71,1,1,1,1,1,1,1,1,0,90.55,6404.0,0,0,0,1,1,0,0,1,0,0,0,3,0.0141373926619828,4,2,1,8,1.2576388888888888,0,2,1,0,0,8,0.7755324959038777
0,0,0,0,7,1,0,0,0,0,0,0,0,0,19.45,165.35,0,0,0,1,0,0,1,0,0,0,1,0,0.116922152088969,0,0,0,1,2.43125,0,2,0,0,0,1,0.3422982885085575
1,1,0,0,28,1,1,0,1,1,1,0,0,0,64.45,1867.6,0,1,0,0,1,0,0,1,0,0,0,2,0.0344910628277855,3,0,0,5,2.222413793103448,0,0,1,0,0,5,0.42780748663101603
0,1,0,0,16,1,0,0,0,0,0,0,0,0,69.65,1043.3,0,1,0,0,0,1,0,0,0,1,0,1,0.0666953940438571,0,0,0,1,4.097058823529412,0,0,0,1,1,1,0.22646850672328378
0,0,0,0,7,1,0,0,0,0,0,0,0,0,19.5,128.6,0,0,1,0,0,0,1,0,0,0,1,0,0.1504629629629629,0,0,0,1,2.4375,0,1,0,0,0,1,0.34146341463414637
1,0,0,0,69,1,1,0,1,1,1,1,1,1,110.5,7455.45,0,0,0,1,0,1,0,1,0,0,0,3,0.0148193845596765,3,2,1,7,1.5785714285714285,0,2,1,0,0,7,0.6188340807174888
1,0,0,1,1,0,0,0,0,0,0,0,0,0,24.7,24.7,0,1,0,0,1,0,0,0,0,0,1,0,0.9610894941634242,0,0,0,0,12.35,0,0,0,0,0,0,0.038910505836575876
0,0,0,0,3,1,0,1,0,1,0,1,1,1,77.4,206.15,0,1,0,0,1,0,0,0,0,1,0,0,0.3736422881969587,2,2,0,5,19.35,1,0,1,0,0,5,0.038265306122448974
0,1,0,0,21,1,0,0,0,1,0,1,1,1,96.8,2030.3,1,1,0,0,0,1,0,1,0,0,0,1,0.0476542115886378,1,2,1,4,4.3999999999999995,0,0,1,1,0,4,0.2147239263803681
1,0,1,0,69,1,1,0,1,1,0,0,0,1,85.4,5869.4,0,1,0,0,0,1,0,1,0,0,0,3,0.014547560643227,2,0,0,4,1.22,0,0,1,1,0,4,0.798611111111111
1,0,1,0,71,0,0,1,1,1,1,0,0,1,47.6,3377.8,0,0,0,1,1,0,0,1,0,0,0,3,0.0140878418373387,4,0,0,4,0.6611111111111111,0,2,1,0,0,4,1.4609053497942386
1,0,1,1,69,1,0,0,0,0,0,0,0,0,19.4,1346.2,0,0,0,1,0,0,1,0,0,0,1,3,0.0144002375296912,0,0,0,1,0.27714285714285714,0,2,0,0,0,1,3.382352941176471
1,0,0,0,48,1,1,0,0,1,1,1,1,1,103.85,4946.05,0,1,0,0,0,1,0,0,0,1,0,2,0.0209923085475182,2,2,1,6,2.1193877551020406,0,0,1,1,1,6,0.45779685264663805
0,0,1,0,47,1,1,0,1,1,0,0,0,1,83.35,4065.0,1,1,0,0,0,1,0,1,0,0,0,2,0.0204992621741269,2,0,0,4,1.7364583333333332,0,0,1,1,0,4,0.5572021339656195
1,0,0,0,2,1,1,0,0,0,0,0,0,1,49.4,106.55,1,1,0,0,1,0,0,0,0,1,0,0,0.4593212459321246,0,0,0,2,16.466666666666665,0,0,0,0,1,2,0.03968253968253968
0,0,0,0,45,1,1,1,0,1,1,1,1,1,108.45,4964.7,0,1,0,0,0,1,0,0,1,0,0,2,0.0218398211732484,3,2,1,7,2.357608695652174,0,0,1,1,0,7,0.4111466423024212
0,0,0,0,51,1,1,0,1,0,0,0,0,0,81.0,4085.75,0,1,0,0,0,1,0,1,0,0,0,3,0.0198201504863277,1,0,0,3,1.5576923076923077,0,0,1,1,0,3,0.6219512195121951
1,0,1,0,22,1,1,1,0,0,1,1,1,1,79.2,1742.75,1,1,0,0,1,0,0,0,0,1,0,1,0.0454193548387096,2,2,0,6,3.4434782608695653,0,0,1,0,0,6,0.2743142144638404
0,0,0,0,72,1,1,1,1,1,1,1,1,0,86.65,6224.8,0,0,0,1,1,0,0,1,0,0,0,3,0.0139178900703524,4,2,0,8,1.1869863013698632,0,2,1,0,0,8,0.8214489446662863
0,0,1,1,37,1,1,0,1,1,0,1,0,1,92.95,3415.25,0,1,0,0,0,1,0,0,0,1,0,2,0.0272081961214782,2,1,1,5,2.4460526315789473,0,0,1,1,1,5,0.3938265034592868
0,0,1,1,71,1,1,1,1,1,1,1,1,0,90.35,6325.25,0,0,0,1,1,0,0,0,0,1,0,3,0.0142817624975301,4,2,1,8,1.254861111111111,0,2,1,0,0,8,0.7772304324028463
0,0,1,1,7,1,0,0,0,1,0,0,0,0,48.7,340.25,1,1,0,0,1,0,0,0,0,1,0,0,0.1427106227106227,1,0,0,2,6.0875,0,0,1,0,1,2,0.1408450704225352
1,0,0,0,66,1,1,0,0,0,0,0,0,1,25.15,1683.6,0,0,0,1,0,0,1,0,1,0,0,3,0.0149293600854802,0,0,0,2,0.37537313432835817,0,2,0,0,0,2,2.523900573613767
0,0,1,1,51,1,0,1,0,0,1,1,1,1,76.4,3966.3,0,0,1,0,1,0,0,1,0,0,0,3,0.0192574294860484,2,2,0,5,1.4692307692307693,0,1,1,0,0,5,0.6589147286821705
1,0,1,1,30,1,0,0,0,0,0,0,0,0,19.55,608.5,0,0,1,0,0,0,1,1,0,0,0,2,0.0320754716981132,0,0,0,1,0.6306451612903226,0,1,0,0,0,1,1.4598540145985401
1,0,0,0,34,1,1,0,0,0,0,1,0,0,85.35,2896.6,0,1,0,0,0,1,0,0,0,1,0,2,0.0294554113749309,0,1,0,3,2.4385714285714286,0,0,0,1,1,3,0.3937463810075275
0,0,1,1,64,1,1,0,0,0,0,0,0,1,24.8,1514.85,0,0,0,1,0,0,1,0,0,0,1,3,0.0163604578289408,0,0,0,2,0.38153846153846155,0,2,0,0,0,2,2.4806201550387597
0,1,1,0,65,1,1,0,1,1,0,1,1,1,103.15,6792.45,0,0,1,0,0,1,0,1,0,0,0,3,0.0151837431643715,2,2,1,6,1.562878787878788,0,1,1,0,0,6,0.6240998559769563
0,0,0,0,47,1,1,1,1,0,1,1,0,0,100.75,4669.2,0,1,0,0,0,1,0,0,0,0,1,2,0.0215729519078412,3,1,1,6,2.0989583333333335,0,0,1,1,0,6,0.4619164619164619
1,0,0,0,1,1,0,1,0,0,0,1,1,1,95.6,95.6,1,1,0,0,0,1,0,0,0,1,0,0,0.989648033126294,1,2,1,4,47.8,1,0,1,1,0,4,0.010351966873706004
1,0,0,0,49,1,1,1,1,0,0,0,0,1,59.75,2934.3,1,1,0,0,1,0,0,0,1,0,0,3,0.0203556706299185,2,0,0,4,1.195,0,0,1,0,0,4,0.8065843621399177
1,0,1,1,67,1,1,0,1,0,1,1,0,0,94.1,6302.8,0,0,0,1,0,1,0,0,1,0,0,3,0.014927504045179,2,1,1,5,1.3838235294117647,0,2,1,0,0,5,0.7045215562565721
0,0,0,1,39,1,0,0,0,0,0,0,0,0,19.35,779.2,0,0,1,0,0,0,1,1,0,0,0,2,0.0248013329915406,0,0,0,1,0.48375,0,1,0,0,0,1,1.9164619164619163
0,0,0,0,14,1,0,0,0,0,0,0,0,0,19.9,283.75,0,1,0,0,0,0,1,0,0,0,1,1,0.0698858647936786,0,0,0,1,1.3266666666666667,0,0,0,0,0,1,0.6698564593301436
1,1,0,0,43,1,0,1,1,0,1,1,1,1,108.15,4600.7,1,1,0,0,0,1,0,0,1,0,0,2,0.0235021839754873,3,2,1,6,2.4579545454545455,0,0,1,1,0,6,0.3939532753092075
0,1,0,0,56,1,1,0,0,1,0,1,1,1,101.05,5594.0,0,1,0,0,0,1,0,0,0,1,0,3,0.0180607685433422,1,2,1,5,1.7728070175438595,0,0,1,1,1,5,0.54875061244488
1,0,0,0,14,1,0,0,0,0,1,0,1,0,59.1,772.85,0,0,1,0,1,0,0,0,1,0,0,1,0.0763713898042256,1,1,0,3,3.94,0,1,1,0,0,3,0.23294509151414308
1,0,0,0,1,1,0,0,0,0,0,0,0,0,71.35,71.35,1,1,0,0,0,1,0,0,0,1,0,0,0.9861782999308916,0,0,0,1,35.675,1,0,0,1,1,1,0.013821700069108501
0,0,1,1,16,1,0,1,1,0,0,0,0,1,55.85,857.8,0,0,1,0,1,0,0,0,0,0,1,1,0.0650326036329762,2,0,0,3,3.2852941176470587,0,1,1,0,0,3,0.2814423922603342
0,0,1,1,70,1,1,1,1,0,0,1,1,1,106.05,7554.05,0,1,0,0,0,1,0,0,0,1,0,3,0.0140369686501082,2,2,1,6,1.4936619718309858,0,0,1,1,0,6,0.6539000467071462
0,1,1,0,72,1,1,1,1,1,0,1,1,1,84.1,5981.65,0,0,0,1,1,0,0,0,1,0,0,3,0.014057315738009,3,2,0,7,1.152054794520548,0,2,1,0,0,7,0.8460634547591069
1,0,1,1,23,1,0,0,0,1,0,0,0,1,75.3,1702.9,0,1,0,0,0,1,0,0,1,0,0,1,0.044192734315394,1,0,0,2,3.1374999999999997,0,0,1,1,0,2,0.30144167758846657
0,0,0,1,21,1,1,0,0,0,0,0,0,0,24.7,467.15,0,1,0,0,0,0,1,0,0,0,1,1,0.0527608672434048,0,0,0,2,1.1227272727272728,0,0,0,0,0,2,0.8171206225680934
1,0,0,0,1,1,0,0,0,0,0,0,0,1,20.15,20.15,1,1,0,0,0,0,1,0,0,0,1,0,0.9527186761229316,0,0,0,1,10.075,0,0,0,0,0,1,0.047281323877068564
0,0,0,1,1,1,0,0,0,0,0,0,0,0,69.75,69.75,1,1,0,0,0,1,0,1,0,0,0,0,0.9858657243816256,0,0,0,1,34.875,0,0,0,1,0,1,0.014134275618374558
1,1,1,0,32,1,1,0,0,0,0,1,1,1,93.2,2931.0,1,1,0,0,0,1,0,0,0,1,0,2,0.0317871759890859,0,2,1,4,2.824242424242424,0,0,0,1,1,4,0.33970276008492567
0,0,1,1,17,1,0,0,0,0,0,1,0,0,80.85,1400.85,1,1,0,0,0,1,0,0,0,1,0,1,0.0576737882084388,0,1,0,2,4.491666666666666,0,0,0,1,1,2,0.20769700671960906
1,0,0,0,4,0,0,1,1,0,0,0,0,1,33.65,137.85,1,1,0,0,1,0,0,0,0,1,0,0,0.242347857400072,2,0,0,2,6.7299999999999995,0,0,1,0,0,2,0.11544011544011544
1,0,0,0,36,1,1,0,0,1,0,0,0,0,55.8,1941.5,0,0,1,0,1,0,0,0,0,1,0,2,0.0287258687258687,1,0,0,3,1.508108108108108,0,1,1,0,1,3,0.6338028169014085
1,0,0,0,50,0,0,0,1,1,1,0,0,0,39.7,1932.75,0,0,0,1,1,0,0,0,1,0,0,3,0.020530058177117,3,0,0,3,0.7784313725490196,0,2,1,0,0,3,1.2285012285012284
1,0,1,1,48,0,0,0,0,0,1,0,0,1,29.5,1423.05,0,1,0,0,1,0,0,0,1,0,0,2,0.0207155647624732,1,0,0,1,0.6020408163265306,0,0,1,0,0,1,1.5737704918032787
1,0,0,1,50,1,0,0,0,0,0,0,0,0,20.15,970.85,0,0,0,1,0,0,1,0,1,0,0,3,0.0207336523125996,0,0,0,1,0.39509803921568626,0,2,0,0,0,1,2.364066193853428
0,0,1,0,72,1,1,1,1,1,1,0,1,0,79.55,5810.9,0,0,0,1,1,0,0,0,1,0,0,3,0.0136874344018307,4,1,0,7,1.0897260273972602,0,2,1,0,0,7,0.893854748603352
0,0,0,1,10,1,1,0,0,0,0,0,0,0,24.8,223.9,0,1,0,0,0,0,1,0,1,0,0,0,0.1102712316585148,0,0,0,2,2.2545454545454544,0,0,0,0,0,2,0.38759689922480617
1,0,0,0,18,1,0,0,0,0,0,0,0,0,19.65,391.7,0,1,0,0,0,0,1,0,0,0,1,1,0.0500381970970206,0,0,0,1,1.0342105263157895,0,0,0,0,0,1,0.8716707021791769
0,0,0,0,1,1,0,0,0,0,0,1,0,1,79.95,79.95,1,1,0,0,0,1,0,0,0,1,0,0,0.987646695491044,0,1,0,2,39.975,1,0,0,1,1,2,0.012353304508956145
1,0,0,0,1,1,0,0,0,0,0,0,0,0,19.3,19.3,1,1,0,0,0,0,1,0,0,1,0,0,0.9507389162561576,0,0,0,1,9.65,0,0,0,0,1,1,0.04926108374384236
0,0,0,0,9,1,0,0,0,1,0,1,1,1,94.05,811.65,0,1,0,0,0,1,0,0,0,1,0,0,0.1157324801575093,1,2,1,4,9.405,1,0,1,1,1,4,0.09468700683850605
0,0,0,0,2,1,1,1,0,0,0,0,1,0,90.75,174.75,0,1,0,0,0,1,0,0,0,0,1,0,0.5163584637268848,1,1,1,4,30.25,1,0,1,1,0,4,0.021798365122615803
1,0,1,0,40,1,1,0,0,0,1,0,0,1,78.85,3126.85,0,1,0,0,0,1,0,0,1,0,0,2,0.0252090093834423,1,0,0,3,1.923170731707317,0,0,1,1,0,3,0.5009392611145899
0,0,1,0,69,1,1,0,0,1,0,1,1,0,99.5,6841.45,0,0,1,0,0,1,0,1,0,0,0,3,0.0145415750206431,1,2,1,5,1.4214285714285715,0,1,1,0,0,5,0.6865671641791045
1,0,1,0,37,1,1,1,0,1,1,0,1,1,99.2,3754.6,1,0,1,0,0,1,0,0,0,1,0,2,0.0264138885930344,3,1,1,6,2.610526315789474,0,1,1,0,0,6,0.36926147704590817
0,0,0,1,18,1,1,0,0,1,0,0,0,1,80.55,1406.65,0,1,0,0,0,1,0,0,1,0,0,1,0.0572230312932902,1,0,0,3,4.239473684210526,0,0,1,1,0,3,0.22072348252605764
0,1,1,0,11,1,0,0,0,0,0,0,0,1,70.2,834.7,0,1,0,0,0,1,0,0,0,1,0,0,0.0840014359219815,0,0,0,1,5.8500000000000005,1,0,0,1,1,1,0.1544943820224719
1,0,1,0,8,1,1,0,0,0,0,0,1,1,85.2,627.4,1,1,0,0,0,1,0,0,1,0,0,0,0.1355824315722469,0,1,0,3,9.466666666666667,1,0,0,1,0,3,0.09280742459396751
1,0,0,0,3,1,1,0,0,0,0,0,0,0,75.25,242.0,1,1,0,0,0,1,0,0,0,1,0,0,0.3096707818930041,0,0,0,2,18.8125,1,0,0,1,1,2,0.03934426229508197
0,0,1,1,55,1,0,1,0,0,0,0,1,0,59.45,3157.0,0,0,1,0,1,0,0,0,1,0,0,3,0.0188252058264724,1,1,0,3,1.061607142857143,0,1,1,0,0,3,0.9098428453267162
0,0,1,0,33,1,1,0,1,1,0,0,1,1,93.35,3092.0,0,1,0,0,0,1,0,0,0,1,0,2,0.0301810539928871,2,1,1,5,2.7455882352941177,0,0,1,1,1,5,0.3497615262321145
1,0,0,0,46,1,0,0,0,0,0,0,0,0,44.95,2168.9,0,1,0,0,1,0,0,1,0,0,0,2,0.0207152403336559,0,0,0,1,0.9563829787234043,0,0,0,0,0,1,1.001088139281828
0,0,0,0,34,1,1,0,0,0,0,0,0,0,26.1,980.35,0,0,0,1,0,0,1,1,0,0,0,2,0.0265960156926682,0,0,0,2,0.7457142857142858,0,2,0,0,0,2,1.2546125461254611
1,0,0,0,3,1,0,0,0,0,0,0,0,0,20.2,65.95,0,1,0,0,0,0,1,0,0,1,0,0,0.3017176997759522,0,0,0,1,5.05,0,0,0,0,1,1,0.14150943396226415
0,0,1,1,30,1,0,0,0,0,0,0,0,0,21.25,711.9,0,0,0,1,0,0,1,0,0,0,1,2,0.0298078271847383,0,0,0,1,0.6854838709677419,0,2,0,0,0,1,1.348314606741573
1,0,0,0,33,1,1,1,0,0,1,0,0,0,59.4,1952.8,0,0,1,0,1,0,0,0,0,1,0,2,0.0304022929675504,2,0,0,4,1.7470588235294118,0,1,1,0,0,4,0.5463576158940397
0,0,1,1,45,1,1,0,1,1,0,0,1,1,95.0,4368.85,0,0,1,0,0,1,0,0,1,0,0,2,0.021739876654805,2,1,1,5,2.0652173913043477,0,1,1,0,0,5,0.46875
0,0,0,0,40,1,0,1,1,0,1,0,0,1,61.9,2647.1,0,1,0,0,1,0,0,0,0,0,1,2,0.0233752501793738,3,0,0,4,1.5097560975609756,0,0,1,0,0,4,0.6359300476947536
1,0,0,0,71,1,1,1,1,1,1,1,1,1,118.65,8477.6,0,0,0,1,0,1,0,0,0,1,0,3,0.0139940556223904,4,2,1,8,1.6479166666666667,0,2,1,0,0,8,0.5933974091099039
0,0,0,0,1,1,1,0,0,1,0,0,0,0,54.35,54.35,1,1,0,0,1,0,0,0,0,1,0,0,0.98193315266486,1,0,0,3,27.175,0,0,1,0,1,3,0.018066847335140017
1,0,1,1,72,0,0,1,1,1,1,1,1,0,64.45,4528.0,0,0,0,1,1,0,0,1,0,0,0,3,0.0142305144623537,4,2,0,6,0.8828767123287672,0,2,1,0,0,6,1.1000763941940412
1,0,1,1,22,1,0,0,0,0,0,0,1,1,80.15,1790.65,0,1,0,0,0,1,0,0,0,1,0,1,0.0447352998632545,0,1,0,2,3.4847826086956526,0,0,0,1,1,2,0.2711028958718423
0,0,1,1,46,1,0,0,0,0,0,0,0,1,20.2,845.6,0,0,1,0,0,0,1,1,0,0,0,2,0.0238601464682258,0,0,0,1,0.4297872340425532,0,1,0,0,0,1,2.169811320754717
1,0,1,1,55,1,0,0,0,0,0,0,0,0,21.0,1210.3,0,0,0,1,0,0,1,0,0,0,1,3,0.0173367456451746,0,0,0,1,0.375,0,2,0,0,0,1,2.5
0,0,0,0,1,1,0,0,0,0,0,0,0,0,20.45,20.45,0,1,0,0,0,0,1,0,0,0,1,0,0.9533799533799534,0,0,0,1,10.225,0,0,0,0,0,1,0.046620046620046623
1,0,0,0,12,1,1,0,0,0,1,1,1,1,75.85,854.45,0,0,1,0,1,0,0,0,0,0,1,0,0.0886667835642059,1,2,0,5,5.834615384615384,0,1,1,0,0,5,0.1561483409238777
0,0,0,0,31,1,1,0,1,0,0,0,0,1,80.45,2429.1,0,1,0,0,0,1,0,0,0,1,0,2,0.0331056335130241,1,0,0,3,2.5140625,0,0,1,1,1,3,0.3806015960712093
0,0,1,0,5,0,0,0,0,0,0,0,0,1,24.95,100.4,1,1,0,0,1,0,0,0,0,1,0,0,0.2460552268244575,0,0,0,0,4.158333333333333,0,0,0,0,1,0,0.1926782273603083
1,0,1,1,67,1,1,1,0,0,0,1,1,1,75.5,5229.45,0,0,0,1,1,0,0,0,0,1,0,3,0.0144347044709346,1,2,0,5,1.1102941176470589,0,2,1,0,0,5,0.8758169934640523
0,0,0,0,1,1,0,0,0,0,0,0,0,0,44.45,44.45,0,1,0,0,1,0,0,0,0,0,1,0,0.977997799779978,0,0,0,1,22.225,0,0,0,0,0,1,0.022002200220022
0,0,1,0,40,0,0,1,1,1,0,0,0,1,42.35,1716.45,1,0,1,0,1,0,0,0,0,1,0,2,0.0246586509068677,3,0,0,3,1.0329268292682927,0,1,1,0,0,3,0.922722029988466
0,0,1,1,41,1,1,1,1,1,0,1,0,1,74.55,3023.55,0,1,0,0,1,0,0,0,1,0,0,2,0.0246482947876543,3,1,0,6,1.775,0,0,1,0,0,6,0.542686962276638
0,0,0,0,1,1,1,0,0,0,0,0,0,1,75.3,75.3,1,1,0,0,0,1,0,0,0,1,0,0,0.9868938401048492,0,0,0,2,37.65,1,0,0,1,1,2,0.013106159895150722
0,0,0,0,51,1,1,1,1,0,0,1,0,1,94.8,4837.6,1,0,1,0,0,1,0,0,0,1,0,3,0.0195924440953994,2,1,1,5,1.823076923076923,0,1,1,0,0,5,0.5323590814196242
0,0,1,1,42,0,0,1,0,1,1,1,0,0,48.15,2032.3,0,0,0,1,1,0,0,0,1,0,0,2,0.0236807160773127,3,1,0,4,1.119767441860465,0,2,1,0,0,4,0.8545269582909462
0,0,1,1,23,1,0,0,0,0,0,0,0,0,19.65,436.9,0,0,1,0,0,0,1,0,0,0,1,1,0.0448732587348709,0,0,0,1,0.81875,0,1,0,0,0,1,1.1138014527845037
1,1,0,0,1,1,0,0,0,0,0,0,0,1,70.55,70.55,1,1,0,0,0,1,0,0,0,1,0,0,0.9860237596086652,0,0,0,1,35.275,1,0,0,1,1,1,0.013976240391334731
1,0,0,0,1,1,0,0,0,0,0,0,0,0,20.15,20.15,0,1,0,0,0,0,1,0,0,0,1,0,0.9527186761229316,0,0,0,1,10.075,0,0,0,0,0,1,0.047281323877068564
1,0,0,0,56,1,1,1,1,0,0,1,1,1,106.6,5893.95,0,1,0,0,0,1,0,0,1,0,0,3,0.0180832746672999,2,2,1,6,1.870175438596491,0,0,1,1,0,6,0.5204460966542751
0,0,0,1,15,1,1,0,1,0,0,1,0,1,91.0,1430.05,0,1,0,0,0,1,0,0,0,1,0,1,0.0635896719192201,1,1,1,4,5.6875,0,0,1,1,1,4,0.16304347826086957
0,0,1,1,12,1,1,0,0,0,0,0,0,1,25.4,313.0,0,0,0,1,0,0,1,1,0,0,0,0,0.0808917197452229,0,0,0,2,1.9538461538461538,0,2,0,0,0,2,0.4545454545454546
1,0,1,1,54,1,0,1,0,1,1,0,1,0,69.95,3871.85,0,0,0,1,1,0,0,1,0,0,0,3,0.0180616341970383,3,1,0,5,1.271818181818182,0,2,1,0,0,5,0.7610993657505285
1,0,0,0,7,1,0,0,0,0,0,1,1,1,66.85,458.1,0,1,0,0,1,0,0,0,0,1,0,0,0.1456109780004356,0,2,0,3,8.35625,0,0,0,0,1,3,0.10316875460574798
1,0,1,1,33,1,1,0,0,0,0,0,1,0,86.15,2745.7,1,1,0,0,0,1,0,0,1,0,0,2,0.0313649106200167,0,1,0,3,2.533823529411765,0,0,0,1,0,3,0.378657487091222
0,0,1,1,16,1,0,0,0,0,0,0,0,0,20.15,341.35,0,1,0,0,0,0,1,0,0,1,0,1,0.0588578939681612,0,0,0,1,1.1852941176470588,0,0,0,0,1,1,0.756501182033097
1,0,0,1,21,1,0,1,0,1,0,0,1,0,64.85,1336.8,0,0,1,0,1,0,0,0,0,0,1,1,0.0484751083869038,2,1,0,4,2.9477272727272723,0,1,1,0,0,4,0.31890660592255127
0,1,1,0,30,1,1,0,0,1,0,1,1,0,74.85,2181.75,0,0,0,1,1,0,0,0,0,1,0,2,0.0342916046271904,1,2,0,5,2.414516129032258,0,2,1,0,1,5,0.3955174686882004
0,0,0,0,3,1,0,0,0,0,1,0,0,1,50.5,147.75,0,1,0,0,1,0,0,0,0,0,1,0,0.3394957983193277,1,0,0,2,12.625,0,0,1,0,0,2,0.05825242718446602
0,0,0,0,11,1,0,0,0,1,0,0,0,0,72.9,818.45,0,1,0,0,0,1,0,0,0,1,0,0,0.0889621087314662,1,0,0,2,6.075,1,0,1,1,1,2,0.14884979702300405
1,0,0,0,62,1,1,1,1,1,1,1,1,1,115.05,7133.45,0,0,1,0,0,1,0,0,1,0,0,3,0.0161259802787881,4,2,1,8,1.8261904761904761,0,1,1,0,0,8,0.5342524773804395
0,0,0,0,18,1,0,0,0,0,0,0,0,0,19.0,348.8,0,1,0,0,0,0,1,0,0,1,0,1,0.0543167524299599,0,0,0,1,1.0,0,0,0,0,1,1,0.9
0,0,0,1,6,1,0,0,0,0,0,0,0,0,19.55,128.6,0,1,0,0,0,0,1,0,0,0,1,0,0.1508487654320987,0,0,0,1,2.792857142857143,0,0,0,0,0,1,0.291970802919708
1,0,0,0,46,1,1,0,0,1,0,1,1,1,101.1,4674.4,0,0,1,0,0,1,0,0,0,1,0,2,0.0216238182829276,1,2,1,5,2.1510638297872338,0,1,1,0,1,5,0.4505386875612145
0,0,0,0,21,1,1,0,0,0,0,0,1,1,84.1,1737.45,0,1,0,0,0,1,0,0,0,1,0,1,0.0483764272771721,0,1,0,3,3.8227272727272723,0,0,0,1,1,3,0.24676850763807287
0,0,0,0,68,1,1,0,0,0,0,0,0,1,24.15,1498.85,0,0,0,1,0,0,1,1,0,0,0,3,0.0161016101610161,0,0,0,2,0.35,0,2,0,0,0,2,2.7037773359840958
1,0,0,0,1,1,1,0,0,0,0,0,0,1,50.1,50.1,0,1,0,0,1,0,0,0,0,1,0,0,0.980430528375734,0,0,0,2,25.05,0,0,0,0,1,2,0.019569471624266144
1,0,1,0,25,1,0,0,0,1,0,0,0,1,74.6,1797.75,0,1,0,0,0,1,0,0,0,1,0,2,0.0414732453092425,1,0,0,2,2.869230769230769,0,0,1,1,1,2,0.3306878306878307
1,0,0,1,24,1,0,0,0,0,0,0,0,0,19.75,498.1,0,0,0,1,0,0,1,0,0,0,1,1,0.0395712282107794,0,0,0,1,0.79,0,2,0,0,0,1,1.1566265060240963
1,0,1,0,30,1,1,0,0,0,0,0,1,1,85.0,2624.25,1,1,0,0,0,1,0,0,0,1,0,2,0.0323778687744024,0,1,0,3,2.7419354838709675,0,0,0,1,1,3,0.3488372093023256
1,0,0,0,2,1,0,0,0,0,0,0,1,0,80.55,184.1,1,1,0,0,0,1,0,0,0,1,0,0,0.4351701782820097,0,1,0,2,26.849999999999998,1,0,0,1,1,2,0.024524831391784182
0,0,1,0,51,1,1,0,1,1,0,1,1,1,106.8,5498.8,0,0,1,0,0,1,0,1,0,0,0,3,0.0194188879595621,2,2,1,6,2.0538461538461537,0,1,1,0,0,6,0.4730983302411874
1,0,1,1,57,1,1,1,0,1,1,1,1,1,84.5,4845.4,0,0,0,1,1,0,0,0,0,1,0,3,0.0174356223175965,3,2,0,7,1.456896551724138,0,2,1,0,0,7,0.6666666666666666
1,0,0,0,15,1,1,0,0,0,0,0,0,0,25.05,369.1,0,0,0,1,0,0,1,1,0,0,0,1,0.0676844096190218,0,0,0,2,1.565625,0,2,0,0,0,2,0.5758157389635317
1,0,1,1,72,1,0,1,1,1,1,1,1,1,83.7,6096.9,0,0,0,1,1,0,0,1,0,0,0,3,0.0137260368323521,4,2,0,7,1.1465753424657534,0,2,1,0,0,7,0.8500590318772137
1,0,0,0,2,1,0,0,0,1,0,0,0,1,75.8,160.75,1,1,0,0,0,1,0,0,0,1,0,0,0.4686244204018547,1,0,0,2,25.266666666666666,1,0,1,1,1,2,0.026041666666666668
0,0,1,0,28,1,1,0,1,1,0,1,0,0,96.6,2684.35,0,1,0,0,0,1,0,0,1,0,0,2,0.035972964418046,2,1,1,5,3.3310344827586205,0,0,1,1,0,5,0.2868852459016394
0,1,1,0,29,1,1,0,0,1,0,1,1,1,98.5,3004.15,1,1,0,0,0,1,0,0,0,1,0,2,0.0327770660366371,1,2,1,5,3.283333333333333,0,0,1,1,1,5,0.2914572864321608
0,0,1,1,70,1,0,1,1,1,1,1,0,1,101.1,6994.8,0,0,0,1,0,1,0,0,1,0,0,3,0.0144515280596929,4,1,1,6,1.4239436619718309,0,2,1,0,0,6,0.6856023506366308
1,0,0,0,13,1,0,0,0,0,0,0,0,0,20.2,273.25,0,0,1,0,0,0,1,0,0,0,1,1,0.0736554238833181,0,0,0,1,1.4428571428571428,0,1,0,0,0,1,0.6132075471698113
1,1,1,0,59,1,1,1,1,1,1,0,0,1,94.05,5483.9,0,0,1,0,0,1,0,0,0,1,0,3,0.0171470765191708,4,0,1,6,1.5675,0,1,1,0,0,6,0.6207259337190952
0,1,1,0,13,1,1,0,0,0,0,1,1,1,95.25,1233.65,1,1,0,0,0,1,0,0,0,1,0,1,0.0771473696999149,0,2,1,4,6.803571428571429,0,0,0,1,1,4,0.13506493506493505
0,1,1,0,7,1,1,0,0,0,0,0,0,1,74.4,527.9,1,1,0,0,0,1,0,0,0,0,1,0,0.1406693136698809,0,0,0,2,9.3,1,0,0,1,0,2,0.09283819628647214
1,0,1,0,62,1,0,1,0,1,1,1,1,0,81.0,4985.9,0,0,0,1,1,0,0,0,0,0,1,3,0.0162425554953979,3,2,0,6,1.2857142857142858,0,2,1,0,0,6,0.7560975609756098
1,0,0,0,21,1,0,1,0,1,1,0,0,1,60.25,1258.35,0,0,1,0,1,0,0,0,0,1,0,1,0.0478421407869138,3,0,0,4,2.7386363636363638,0,1,1,0,0,4,0.34285714285714286
1,0,0,0,2,1,0,0,0,1,0,0,1,0,60.85,111.4,0,1,0,0,1,0,0,0,0,1,0,0,0.5413701067615658,1,1,0,3,20.283333333333335,0,0,1,0,1,3,0.03233629749393695
1,0,0,0,1,1,0,0,0,0,0,0,0,0,43.95,43.95,0,1,0,0,1,0,0,0,1,0,0,0,0.9777530589543938,0,0,0,1,21.975,0,0,0,0,0,1,0.022246941045606226
0,0,0,0,4,1,0,0,0,1,0,0,1,0,86.05,308.1,0,1,0,0,0,1,0,0,0,1,0,0,0.2783888709155613,1,1,0,3,17.21,1,0,1,1,1,3,0.04595060310166571
1,0,0,0,19,1,0,0,0,0,0,0,0,0,20.25,383.65,0,0,1,0,0,0,1,0,1,0,0,1,0.0526452619264266,0,0,0,1,1.0125,0,1,0,0,0,1,0.8941176470588236
1,0,0,0,30,1,0,0,0,0,1,1,0,0,85.15,2555.9,1,1,0,0,0,1,0,0,0,1,0,2,0.0333020454456568,1,1,0,3,2.7467741935483874,0,0,1,1,1,3,0.34822983168891464
0,0,1,1,67,1,0,0,0,0,0,0,0,1,19.4,1284.2,0,0,0,1,0,0,1,0,1,0,0,3,0.0150949268596327,0,0,0,1,0.2852941176470588,0,2,0,0,0,1,3.2843137254901964
0,1,1,0,72,1,1,1,1,1,0,0,1,1,102.65,7550.3,0,0,0,1,0,1,0,0,1,0,0,3,0.0135936858554156,3,1,1,6,1.406164383561644,0,2,1,0,0,6,0.6946454413892909
0,0,1,0,53,1,0,0,0,0,0,0,0,0,19.9,1110.05,0,0,0,1,0,0,1,0,1,0,0,3,0.0179109851041807,0,0,0,1,0.36851851851851847,0,2,0,0,0,1,2.535885167464115
1,0,0,0,5,1,0,0,0,0,0,0,0,0,19.55,99.6,0,0,1,0,0,0,1,0,0,1,0,0,0.1943339960238568,0,0,0,1,3.2583333333333333,0,1,0,0,1,1,0.24330900243309
0,1,1,0,71,1,0,0,1,1,1,0,1,1,95.5,6707.15,0,0,0,1,0,1,0,0,1,0,0,3,0.0142364139144175,3,1,1,5,1.3263888888888888,0,2,1,0,0,5,0.7357512953367875
1,0,1,1,50,1,1,0,1,1,1,1,1,1,84.15,4164.4,0,0,1,0,1,0,0,0,1,0,0,3,0.0202021414510011,3,2,0,7,1.6500000000000001,0,1,1,0,0,7,0.5871990604815032
0,0,1,1,56,1,1,0,0,1,1,1,1,1,103.2,5873.75,0,0,0,1,0,1,0,0,0,1,0,3,0.0175667049661687,2,2,1,6,1.8105263157894738,0,2,1,0,1,6,0.5374280230326296
0,0,0,0,2,1,0,0,0,0,1,0,0,1,50.2,109.25,0,1,0,0,1,0,0,0,1,0,0,0,0.4553287981859411,1,0,0,2,16.733333333333334,0,0,1,0,0,2,0.0390625
1,1,0,0,2,1,1,0,0,1,0,0,1,1,88.55,179.25,1,1,0,0,0,1,0,0,0,1,0,0,0.4912621359223301,1,1,0,4,29.516666666666666,1,0,1,1,1,4,0.02233389168062535
0,0,1,1,24,1,1,1,0,0,0,0,0,0,54.75,1338.15,1,1,0,0,1,0,0,0,0,1,0,1,0.0408841429264832,1,0,0,3,2.19,0,0,1,0,0,3,0.4304932735426009
0,0,1,1,46,1,0,0,0,0,0,0,0,0,19.95,862.4,0,0,0,1,0,0,1,0,1,0,0,2,0.0231063238359972,0,0,0,1,0.42446808510638295,0,2,0,0,0,1,2.1957040572792366
0,0,1,0,71,1,1,1,1,1,1,1,1,1,116.25,8564.75,0,0,0,1,0,1,0,0,0,1,0,3,0.0135714911128622,4,2,1,8,1.6145833333333333,0,2,1,0,0,8,0.605543710021322
1,0,0,0,29,0,0,0,0,0,1,0,0,1,31.2,926.2,0,1,0,0,1,0,0,0,0,1,0,2,0.0336496980155306,1,0,0,1,1.04,0,0,1,0,1,1,0.9006211180124223
0,0,1,1,69,1,1,0,0,0,0,0,0,0,24.45,1718.2,0,0,0,1,0,0,1,1,0,0,0,3,0.0142217310376919,0,0,0,2,0.34928571428571425,0,2,0,0,0,2,2.7111984282907664
0,0,1,0,71,1,1,0,1,1,1,1,1,0,84.2,5956.85,0,0,0,1,1,0,0,0,1,0,0,3,0.0141326149533808,3,2,0,7,1.1694444444444445,0,2,1,0,0,7,0.8333333333333333
1,1,0,0,1,1,0,0,0,0,0,1,1,1,91.3,91.3,1,1,0,0,0,1,0,0,0,1,0,0,0.9891657638136512,0,2,1,3,45.65,1,0,0,1,1,3,0.010834236186348862
0,1,1,0,56,1,0,1,1,1,1,1,1,1,85.65,4824.45,0,0,0,1,1,0,0,1,0,0,0,3,0.0177496399299547,4,2,0,7,1.5026315789473685,0,2,1,0,0,7,0.6462781304096942
0,0,0,1,56,1,0,0,0,0,0,0,0,1,21.2,1238.65,0,0,1,0,0,0,1,0,0,0,1,3,0.0171016012584197,0,0,0,1,0.3719298245614035,0,1,0,0,0,1,2.5225225225225225
0,0,0,0,1,1,0,0,0,0,0,1,0,1,79.5,79.5,1,1,0,0,0,1,0,0,0,1,0,0,0.9875776397515528,0,1,0,2,39.75,1,0,0,1,1,2,0.012422360248447204
1,0,1,0,28,1,1,0,0,0,0,0,0,0,25.55,672.2,0,0,1,0,0,0,1,0,0,0,1,2,0.0379530600118835,0,0,0,2,0.8810344827586207,0,1,0,0,0,2,1.054613935969868
1,0,1,1,19,1,0,0,0,0,0,0,0,0,20.2,382.2,0,1,0,0,0,0,1,0,0,0,1,1,0.0527139874739039,0,0,0,1,1.01,0,0,0,0,0,1,0.8962264150943396
0,0,1,0,66,1,1,0,0,0,1,0,1,0,63.85,4264.6,0,1,0,0,1,0,0,0,0,1,0,3,0.0149685858964741,1,1,0,4,0.9529850746268657,0,0,1,0,1,4,1.017733230531997
1,0,1,1,17,1,1,0,0,1,1,0,0,1,61.95,1070.7,0,0,1,0,1,0,0,0,0,0,1,1,0.0578053559764859,2,0,0,4,3.441666666666667,0,1,1,0,0,4,0.27005559968228754
0,0,1,1,52,1,1,0,0,0,0,0,0,0,25.75,1345.85,0,0,0,1,0,0,1,0,0,0,1,3,0.0191186843375283,0,0,0,2,0.4858490566037736,0,2,0,0,0,2,1.9439252336448598
1,0,0,0,19,1,0,0,1,0,0,1,0,0,58.2,1045.25,0,0,1,0,1,0,0,0,0,1,0,1,0.0556272401433691,1,1,0,3,2.91,0,1,1,0,1,3,0.32094594594594594
1,0,0,0,36,1,0,1,1,1,1,1,1,0,85.85,3003.55,0,0,1,0,1,0,0,1,0,0,0,2,0.0285733304488192,4,2,0,7,2.32027027027027,0,1,1,0,0,7,0.4145077720207254
0,1,1,0,7,1,0,0,0,0,0,0,0,1,70.1,467.55,1,1,0,0,0,1,0,0,0,0,1,0,0.1496105004802048,0,0,0,1,8.7625,1,0,0,1,0,1,0.09845288326300985
0,0,1,1,72,1,1,1,1,1,1,0,1,1,104.9,7537.5,0,0,1,0,0,1,0,0,1,0,0,3,0.0139152351263513,4,1,1,7,1.4369863013698632,0,1,1,0,0,7,0.6798866855524079
0,0,1,1,67,1,1,1,1,1,0,1,1,1,111.3,7482.1,1,0,1,0,0,1,0,0,0,1,0,3,0.0148735149871042,3,2,1,7,1.636764705882353,0,1,1,0,0,7,0.5966162065894924
0,1,0,0,34,1,0,0,1,1,0,1,1,1,99.85,3343.15,0,0,1,0,0,1,0,0,0,1,0,2,0.0298581104316492,2,2,1,5,2.8528571428571428,0,1,1,0,1,5,0.33713435795736246
0,1,1,0,57,1,1,0,1,1,0,0,1,1,95.25,5427.05,1,1,0,0,0,1,0,1,0,0,0,3,0.0175477381380053,2,1,1,5,1.6422413793103448,0,0,1,1,0,5,0.5922077922077922
1,0,1,0,7,1,0,0,0,1,0,1,0,1,86.25,587.1,1,1,0,0,0,1,0,0,0,1,0,0,0.1466587315082469,1,1,0,3,10.78125,1,0,1,1,1,3,0.08022922636103152
1,1,1,0,1,1,1,0,0,1,0,1,1,1,100.8,100.8,1,1,0,0,0,1,0,0,0,1,0,0,0.9901768172888016,1,2,1,5,50.4,1,0,1,1,1,5,0.009823182711198428
0,0,1,0,8,1,0,0,0,0,0,0,0,1,19.55,161.15,0,1,0,0,0,0,1,1,0,0,0,0,0.1205673758865248,0,0,0,1,2.1722222222222225,0,0,0,0,0,1,0.389294403892944
1,0,0,0,69,1,1,0,0,1,1,1,1,0,104.0,7028.5,0,0,0,1,0,1,0,0,0,1,0,3,0.0147947933707945,2,2,1,6,1.4857142857142858,0,2,1,0,1,6,0.6571428571428571
1,0,1,0,50,1,1,1,0,1,0,1,1,1,104.4,5232.9,0,0,1,0,0,1,0,0,0,0,1,3,0.0199468847322264,2,2,1,6,2.047058823529412,0,1,1,0,0,6,0.47438330170777987
0,0,0,0,10,1,0,0,0,0,0,0,0,0,19.5,225.85,0,0,1,0,0,0,1,0,0,0,1,0,0.0859598853868194,0,0,0,1,1.7727272727272727,0,1,0,0,0,1,0.4878048780487805
1,0,1,1,12,1,1,0,0,0,0,0,0,0,25.25,274.7,0,0,0,1,0,0,1,0,1,0,0,0,0.0915850562205295,0,0,0,2,1.9423076923076923,0,2,0,0,0,2,0.45714285714285713
1,0,0,0,14,1,0,0,1,0,0,0,1,1,86.3,1180.95,1,1,0,0,0,1,0,0,0,1,0,1,0.0730149329497863,1,1,0,3,5.753333333333333,0,0,1,1,1,3,0.16036655211912945
1,0,1,0,70,0,0,1,0,1,1,0,1,1,49.85,3370.2,0,0,0,1,1,0,0,1,0,0,0,3,0.0147870194589463,3,1,0,4,0.7021126760563381,0,2,1,0,0,4,1.376597836774828
1,1,0,0,64,1,1,1,0,1,1,1,1,1,108.95,7111.3,0,1,0,0,0,1,0,1,0,0,0,3,0.015318532682817,3,2,1,7,1.676153846153846,0,0,1,1,0,7,0.5820827648931333
1,0,1,1,66,1,1,1,1,1,1,1,1,0,89.9,5958.85,0,0,0,1,1,0,0,0,1,0,0,3,0.0150842722551742,4,2,1,8,1.3417910447761194,0,2,1,0,0,8,0.726072607260726
1,0,1,1,71,1,0,1,0,1,1,1,1,1,82.0,5999.85,0,0,0,1,1,0,0,0,1,0,0,3,0.0136647308297991,3,2,0,6,1.1388888888888888,0,2,1,0,0,6,0.8554216867469879
0,1,0,0,20,1,0,0,0,0,0,1,1,0,89.95,1648.45,0,1,0,0,0,1,0,0,0,1,0,1,0.054533329291582,0,2,1,3,4.283333333333333,0,0,0,1,1,3,0.2199010445299615
0,0,1,0,72,1,0,1,1,0,1,1,1,1,79.35,5753.25,0,0,0,1,1,0,0,1,0,0,0,3,0.0137898075335621,3,2,0,6,1.0869863013698629,0,2,1,0,0,6,0.89607965152458
1,0,1,1,71,1,0,1,1,1,1,0,0,0,64.05,4492.9,0,0,0,1,1,0,0,0,1,0,0,3,0.0142526535970982,4,0,0,5,0.8895833333333333,0,2,1,0,0,5,1.091468101460415
0,0,1,1,38,1,1,0,0,1,0,1,1,1,101.15,3956.7,0,1,0,0,0,1,0,0,1,0,0,2,0.025557773454279,1,2,1,5,2.5935897435897437,0,0,1,1,0,5,0.3720019579050416
1,0,0,0,28,1,1,0,1,0,0,0,1,1,89.95,2625.55,1,1,0,0,0,1,0,0,0,1,0,2,0.0342464449563115,1,1,1,4,3.1017241379310345,0,0,1,1,1,4,0.3078614623419461
0,1,1,0,17,1,0,0,1,0,0,0,0,1,76.45,1233.4,1,1,0,0,0,1,0,0,0,1,0,1,0.0619329228775113,1,0,0,2,4.247222222222223,0,0,1,1,1,2,0.21949644932214332
0,0,0,0,33,0,0,0,1,0,0,1,0,1,39.1,1309.0,0,0,1,0,1,0,0,0,0,1,0,2,0.0298473282442748,1,1,0,2,1.1500000000000001,0,1,1,0,1,2,0.8229426433915211
1,0,1,1,23,0,0,1,0,0,1,0,0,0,34.6,813.45,0,0,0,1,1,0,0,0,0,0,1,1,0.0424826570077966,2,0,0,2,1.4416666666666667,0,2,1,0,0,2,0.6460674157303371
0,0,1,1,58,1,0,0,0,0,0,0,0,1,19.55,1108.8,0,0,1,0,0,0,1,0,0,1,0,3,0.0176157866282213,0,0,0,1,0.3313559322033898,0,1,0,0,1,1,2.8223844282238444
1,1,1,0,70,1,1,0,1,0,1,1,1,1,104.45,7349.35,0,0,0,1,0,1,0,1,0,0,0,3,0.0142102076771854,2,2,1,6,1.4711267605633804,0,2,1,0,0,6,0.6638217164532954
0,0,1,0,4,1,0,0,0,0,0,0,0,0,70.5,294.2,0,1,0,0,0,1,0,0,0,1,0,0,0.2388211382113821,0,0,0,1,14.1,1,0,0,1,1,1,0.055944055944055944
0,0,1,1,45,1,0,0,0,0,0,0,0,0,20.35,929.2,0,0,0,1,0,0,1,0,0,0,1,2,0.0218770156955493,0,0,0,1,0.44239130434782614,0,2,0,0,0,1,2.1077283372365336
0,0,0,0,10,1,0,0,0,0,0,0,0,1,70.0,740.0,1,1,0,0,0,1,0,0,0,1,0,0,0.0944669365721997,0,0,0,1,6.363636363636363,0,0,0,1,1,1,0.14084507042253522
0,0,1,1,36,1,0,0,0,0,0,0,0,0,19.45,754.5,0,0,0,1,0,0,1,0,1,0,0,2,0.0257445400397088,0,0,0,1,0.5256756756756756,0,2,0,0,0,1,1.76039119804401
0,0,0,0,54,1,0,1,1,0,1,1,0,1,69.9,3883.3,0,1,0,0,1,0,0,0,0,0,1,3,0.0179955204283912,3,1,0,5,1.270909090909091,0,0,1,0,0,5,0.7616361071932298
0,0,1,1,23,1,1,0,1,0,1,0,0,0,59.7,1414.2,0,0,0,1,1,0,0,0,0,0,1,1,0.0421848501978519,2,0,0,4,2.4875000000000003,0,2,1,0,0,4,0.3789126853377265
1,0,1,1,41,1,1,1,1,1,0,1,0,1,78.35,3211.2,0,0,1,0,1,0,0,0,1,0,0,2,0.0243913828528734,3,1,0,6,1.8654761904761903,0,1,1,0,0,6,0.516698172652804
0,1,0,0,5,1,0,0,0,0,0,0,0,1,71.45,371.6,0,1,0,0,0,1,0,0,0,0,1,0,0.191760601180891,0,0,0,1,11.908333333333333,1,0,0,1,0,1,0.06901311249137336
0,0,1,1,27,0,0,0,1,1,0,0,1,1,45.85,1246.4,0,0,1,0,1,0,0,0,1,0,0,2,0.03675645342312,2,1,0,3,1.6375,0,1,1,0,0,3,0.576307363927428
1,0,0,0,1,1,0,0,0,0,1,1,1,1,95.85,95.85,0,1,0,0,0,1,0,0,0,1,0,0,0.989674754775426,1,2,1,4,47.925,1,0,1,1,1,4,0.010325245224574084
1,0,1,1,67,0,0,1,0,0,1,0,0,0,35.7,2545.7,0,0,0,1,1,0,0,0,1,0,0,3,0.0140181411238072,2,0,0,2,0.525,0,2,1,0,0,2,1.8256130790190734
1,1,1,1,72,1,1,1,1,1,1,1,1,1,89.55,6448.85,0,0,0,1,1,0,0,0,1,0,0,3,0.0138840438149724,4,2,0,8,1.2267123287671233,0,2,1,0,0,8,0.7951408061844285
1,0,1,1,56,1,1,0,0,0,0,0,0,1,24.95,1468.9,0,0,0,1,0,0,1,0,1,0,0,3,0.016973943805701,0,0,0,2,0.437719298245614,0,2,0,0,0,2,2.157996146435453
0,0,1,1,44,1,1,0,0,0,0,0,0,0,24.85,1013.6,0,0,1,0,0,0,1,0,0,1,0,2,0.0244924108022866,0,0,0,2,0.5522222222222223,0,1,0,0,1,2,1.702127659574468
1,1,1,0,66,1,1,0,1,0,0,1,1,1,100.8,6690.75,0,1,0,0,0,1,0,0,0,1,0,3,0.0150633242425374,1,2,1,5,1.5044776119402985,0,0,1,1,1,5,0.6483300589390962
1,0,0,0,34,1,1,1,1,0,1,0,0,1,64.4,2088.75,1,0,1,0,1,0,0,0,0,0,1,2,0.0308170833831798,3,0,0,5,1.84,0,1,1,0,0,5,0.5198776758409785
1,0,1,0,69,1,1,0,0,1,1,1,1,0,105.35,7240.65,0,0,0,1,0,1,0,1,0,0,0,3,0.0145477895231059,2,2,1,6,1.505,0,2,1,0,0,6,0.6488011283497884
1,0,1,1,1,1,1,1,0,1,0,1,1,1,102.45,102.45,1,1,0,0,0,1,0,0,0,1,0,0,0.9903334944417592,2,2,1,6,51.225,1,0,1,1,0,6,0.009666505558240696
1,0,0,0,40,1,0,0,0,0,0,0,0,0,19.65,830.25,0,0,0,1,0,0,1,0,1,0,0,2,0.0236390977443609,0,0,0,1,0.4792682926829268,0,2,0,0,0,1,1.9370460048426152
0,0,1,1,30,1,1,1,0,0,0,0,0,1,54.45,1588.7,0,1,0,0,1,0,0,1,0,0,0,2,0.0342517456123796,1,0,0,3,1.756451612903226,0,0,1,0,0,3,0.5410279531109107
1,0,0,0,11,1,0,0,0,0,1,1,1,0,70.5,829.3,0,1,0,0,1,0,0,0,0,0,1,0,0.0849090690112007,1,2,0,4,5.875,1,0,1,0,0,4,0.15384615384615385
1,0,0,0,15,1,0,0,0,0,0,0,0,0,20.1,302.45,0,0,1,0,0,0,1,0,1,0,0,1,0.0662382600098863,0,0,0,1,1.25625,0,1,0,0,0,1,0.7109004739336492
0,0,0,0,11,1,0,0,0,1,0,1,1,1,69.35,712.25,0,1,0,0,1,0,0,0,0,1,0,0,0.0972309849281458,1,2,0,4,5.779166666666666,0,0,1,0,1,4,0.15636105188343996
1,0,1,1,64,1,0,0,0,0,0,0,0,0,19.8,1336.65,0,0,1,0,0,0,1,1,0,0,0,3,0.0148020782715957,0,0,0,1,0.3046153846153846,0,1,0,0,0,1,3.0769230769230766
0,1,1,0,72,1,0,1,1,1,1,1,0,0,74.4,5360.75,0,0,0,1,1,0,0,1,0,0,0,3,0.0138760665827388,4,1,0,6,1.0191780821917809,0,2,1,0,0,6,0.9549071618037135
0,1,1,0,72,1,1,1,1,1,1,0,0,1,93.05,6735.05,0,0,0,1,0,1,0,1,0,0,0,3,0.0138137335678921,4,0,1,6,1.2746575342465754,0,2,1,0,0,6,0.7655502392344498
1,0,0,1,1,1,0,1,0,0,0,0,0,0,51.2,51.2,0,1,0,0,1,0,0,0,0,0,1,0,0.9808429118773946,1,0,0,2,25.6,0,0,1,0,0,2,0.019157088122605363
1,0,0,1,15,1,0,1,1,1,1,0,0,0,65.6,1010.0,0,0,1,0,1,0,0,0,1,0,0,1,0.0648862512363996,4,0,0,5,4.1,0,1,1,0,0,5,0.22522522522522526
1,0,0,0,60,1,1,0,0,1,1,1,1,0,80.55,4847.05,0,0,1,0,1,0,0,0,1,0,0,3,0.0166149276513237,2,2,0,6,1.3204918032786885,0,1,1,0,0,6,0.7357449417535254
0,0,0,0,56,1,0,1,0,1,0,0,0,0,52.7,3019.7,0,0,1,0,1,0,0,0,0,0,1,3,0.0174462872844042,2,0,0,3,0.924561403508772,0,1,1,0,0,3,1.042830540037244
1,0,0,0,8,1,0,0,0,0,0,0,0,0,20.85,161.65,0,0,0,1,0,0,1,0,0,0,1,0,0.1281893636643098,0,0,0,1,2.316666666666667,0,2,0,0,0,1,0.36613272311212813
1,0,0,0,3,1,0,0,0,1,1,0,0,0,80.1,217.55,1,1,0,0,0,1,0,0,1,0,0,0,0.366506520247083,2,0,0,3,20.025,1,0,1,1,0,3,0.036991368680641186
1,0,1,0,49,1,1,0,0,0,0,0,0,1,52.15,2583.75,0,1,0,0,1,0,0,0,1,0,0,3,0.0201760324983073,0,0,0,2,1.043,0,0,0,0,0,2,0.9219190968955786
1,0,0,0,2,1,0,0,0,0,0,1,0,1,80.2,146.05,1,1,0,0,0,1,0,0,0,1,0,0,0.5453927235634137,0,1,0,2,26.733333333333334,1,0,0,1,1,2,0.02463054187192118
1,0,0,0,6,1,0,1,1,1,1,0,1,1,98.15,567.45,1,1,0,0,0,1,0,1,0,0,0,0,0.1726625032984431,4,1,1,6,14.021428571428572,1,0,1,1,0,6,0.0605143721633888
0,0,0,0,70,1,1,1,1,1,1,1,1,1,114.95,7711.25,0,0,0,1,0,1,0,1,0,0,0,3,0.0149048591526467,4,2,1,8,1.6190140845070422,0,2,1,0,0,8,0.6037084950409659
0,0,0,0,12,1,1,0,1,1,1,1,1,1,112.95,1384.75,1,1,0,0,0,1,0,0,0,0,1,0,0.081508208551326,3,2,1,7,8.688461538461539,0,0,1,1,0,7,0.10530934620447564
0,1,1,0,52,1,0,1,0,1,1,1,1,1,104.45,5481.25,0,0,1,0,0,1,0,1,0,0,0,3,0.0190523963701035,3,2,1,6,1.9707547169811321,0,1,1,0,0,6,0.4931247036510194
1,0,1,0,72,1,1,1,1,1,1,1,1,1,113.65,8124.2,0,0,0,1,0,1,0,0,1,0,0,3,0.0139873480037414,4,2,1,8,1.5568493150684932,0,2,1,0,0,8,0.6279982555604012
1,0,0,0,40,1,0,0,0,0,0,0,0,1,20.6,827.3,0,0,0,1,0,0,1,1,0,0,0,2,0.0248702161052758,0,0,0,1,0.5024390243902439,0,2,0,0,0,1,1.8518518518518516
1,0,0,0,1,1,0,0,0,0,0,0,0,0,70.9,70.9,1,1,0,0,0,1,0,0,0,0,1,0,0.9860917941585536,0,0,0,1,35.45,1,0,0,1,0,1,0.013908205841446452
1,1,0,0,3,1,0,0,0,1,0,1,0,1,86.85,220.95,1,1,0,0,0,1,0,0,0,1,0,0,0.391304347826087,1,1,0,3,21.7125,1,0,1,1,1,3,0.03414911781445646
1,1,0,0,40,1,0,0,0,0,0,1,1,1,91.55,3673.6,0,1,0,0,0,1,0,0,0,1,0,2,0.024914276383824,0,2,1,3,2.2329268292682927,0,0,0,1,1,3,0.4321988114532685
0,0,0,1,1,1,0,0,0,1,0,0,0,1,49.85,49.85,0,1,0,0,1,0,0,0,0,1,0,0,0.9803343166175024,1,0,0,2,24.925,0,0,1,0,1,2,0.01966568338249754
0,0,1,0,30,1,0,0,0,0,0,0,0,0,19.8,576.65,0,0,1,0,0,0,1,0,1,0,0,2,0.0342768112178654,0,0,0,1,0.6387096774193549,0,1,0,0,0,1,1.4423076923076923
0,0,1,1,23,1,0,1,0,0,1,1,1,1,99.85,2331.3,1,1,0,0,0,1,0,0,0,1,0,1,0.0428118166616644,2,2,1,5,4.160416666666666,0,0,1,1,0,5,0.22806147744174518
0,0,1,1,1,1,1,0,0,0,0,0,0,1,74.5,74.5,1,1,0,0,0,1,0,0,0,1,0,0,0.9867549668874172,0,0,0,2,37.25,1,0,0,1,1,2,0.013245033112582781
1,1,1,0,44,1,1,0,0,1,1,1,1,0,104.15,4495.65,0,1,0,0,0,1,0,0,0,1,0,2,0.0231616870336806,2,2,1,6,2.3144444444444447,0,0,1,1,1,6,0.4184498335710889
0,0,0,0,65,1,1,0,1,1,1,1,1,1,109.15,6941.2,1,1,0,0,0,1,0,0,0,1,0,3,0.0157226815706836,3,2,1,7,1.6537878787878788,0,0,1,1,1,7,0.5901044030866999
1,1,0,0,7,1,0,1,0,0,0,0,0,1,48.2,340.35,0,1,0,0,1,0,0,0,0,1,0,0,0.141204042771349,1,0,0,2,6.025,0,0,1,0,0,2,0.14227642276422764
0,1,0,0,72,1,1,0,0,0,0,0,0,1,25.1,1789.9,0,0,0,1,0,0,1,0,1,0,0,3,0.0140152995700485,0,0,0,2,0.3438356164383562,0,2,0,0,0,2,2.758620689655172
1,1,0,0,8,1,1,0,0,0,1,1,1,1,100.15,908.55,0,1,0,0,0,1,0,0,1,0,0,0,0.1101093947556484,1,2,1,5,11.127777777777778,1,0,1,1,0,5,0.07909045971329708
1,0,0,0,16,1,1,0,0,1,0,0,1,1,65.2,1043.35,1,1,0,0,1,0,0,0,1,0,0,1,0.0624311772873079,1,1,0,4,3.835294117647059,0,0,1,0,0,4,0.2416918429003021
0,1,1,1,66,1,1,0,0,1,0,1,1,1,99.5,6822.15,1,1,0,0,0,1,0,0,1,0,0,3,0.0145827074005408,1,2,1,5,1.4850746268656716,0,0,1,1,0,5,0.6567164179104478
0,0,0,0,1,1,0,0,0,0,0,0,0,1,71.55,71.55,1,1,0,0,0,1,0,0,0,0,1,0,0.9862164024810476,0,0,0,1,35.775,1,0,0,1,0,1,0.013783597518952447
0,0,0,1,3,1,0,1,0,1,0,0,0,0,55.9,157.55,0,1,0,0,1,0,0,0,0,0,1,0,0.3525701671397035,2,0,0,3,13.975,0,0,1,0,0,3,0.05272407732864675
0,0,1,0,53,1,1,1,0,1,0,0,1,0,93.9,5029.2,1,1,0,0,0,1,0,0,0,1,0,3,0.0186672498111407,2,1,1,5,1.738888888888889,0,0,1,1,0,5,0.5584826132771338
0,1,1,0,8,1,0,0,0,1,1,0,1,1,64.4,581.7,0,1,0,0,1,0,0,0,1,0,0,0,0.1105199931354041,2,1,0,4,7.155555555555556,0,0,1,0,0,4,0.12232415902140671
0,1,1,0,69,1,1,0,1,1,1,1,1,1,108.4,7318.2,1,0,0,1,0,1,0,1,0,0,0,3,0.0148103617881735,3,2,1,7,1.5485714285714287,0,2,1,0,0,7,0.6307129798903107
1,0,0,0,5,1,0,0,1,0,0,1,0,1,85.3,420.45,0,1,0,0,0,1,0,0,0,0,1,0,0.2023964883141535,1,1,0,3,14.216666666666667,1,0,1,1,0,3,0.05793742757821553
1,0,1,1,72,1,1,1,0,1,1,1,1,0,107.45,7576.7,0,0,0,1,0,1,0,0,0,0,1,3,0.0141797643084313,3,2,1,7,1.4719178082191782,0,2,1,0,0,7,0.6639004149377593
1,0,1,0,13,0,0,0,0,1,0,1,1,1,48.75,633.4,1,1,0,0,1,0,0,1,0,0,0,1,0.0768442622950819,1,2,0,3,3.482142857142857,0,0,1,0,0,3,0.2613065326633166
1,0,0,0,4,1,1,0,0,0,0,1,0,1,85.65,321.65,1,1,0,0,0,1,0,0,0,1,0,0,0.2654579265457927,0,1,0,3,17.130000000000003,1,0,0,1,1,3,0.046162723600692436
1,0,1,1,54,1,1,1,1,1,1,1,1,0,91.3,4965.0,0,0,0,1,1,0,0,0,1,0,0,3,0.018385018123238,4,2,1,8,1.66,0,2,1,0,0,8,0.5850487540628386
0,0,1,0,72,1,1,0,1,1,1,1,1,0,85.95,6151.9,0,0,0,1,1,0,0,1,0,0,0,3,0.0139690227372458,3,2,0,7,1.1773972602739726,0,2,1,0,0,7,0.8280621046578494
0,0,0,0,12,1,1,0,1,1,0,1,1,1,106.7,1253.9,1,1,0,0,0,1,0,0,0,1,0,0,0.0850266953542114,2,2,1,6,8.207692307692309,0,0,1,1,1,6,0.11142061281337047
0,0,0,0,1,0,0,0,0,0,0,0,0,1,25.15,25.15,1,1,0,0,1,0,0,0,0,1,0,0,0.9617590822179732,0,0,0,0,12.575,0,0,0,0,1,0,0.03824091778202677
0,1,0,0,1,1,0,0,0,0,0,0,0,0,45.2,45.2,0,1,0,0,1,0,0,0,0,1,0,0,0.9783549783549784,0,0,0,1,22.6,0,0,0,0,1,1,0.021645021645021644
1,0,1,0,54,1,1,0,1,1,1,1,1,0,110.35,5893.15,1,0,1,0,0,1,0,0,0,1,0,3,0.0187219531230118,3,2,1,7,2.0063636363636363,0,1,1,0,1,7,0.48495734171531213
0,0,1,1,69,1,1,0,0,1,0,0,0,1,79.2,5420.65,0,0,0,1,0,1,0,0,1,0,0,3,0.0146080990104488,1,0,0,3,1.1314285714285715,0,2,1,0,0,3,0.8603491271820448
1,0,0,0,48,1,0,1,1,0,0,0,0,0,55.5,2627.35,0,0,0,1,1,0,0,0,1,0,0,2,0.0211159092206136,2,0,0,3,1.1326530612244898,0,2,1,0,0,3,0.8495575221238938
1,0,1,1,48,1,1,1,1,0,0,1,1,1,103.25,5037.55,1,0,1,0,0,1,0,0,1,0,0,2,0.0204920066288912,2,2,1,6,2.107142857142857,0,1,1,0,0,6,0.460431654676259
1,0,1,0,8,1,1,0,0,0,1,0,1,1,90.25,743.75,0,1,0,0,0,1,0,0,0,1,0,0,0.1211816045652903,1,1,1,4,10.027777777777779,1,0,1,1,1,4,0.08767123287671233
0,0,1,1,71,1,1,1,1,1,1,1,1,1,91.25,6589.6,0,0,0,1,1,0,0,0,0,0,1,3,0.01384547689133,4,2,1,8,1.2673611111111112,0,2,1,0,0,8,0.7696476964769647
0,0,0,0,2,1,0,1,0,0,0,0,0,1,47.8,92.45,1,1,0,0,1,0,0,0,0,1,0,0,0.5115034777956126,1,0,0,2,15.933333333333332,0,0,1,0,0,2,0.04098360655737705
0,0,1,0,67,1,0,1,1,0,0,1,1,1,100.9,6733.15,0,0,1,0,0,1,0,0,1,0,0,3,0.014983331229628,2,2,1,5,1.4838235294117648,0,1,1,0,0,5,0.6575073601570166
0,0,1,1,34,1,1,0,1,0,0,1,1,1,97.7,3410.0,0,1,0,0,0,1,0,1,0,0,0,2,0.028642626795661,1,2,1,5,2.7914285714285714,0,0,1,1,0,5,0.3444782168186423
1,0,0,0,3,1,0,0,0,0,0,0,0,1,69.85,199.85,0,1,0,0,0,1,0,0,0,1,0,0,0.3477719691311924,0,0,0,1,17.4625,0,0,0,1,1,1,0.04234297812279464
1,0,1,1,9,1,0,0,1,0,1,1,0,1,65.6,593.3,0,0,1,0,1,0,0,0,0,0,1,0,0.1103819619720679,2,1,0,4,6.56,0,1,1,0,0,4,0.13513513513513514
0,0,1,1,71,1,0,1,1,1,0,1,1,1,104.65,7288.4,0,0,1,0,0,1,0,1,0,0,0,3,0.0143564628090103,3,2,1,6,1.4534722222222223,0,1,1,0,0,6,0.6720302886890677
0,0,0,0,57,1,1,0,0,0,1,1,0,1,90.45,5229.8,0,0,0,1,0,1,0,0,1,0,0,3,0.0172918100481761,1,1,1,4,1.5594827586206896,0,2,1,0,0,4,0.6232914160743576
0,0,0,0,72,0,0,1,1,1,1,1,1,1,63.7,4464.8,0,0,0,1,1,0,0,1,0,0,0,3,0.0142639616642035,4,2,0,6,0.8726027397260274,0,2,1,0,0,6,1.1128284389489953
1,1,1,1,48,1,0,1,0,1,1,1,1,1,104.5,5068.05,0,1,0,0,0,1,0,0,0,1,0,2,0.0206153026701255,3,2,1,6,2.13265306122449,0,0,1,1,0,6,0.4549763033175355
0,0,0,0,18,1,0,0,0,0,0,0,0,0,20.1,401.85,0,0,1,0,0,0,1,0,0,0,1,1,0.0498945016755616,0,0,0,1,1.0578947368421054,0,1,0,0,0,1,0.8530805687203791
0,0,1,1,43,1,1,0,0,1,1,1,1,1,104.3,4451.85,0,0,1,0,0,1,0,0,1,0,0,2,0.023423200871352,2,2,1,6,2.3704545454545456,0,1,1,0,0,6,0.4083570750237417
1,0,1,1,72,1,1,1,1,1,1,1,1,1,93.25,6688.95,0,0,0,1,1,0,0,1,0,0,0,3,0.0139388186757748,4,2,1,8,1.2773972602739727,0,2,1,0,0,8,0.7639257294429708
0,0,1,1,35,1,1,0,0,0,1,1,1,1,73.45,2661.1,0,0,1,0,1,0,0,1,0,0,0,2,0.0275909995867923,1,2,0,5,2.040277777777778,0,1,1,0,0,5,0.47011417058428473
0,0,0,0,4,1,0,0,0,0,0,0,0,0,20.7,73.05,0,1,0,0,0,0,1,0,0,0,1,0,0.2795408507765023,0,0,0,1,4.14,0,0,0,0,0,1,0.18433179723502305
1,0,1,1,49,1,1,0,0,0,0,0,0,0,25.25,1211.65,0,0,0,1,0,0,1,0,0,0,1,3,0.0208221663299385,0,0,0,2,0.505,0,2,0,0,0,2,1.8666666666666667
1,0,1,1,71,1,1,1,1,1,0,1,0,0,100.5,7030.65,0,0,0,1,0,1,0,1,0,0,0,3,0.014292520247737,3,1,1,6,1.3958333333333333,0,2,1,0,0,6,0.6995073891625616
0,0,1,1,11,1,0,0,0,0,0,1,1,0,90.6,1020.2,0,1,0,0,0,1,0,0,0,1,0,0,0.0887191539365452,0,2,1,3,7.55,1,0,0,1,1,3,0.12008733624454149
0,0,1,1,63,1,1,1,1,1,1,1,1,1,89.4,5597.65,0,0,0,1,1,0,0,0,1,0,0,3,0.015968135175444,4,2,0,8,1.396875,0,2,1,0,0,8,0.6969026548672566
1,1,0,0,65,1,1,0,1,1,0,1,0,1,95.45,6223.3,0,1,0,0,0,1,0,1,0,0,0,3,0.0153350577574988,2,1,1,5,1.4462121212121213,0,0,1,1,0,5,0.673924313115604
1,0,0,1,49,1,0,0,0,0,0,0,0,0,20.45,1024.65,0,0,0,1,0,0,1,0,1,0,0,3,0.019938575537464,0,0,0,1,0.409,0,2,0,0,0,1,2.2843822843822843
1,0,0,0,29,1,1,0,0,1,0,1,1,1,98.6,2933.2,1,1,0,0,0,1,0,0,1,0,0,2,0.033603707995365,1,2,1,5,3.2866666666666666,0,0,1,1,0,5,0.29116465863453816
1,1,1,0,15,1,1,0,0,1,1,0,0,1,83.05,1258.3,1,1,0,0,0,1,0,0,0,1,0,1,0.0659493369332168,2,0,0,4,5.190625,0,0,1,1,1,4,0.17846519928613921
1,0,1,1,4,1,0,0,0,0,0,0,0,1,19.95,82.9,0,1,0,0,0,0,1,0,0,1,0,0,0.2377830750893921,0,0,0,1,3.9899999999999998,0,0,0,0,1,1,0.1909307875894988
1,0,1,0,72,1,1,0,1,1,1,1,1,0,109.15,7789.6,0,0,1,0,0,1,0,0,1,0,0,3,0.0140104741611685,3,2,1,7,1.4952054794520548,0,1,1,0,0,7,0.6536541080344984
1,1,1,0,26,1,0,0,0,1,0,1,0,1,85.7,2067.0,0,1,0,0,0,1,0,0,1,0,0,2,0.0414410058027079,1,1,0,3,3.174074074074074,0,0,1,1,0,3,0.29988465974625145
1,1,1,0,35,1,1,0,0,1,0,1,1,0,102.05,3452.55,0,1,0,0,0,1,0,1,0,0,0,2,0.0295493043390134,1,2,1,5,2.834722222222222,0,0,1,1,0,5,0.3396409509946628
1,0,0,0,57,1,1,0,1,0,1,0,1,0,94.7,5468.95,0,0,1,0,0,1,0,0,0,1,0,3,0.0173127725116317,2,1,1,5,1.6327586206896552,0,1,1,0,1,5,0.5956112852664577
0,0,1,1,28,1,1,0,1,0,0,0,1,0,64.4,1802.15,0,1,0,0,1,0,0,0,0,1,0,2,0.0357152760446995,1,1,0,4,2.220689655172414,0,0,1,0,1,4,0.4281345565749235
1,0,1,0,25,1,1,0,0,0,0,0,0,1,26.8,733.55,0,0,1,0,0,0,1,0,0,0,1,2,0.0364849227418147,0,0,0,2,1.0307692307692309,0,1,0,0,0,2,0.8992805755395683
1,0,1,0,47,1,0,1,0,1,0,1,0,1,66.05,3021.45,0,0,1,0,1,0,0,0,1,0,0,2,0.0218531323925954,2,1,0,4,1.3760416666666666,0,1,1,0,0,4,0.7009694258016406
1,0,1,1,57,1,1,1,1,0,1,0,0,0,65.2,3687.85,0,1,0,0,1,0,0,1,0,0,0,3,0.017674885126801,3,0,0,5,1.1241379310344828,0,0,1,0,0,5,0.8610271903323262
0,1,1,0,16,1,1,0,0,0,0,1,0,1,85.05,1391.15,0,1,0,0,0,1,0,0,1,0,0,1,0.0610925546816075,0,1,0,3,5.002941176470588,0,0,0,1,0,3,0.18593840790238234
0,0,0,0,5,1,0,1,0,1,0,0,0,1,55.8,274.35,0,1,0,0,1,0,0,0,0,0,1,0,0.2026511712366079,2,0,0,3,9.299999999999999,0,0,1,0,0,3,0.08802816901408451
0,0,1,0,17,1,0,0,0,0,0,0,0,1,70.4,1214.05,1,1,0,0,0,1,0,1,0,0,0,1,0.0579400024690342,0,0,0,1,3.9111111111111114,0,0,0,1,0,1,0.23809523809523808
1,1,0,0,56,1,1,0,1,1,0,1,1,1,104.75,5510.65,1,0,1,0,0,1,0,1,0,0,0,3,0.0190051980804296,2,2,1,6,1.837719298245614,0,1,1,0,0,6,0.5295508274231678
0,0,1,1,72,1,0,0,0,0,0,0,0,0,19.95,1322.85,0,0,0,1,0,0,1,1,0,0,0,3,0.0150696831211995,0,0,0,1,0.2732876712328767,0,2,0,0,0,1,3.436754176610979
1,1,0,0,21,1,1,0,0,0,0,1,1,1,94.25,1973.75,1,1,0,0,0,1,0,0,0,1,0,1,0.0477275604506899,0,2,1,4,4.284090909090909,0,0,0,1,1,4,0.2204724409448819
1,0,1,1,48,0,0,1,0,1,0,0,1,0,45.0,2196.3,0,0,1,0,1,0,0,0,1,0,0,2,0.0204796796067901,2,1,0,3,0.9183673469387755,0,1,1,0,0,3,1.0434782608695652
1,0,1,0,68,1,1,1,1,1,1,1,1,0,114.9,7843.55,0,0,0,1,0,1,0,1,0,0,0,3,0.014647111689007,4,2,1,8,1.665217391304348,0,2,1,0,0,8,0.5867126833477135
1,0,0,0,30,1,1,1,0,0,1,1,1,0,106.4,3211.9,0,1,0,0,0,1,0,1,0,0,0,2,0.0331164991129509,2,2,1,6,3.4322580645161294,0,0,1,1,0,6,0.27932960893854747
1,0,1,0,3,1,0,0,0,0,0,0,0,1,46.1,130.15,0,1,0,0,1,0,0,0,0,0,1,0,0.3515059092642013,0,0,0,1,11.525,0,0,0,0,0,1,0.06369426751592357
1,1,0,0,14,0,0,1,0,1,1,0,0,0,39.7,692.35,0,0,0,1,1,0,0,0,0,0,1,1,0.0572582389846397,3,0,0,3,2.646666666666667,0,2,1,0,0,3,0.34398034398034394
1,0,0,1,4,1,0,0,0,0,0,0,0,1,20.05,85.5,0,1,0,0,0,0,1,1,0,0,0,0,0.2317919075144508,0,0,0,1,4.01,0,0,0,0,0,1,0.19002375296912113
1,0,1,1,71,1,1,0,1,1,0,0,1,1,95.75,6849.4,0,0,0,1,0,1,0,0,1,0,0,3,0.0139772859978979,2,1,1,5,1.3298611111111112,0,2,1,0,0,5,0.7338501291989664
0,0,1,1,8,1,1,0,0,0,0,0,0,0,24.4,203.95,0,0,1,0,0,0,1,0,0,0,1,0,0.1190534276652842,0,0,0,2,2.711111111111111,0,1,0,0,0,2,0.31496062992125984
0,0,1,1,61,0,0,1,0,1,0,0,0,0,33.6,2117.2,0,1,0,0,1,0,0,1,0,0,0,3,0.0158625247851949,2,0,0,2,0.5419354838709678,0,0,1,0,0,2,1.7630057803468207
0,0,1,1,72,1,1,0,1,1,1,0,0,0,90.45,6565.85,0,0,0,1,0,1,0,1,0,0,0,3,0.0137737271294456,3,0,1,5,1.239041095890411,0,2,1,0,0,5,0.7873154729360305
1,0,0,0,5,1,1,0,0,0,0,1,0,1,84.0,424.75,0,1,0,0,0,1,0,0,0,1,0,0,0.197298884321785,0,1,0,3,14.0,1,0,0,1,1,3,0.058823529411764705
1,0,0,0,49,1,0,1,1,1,1,0,0,0,67.4,3306.85,0,0,0,1,1,0,0,1,0,0,0,3,0.0203757727829254,4,0,0,5,1.348,0,2,1,0,0,5,0.7163742690058479
0,0,0,0,8,1,0,0,0,0,0,0,0,1,19.7,168.9,0,1,0,0,0,0,1,1,0,0,0,0,0.1159505591524426,0,0,0,1,2.1888888888888887,0,0,0,0,0,1,0.3864734299516908
0,0,0,0,3,1,0,0,0,0,0,0,1,1,80.35,253.8,0,1,0,0,0,1,0,0,0,1,0,0,0.3153453689167974,0,1,0,2,20.0875,1,0,0,1,1,2,0.03687768899815612
0,0,1,1,9,1,0,0,0,0,0,0,0,0,19.6,197.4,0,0,0,1,0,0,1,0,0,0,1,0,0.0987903225806451,0,0,0,1,1.9600000000000002,0,2,0,0,0,1,0.4368932038834951
0,0,1,1,67,1,0,1,1,0,0,0,0,1,54.2,3838.2,0,0,0,1,1,0,0,1,0,0,0,3,0.0141175244842675,2,0,0,3,0.7970588235294118,0,2,1,0,0,3,1.2137681159420288
0,0,0,0,46,1,0,0,0,0,0,0,0,1,45.2,2065.15,0,1,0,0,1,0,0,0,1,0,0,2,0.0218764368511482,0,0,0,1,0.9617021276595745,0,0,0,0,0,1,0.9956709956709956
1,0,1,0,67,1,1,1,1,1,0,0,1,0,75.1,5064.45,0,0,1,0,1,0,0,0,0,0,1,3,0.0148259285946954,3,1,0,6,1.1044117647058822,0,1,1,0,0,6,0.8804204993429698
1,0,1,0,55,1,0,0,0,0,0,0,0,0,19.7,1140.05,0,0,1,0,0,0,1,0,0,1,0,3,0.0172647999649445,0,0,0,1,0.35178571428571426,0,1,0,0,1,1,2.6570048309178746
0,0,1,0,33,1,1,1,1,1,0,1,0,1,72.75,2447.45,0,1,0,0,1,0,0,1,0,0,0,2,0.0297126753660479,3,1,0,6,2.139705882352941,0,0,1,0,0,6,0.44745762711864406
0,0,1,1,62,1,0,0,0,0,0,0,0,0,20.05,1263.9,0,0,0,1,0,0,1,0,1,0,0,3,0.0158510554194007,0,0,0,1,0.3182539682539683,0,2,0,0,0,1,2.9453681710213777
1,0,0,1,1,1,0,0,0,0,0,0,0,0,45.95,45.95,1,1,0,0,1,0,0,0,0,0,1,0,0.9787007454739084,0,0,0,1,22.975,0,0,0,0,0,1,0.021299254526091587
0,0,1,1,49,0,0,1,0,0,0,0,1,1,39.2,1838.15,0,1,0,0,1,0,0,0,0,1,0,3,0.0213141940570372,1,1,0,2,0.784,0,0,1,0,0,2,1.2189054726368158
0,0,0,0,1,1,0,0,0,0,0,0,0,1,44.75,44.75,0,1,0,0,1,0,0,0,0,1,0,0,0.9781420765027322,0,0,0,1,22.375,0,0,0,0,1,1,0.02185792349726776
0,0,1,0,14,1,1,0,1,1,0,0,0,1,82.65,1185.0,0,1,0,0,0,1,0,0,0,1,0,1,0.0696880269814502,2,0,0,4,5.510000000000001,0,0,1,1,1,4,0.16736401673640167
0,1,0,0,18,1,1,0,0,1,1,1,0,0,93.9,1743.9,0,1,0,0,0,1,0,1,0,0,0,1,0.0538139721474009,2,1,1,5,4.942105263157895,0,0,1,1,0,5,0.18967334035827185
1,1,0,0,1,1,0,0,0,0,0,0,0,1,70.15,70.15,1,1,0,0,0,1,0,0,0,1,0,0,0.9859451862262824,0,0,0,1,35.075,1,0,0,1,1,1,0.014054813773717497
1,0,0,0,1,1,0,0,0,1,0,1,0,1,85.55,85.55,1,1,0,0,0,1,0,0,1,0,0,0,0.9884459849797804,1,1,0,3,42.775,1,0,1,1,0,3,0.011554015020219527
1,0,1,0,72,1,1,1,1,1,1,1,1,1,117.15,8529.5,0,0,0,1,0,1,0,0,1,0,0,3,0.013733075435203,4,2,1,8,1.6047945205479452,0,2,1,0,0,8,0.6093948370715192
0,0,0,0,64,1,1,1,0,1,1,0,1,0,99.25,6549.45,0,0,0,1,0,1,0,0,1,0,0,3,0.0151516308039905,3,1,1,6,1.5269230769230768,0,2,1,0,0,6,0.6384039900249376
0,0,1,0,69,1,1,1,1,1,1,1,1,1,112.55,7806.5,0,0,0,1,0,1,0,1,0,0,0,3,0.0144156260006404,4,2,1,8,1.6078571428571429,0,2,1,0,0,8,0.607661822985469
1,0,0,0,1,1,1,0,0,0,0,0,0,1,25.7,25.7,0,1,0,0,0,0,1,0,0,1,0,0,0.9625468164794008,0,0,0,2,12.85,0,0,0,0,1,2,0.03745318352059925
0,0,1,1,71,1,1,1,1,1,1,1,1,0,90.3,6287.3,0,0,0,1,1,0,0,0,1,0,0,3,0.0143600019083059,4,2,1,8,1.2541666666666667,0,2,1,0,0,8,0.7776560788608982
1,0,1,1,66,1,0,0,0,0,1,0,0,1,49.4,3251.85,0,0,1,0,1,0,0,0,1,0,0,3,0.0151866824476997,1,0,0,2,0.7373134328358208,0,1,1,0,0,2,1.3095238095238095
0,0,0,0,2,1,0,0,0,0,0,0,0,0,19.4,50.6,0,1,0,0,0,0,1,0,0,0,1,0,0.3759689922480619,0,0,0,1,6.466666666666666,0,0,0,0,0,1,0.09803921568627452
1,1,1,0,71,1,0,1,1,1,1,1,1,1,109.7,7904.25,0,0,0,1,0,1,0,1,0,0,0,3,0.0138768539894374,4,2,1,7,1.5236111111111112,0,2,1,0,0,7,0.6413730803974707
0,0,0,0,11,1,0,0,1,0,0,1,0,1,61.25,729.95,0,0,1,0,1,0,0,0,0,1,0,0,0.0837950612216977,1,1,0,3,5.104166666666667,0,1,1,0,1,3,0.17670682730923695
0,0,0,1,47,1,0,1,1,0,0,0,0,1,55.3,2654.05,0,1,0,0,1,0,0,0,0,1,0,2,0.0208282329899625,2,0,0,3,1.1520833333333333,0,0,1,0,0,3,0.8348134991119006
1,0,1,0,35,1,0,0,0,0,0,0,0,1,70.3,2416.55,1,1,0,0,0,1,0,0,0,1,0,2,0.0290790262869433,0,0,0,1,1.9527777777777777,0,0,0,1,1,1,0.49088359046283314
0,1,1,0,32,1,1,0,1,1,0,1,1,0,106.35,3520.75,1,1,0,0,0,1,0,1,0,0,0,2,0.0301980549442748,2,2,1,6,3.2227272727272727,0,0,1,1,0,6,0.29809035863996275
0,0,1,1,60,1,1,0,1,0,1,1,1,1,103.75,5969.95,0,1,0,0,0,1,0,1,0,0,0,3,0.0173757944715665,2,2,1,6,1.7008196721311475,0,0,1,1,0,6,0.5727923627684964
0,0,0,0,11,1,0,0,0,0,0,0,0,0,19.5,226.8,0,0,1,0,0,0,1,0,0,0,1,0,0.0856014047410008,0,0,0,1,1.625,0,1,0,0,0,1,0.5365853658536586
1,0,0,0,29,0,0,1,1,0,1,0,0,0,39.5,1082.75,0,0,1,0,1,0,0,0,1,0,0,2,0.0364475201845444,3,0,0,3,1.3166666666666667,0,1,1,0,0,3,0.7160493827160493
0,0,1,1,21,0,0,0,0,0,0,0,0,1,26.05,565.75,0,1,0,0,1,0,0,0,0,1,0,1,0.0459638288486987,0,0,0,0,1.184090909090909,0,0,0,0,1,0,0.7763401109057301
0,1,1,0,48,1,1,0,0,1,0,0,1,1,91.05,4370.75,0,1,0,0,0,1,0,0,1,0,0,2,0.0208268999828444,1,1,1,4,1.8581632653061224,0,0,1,1,0,4,0.5214557305812059
1,0,0,1,3,0,0,0,1,0,0,0,0,0,29.65,90.05,0,1,0,0,1,0,0,0,0,0,1,0,0.3256452498627128,1,0,0,1,7.4125,0,0,1,0,0,1,0.09787928221859707
1,0,1,1,43,1,0,0,1,0,0,0,0,0,50.2,2169.4,0,1,0,0,1,0,0,0,0,0,1,2,0.0231293770733505,1,0,0,2,1.1409090909090909,0,0,1,0,0,2,0.83984375
0,0,0,0,5,1,1,0,1,1,0,1,1,0,105.3,550.6,0,1,0,0,0,1,0,0,0,1,0,0,0.1908992023205221,2,2,1,6,17.55,1,0,1,1,1,6,0.047036688617121354
1,0,0,0,1,1,0,0,0,0,0,0,1,1,55.45,55.45,0,1,0,0,1,0,0,0,0,1,0,0,0.9822852081488044,0,1,0,2,27.725,0,0,0,0,1,2,0.017714791851195746
0,0,1,1,71,1,1,1,0,1,1,1,1,0,85.45,6300.85,0,0,1,0,1,0,0,0,0,1,0,3,0.0135595103025302,3,2,0,7,1.1868055555555557,0,1,1,0,0,7,0.821283979178716
1,0,1,1,8,1,0,0,0,0,0,0,0,0,19.8,160.05,0,0,1,0,0,0,1,0,0,1,0,0,0.1229431853461657,0,0,0,1,2.2,0,1,0,0,1,1,0.3846153846153846
0,0,0,0,8,1,1,0,0,0,0,1,0,1,59.25,436.6,0,1,0,0,1,0,0,0,0,1,0,0,0.1353976234003656,0,1,0,3,6.583333333333333,0,0,0,0,1,3,0.13278008298755187
0,0,0,0,20,1,1,0,0,1,0,1,0,1,90.7,1781.35,0,1,0,0,0,1,0,0,1,0,0,1,0.0508878727522652,1,1,1,4,4.319047619047619,0,0,1,1,0,4,0.21810250817884405
1,0,1,1,33,1,1,1,0,1,0,1,1,1,103.7,3467.0,1,0,1,0,0,1,0,0,0,0,1,2,0.0299019607843137,2,2,1,6,3.0500000000000003,0,1,1,0,0,6,0.3151862464183381
0,0,0,0,71,1,1,0,1,0,0,0,0,1,79.05,5552.5,0,0,1,0,0,1,0,0,1,0,0,3,0.0142342666786711,1,0,0,3,1.0979166666666667,0,1,1,0,0,3,0.886945658963148
1,1,1,0,31,1,1,0,0,1,0,1,0,1,90.7,2835.5,0,0,1,0,0,1,0,0,0,1,0,2,0.0319760267935836,1,1,1,4,2.834375,0,1,1,0,1,4,0.33805888767720826
1,1,1,0,38,1,1,1,1,0,0,0,1,0,95.0,3591.25,0,0,1,0,0,1,0,0,1,0,0,2,0.0264458208643607,2,1,1,5,2.4358974358974357,0,1,1,0,0,5,0.3958333333333333
0,0,0,0,1,1,0,0,0,0,0,1,1,1,88.35,88.35,1,1,0,0,0,1,0,0,0,1,0,0,0.9888080581980974,0,2,0,3,44.175,1,0,0,1,1,3,0.011191941801902631
1,0,1,1,2,0,0,0,1,0,0,0,0,1,30.25,63.75,0,1,0,0,1,0,0,0,0,0,1,0,0.4671814671814672,1,0,0,1,10.083333333333334,0,0,1,0,0,1,0.064
1,0,1,0,12,0,0,0,0,1,0,1,1,1,49.85,617.15,0,1,0,0,1,0,0,1,0,0,0,0,0.0806438566690932,1,2,0,3,3.8346153846153848,0,0,1,0,0,3,0.2359882005899705
1,0,0,1,9,1,0,1,0,1,1,0,1,0,93.0,870.25,0,1,0,0,0,1,0,1,0,0,0,0,0.1067431850789096,3,1,1,5,9.3,1,0,1,1,0,5,0.09574468085106383
0,1,0,1,11,1,0,0,1,0,1,0,0,1,54.55,601.25,0,1,0,0,1,0,0,0,0,1,0,0,0.09057700290577,2,0,0,3,4.545833333333333,0,0,1,0,1,3,0.19801980198019803
0,0,0,1,6,1,0,0,0,0,0,0,0,0,19.7,111.65,0,1,0,0,0,0,1,0,0,0,1,0,0.1748779405237461,0,0,0,1,2.814285714285714,0,0,0,0,0,1,0.2898550724637681
1,0,1,0,71,1,0,1,1,1,1,1,1,1,84.8,6046.1,0,0,1,0,1,0,0,1,0,0,0,3,0.0140232508144399,4,2,0,7,1.1777777777777778,0,1,1,0,0,7,0.8275058275058276
1,0,1,1,42,1,1,1,1,0,0,1,0,1,94.45,3923.8,0,0,1,0,0,1,0,0,1,0,0,2,0.0240649205055034,2,1,1,5,2.1965116279069767,0,1,1,0,0,5,0.4400209533787323
1,0,1,1,8,1,0,0,0,1,0,1,1,1,94.2,777.3,1,1,0,0,0,1,0,0,0,1,0,0,0.1210330206861107,1,2,1,4,10.466666666666667,1,0,1,1,1,4,0.08403361344537814
1,0,0,0,5,1,0,0,1,0,0,1,1,1,96.25,512.45,1,1,0,0,0,1,0,0,0,1,0,0,0.1874573960463531,1,2,1,4,16.041666666666668,1,0,1,1,1,4,0.05141388174807198
1,0,1,0,2,1,0,0,0,0,0,0,0,1,70.7,141.45,1,1,0,0,0,1,0,0,0,1,0,0,0.4963144963144963,0,0,0,1,23.566666666666666,1,0,0,1,1,1,0.02789400278940028
1,0,1,1,45,1,0,0,0,0,0,0,0,0,20.85,892.15,0,0,0,1,0,0,1,0,0,0,1,2,0.0233443430554778,0,0,0,1,0.45326086956521744,0,2,0,0,0,1,2.059496567505721
0,0,1,1,28,0,0,0,1,1,1,1,1,1,60.0,1682.05,0,0,1,0,1,0,0,0,1,0,0,2,0.03564956477823,3,2,0,5,2.0689655172413794,0,1,1,0,0,5,0.45901639344262296
1,0,1,0,43,1,1,0,1,0,0,0,0,0,80.45,3398.9,0,1,0,0,0,1,0,0,0,1,0,2,0.0236624606606076,1,0,0,3,1.8284090909090909,0,0,1,1,1,3,0.5279312461632903
0,0,0,1,60,1,1,1,0,1,1,1,1,1,84.95,4984.85,0,0,0,1,1,0,0,0,0,1,0,3,0.0170382181573854,3,2,0,7,1.3926229508196721,0,2,1,0,0,7,0.6980802792321117
1,0,1,0,42,0,0,0,1,0,1,0,0,0,33.55,1445.3,1,0,1,0,1,0,0,0,0,0,1,2,0.0231971236949457,2,0,0,2,0.7802325581395348,0,1,1,0,0,2,1.2156295224312592
0,0,1,1,7,0,0,1,0,1,1,0,1,0,49.65,305.55,0,0,0,1,1,0,0,0,1,0,0,0,0.1619637905725004,3,1,0,4,6.20625,0,2,1,0,0,4,0.13820335636722605
1,0,1,0,25,1,0,0,0,0,0,0,0,1,20.2,507.9,0,0,1,0,0,0,1,1,0,0,0,2,0.0396934564747494,0,0,0,1,0.7769230769230769,0,1,0,0,0,1,1.179245283018868
1,1,1,1,40,1,1,0,0,0,0,1,1,1,94.55,3640.45,1,1,0,0,0,1,0,0,1,0,0,2,0.0259649315519916,0,2,1,4,2.30609756097561,0,0,0,1,0,4,0.4186289900575615
0,0,0,0,27,1,1,0,0,1,0,1,1,1,100.5,2673.45,0,0,1,0,0,1,0,1,0,0,0,2,0.0375778197386378,1,2,1,5,3.5892857142857144,0,1,1,0,0,5,0.2660098522167488
0,0,0,0,10,0,0,0,1,0,1,0,0,0,35.75,389.8,0,1,0,0,1,0,0,0,0,1,0,0,0.0914790174002047,2,0,0,2,3.25,0,0,1,0,1,2,0.272108843537415
1,1,0,0,27,1,1,0,1,1,0,0,0,1,86.45,2401.05,0,1,0,0,0,1,0,1,0,0,0,2,0.0359900917965904,2,0,0,4,3.0875,0,0,1,1,0,4,0.30874785591766724
1,0,0,0,11,1,0,0,0,1,1,0,0,0,53.8,651.55,0,0,1,0,1,0,0,1,0,0,0,0,0.082445789594667,2,0,0,3,4.483333333333333,0,1,1,0,0,3,0.20072992700729927
0,0,1,1,4,0,0,1,0,0,0,1,0,0,38.55,156.1,0,1,0,0,1,0,0,0,1,0,0,0,0.2453851050286441,1,1,0,2,7.709999999999999,0,0,1,0,0,2,0.10113780025284451
0,0,0,0,68,0,0,0,0,1,0,0,1,1,39.9,2796.35,0,1,0,0,1,0,0,1,0,0,0,3,0.0142634993833449,1,1,0,2,0.5782608695652174,0,0,1,0,0,2,1.662591687041565
0,1,0,0,1,1,0,0,0,0,0,0,0,1,70.05,70.05,0,1,0,0,0,1,0,0,0,1,0,0,0.9859254046446164,0,0,0,1,35.025,1,0,0,1,1,1,0.014074595355383534
1,0,0,0,18,1,0,0,0,0,0,0,0,0,20.1,407.05,0,0,1,0,0,0,1,0,0,0,1,1,0.0492586692807254,0,0,0,1,1.0578947368421054,0,1,0,0,0,1,0.8530805687203791
1,0,0,0,57,1,1,1,1,1,0,1,1,1,112.95,6465.0,1,0,0,1,0,1,0,1,0,0,0,3,0.0174682957005876,3,2,1,7,1.9474137931034483,0,2,1,0,0,7,0.5002193944712593
0,0,0,0,26,1,0,0,0,0,0,0,0,1,20.3,511.25,0,1,0,0,0,0,1,0,0,1,0,2,0.0396290873596876,0,0,0,1,0.7518518518518519,0,0,0,0,1,1,1.220657276995305
1,0,1,0,17,0,0,0,1,1,0,0,0,1,35.65,646.05,0,1,0,0,1,0,0,0,1,0,0,1,0.0550962058573526,2,0,0,2,1.9805555555555554,0,0,1,0,0,2,0.4638472032742156
0,0,0,0,1,0,0,0,0,0,0,0,1,0,35.9,35.9,1,1,0,0,1,0,0,0,0,1,0,0,0.97289972899729,0,1,0,1,17.95,0,0,0,0,1,1,0.02710027100271003
0,0,0,1,38,1,1,0,0,1,0,1,1,1,99.25,3777.15,1,1,0,0,0,1,0,1,0,0,0,2,0.0262694705080528,1,2,1,5,2.5448717948717947,0,0,1,1,0,5,0.3790523690773067
0,1,1,0,59,1,0,1,1,1,0,0,0,1,82.95,4903.15,0,0,1,0,0,1,0,0,1,0,0,3,0.0169142460976927,3,0,0,4,1.3825,0,1,1,0,0,4,0.7027992852888624
0,0,0,0,30,1,0,1,0,1,0,0,0,1,55.65,1653.85,0,0,0,1,1,0,0,0,0,0,1,2,0.0336284255370577,2,0,0,3,1.7951612903225806,0,2,1,0,0,3,0.529567519858782
0,1,0,0,2,0,0,0,0,0,0,0,0,1,24.45,47.5,1,1,0,0,1,0,0,0,0,0,1,0,0.5041237113402062,0,0,0,0,8.15,0,0,0,0,0,0,0.07858546168958742
1,1,1,0,50,1,1,0,0,0,0,0,0,0,25.2,1306.3,0,0,1,0,0,0,1,0,0,1,0,3,0.0192763711466381,0,0,0,2,0.4941176470588235,0,1,0,0,1,2,1.9083969465648856
0,0,0,0,9,0,0,1,0,1,1,0,1,0,50.8,463.6,0,0,1,0,1,0,0,0,0,0,1,0,0.1093413689195006,3,1,0,4,5.08,0,1,1,0,0,4,0.17374517374517376
1,0,1,1,3,1,0,0,0,0,0,0,0,0,19.65,60.65,0,1,0,0,0,0,1,0,0,0,1,0,0.3187347931873479,0,0,0,1,4.9125,0,0,0,0,0,1,0.14527845036319614
1,0,0,1,14,1,0,0,0,1,0,1,0,1,59.8,824.85,0,1,0,0,1,0,0,0,1,0,0,1,0.0724102439910395,1,1,0,3,3.9866666666666664,0,0,1,0,0,3,0.23026315789473686
1,1,0,0,31,1,0,1,0,0,0,0,0,1,73.55,2094.65,0,1,0,0,0,1,0,0,1,0,0,2,0.0350965094362131,1,0,0,2,2.2984375,0,0,1,1,0,2,0.41582830315224684
1,0,0,0,7,1,0,1,1,1,0,0,0,0,61.4,438.9,0,1,0,0,1,0,0,0,0,1,0,0,0.1395771766310525,3,0,0,4,7.675,0,0,1,0,0,4,0.11217948717948718
1,0,0,0,8,1,1,1,0,0,1,1,1,1,103.35,847.3,1,1,0,0,0,1,0,1,0,0,0,0,0.1218318990923022,2,2,1,6,11.483333333333333,1,0,1,1,0,6,0.07666506947771921
0,0,1,1,17,1,0,0,0,0,0,0,0,0,19.9,329.75,0,0,1,0,0,0,1,1,0,0,0,1,0.0601662887377173,0,0,0,1,1.1055555555555554,0,1,0,0,0,1,0.8133971291866029
0,0,1,1,32,1,0,0,0,0,0,0,0,1,19.45,674.55,0,1,0,0,0,0,1,0,1,0,0,2,0.0287913551920657,0,0,0,1,0.5893939393939394,0,0,0,0,0,1,1.56479217603912
1,1,0,0,2,1,0,0,0,0,0,1,0,0,81.5,162.55,0,1,0,0,0,1,0,0,0,0,1,0,0.498318557016203,0,1,0,2,27.166666666666668,1,0,0,1,0,2,0.024242424242424242
0,1,0,0,7,1,1,0,0,0,0,1,0,1,84.8,546.95,1,1,0,0,0,1,0,0,0,1,0,0,0.1547586458618487,0,1,0,3,10.6,1,0,0,1,1,3,0.08158508158508158
1,0,1,1,72,1,1,1,1,1,0,1,1,0,109.55,7887.25,0,0,0,1,0,1,0,0,1,0,0,3,0.0138877444300066,3,2,1,7,1.5006849315068493,0,2,1,0,0,7,0.6512890094979648
1,1,0,0,31,1,1,0,1,0,0,1,1,1,99.95,3186.65,1,1,0,0,0,1,0,0,0,1,0,2,0.0313553871974652,1,2,1,5,3.1234375,0,0,1,1,1,5,0.30708271421495786
1,0,1,1,27,1,0,1,0,0,0,0,0,0,74.4,1972.35,0,1,0,0,0,1,0,0,0,0,1,2,0.0377023842704031,1,0,0,2,2.6571428571428575,0,0,1,1,0,2,0.35809018567639256
1,0,0,0,18,1,1,0,1,0,0,1,0,1,90.0,1527.35,1,1,0,0,0,1,0,0,1,0,0,1,0.0588870350377858,1,1,1,4,4.7368421052631575,0,0,1,1,0,4,0.1978021978021978
0,0,0,0,7,1,0,0,0,1,0,0,0,1,74.9,490.55,0,1,0,0,0,1,0,0,0,1,0,0,0.1523751398636964,1,0,0,2,9.3625,1,0,1,1,1,2,0.0922266139657444
1,1,0,0,14,1,1,0,1,1,0,1,1,1,104.85,1531.4,1,1,0,0,0,1,0,0,0,1,0,1,0.0684220830070477,2,2,1,6,6.989999999999999,0,0,1,1,1,6,0.132262635805385
0,0,1,1,11,1,0,0,0,1,0,1,0,1,59.65,683.25,0,1,0,0,1,0,0,1,0,0,0,0,0.0871757398611618,1,1,0,3,4.970833333333333,0,0,1,0,0,3,0.18136850783182193
1,0,1,1,72,1,1,1,0,1,1,1,1,1,110.45,8058.85,0,0,0,1,0,1,0,1,0,0,0,3,0.0137037289775864,3,2,1,7,1.513013698630137,0,2,1,0,0,7,0.6460296096904441
0,0,1,1,28,1,1,1,1,0,0,1,1,0,106.1,2847.4,1,0,1,0,0,1,0,0,0,1,0,2,0.0372489818845667,2,2,1,6,3.658620689655172,0,1,1,0,0,6,0.26143790849673204
0,1,0,0,15,1,1,0,0,0,0,0,0,1,74.2,1133.9,1,1,0,0,0,1,0,0,1,0,0,1,0.0653802097101066,0,0,0,2,4.6375,0,0,0,1,0,2,0.19946808510638298
1,1,0,0,4,1,1,0,0,0,0,0,0,1,74.45,294.45,0,1,0,0,0,1,0,0,0,1,0,0,0.2519884921306481,0,0,0,2,14.89,1,0,0,1,1,2,0.053015241882041084
1,0,0,0,71,1,1,0,0,0,0,0,0,0,24.55,1719.15,0,0,0,1,0,0,1,0,0,1,0,3,0.0142720111618172,0,0,0,2,0.34097222222222223,0,2,0,0,1,2,2.7788649706457926
1,0,0,0,5,1,0,0,1,0,1,0,1,1,89.35,461.7,1,1,0,0,0,1,0,0,0,1,0,0,0.1931056840285282,2,1,0,4,14.891666666666666,1,0,1,1,1,4,0.05534034311012729
0,0,1,1,47,1,1,0,0,0,0,0,0,0,24.55,1160.45,0,0,0,1,0,0,1,0,0,0,1,2,0.0211373713892117,0,0,0,2,0.5114583333333333,0,2,0,0,0,2,1.8395303326810175
0,1,1,0,57,1,0,0,1,1,0,1,0,1,90.65,5199.8,0,0,1,0,0,1,0,0,0,1,0,3,0.0174300107675742,2,1,1,4,1.5629310344827587,0,1,1,0,1,4,0.6219312602291325
0,1,1,0,50,1,1,1,0,1,0,1,1,1,105.05,5163.3,0,0,0,1,0,1,0,0,1,0,0,3,0.0203415758186007,2,2,1,6,2.0598039215686272,0,2,1,0,0,6,0.47147571900047147
0,0,0,0,8,1,0,0,0,0,0,0,0,1,20.45,162.3,0,1,0,0,0,0,1,0,1,0,0,0,0.1252296387017758,0,0,0,1,2.272222222222222,0,0,0,0,0,1,0.372960372960373
1,0,1,1,48,1,0,0,0,0,0,0,0,0,19.55,883.35,0,0,0,1,0,0,1,0,0,0,1,2,0.0221066319895968,0,0,0,1,0.3989795918367347,0,2,0,0,0,1,2.335766423357664
1,0,0,0,70,1,0,0,0,0,0,0,0,0,19.7,1341.5,0,0,1,0,0,0,1,1,0,0,0,3,0.0146741154562383,0,0,0,1,0.27746478873239433,0,1,0,0,0,1,3.3816425120772946
0,0,0,1,1,1,0,1,1,0,1,0,1,1,70.45,70.45,0,1,0,0,1,0,0,1,0,0,0,0,0.986004198740378,3,1,0,5,35.225,1,0,1,0,0,5,0.013995801259622112
0,0,1,0,8,1,1,0,0,0,0,0,1,1,85.65,659.45,0,1,0,0,0,1,0,1,0,0,0,0,0.1296843061548944,0,1,0,3,9.516666666666667,1,0,0,1,0,3,0.09232544720138487
1,0,0,0,1,1,1,0,0,0,0,0,0,1,77.15,77.15,1,1,0,0,0,1,0,0,0,1,0,0,0.9872040946896992,0,0,0,2,38.575,1,0,0,1,1,2,0.012795905310300703
0,0,0,0,1,0,0,0,0,0,0,0,1,1,35.25,35.25,1,1,0,0,1,0,0,1,0,0,0,0,0.9724137931034482,0,1,0,1,17.625,0,0,0,0,0,1,0.027586206896551724
0,0,1,1,60,1,0,0,0,0,0,0,0,0,20.55,1205.05,0,0,0,1,0,0,1,0,0,0,1,3,0.0170390945649019,0,0,0,1,0.3368852459016394,0,2,0,0,0,1,2.7842227378190256
0,0,1,1,49,1,1,0,0,0,1,1,1,1,97.95,4917.9,0,0,1,0,0,1,0,0,0,1,0,3,0.01991298867633,1,2,1,5,1.959,0,1,1,0,1,5,0.49519959575543204
0,0,1,0,4,0,0,0,1,0,0,1,1,1,48.55,201.0,1,1,0,0,1,0,0,0,0,1,0,0,0.2403465346534653,1,2,0,3,9.709999999999999,0,0,1,0,1,3,0.08072653884964683
1,0,0,0,29,1,0,0,0,0,0,0,0,0,20.0,599.3,0,0,1,0,0,0,1,0,0,0,1,2,0.0333166749958354,0,0,0,1,0.6666666666666666,0,1,0,0,0,1,1.380952380952381
1,0,1,0,67,1,1,0,0,0,0,0,0,1,25.25,1733.15,0,0,0,1,0,0,1,0,1,0,0,3,0.014560447481475,0,0,0,2,0.3713235294117647,0,2,0,0,0,2,2.552380952380952
1,0,1,0,53,1,1,0,1,0,0,1,1,1,98.4,5149.5,1,1,0,0,0,1,0,0,1,0,0,3,0.019104941267838,1,2,1,5,1.8222222222222224,0,0,1,1,0,5,0.5331991951710261
0,0,1,0,67,1,1,1,1,1,1,0,0,0,70.9,4677.1,0,0,0,1,1,0,0,0,1,0,0,3,0.0151557256151001,4,0,0,6,1.0426470588235295,0,2,1,0,0,6,0.9318497913769123
1,0,1,1,6,1,0,0,0,0,0,0,0,0,19.85,119.3,0,1,0,0,0,0,1,0,0,0,1,0,0.1650041562759767,0,0,0,1,2.835714285714286,0,0,0,0,0,1,0.28776978417266186
1,0,0,0,47,1,1,0,1,1,0,1,1,1,106.35,4849.1,0,1,0,0,0,1,0,0,0,1,0,2,0.0219273829405579,2,2,1,6,2.2156249999999997,0,0,1,1,1,6,0.43782021425244527
1,0,0,0,53,1,0,1,1,1,1,0,1,0,99.5,5424.25,0,0,0,1,0,1,0,0,0,0,1,3,0.0183401686558223,4,1,1,6,1.8425925925925926,0,2,1,0,0,6,0.527363184079602
0,0,1,0,69,1,0,1,1,1,1,1,1,1,84.7,5878.9,0,0,0,1,1,0,0,0,0,0,1,3,0.0144050068878722,4,2,0,7,1.21,0,2,1,0,0,7,0.8051341890315052
0,0,0,0,3,1,0,1,0,0,0,0,1,1,86.05,244.85,0,1,0,0,0,1,0,0,0,0,1,0,0.3500101688021151,1,1,0,3,21.5125,1,0,1,1,0,3,0.03446295232624928
0,0,0,0,4,1,0,0,0,0,0,0,0,0,44.55,220.75,0,1,0,0,1,0,0,0,0,0,1,0,0.200901916572717,0,0,0,1,8.91,0,0,0,0,0,1,0.08781558726673985
0,0,1,1,56,1,1,1,1,0,1,0,1,1,75.85,4261.2,0,0,0,1,1,0,0,0,1,0,0,3,0.0177959739101872,3,1,0,6,1.3307017543859647,0,2,1,0,0,6,0.7286922576447625
0,1,1,0,59,1,1,0,0,0,0,1,1,1,93.85,5574.75,1,1,0,0,0,1,0,1,0,0,0,3,0.0168318163475765,0,2,1,4,1.5641666666666665,0,0,0,1,0,4,0.6220347917764892
0,1,1,0,61,1,1,0,0,0,0,0,0,0,25.0,1501.75,0,0,0,1,0,0,1,1,0,0,0,3,0.0166361670271169,0,0,0,2,0.4032258064516129,0,2,0,0,0,2,2.3461538461538463
1,0,1,0,2,1,0,0,0,0,0,0,0,1,45.0,89.75,0,1,0,0,1,0,0,0,0,1,0,0,0.4958677685950413,0,0,0,1,15.0,0,0,0,0,1,1,0.043478260869565216
0,1,1,1,46,1,1,1,1,1,0,1,0,1,100.7,4541.2,1,1,0,0,0,1,0,0,0,1,0,2,0.0221698736295187,3,1,1,6,2.1425531914893616,0,0,1,1,0,6,0.4523107177974435
0,0,1,1,12,1,0,0,0,0,0,0,0,0,20.5,255.5,0,1,0,0,0,0,1,0,0,0,1,0,0.0799220272904483,0,0,0,1,1.5769230769230769,0,0,0,0,0,1,0.5581395348837209
1,0,0,0,14,1,1,0,0,1,0,0,0,1,80.45,1072.0,1,1,0,0,0,1,0,0,0,1,0,1,0.0749767008387698,1,0,0,3,5.363333333333333,0,0,1,1,1,3,0.17188459177409454
1,0,1,1,28,1,1,0,0,0,1,0,1,1,90.45,2509.25,0,0,1,0,0,1,0,0,0,1,0,2,0.03603226770242,1,1,1,4,3.1189655172413793,0,1,1,0,1,4,0.306178239475123
0,0,0,0,24,1,0,1,1,0,1,0,0,0,60.45,1440.75,0,1,0,0,1,0,0,1,0,0,0,1,0.0419282122420669,3,0,0,4,2.418,0,0,1,0,0,4,0.3905614320585842
0,0,0,0,31,1,0,0,0,1,1,0,0,1,55.25,1715.65,1,1,0,0,1,0,0,0,0,1,0,2,0.032184778492995,2,0,0,3,1.7265625,0,0,1,0,1,3,0.5511111111111111
1,0,1,1,68,1,1,1,1,1,1,0,1,1,78.45,5333.35,0,0,1,0,1,0,0,0,0,1,0,3,0.0147065715597964,4,1,0,7,1.1369565217391304,0,1,1,0,0,7,0.8558842039018251
0,0,0,1,39,1,1,0,0,0,1,1,1,0,100.55,3895.35,0,0,0,1,0,1,0,0,0,0,1,2,0.0258062032414952,1,2,1,5,2.51375,0,2,1,0,0,5,0.38404726735598227
1,0,1,0,42,1,0,0,0,0,0,0,0,0,20.35,869.9,0,1,0,0,0,0,1,0,1,0,0,2,0.023366632219543,0,0,0,1,0.4732558139534884,0,0,0,0,0,1,1.9672131147540983
0,0,1,0,13,0,0,1,0,0,1,1,1,1,54.45,706.85,1,1,0,0,1,0,0,0,0,1,0,1,0.0769230769230769,2,2,0,4,3.8892857142857147,0,0,1,0,0,4,0.2344454463480613
1,0,1,0,6,1,1,0,1,0,0,0,1,1,90.75,512.25,0,1,0,0,0,1,0,0,0,1,0,0,0.1768144179249878,1,1,1,4,12.964285714285714,1,0,1,1,1,4,0.0653950953678474
0,0,0,0,35,1,1,0,0,0,0,0,0,0,75.35,2636.05,1,1,0,0,0,1,0,0,1,0,0,2,0.0285735954949659,0,0,0,2,2.0930555555555554,0,0,0,1,0,2,0.45841519318926
1,0,1,0,38,1,0,0,0,0,0,0,0,1,20.25,814.75,0,0,1,0,0,0,1,0,1,0,0,2,0.0248237817958933,0,0,0,1,0.5192307692307693,0,1,0,0,0,1,1.7882352941176471
0,0,0,0,18,1,0,0,0,0,0,0,0,0,20.05,388.6,0,0,0,1,0,0,1,0,1,0,0,1,0.0514630390143737,0,0,0,1,1.055263157894737,0,2,0,0,0,1,0.8551068883610451
1,0,1,0,4,1,0,0,0,0,0,0,0,0,19.6,93.45,0,1,0,0,0,0,1,0,0,0,1,0,0.2075172048703017,0,0,0,1,3.9200000000000004,0,0,0,0,0,1,0.1941747572815534
0,0,1,0,27,1,0,0,1,0,1,0,0,1,53.8,1389.85,0,1,0,0,1,0,0,0,0,1,0,2,0.038681381888773,2,0,0,3,1.9214285714285713,0,0,1,0,1,3,0.4927007299270073
0,0,0,1,41,1,0,1,1,1,0,1,0,0,70.2,2894.55,0,0,1,0,1,0,0,0,0,0,1,2,0.0242440987031824,3,1,0,5,1.6714285714285715,0,1,1,0,0,5,0.5758426966292135
0,0,1,1,50,1,0,1,0,0,1,1,1,0,75.5,4025.6,0,0,1,0,1,0,0,0,0,1,0,3,0.0187503104356032,2,2,0,5,1.4803921568627452,0,1,1,0,0,5,0.6535947712418301
0,0,1,1,72,1,0,0,0,0,0,0,0,0,20.35,1354.4,0,0,0,1,0,0,1,0,0,1,0,3,0.0150140180020658,0,0,0,1,0.2787671232876712,0,2,0,0,1,1,3.372365339578454
1,0,0,0,70,1,1,0,0,0,0,0,0,0,26.05,1856.4,0,0,1,0,0,0,1,0,1,0,0,3,0.0140249811564552,0,0,0,2,0.36690140845070424,0,1,0,0,0,2,2.587800369685767
0,0,1,1,44,1,0,0,0,0,0,0,0,0,20.6,926.0,0,0,1,0,0,0,1,1,0,0,0,2,0.0222222222222222,0,0,0,1,0.4577777777777778,0,1,0,0,0,1,2.0370370370370368
0,0,0,0,2,1,0,1,0,0,0,0,0,1,75.7,189.2,1,1,0,0,0,1,0,0,0,1,0,0,0.3980021030494217,1,0,0,2,25.233333333333334,1,0,1,1,0,2,0.026075619295958277
1,0,1,1,34,1,0,0,0,0,0,0,0,1,20.1,682.1,0,0,1,0,0,0,1,1,0,0,0,2,0.0294246815985946,0,0,0,1,0.5742857142857143,0,1,0,0,0,1,1.6113744075829384
1,1,1,0,72,1,1,0,0,0,0,0,0,0,24.3,1778.7,0,0,0,1,0,0,1,1,0,0,0,3,0.0136539866269596,0,0,0,2,0.33287671232876714,0,2,0,0,0,2,2.8458498023715415
0,0,1,0,71,1,1,0,0,0,0,0,0,1,24.5,1816.2,0,0,0,1,0,0,1,0,0,1,0,3,0.0134822804314329,0,0,0,2,0.3402777777777778,0,2,0,0,1,2,2.784313725490196
1,0,0,0,64,1,1,0,1,1,1,1,1,1,110.5,7069.25,0,0,0,1,0,1,0,0,1,0,0,3,0.0156288674375022,3,2,1,7,1.7,0,2,1,0,0,7,0.5739910313901345
1,0,1,0,72,1,1,0,0,0,0,0,0,1,25.25,1841.2,0,0,0,1,0,0,1,1,0,0,0,3,0.0137064379546194,0,0,0,2,0.3458904109589041,0,2,0,0,0,2,2.742857142857143
0,0,0,0,1,1,1,0,0,0,0,0,0,1,74.25,74.25,1,1,0,0,0,1,0,0,0,0,1,0,0.9867109634551496,0,0,0,2,37.125,1,0,0,1,0,2,0.013289036544850499
0,1,1,0,29,1,0,1,0,1,0,0,1,0,90.1,2656.7,0,0,1,0,0,1,0,1,0,0,0,2,0.033901493772811,2,1,1,4,3.003333333333333,0,1,1,0,0,4,0.318331503841932
1,0,1,0,23,1,0,1,0,1,1,0,1,1,68.75,1689.45,0,0,1,0,1,0,0,1,0,0,0,1,0.0406696441775858,3,1,0,5,2.8645833333333335,0,1,1,0,0,5,0.32974910394265233
0,0,1,1,52,1,0,0,0,0,0,0,0,0,19.2,1054.75,0,0,0,1,0,0,1,0,0,0,1,3,0.0181861236088089,0,0,0,1,0.3622641509433962,0,2,0,0,0,1,2.5742574257425743
1,1,0,0,25,1,1,0,1,0,0,0,1,1,89.7,2187.55,1,1,0,0,0,1,0,0,0,1,0,2,0.0409860409860409,1,1,0,4,3.45,0,0,1,1,1,4,0.27563395810363833
1,0,0,0,64,1,1,1,1,1,1,1,1,1,115.1,7334.05,0,0,0,1,0,1,0,1,0,0,0,3,0.0156917812421183,4,2,1,8,1.7707692307692307,0,2,1,0,0,8,0.5512489233419466
1,1,0,0,16,1,1,0,0,0,0,1,1,1,96.4,1581.2,1,1,0,0,0,1,0,0,0,1,0,1,0.0609278220199721,0,2,1,4,5.670588235294118,0,0,0,1,1,4,0.16427104722792607
0,1,0,0,1,1,0,0,0,0,0,0,0,1,69.5,69.5,1,1,0,0,0,1,0,1,0,0,0,0,0.9858156028368794,0,0,0,1,34.75,0,0,0,1,0,1,0.014184397163120567
0,0,0,0,24,1,1,0,1,0,0,1,1,1,99.65,2404.85,0,1,0,0,0,1,0,1,0,0,0,1,0.041419872394372,1,2,1,5,3.986,0,0,1,1,0,5,0.23845007451564829
0,0,1,0,2,1,1,0,0,1,0,1,0,1,91.45,171.45,0,1,0,0,0,1,0,0,0,1,0,0,0.53029863728617,1,1,1,4,30.483333333333334,1,0,1,1,1,4,0.02163331530557058
1,0,1,1,34,1,0,1,1,1,1,1,1,0,84.75,2839.45,0,0,0,1,1,0,0,0,0,0,1,2,0.0298368216303754,4,2,0,7,2.4214285714285713,0,2,1,0,0,7,0.3965014577259475
0,1,1,0,36,1,1,0,0,0,0,0,1,1,85.25,3132.75,1,1,0,0,0,1,0,0,1,0,0,2,0.0272038292780215,0,1,0,3,2.304054054054054,0,0,0,1,0,3,0.41739130434782606
0,0,1,1,53,1,1,0,0,1,1,1,1,1,78.75,3942.45,0,0,1,0,1,0,0,0,0,0,1,3,0.0199698233780065,2,2,0,6,1.4583333333333333,0,1,1,0,0,6,0.664576802507837
1,0,1,1,47,1,0,0,0,0,0,0,0,0,20.25,873.4,0,0,0,1,0,0,1,0,1,0,0,2,0.0231587374199451,0,0,0,1,0.421875,0,2,0,0,0,1,2.211764705882353
0,0,0,1,72,1,0,0,0,0,0,0,0,0,19.9,1529.65,0,0,0,1,0,0,1,0,1,0,0,3,0.0130010126416881,0,0,0,1,0.2726027397260274,0,2,0,0,0,1,3.444976076555024
0,0,1,1,72,1,1,1,1,0,1,0,1,1,97.75,6991.6,0,0,0,1,0,1,0,0,1,0,0,3,0.0139790635815004,3,1,1,6,1.3390410958904109,0,2,1,0,0,6,0.7291139240506329
0,0,0,0,1,1,0,0,0,0,0,0,0,0,19.4,19.4,1,1,0,0,0,0,1,0,0,0,1,0,0.9509803921568628,0,0,0,1,9.7,0,0,0,0,0,1,0.04901960784313726
1,0,0,0,9,1,1,0,0,0,0,0,1,1,83.3,803.3,1,1,0,0,0,1,0,0,0,1,0,0,0.103568320278503,0,1,0,3,8.33,1,0,0,1,1,3,0.10676156583629894
1,0,0,0,8,1,0,0,0,0,0,1,0,1,80.1,679.3,1,1,0,0,0,1,0,1,0,0,0,0,0.1177421725709245,0,1,0,2,8.899999999999999,1,0,0,1,0,2,0.09864364981504316
0,1,0,0,45,1,0,1,0,1,0,0,1,0,62.7,2791.5,1,0,1,0,1,0,0,0,1,0,0,2,0.0224529991047448,2,1,0,4,1.3630434782608696,0,1,1,0,0,4,0.706436420722135
1,0,0,0,7,1,0,0,0,1,1,1,1,1,100.4,715.0,0,1,0,0,0,1,0,0,0,1,0,0,0.1402234636871508,2,2,1,5,12.55,1,0,1,1,1,5,0.0690335305719921
1,0,1,0,71,1,1,0,0,0,0,0,0,1,24.45,1681.6,0,0,0,1,0,0,1,0,1,0,0,3,0.0145310828479733,0,0,0,2,0.33958333333333335,0,2,0,0,0,2,2.7897838899803538
1,1,0,0,41,1,0,0,0,1,1,1,1,1,101.1,4016.2,0,0,1,0,0,1,0,1,0,0,0,2,0.0251667828338145,2,2,1,5,2.407142857142857,0,1,1,0,0,5,0.4015670910871695
0,0,1,1,67,0,0,1,0,0,0,1,1,0,50.9,3281.65,0,0,0,1,1,0,0,0,1,0,0,3,0.0155057651592463,1,2,0,3,0.7485294117647059,0,2,1,0,0,3,1.2909441233140655
0,0,1,0,69,1,1,1,1,1,1,0,1,1,107.2,7317.1,0,0,1,0,0,1,0,0,1,0,0,3,0.0146486109782593,4,1,1,7,1.5314285714285714,0,1,1,0,0,7,0.6377079482439926
1,1,1,0,70,1,1,1,1,1,1,1,1,1,92.2,6474.45,0,0,0,1,1,0,0,1,0,0,0,3,0.0142383926985769,4,2,1,8,1.2985915492957747,0,2,1,0,0,8,0.7510729613733905
0,0,0,0,25,1,1,0,0,0,0,0,0,0,25.3,676.35,1,0,1,0,0,0,1,1,0,0,0,2,0.0373514431239388,0,0,0,2,0.9730769230769231,0,1,0,0,0,2,0.9505703422053232
0,0,0,0,72,1,1,1,1,1,1,1,1,0,113.4,8164.1,0,0,0,1,0,1,0,1,0,0,0,3,0.0138883785869125,4,2,1,8,1.5534246575342467,0,2,1,0,0,8,0.6293706293706294
0,0,1,1,34,0,0,0,0,0,1,1,0,1,40.55,1325.85,0,0,0,1,1,0,0,0,0,1,0,2,0.0305611033651128,1,1,0,2,1.1585714285714286,0,2,1,0,1,2,0.8182912154031288
1,0,1,1,65,1,1,0,0,0,0,0,0,0,26.0,1654.85,0,0,0,1,0,0,1,0,1,0,0,3,0.0157019053658242,0,0,0,2,0.3939393939393939,0,2,0,0,0,2,2.4074074074074074
1,0,0,0,70,1,1,1,1,1,1,1,1,1,111.95,7795.95,0,0,0,1,0,1,0,0,1,0,0,3,0.0143581785185232,4,2,1,8,1.5767605633802817,0,2,1,0,0,8,0.6197432492253209
1,0,1,1,72,0,0,1,0,1,0,1,1,1,53.8,3952.45,0,0,0,1,1,0,0,0,1,0,0,3,0.0136083673753304,2,2,0,4,0.736986301369863,0,2,1,0,0,4,1.3138686131386863
0,0,0,1,35,1,0,0,0,0,1,1,1,1,72.1,2495.15,0,0,1,0,1,0,0,0,0,0,1,2,0.0288844821024377,1,2,0,4,2.0027777777777778,0,1,1,0,0,4,0.478796169630643
0,0,0,0,13,1,1,1,0,0,0,1,1,0,98.15,1230.25,1,1,0,0,0,1,0,0,0,0,1,1,0.0797157360406091,1,2,1,5,7.010714285714286,0,0,1,1,0,5,0.13111447302067575
1,0,1,0,12,1,1,1,0,1,0,1,1,0,78.85,876.75,0,0,1,0,1,0,0,0,0,1,0,0,0.0898319567074907,2,2,0,6,6.065384615384615,0,1,1,0,0,6,0.15028177833437698
1,0,1,1,62,1,0,1,0,1,1,1,0,1,70.75,4263.45,0,0,1,0,1,0,0,1,0,0,0,3,0.0165906506114504,3,1,0,5,1.123015873015873,0,1,1,0,0,5,0.8641114982578397
1,0,0,0,25,1,0,1,0,0,1,1,1,1,76.15,1992.95,0,1,0,0,1,0,0,0,1,0,0,2,0.0381905263421851,2,2,0,5,2.928846153846154,0,0,1,0,0,5,0.3240440699935191
1,0,0,0,52,0,0,1,1,0,1,0,0,0,39.1,1982.1,0,0,0,1,1,0,0,0,0,0,1,3,0.0197166053149109,3,0,0,3,0.7377358490566038,0,2,1,0,0,3,1.2967581047381547
0,1,0,0,8,1,0,0,0,0,0,0,0,1,69.95,562.7,0,1,0,0,0,1,0,0,1,0,0,0,0.1240908284548518,0,0,0,1,7.772222222222222,0,0,0,1,0,1,0.11275546159267089
0,0,0,0,2,1,0,0,0,0,0,0,0,0,20.05,33.7,0,1,0,0,0,0,1,0,0,0,1,0,0.5778097982708933,0,0,0,1,6.683333333333334,0,0,0,0,0,1,0.09501187648456057
1,0,1,1,56,1,0,0,0,0,0,0,0,0,20.05,1090.1,0,0,0,1,0,0,1,0,0,0,1,3,0.0183759508752635,0,0,0,1,0.3517543859649123,0,2,0,0,0,1,2.660332541567696
1,0,0,0,12,1,0,0,0,0,0,0,0,0,19.45,227.45,0,1,0,0,0,0,1,1,0,0,0,0,0.0851389800831691,0,0,0,1,1.4961538461538462,0,0,0,0,0,1,0.58679706601467
1,0,1,0,47,1,1,0,0,0,0,0,0,0,26.9,1250.85,0,0,1,0,0,0,1,0,0,1,0,2,0.0214881974677477,0,0,0,2,0.5604166666666667,0,1,0,0,1,2,1.6845878136200718
0,1,0,0,2,1,0,0,0,0,0,0,0,0,19.2,37.2,0,1,0,0,0,0,1,0,0,1,0,0,0.5026178010471204,0,0,0,1,6.3999999999999995,0,0,0,0,1,1,0.09900990099009901
1,0,0,0,18,1,0,0,0,1,0,0,0,1,50.0,892.7,0,1,0,0,1,0,0,0,0,0,1,1,0.0559471858565514,1,0,0,2,2.6315789473684212,0,0,1,0,0,2,0.35294117647058826
1,0,0,0,8,1,0,1,0,0,0,1,0,1,60.0,487.75,0,1,0,0,1,0,0,0,0,1,0,0,0.1227621483375959,1,1,0,3,6.666666666666667,0,0,1,0,0,3,0.13114754098360656
0,0,1,0,45,1,1,1,0,1,0,0,0,1,84.55,3713.95,0,1,0,0,0,1,0,0,0,0,1,2,0.0227593911088978,2,0,0,4,1.8380434782608694,0,0,1,1,0,4,0.5260081823495032
0,0,0,0,3,1,0,0,0,0,0,0,0,0,45.45,141.7,0,1,0,0,1,0,0,0,0,0,1,0,0.318500350385424,0,0,0,1,11.3625,0,0,0,0,0,1,0.06458557588805167
1,0,0,0,38,1,0,0,0,0,0,0,0,0,20.05,678.2,0,0,1,0,0,0,1,0,0,0,1,2,0.029520023557126,0,0,0,1,0.5141025641025642,0,1,0,0,0,1,1.8052256532066508
0,0,1,0,72,1,1,1,1,1,1,1,1,1,115.55,8425.3,0,0,0,1,0,1,0,0,0,1,0,3,0.013713017575923,4,2,1,8,1.582876712328767,0,2,1,0,0,8,0.6177606177606177
0,0,0,0,46,1,1,1,1,0,0,0,1,1,93.7,4154.8,1,1,0,0,0,1,0,0,0,1,0,2,0.0225468020597718,2,1,1,5,1.9936170212765958,0,0,1,1,0,5,0.4857444561774023
1,0,1,1,71,1,1,1,1,1,0,1,0,1,99.0,7061.65,0,0,0,1,0,1,0,0,1,0,0,3,0.0140174014003242,3,1,1,6,1.375,0,2,1,0,0,6,0.71
0,0,1,1,66,0,0,0,0,0,1,1,1,0,50.55,3364.55,0,0,0,1,1,0,0,1,0,0,0,3,0.0150198333110487,1,2,0,3,0.7544776119402985,0,2,1,0,0,3,1.280310378273521
0,1,0,0,25,1,1,0,1,1,0,1,1,0,105.95,2655.25,1,1,0,0,0,1,0,0,0,0,1,2,0.0398870588235294,2,2,1,6,4.075,0,0,1,1,0,6,0.23375409069658717
0,0,0,0,18,1,1,0,0,1,1,1,1,1,82.0,1425.45,1,0,1,0,1,0,0,0,1,0,0,1,0.0574853657681657,2,2,0,6,4.315789473684211,0,1,1,0,0,6,0.21686746987951808
1,0,1,1,13,1,1,0,0,0,0,0,0,1,25.0,332.5,0,0,0,1,0,0,1,1,0,0,0,1,0.0749625187406296,0,0,0,2,1.7857142857142858,0,2,0,0,0,2,0.5
1,0,1,1,65,1,1,1,1,1,1,1,1,0,91.55,5963.95,0,0,0,1,1,0,0,1,0,0,0,3,0.0153479911818204,4,2,1,8,1.387121212121212,0,2,1,0,0,8,0.7023230686115614
0,0,1,0,60,1,1,0,1,1,0,1,0,1,95.75,5742.9,1,1,0,0,0,1,0,0,0,1,0,3,0.0166698584585386,2,1,1,5,1.569672131147541,0,0,1,1,1,5,0.6201550387596899
0,0,1,1,15,1,0,0,0,0,0,0,0,0,19.35,278.85,0,0,0,1,0,0,1,0,0,0,1,1,0.0691441843844916,0,0,0,1,1.209375,0,2,0,0,0,1,0.7371007371007371
1,0,1,0,72,1,1,0,0,0,0,0,0,0,24.85,1871.85,0,0,0,1,0,0,1,0,1,0,0,3,0.0132685479349654,0,0,0,2,0.3404109589041096,0,2,0,0,0,2,2.7852998065764023
0,0,1,0,30,1,1,0,0,0,0,1,1,1,94.05,2866.45,1,1,0,0,0,1,0,0,1,0,0,2,0.032799176969084,0,2,1,4,3.0338709677419353,0,0,0,1,0,4,0.3156233561283535
1,0,1,1,42,1,0,0,0,1,1,1,1,1,100.4,4303.65,0,0,0,1,0,1,0,0,0,1,0,2,0.0233236151603498,2,2,1,5,2.334883720930233,0,2,1,0,1,5,0.4142011834319526
1,0,1,0,71,1,1,0,0,0,0,0,0,0,25.0,1753.0,0,0,0,1,0,0,1,1,0,0,0,3,0.0142531356898517,0,0,0,2,0.3472222222222222,0,2,0,0,0,2,2.730769230769231
1,0,0,0,1,1,0,0,0,0,0,0,1,1,54.75,54.75,1,1,0,0,1,0,0,0,0,0,1,0,0.9820627802690582,0,1,0,2,27.375,0,0,0,0,0,2,0.017937219730941704
0,1,0,0,39,1,1,0,0,0,0,1,1,1,95.65,3759.05,1,1,0,0,0,1,0,1,0,0,0,2,0.0254384915094214,0,2,1,4,2.3912500000000003,0,0,0,1,0,4,0.40351784790481116
1,0,0,0,35,1,0,0,0,0,0,0,0,0,19.25,617.65,0,1,0,0,0,0,1,1,0,0,0,2,0.0311161399822193,0,0,0,1,0.5347222222222222,0,0,0,0,0,1,1.728395061728395
1,0,1,1,53,1,0,0,1,1,1,1,1,1,108.25,5935.1,0,1,0,0,0,1,0,1,0,0,0,3,0.018235878775627,3,2,1,6,2.0046296296296298,0,0,1,1,0,6,0.4851258581235698
1,0,0,0,1,1,1,0,0,0,0,1,1,1,94.6,94.6,1,1,0,0,0,1,0,0,0,1,0,0,0.9895397489539748,0,2,1,4,47.3,1,0,0,1,1,4,0.010460251046025106
1,1,1,1,31,1,0,0,0,1,1,1,1,1,98.9,2911.3,1,1,0,0,0,1,0,0,0,1,0,2,0.0339594135219585,2,2,1,5,3.090625,0,0,1,1,1,5,0.3103103103103103
0,0,0,0,48,1,0,0,0,0,0,0,0,0,20.15,982.95,0,0,0,1,0,0,1,0,1,0,0,2,0.0204786828599014,0,0,0,1,0.41122448979591836,0,2,0,0,0,1,2.269503546099291
1,1,0,1,30,1,1,0,0,0,1,1,1,1,101.3,2974.5,0,1,0,0,0,1,0,0,0,1,0,2,0.0340446983700218,1,2,1,5,3.267741935483871,0,0,1,1,1,5,0.2932551319648094
0,0,0,0,10,1,0,0,0,0,0,0,0,0,20.0,198.7,0,1,0,0,0,0,1,0,1,0,0,0,0.100150225338007,0,0,0,1,1.8181818181818181,0,0,0,0,0,1,0.47619047619047616
1,0,0,1,12,1,1,0,1,1,0,1,1,1,105.3,1275.65,0,1,0,0,0,1,0,0,0,1,0,0,0.0824814945364822,2,2,1,6,8.1,0,0,1,1,1,6,0.11288805268109126
1,1,0,0,57,1,0,1,0,1,1,1,0,0,69.85,4003.0,0,0,0,1,1,0,0,1,0,0,0,3,0.0174450549450549,3,1,0,5,1.204310344827586,0,2,1,0,0,5,0.8045165843330981
1,0,1,0,58,1,0,1,1,0,0,1,0,1,65.25,3791.6,0,1,0,0,1,0,0,0,1,0,0,3,0.017204556241101,2,1,0,4,1.1059322033898304,0,0,1,0,0,4,0.8754716981132076
1,0,0,0,37,1,0,0,0,0,0,0,0,0,19.8,813.3,0,0,0,1,0,0,1,0,0,0,1,2,0.0243153628883703,0,0,0,1,0.5210526315789474,0,2,0,0,0,1,1.7788461538461537
1,0,1,1,44,1,0,0,0,0,0,0,0,0,19.6,780.25,0,1,0,0,0,0,1,0,0,0,1,2,0.025088,0,0,0,1,0.4355555555555556,0,0,0,0,0,1,2.1359223300970873
0,0,0,1,27,1,0,0,0,0,0,0,0,0,20.05,552.9,0,0,1,0,0,0,1,0,1,0,0,2,0.0361978696515616,0,0,0,1,0.7160714285714286,0,1,0,0,0,1,1.2826603325415677
1,0,0,0,8,1,0,0,0,0,1,0,0,0,49.4,408.25,0,1,0,0,1,0,0,0,0,1,0,0,0.1207086133170433,1,0,0,2,5.488888888888889,0,0,1,0,1,2,0.15873015873015872
0,1,0,0,3,1,1,0,0,0,0,0,0,1,76.05,231.8,1,1,0,0,0,1,0,0,0,1,0,0,0.3266752577319587,0,0,0,2,19.0125,1,0,0,1,1,2,0.03893575600259572
1,1,1,0,25,1,0,0,1,1,0,0,1,0,88.4,2191.15,0,1,0,0,0,1,0,1,0,0,0,2,0.0403257076386196,2,1,0,4,3.4000000000000004,0,0,1,1,0,4,0.2796420581655481
1,0,1,1,57,1,1,0,1,0,0,1,1,1,100.6,5611.7,0,1,0,0,0,1,0,0,0,1,0,3,0.0179236374650346,1,2,1,5,1.7344827586206895,0,0,1,1,1,5,0.5610236220472441
1,0,0,0,12,1,0,0,0,0,0,0,0,0,19.45,246.25,0,1,0,0,0,0,1,0,0,0,1,0,0.0786653185035389,0,0,0,1,1.4961538461538462,0,0,0,0,0,1,0.58679706601467
1,0,1,1,62,1,0,0,0,0,0,0,0,0,20.3,1296.15,0,0,0,1,0,0,1,1,0,0,0,3,0.0156496935589561,0,0,0,1,0.32222222222222224,0,2,0,0,0,1,2.9107981220657275
1,0,1,0,65,1,1,0,1,1,1,1,1,1,107.65,7082.85,0,0,0,1,0,1,0,1,0,0,0,3,0.0151965386054193,3,2,1,7,1.631060606060606,0,2,1,0,0,7,0.5982512655315232
1,0,1,0,71,1,1,0,0,1,1,1,1,1,80.45,5662.25,0,0,0,1,1,0,0,1,0,0,0,3,0.0142056239791639,2,2,0,6,1.1173611111111112,0,2,1,0,0,6,0.8717004297114794
1,0,1,1,21,1,0,0,1,0,0,1,0,1,58.85,1215.45,0,0,1,0,1,0,0,0,1,0,0,1,0.0483784783591598,1,1,0,3,2.6750000000000003,0,1,1,0,0,3,0.3508771929824561
0,0,1,0,71,1,1,1,1,1,0,1,1,1,109.6,7854.15,0,0,1,0,0,1,0,0,0,1,0,3,0.0139526298033774,3,2,1,7,1.5222222222222221,0,1,1,0,0,7,0.6419529837251357
1,0,0,0,7,1,0,0,0,1,0,0,0,1,75.15,525.0,0,1,0,0,0,1,0,0,0,1,0,0,0.14287072243346,1,0,0,2,9.39375,1,0,1,1,1,2,0.09192383453709782
1,0,0,0,72,1,0,1,1,1,1,0,1,1,73.0,5265.2,0,0,0,1,1,0,0,0,1,0,0,3,0.0138619877710683,4,1,0,6,1.0,0,2,1,0,0,6,0.972972972972973
1,0,0,0,1,1,0,0,0,0,0,0,0,0,70.1,70.1,0,1,0,0,0,1,0,0,0,1,0,0,0.9859353023909986,0,0,0,1,35.05,1,0,0,1,1,1,0.014064697609001408
1,0,1,1,72,1,1,0,1,1,1,0,1,1,98.65,7129.45,0,0,0,1,0,1,0,1,0,0,0,3,0.013835031449628,3,1,1,6,1.3513698630136988,0,2,1,0,0,6,0.7225288509784245
1,0,1,1,64,1,1,0,1,1,1,1,1,1,111.45,7266.95,0,0,1,0,0,1,0,0,0,1,0,3,0.0153344478154087,3,2,1,7,1.7146153846153847,0,1,1,0,1,7,0.5691418408181413
1,0,0,0,72,1,1,1,1,1,1,1,1,1,114.9,8496.7,0,0,0,1,0,1,0,0,0,1,0,3,0.0135213057650893,4,2,1,8,1.573972602739726,0,2,1,0,0,8,0.6212251941328731
1,0,0,0,29,1,1,0,0,1,0,1,1,0,100.55,2878.75,0,1,0,0,0,1,0,1,0,0,0,2,0.0349162253667853,1,2,1,5,3.3516666666666666,0,0,1,1,0,5,0.28557360905957657
1,0,0,0,13,1,0,0,0,0,0,0,0,1,20.4,261.3,0,0,0,1,0,0,1,0,0,0,1,1,0.0777735417460922,0,0,0,1,1.457142857142857,0,2,0,0,0,1,0.6074766355140188
1,0,0,0,31,1,1,1,1,0,0,1,1,0,104.35,3205.6,0,1,0,0,0,1,0,0,0,1,0,2,0.0325422565957712,2,2,1,6,3.2609375,0,0,1,1,0,6,0.2942572377788325
0,1,0,0,1,1,0,0,0,0,0,0,0,1,69.75,69.75,1,1,0,0,0,1,0,0,0,1,0,0,0.9858657243816256,0,0,0,1,34.875,0,0,0,1,1,1,0.014134275618374558
0,0,1,1,7,0,0,1,0,0,1,0,0,1,34.5,279.25,1,1,0,0,1,0,0,0,0,1,0,0,0.1231043710972346,2,0,0,2,4.3125,0,0,1,0,0,2,0.19718309859154928
0,0,1,0,61,1,1,0,1,1,0,1,1,1,105.55,6281.45,1,1,0,0,0,1,0,0,0,1,0,3,0.0168007704000827,2,2,1,6,1.7024193548387097,0,0,1,1,1,6,0.5725011731581418
1,0,0,1,39,0,0,0,0,1,0,0,0,0,30.1,1131.3,1,1,0,0,1,0,0,0,1,0,0,2,0.0265830610262298,1,0,0,1,0.7525000000000001,0,0,1,0,0,1,1.2540192926045015
0,0,1,0,10,1,0,0,0,0,0,0,0,1,70.3,738.2,1,1,0,0,0,1,0,0,0,1,0,0,0.0951028138528138,0,0,0,1,6.390909090909091,1,0,0,1,1,1,0.1402524544179523
1,0,1,1,14,1,1,0,1,0,1,1,1,0,80.45,1137.05,0,1,0,0,1,0,0,0,1,0,0,1,0.0706910944158868,2,2,0,6,5.363333333333333,0,0,1,0,0,6,0.17188459177409454
1,0,0,0,1,1,1,0,1,0,0,0,0,1,80.2,80.2,1,1,0,0,0,1,0,0,0,0,1,0,0.9876847290640394,1,0,0,3,40.1,1,0,1,1,0,3,0.01231527093596059
1,0,1,1,67,1,1,1,0,0,1,0,1,1,94.35,6341.45,1,0,1,0,0,1,0,0,1,0,0,3,0.0148759548754818,2,1,1,5,1.3875,0,1,1,0,0,5,0.702674357629785
1,0,0,0,72,1,1,1,1,1,1,1,1,1,91.35,6697.2,0,0,0,1,1,0,0,1,0,0,0,3,0.0136379922964378,4,2,1,8,1.2513698630136985,0,2,1,0,0,8,0.7796426637791013
0,0,1,1,6,1,0,0,0,0,0,0,0,1,44.6,260.8,1,1,0,0,1,0,0,1,0,0,0,0,0.1703590527119939,0,0,0,1,6.371428571428572,0,0,0,0,0,1,0.13157894736842105
1,0,0,0,1,1,0,0,0,0,0,0,0,1,19.6,19.6,1,1,0,0,0,0,1,0,0,0,1,0,0.9514563106796116,0,0,0,1,9.8,0,0,0,0,0,1,0.04854368932038835
0,0,1,1,25,1,0,0,0,0,0,0,0,0,19.9,505.45,0,0,1,0,0,0,1,0,0,1,0,2,0.0392931187678941,0,0,0,1,0.7653846153846153,0,1,0,0,1,1,1.1961722488038278
1,1,0,0,33,1,1,0,1,1,1,1,1,1,110.45,3655.45,1,1,0,0,0,1,0,0,0,1,0,2,0.0302068946655909,3,2,1,7,3.248529411764706,0,0,1,1,1,7,0.29609690444145353
0,0,0,0,18,1,0,1,0,1,1,1,0,1,68.35,1299.8,0,1,0,0,1,0,0,0,0,1,0,1,0.0525445879458794,3,1,0,5,3.5973684210526313,0,0,1,0,0,5,0.2595529920692142
0,0,1,0,71,1,0,0,1,1,1,1,1,1,79.1,5564.85,0,0,0,1,1,0,0,0,1,0,0,3,0.0142116657833035,3,2,0,6,1.098611111111111,0,2,1,0,0,6,0.8863920099875157
0,1,1,1,28,1,1,0,0,0,0,0,0,1,51.0,1381.8,0,0,1,0,1,0,0,0,0,1,0,2,0.0368816893260052,0,0,0,2,1.7586206896551724,0,1,0,0,1,2,0.5384615384615384
1,0,0,1,2,1,1,1,0,0,0,0,0,0,80.55,188.1,0,1,0,0,0,1,0,0,1,0,0,0,0.425965097831835,1,0,0,3,26.849999999999998,1,0,1,1,0,3,0.024524831391784182
0,0,1,1,17,1,1,0,1,1,1,0,0,1,66.7,1077.05,0,1,0,0,1,0,0,0,0,0,1,1,0.061870970734196,3,0,0,5,3.7055555555555557,0,0,1,0,0,5,0.25110782865583453
0,0,0,0,56,1,1,1,1,0,0,0,0,1,86.4,4922.4,0,1,0,0,0,1,0,0,0,1,0,3,0.0175488483568265,2,0,0,4,1.5157894736842106,0,0,1,1,0,4,0.6407322654462242
1,0,1,0,60,0,0,1,1,1,0,0,1,0,50.05,2911.5,0,0,1,0,1,0,0,0,0,1,0,3,0.0171845493562231,3,1,0,4,0.8204918032786884,0,1,1,0,0,4,1.1753183153770814
1,0,0,0,33,1,1,0,0,0,0,0,0,0,25.7,826.1,0,0,0,1,0,0,1,0,1,0,0,2,0.0310724217144238,0,0,0,2,0.7558823529411764,0,2,0,0,0,2,1.2359550561797754
1,0,0,0,1,1,0,1,1,0,1,0,0,1,83.4,83.4,0,1,0,0,0,1,0,0,0,0,1,0,0.9881516587677726,3,0,0,4,41.7,1,0,1,1,0,4,0.011848341232227487
0,0,0,0,2,1,0,0,0,0,0,0,0,0,70.7,140.7,1,1,0,0,0,1,0,0,1,0,0,0,0.4989414255469302,0,0,0,1,23.566666666666666,1,0,0,1,0,1,0.02789400278940028
0,0,1,0,63,1,1,1,0,0,1,0,0,1,84.65,5377.8,0,0,0,1,0,1,0,0,1,0,0,3,0.0157377110136089,2,0,0,4,1.32265625,0,2,1,0,0,4,0.7355516637478108
0,1,1,0,7,1,1,0,0,1,0,1,1,1,99.25,665.45,1,1,0,0,0,1,0,0,0,1,0,0,0.1489234001050341,1,2,1,5,12.40625,1,0,1,1,1,5,0.06982543640897755
1,0,0,0,55,1,0,0,1,1,0,0,1,1,64.75,3617.1,0,0,0,1,1,0,0,0,0,0,1,3,0.0178961333296481,2,1,0,4,1.15625,0,2,1,0,0,4,0.8365019011406845
1,0,1,0,65,1,1,1,1,0,1,1,0,1,100.15,6643.5,0,0,1,0,0,1,0,1,0,0,0,3,0.0150726164496952,3,1,1,6,1.5174242424242426,0,1,1,0,0,6,0.6426099851705388
0,0,1,0,1,1,0,0,0,0,1,1,0,1,84.8,84.8,1,1,0,0,0,1,0,0,0,1,0,0,0.9883449883449884,1,1,0,3,42.4,1,0,1,1,1,3,0.011655011655011656
0,0,0,0,63,1,1,0,0,0,0,0,0,0,25.25,1559.3,0,0,0,1,0,0,1,0,0,0,1,3,0.0161827853617894,0,0,0,2,0.39453125,0,2,0,0,0,2,2.4
1,1,1,0,70,1,1,1,1,1,1,1,1,1,113.0,7987.6,0,0,0,1,0,1,0,0,1,0,0,3,0.0141451568485091,4,2,1,8,1.591549295774648,0,2,1,0,0,8,0.6140350877192983
1,0,1,1,36,0,0,1,0,1,1,0,0,0,40.65,1547.35,0,0,0,1,1,0,0,0,1,0,0,2,0.0262537539961894,3,0,0,3,1.0986486486486486,0,2,1,0,0,3,0.8643457382953181
0,0,0,0,52,1,0,0,1,1,1,1,1,1,105.0,5426.85,1,0,1,0,0,1,0,1,0,0,0,3,0.0193446760687933,3,2,1,6,1.9811320754716981,0,1,1,0,0,6,0.49056603773584906
0,0,0,0,22,1,1,1,0,0,0,0,0,1,54.45,1127.35,1,1,0,0,1,0,0,0,0,1,0,1,0.0482563034519431,1,0,0,3,2.367391304347826,0,0,1,0,0,3,0.39675383228133454
0,0,0,0,22,1,0,0,1,1,1,0,1,1,94.95,2142.8,0,1,0,0,0,1,0,1,0,0,0,1,0.0442905121746431,3,1,1,5,4.128260869565217,0,0,1,1,0,5,0.22928608650338717
1,1,0,0,5,1,0,1,1,0,1,0,0,0,59.9,287.85,0,1,0,0,1,0,0,0,1,0,0,0,0.2073740695862904,3,0,0,4,9.983333333333333,0,0,1,0,0,4,0.08210180623973727
1,0,1,0,47,1,0,0,0,1,0,0,1,1,85.3,4045.65,1,1,0,0,0,1,0,0,0,1,0,2,0.0210791642469697,1,1,0,3,1.7770833333333333,0,0,1,1,1,3,0.544611819235226
1,0,0,0,33,1,1,0,0,0,0,0,1,1,83.35,2757.85,1,1,0,0,0,1,0,0,0,1,0,2,0.030211863638835,0,1,0,3,2.451470588235294,0,0,0,1,1,3,0.39122703023117966
0,0,0,0,18,0,0,0,1,1,0,0,0,1,33.5,600.0,1,1,0,0,1,0,0,0,1,0,0,1,0.0557404326123128,2,0,0,2,1.763157894736842,0,0,1,0,0,2,0.5217391304347826
1,0,0,0,1,1,0,0,0,0,0,0,0,0,19.8,19.8,0,1,0,0,0,0,1,0,1,0,0,0,0.9519230769230768,0,0,0,1,9.9,0,0,0,0,0,1,0.04807692307692307
0,0,0,0,56,1,0,0,1,1,1,1,1,1,81.8,4534.45,0,0,0,1,1,0,0,0,1,0,0,3,0.0180356965681464,3,2,0,6,1.4350877192982456,0,2,1,0,0,6,0.6763285024154589
1,0,0,0,2,1,0,0,0,0,0,0,0,1,20.0,40.9,0,1,0,0,0,0,1,0,0,0,1,0,0.477326968973747,0,0,0,1,6.666666666666667,0,0,0,0,0,1,0.09523809523809523
0,0,0,0,35,1,1,1,0,1,0,0,0,1,59.6,2094.9,0,1,0,0,1,0,0,0,0,1,0,2,0.0284364712056872,2,0,0,4,1.6555555555555557,0,0,1,0,0,4,0.5775577557755776
1,0,1,0,64,1,1,0,0,0,0,0,0,0,25.0,1584.8,0,0,0,1,0,0,1,0,1,0,0,3,0.0157649136082734,0,0,0,2,0.38461538461538464,0,2,0,0,0,2,2.4615384615384617
1,0,0,0,15,1,1,1,0,1,0,0,0,1,84.35,1302.65,0,1,0,0,0,1,0,0,1,0,0,1,0.0647029494112683,2,0,0,4,5.271875,0,0,1,1,0,4,0.1757469244288225
0,0,0,0,24,1,0,0,0,0,0,1,1,1,90.35,2238.5,1,1,0,0,0,1,0,0,0,1,0,1,0.0403438267470417,0,2,1,3,3.614,0,0,0,1,1,3,0.2627257799671593
0,0,0,0,1,1,0,0,0,0,0,0,1,0,55.55,55.55,0,1,0,0,1,0,0,0,0,0,1,0,0.982316534040672,0,1,0,2,27.775,0,0,0,0,0,2,0.01768346595932803
1,0,1,1,70,1,0,1,0,0,1,1,1,0,75.35,5437.75,0,0,0,1,1,0,0,0,1,0,0,3,0.0138542863709492,2,2,0,5,1.0612676056338028,0,2,1,0,0,5,0.91683038637852
0,0,1,0,1,1,0,0,0,0,0,1,1,1,90.75,90.75,1,1,0,0,0,1,0,0,0,1,0,0,0.989100817438692,0,2,1,3,45.375,1,0,0,1,1,3,0.010899182561307902
1,0,0,1,4,1,1,0,1,0,0,1,0,0,89.6,365.65,1,1,0,0,0,1,0,0,0,0,1,0,0.2443747443065594,1,1,0,4,17.919999999999998,1,0,1,1,0,4,0.04415011037527594
1,0,0,0,39,1,0,0,0,0,1,0,1,0,59.3,2209.15,0,0,1,0,1,0,0,0,0,1,0,2,0.026830758093342,1,1,0,3,1.4825,0,1,1,0,1,3,0.6467661691542289
1,0,0,0,29,1,1,1,0,0,0,0,1,1,66.1,1912.15,0,1,0,0,1,0,0,0,0,1,0,2,0.034550348901027,1,1,0,4,2.203333333333333,0,0,1,0,0,4,0.43219076005961254
1,0,1,1,14,1,0,0,0,0,0,0,0,0,18.8,255.55,0,0,0,1,0,0,1,0,0,0,1,1,0.0732800623660105,0,0,0,1,1.2533333333333334,0,2,0,0,0,1,0.7070707070707071
1,0,0,0,61,1,1,1,0,1,1,1,1,0,86.45,5175.3,0,0,0,1,1,0,0,0,1,0,0,3,0.0167011185595888,3,2,0,7,1.3943548387096774,0,2,1,0,0,7,0.6975414522584333
0,0,0,1,13,1,0,1,0,0,0,0,0,1,52.1,670.65,0,1,0,0,1,0,0,0,1,0,0,1,0.0775701630313407,1,0,0,2,3.7214285714285715,0,0,1,0,0,2,0.2448210922787194
1,0,0,0,66,0,0,1,1,1,1,0,0,1,47.4,3177.25,0,0,0,1,1,0,0,0,0,0,1,3,0.0149138676944859,4,0,0,4,0.7074626865671642,0,2,1,0,0,4,1.3636363636363638
0,0,0,0,2,0,0,0,0,1,0,1,1,1,49.25,90.35,1,1,0,0,1,0,0,0,0,1,0,0,0.5391351943076081,1,2,0,3,16.416666666666668,0,0,1,0,1,3,0.03980099502487562
1,0,1,0,59,1,1,1,1,1,0,1,1,1,109.15,6557.75,0,0,1,0,0,1,0,0,1,0,0,3,0.0166418906041547,3,2,1,7,1.8191666666666668,0,1,1,0,0,7,0.5356332274171584
0,0,1,1,62,1,1,1,1,0,0,1,0,1,94.95,5791.85,0,0,1,0,0,1,0,0,1,0,0,3,0.0163908956731142,2,1,1,5,1.5071428571428571,0,1,1,0,0,5,0.6461698801459093
0,1,1,0,33,1,0,1,1,0,1,0,1,1,93.55,3055.5,0,0,1,0,0,1,0,0,0,1,0,2,0.0306069033207917,3,1,1,5,2.751470588235294,0,1,1,0,0,5,0.3490216816499207
0,0,0,1,66,1,0,0,1,1,1,1,1,1,79.5,5196.1,0,0,0,1,1,0,0,0,1,0,0,3,0.0152969925535394,3,2,0,6,1.1865671641791045,0,2,1,0,0,6,0.8198757763975155
1,0,0,0,72,1,1,1,1,1,1,1,1,0,115.05,8405.0,0,0,0,1,0,1,0,0,1,0,0,3,0.0136866523911491,4,2,1,8,1.5760273972602739,0,2,1,0,0,8,0.6204222317966394
0,0,0,1,1,1,0,0,0,0,0,0,0,0,19.75,19.75,1,1,0,0,0,0,1,0,0,0,1,0,0.9518072289156626,0,0,0,1,9.875,0,0,0,0,0,1,0.04819277108433735
1,0,0,0,19,1,1,1,1,0,0,0,1,1,95.15,1789.25,1,1,0,0,0,1,0,0,0,1,0,1,0.0531490015360983,2,1,1,5,4.7575,0,0,1,1,0,5,0.19760790431617264
1,0,1,1,51,1,1,1,0,0,1,1,0,1,95.15,5000.05,0,0,1,0,0,1,0,0,0,0,1,3,0.0190260045390468,2,1,1,5,1.8298076923076925,0,1,1,0,0,5,0.5304212168486739
0,0,0,0,63,1,1,0,1,0,1,1,1,0,105.4,6713.2,0,1,0,0,0,1,0,0,0,1,0,3,0.0156980727413541,2,2,1,6,1.646875,0,0,1,1,1,6,0.5921052631578947
0,0,0,0,27,1,0,0,0,0,0,0,0,0,20.1,562.6,0,0,1,0,0,0,1,1,0,0,0,2,0.0356635911994322,0,0,0,1,0.7178571428571429,0,1,0,0,0,1,1.2796208530805686
0,0,0,0,22,1,1,1,0,0,0,1,1,1,101.35,2317.1,1,1,0,0,0,1,0,1,0,0,0,1,0.0437211509425822,1,2,1,5,4.406521739130435,0,0,1,1,0,5,0.21494870542256964
1,1,0,0,4,1,0,0,0,0,0,0,0,0,20.05,91.45,0,1,0,0,0,0,1,0,0,0,1,0,0.216873985938345,0,0,0,1,4.01,0,0,0,0,0,1,0.19002375296912113
0,0,1,1,42,1,0,0,0,0,0,0,0,0,20.7,828.85,0,0,0,1,0,0,1,0,0,0,1,2,0.0249442670362113,0,0,0,1,0.4813953488372093,0,2,0,0,0,1,1.935483870967742
1,0,0,0,29,1,0,0,0,0,0,0,0,0,20.35,617.35,0,0,1,0,0,0,1,0,0,0,1,2,0.0329101641465189,0,0,0,1,0.6783333333333333,0,1,0,0,0,1,1.3583138173302107
1,0,0,0,4,1,0,0,0,0,0,0,0,1,70.05,266.9,1,1,0,0,0,1,0,0,1,0,0,0,0.261478163493841,0,0,0,1,14.01,1,0,0,1,0,1,0.056298381421534135
0,0,0,0,30,1,0,0,0,0,0,0,0,0,19.7,625.05,0,0,1,0,0,0,1,0,0,0,1,2,0.0314671352128424,0,0,0,1,0.635483870967742,0,1,0,0,0,1,1.4492753623188406
0,0,1,0,4,1,1,0,0,0,0,0,0,1,74.65,301.4,1,1,0,0,0,1,0,0,0,1,0,0,0.2468584656084656,0,0,0,2,14.930000000000001,1,0,0,1,1,2,0.052875082617316584
0,0,1,1,71,1,0,1,1,1,1,1,1,0,85.45,6029.9,0,0,0,1,1,0,0,1,0,0,0,3,0.0141686978726226,4,2,0,7,1.1868055555555557,0,2,1,0,0,7,0.821283979178716
0,0,1,0,46,0,0,1,0,1,1,0,0,0,40.4,1842.7,0,0,0,1,1,0,0,0,1,0,0,2,0.0219124586429462,3,0,0,3,0.8595744680851064,0,2,1,0,0,3,1.1111111111111112
0,0,0,0,4,1,1,0,0,0,0,0,0,0,50.4,206.6,1,1,0,0,1,0,0,0,0,0,1,0,0.2427745664739884,0,0,0,2,10.08,0,0,0,0,0,2,0.07782101167315175
1,0,0,0,7,1,1,1,0,0,0,0,0,1,79.65,604.7,1,1,0,0,0,1,0,0,0,0,1,0,0.1315007429420505,1,0,0,3,9.95625,1,0,1,1,0,3,0.08679479231246125
0,0,0,0,69,1,1,0,1,0,1,1,1,1,105.2,7386.05,0,0,1,0,0,1,0,1,0,0,0,3,0.0142411382080803,2,2,1,6,1.502857142857143,0,1,1,0,0,6,0.6497175141242938
1,0,1,0,72,1,1,1,1,1,0,1,0,0,100.65,7334.05,0,0,0,1,0,1,0,1,0,0,0,3,0.0137217878542068,3,1,1,6,1.3787671232876713,0,2,1,0,0,6,0.7083128381701917
0,1,0,0,19,1,1,0,0,1,0,0,0,1,79.85,1471.75,1,1,0,0,0,1,0,0,0,1,0,1,0.0542182991003225,1,0,0,3,3.9924999999999997,0,0,1,1,1,3,0.2350030921459493
0,0,0,0,28,1,0,0,0,1,1,0,1,0,91.0,2626.15,0,1,0,0,0,1,0,0,0,1,0,2,0.0346382962525931,2,1,1,4,3.1379310344827585,0,0,1,1,1,4,0.30434782608695654
0,0,1,0,5,1,1,0,1,0,0,0,0,1,78.75,412.1,1,1,0,0,0,1,0,0,0,1,0,0,0.190631808278867,1,0,0,3,13.125,1,0,1,1,1,3,0.06269592476489028
1,1,1,0,72,1,1,1,1,1,1,1,1,1,116.75,8277.05,0,0,0,1,0,1,0,0,1,0,0,3,0.0141035630371887,4,2,1,8,1.5993150684931507,0,2,1,0,0,8,0.6114649681528662
0,1,1,1,8,1,0,0,0,0,0,1,0,1,80.45,583.45,1,1,0,0,0,1,0,0,1,0,0,0,0.1376507827872358,0,1,0,2,8.93888888888889,1,0,0,1,0,2,0.09821976672805402
1,0,0,0,7,1,0,1,0,0,0,0,1,1,59.1,369.25,0,0,1,0,1,0,0,0,0,1,0,0,0.1596218771100607,1,1,0,3,7.3875,0,1,1,0,0,3,0.11647254575707154
1,0,0,0,22,1,0,1,0,0,0,0,0,1,49.8,1049.05,0,1,0,0,1,0,0,0,0,1,0,1,0.0474263130327127,1,0,0,2,2.1652173913043478,0,0,1,0,0,2,0.4330708661417323
0,0,0,0,72,1,0,0,0,0,0,0,0,0,19.3,1414.8,0,0,0,1,0,0,1,1,0,0,0,3,0.0136318689080378,0,0,0,1,0.26438356164383564,0,2,0,0,0,1,3.54679802955665
0,0,1,1,8,1,0,0,0,0,0,0,0,0,19.65,169.75,0,1,0,0,0,0,1,0,1,0,0,0,0.1150805270863836,0,0,0,1,2.183333333333333,0,0,0,0,0,1,0.38740920096852305
0,0,1,0,52,1,1,1,1,1,1,0,1,1,81.4,4354.45,0,0,1,0,1,0,0,0,1,0,0,3,0.018689228437934,4,1,0,7,1.5358490566037737,0,1,1,0,0,7,0.6310679611650485
1,0,0,0,68,0,0,1,0,1,1,0,0,0,38.9,2719.2,0,0,0,1,1,0,0,0,0,0,1,3,0.0143004190868318,3,0,0,3,0.5637681159420289,0,2,1,0,0,3,1.7042606516290728
1,0,1,0,71,1,1,1,1,1,1,1,1,0,87.95,6365.35,0,0,0,1,1,0,0,1,0,0,0,3,0.013814823250371,4,2,0,8,1.2215277777777778,0,2,1,0,0,8,0.7982012366498032
0,0,0,0,2,1,0,0,0,0,0,0,0,0,19.85,51.6,0,1,0,0,0,0,1,0,0,0,1,0,0.3773764258555133,0,0,0,1,6.616666666666667,0,0,0,0,0,1,0.09592326139088729
1,1,0,0,34,1,1,0,1,0,1,1,0,1,96.35,3190.25,0,1,0,0,0,1,0,0,0,1,0,2,0.0301919310614962,2,1,1,5,2.7528571428571427,0,0,1,1,1,5,0.34925526450950184
1,0,0,0,35,0,0,0,0,0,0,0,0,0,24.15,812.5,0,1,0,0,1,0,0,0,0,1,0,2,0.0296865396435156,0,0,0,0,0.6708333333333333,0,0,0,0,1,0,1.3916500994035785
1,0,1,1,61,1,0,0,0,0,0,0,0,0,19.1,1143.8,0,0,1,0,0,0,1,0,1,0,0,3,0.0166841369671558,0,0,0,1,0.3080645161290323,0,1,0,0,0,1,3.034825870646766
0,0,0,0,1,1,0,0,0,0,0,0,0,0,44.0,44.0,0,1,0,0,1,0,0,0,0,1,0,0,0.9777777777777776,0,0,0,1,22.0,0,0,0,0,1,1,0.022222222222222223
1,0,0,0,1,1,1,0,0,0,0,0,0,1,50.1,50.1,1,1,0,0,1,0,0,0,0,0,1,0,0.980430528375734,0,0,0,2,25.05,0,0,0,0,0,2,0.019569471624266144
1,0,1,1,53,1,0,0,0,1,0,0,1,0,60.6,3297.0,0,0,1,0,1,0,0,0,1,0,0,3,0.0183747725894481,1,1,0,3,1.1222222222222222,0,1,1,0,0,3,0.8603896103896104
1,0,1,0,72,1,1,0,0,0,0,0,0,0,25.65,1887.0,0,0,0,1,0,0,1,1,0,0,0,3,0.0135858050847457,0,0,0,2,0.3513698630136986,0,2,0,0,0,2,2.701688555347092
0,0,1,0,2,1,0,0,0,1,0,0,0,0,76.4,151.8,1,1,0,0,0,1,0,0,0,1,0,0,0.5,1,0,0,2,25.46666666666667,1,0,1,1,1,2,0.025839793281653745
0,0,0,0,3,1,0,0,0,1,1,1,1,1,98.7,293.65,1,1,0,0,0,1,0,0,0,1,0,0,0.3349736976073307,2,2,1,5,24.675,1,0,1,1,1,5,0.03009027081243731
1,1,0,0,13,1,1,1,0,0,0,1,1,1,100.8,1308.1,1,1,0,0,0,1,0,0,0,1,0,1,0.0769994652814911,1,2,1,5,7.2,0,0,1,1,0,5,0.12770137524557956
0,1,1,0,41,0,0,0,1,1,0,1,1,1,53.95,2215.4,0,1,0,0,1,0,0,0,0,1,0,2,0.0243412741382421,2,2,0,4,1.2845238095238096,0,0,1,0,1,4,0.7461328480436761
1,0,1,0,24,1,0,0,0,0,0,0,0,0,20.4,482.8,0,0,1,0,0,0,1,0,1,0,0,1,0.0421661843737081,0,0,0,1,0.816,0,1,0,0,0,1,1.1214953271028039
1,0,1,1,28,1,0,0,0,0,0,1,1,1,90.1,2598.95,1,0,1,0,0,1,0,1,0,0,0,2,0.0346545125867805,0,2,1,3,3.106896551724138,0,1,0,0,0,3,0.30735455543358947
0,0,0,0,8,0,0,1,0,0,0,0,0,0,29.35,216.45,0,1,0,0,1,0,0,0,0,0,1,0,0.1349735571395723,1,0,0,1,3.261111111111111,0,0,1,0,0,1,0.26359143327841844
0,0,0,0,1,1,0,0,0,0,0,0,0,1,20.45,20.45,0,1,0,0,0,0,1,0,0,0,1,0,0.9533799533799534,0,0,0,1,10.225,0,0,0,0,0,1,0.046620046620046623
1,0,0,0,54,1,1,0,0,1,1,0,1,1,95.1,5064.85,0,0,0,1,0,1,0,1,0,0,0,3,0.0187727627150428,2,1,1,5,1.729090909090909,0,2,1,0,0,5,0.5619146722164412
0,0,0,0,41,1,1,0,0,0,0,0,0,1,25.25,996.45,0,1,0,0,0,0,1,1,0,0,0,2,0.025314552107875,0,0,0,2,0.6011904761904762,0,0,0,0,0,2,1.561904761904762
1,0,1,0,19,1,0,0,0,0,0,0,0,0,44.9,839.65,0,1,0,0,1,0,0,0,0,0,1,1,0.0534110509724617,0,0,0,1,2.245,0,0,0,0,0,1,0.4139433551198257
1,0,1,1,72,1,1,1,1,1,1,1,1,0,92.65,6733.0,0,0,0,1,1,0,0,1,0,0,0,3,0.0137585387585387,4,2,1,8,1.2691780821917809,0,2,1,0,0,8,0.7688200747463961
0,0,0,0,62,0,0,1,1,1,1,0,0,1,43.7,2618.3,0,0,0,1,1,0,0,1,0,0,0,3,0.0166838468293055,4,0,0,4,0.6936507936507937,0,2,1,0,0,4,1.3870246085011184
1,1,1,1,56,1,0,1,0,0,1,1,1,1,72.6,4084.35,0,0,0,1,1,0,0,0,1,0,0,3,0.0177708152300292,2,2,0,5,1.2736842105263158,0,2,1,0,0,5,0.7608695652173914
0,0,0,0,15,1,1,0,0,0,0,0,0,0,51.55,765.5,1,1,0,0,1,0,0,0,0,1,0,1,0.0672537508153946,0,0,0,2,3.221875,0,0,0,0,1,2,0.285442435775452
0,1,0,0,10,1,0,0,0,0,0,0,1,1,79.25,793.55,1,1,0,0,0,1,0,0,0,1,0,0,0.0997419923226983,0,1,0,2,7.204545454545454,1,0,0,1,1,2,0.12461059190031153
0,0,1,1,32,1,0,0,0,0,0,0,0,0,18.95,613.95,0,0,0,1,0,0,1,0,0,0,1,2,0.0308155134563785,0,0,0,1,0.5742424242424242,0,2,0,0,0,1,1.6040100250626568
0,0,0,0,21,1,0,0,0,0,0,0,0,0,20.5,402.85,0,1,0,0,0,0,1,0,1,0,0,1,0.0507614213197969,0,0,0,1,0.9318181818181818,0,0,0,0,0,1,0.9767441860465116
0,0,1,1,62,1,0,0,0,0,0,0,0,0,19.95,1244.8,0,0,1,0,0,0,1,1,0,0,0,3,0.0160138063894686,0,0,0,1,0.31666666666666665,0,1,0,0,0,1,2.9594272076372317
1,0,0,0,2,0,0,0,0,0,0,0,0,0,24.5,46.4,0,1,0,0,1,0,0,0,0,1,0,0,0.5168776371308017,0,0,0,0,8.166666666666666,0,0,0,0,1,0,0.0784313725490196
0,0,0,1,27,1,0,0,0,0,0,0,0,0,20.6,581.85,0,0,0,1,0,0,1,0,0,0,1,2,0.0353435703868919,0,0,0,1,0.7357142857142858,0,2,0,0,0,1,1.25
0,0,0,0,5,1,1,0,0,0,0,1,1,1,94.85,462.8,1,1,0,0,0,1,0,1,0,0,0,0,0.2045062526951272,0,2,1,4,15.808333333333332,1,0,0,1,0,4,0.05216484089723527
1,0,0,0,25,0,0,1,1,1,0,1,1,0,61.05,1540.2,0,0,1,0,1,0,0,0,0,1,0,2,0.0396119906566311,3,2,0,5,2.348076923076923,0,1,1,0,0,5,0.40290088638195004
1,0,0,0,2,1,1,0,0,0,0,0,1,1,85.7,169.8,1,1,0,0,0,1,0,0,0,1,0,0,0.5017564402810304,0,1,0,3,28.566666666666666,1,0,0,1,1,3,0.02306805074971165
0,0,0,0,49,1,1,0,1,0,1,1,1,1,106.65,5168.1,0,0,1,0,0,1,0,1,0,0,0,3,0.0206322183745719,2,2,1,6,2.133,0,1,1,0,0,6,0.4551788202508128
1,0,0,0,63,1,1,1,1,1,0,1,1,0,108.25,6780.1,0,1,0,0,0,1,0,0,1,0,0,3,0.0159634867499373,3,2,1,7,1.69140625,0,0,1,1,0,7,0.5766590389016019
1,0,0,1,4,1,0,0,0,0,0,0,0,0,20.4,94.5,0,1,0,0,0,0,1,0,1,0,0,0,0.2136125654450261,0,0,0,1,4.08,0,0,0,0,0,1,0.1869158878504673
1,0,1,0,1,1,0,0,0,0,0,1,0,1,55.3,55.3,0,1,0,0,1,0,0,0,0,0,1,0,0.9822380106571936,0,1,0,2,27.65,0,0,0,0,0,2,0.017761989342806397
0,0,0,0,11,1,0,0,0,0,0,0,0,0,20.25,208.0,0,1,0,0,0,0,1,0,0,0,1,0,0.09688995215311,0,0,0,1,1.6875,0,0,0,0,0,1,0.5176470588235295
0,1,0,0,52,1,1,0,0,0,0,0,0,1,72.95,3829.75,0,1,0,0,0,1,0,1,0,0,0,3,0.0190432682894994,0,0,0,2,1.3764150943396227,0,0,0,1,0,2,0.7031778228532792
1,1,1,0,60,1,1,0,1,0,0,0,1,0,89.45,5294.6,0,1,0,0,0,1,0,0,0,1,0,3,0.0168913815242843,1,1,0,4,1.4663934426229508,0,0,1,1,1,4,0.6633499170812603
0,0,0,0,64,1,1,0,0,1,1,1,1,1,104.65,6889.8,0,0,1,0,0,1,0,0,1,0,0,3,0.0151869158878504,2,2,1,6,1.61,0,1,1,0,0,6,0.6057737813535258
1,0,1,1,43,1,0,1,0,1,0,1,1,0,75.2,3254.35,0,0,0,1,1,0,0,1,0,0,0,2,0.0231004346690832,2,2,0,5,1.7090909090909092,0,2,1,0,0,5,0.5643044619422573
1,0,1,0,61,1,1,0,0,0,1,1,1,0,101.15,6383.9,0,0,1,0,0,1,0,1,0,0,0,3,0.0158420648718069,1,2,1,5,1.631451612903226,0,1,1,0,0,5,0.597161037689672
1,0,0,0,1,1,0,0,0,0,0,0,0,0,44.4,44.4,1,1,0,0,1,0,0,0,0,0,1,0,0.9779735682819384,0,0,0,1,22.2,0,0,0,0,0,1,0.022026431718061675
0,1,0,0,5,1,0,0,0,0,0,1,1,1,89.5,477.7,1,1,0,0,0,1,0,0,0,1,0,0,0.186964696051807,0,2,0,3,14.916666666666666,1,0,0,1,1,3,0.055248618784530384
0,0,0,0,66,1,1,1,1,1,1,0,0,0,68.75,4447.55,0,0,0,1,1,0,0,1,0,0,0,3,0.0154544739297074,4,0,0,6,1.0261194029850746,0,2,1,0,0,6,0.946236559139785
0,0,1,0,67,1,0,1,1,1,1,1,1,1,111.05,7321.05,0,0,0,1,0,1,0,0,0,1,0,3,0.0151665175736303,4,2,1,7,1.6330882352941176,0,2,1,0,0,7,0.5979473449352968
1,0,1,0,42,1,0,0,0,1,1,1,1,1,99.0,4135.0,0,0,0,1,0,1,0,0,1,0,0,2,0.0239361702127659,2,2,1,5,2.302325581395349,0,2,1,0,0,5,0.42
0,1,1,0,1,1,1,0,0,0,0,1,0,1,86.05,86.05,1,1,0,0,0,1,0,0,0,1,0,0,0.9885123492245836,0,1,0,3,43.025,1,0,0,1,1,3,0.011487650775416428
1,0,1,1,31,1,0,0,0,0,0,0,0,0,21.0,697.7,0,0,0,1,0,0,1,0,0,0,1,2,0.030055817947617,0,0,0,1,0.65625,0,2,0,0,0,1,1.4090909090909092
0,0,0,0,7,1,0,0,0,0,0,0,0,1,19.4,168.65,0,1,0,0,0,0,1,0,0,0,1,0,0.1143530798703212,0,0,0,1,2.425,0,0,0,0,0,1,0.3431372549019608
0,0,0,0,4,0,0,0,0,0,0,1,1,1,44.55,174.3,1,1,0,0,1,0,0,0,0,1,0,0,0.2541357672561323,0,2,0,2,8.91,0,0,0,0,1,2,0.08781558726673985
0,0,1,1,34,1,1,0,0,1,0,1,1,0,77.2,2753.8,0,0,1,0,1,0,0,1,0,0,0,2,0.0280238129809786,1,2,0,5,2.205714285714286,0,1,1,0,0,5,0.43478260869565216
0,0,0,0,3,1,0,0,0,0,0,0,0,1,19.45,69.25,0,0,1,0,0,0,1,0,0,0,1,0,0.2768683274021352,0,0,0,1,4.8625,0,1,0,0,0,1,0.1466992665036675
1,0,1,1,19,0,0,0,0,0,0,0,0,1,24.85,434.8,0,1,0,0,1,0,0,0,0,0,1,1,0.0570215695273061,0,0,0,0,1.2425000000000002,0,0,0,0,0,0,0.7350096711798839
0,0,1,1,31,0,0,1,0,0,1,0,0,0,35.4,1077.5,1,1,0,0,1,0,0,1,0,0,0,2,0.0328233657858136,2,0,0,2,1.10625,0,0,1,0,0,2,0.8516483516483517
1,0,0,0,1,1,1,0,0,0,0,1,1,0,95.65,95.65,1,1,0,0,0,1,0,0,0,0,1,0,0.9896533885152612,0,2,1,4,47.825,1,0,0,1,0,4,0.010346611484738748
0,0,0,0,3,0,0,1,0,1,1,0,0,0,41.35,107.25,0,1,0,0,1,0,0,0,0,0,1,0,0.381986143187067,3,0,0,3,10.3375,0,0,1,0,0,3,0.07083825265643447
0,0,1,0,46,1,0,0,0,0,0,0,0,0,19.6,851.2,0,1,0,0,0,0,1,0,0,1,0,2,0.0229992959399202,0,0,0,1,0.4170212765957447,0,0,0,0,1,1,2.233009708737864
1,0,0,0,1,1,0,0,0,0,0,0,0,0,20.95,20.95,1,1,0,0,0,0,1,0,0,0,1,0,0.9544419134396356,0,0,0,1,10.475,0,0,0,0,0,1,0.04555808656036447
1,0,1,1,69,1,1,1,0,1,0,0,0,0,84.45,5848.6,0,0,1,0,0,1,0,1,0,0,0,3,0.0144368845733041,2,0,0,4,1.2064285714285714,0,1,1,0,0,4,0.8074897600936219
0,0,0,0,5,1,0,0,0,0,0,0,0,0,20.25,109.8,0,1,0,0,0,0,1,0,0,0,1,0,0.1827617328519855,0,0,0,1,3.375,0,0,0,0,0,1,0.23529411764705882
0,0,0,0,1,1,0,0,0,0,0,0,0,0,19.65,19.65,0,1,0,0,0,0,1,1,0,0,0,0,0.9515738498789348,0,0,0,1,9.825,0,0,0,0,0,1,0.04842615012106538
0,0,0,0,26,1,0,0,0,0,0,0,0,1,20.65,595.5,0,0,1,0,0,0,1,0,1,0,0,2,0.0346186085498742,0,0,0,1,0.7648148148148147,0,1,0,0,0,1,1.2009237875288685
1,1,0,0,10,0,0,0,0,0,0,0,1,1,34.7,329.8,1,1,0,0,1,0,0,0,0,1,0,0,0.1048972188633615,0,1,0,1,3.1545454545454548,0,0,0,0,1,1,0.2801120448179272
0,0,0,0,25,1,0,0,0,1,1,1,1,0,99.3,2513.5,0,0,0,1,0,1,0,1,0,0,0,2,0.0394909524756412,2,2,1,5,3.819230769230769,0,2,1,0,0,5,0.24925224327018944
0,0,1,1,64,1,0,1,1,0,0,0,0,0,81.05,5135.35,0,1,0,0,0,1,0,0,0,1,0,3,0.0157796879106758,2,0,0,3,1.2469230769230768,0,0,1,1,0,3,0.7800121876904327
0,0,1,1,30,1,1,1,1,1,1,0,0,0,67.6,2000.2,0,1,0,0,1,0,0,0,0,1,0,2,0.0337797321607035,4,0,0,6,2.1806451612903226,0,0,1,0,0,6,0.4373177842565598
0,0,0,0,13,1,0,0,0,0,0,0,0,1,70.15,931.75,0,1,0,0,0,1,0,0,0,1,0,1,0.0752077191101581,0,0,0,1,5.010714285714286,0,0,0,1,1,1,0.18271257905832747
1,0,1,0,64,1,1,1,1,1,1,1,1,1,115.0,7396.15,0,0,1,0,0,1,0,0,0,1,0,3,0.0155465280547237,4,2,1,8,1.7692307692307692,0,1,1,0,0,8,0.5517241379310345
1,0,0,1,46,1,1,0,0,1,1,0,0,1,84.8,3958.85,0,1,0,0,0,1,0,1,0,0,0,2,0.0214149525865878,2,0,0,4,1.804255319148936,0,0,1,1,0,4,0.5361305361305362
1,0,0,0,12,1,0,0,0,0,0,0,0,0,19.7,260.9,0,0,1,0,0,0,1,0,0,0,1,0,0.0752195494463535,0,0,0,1,1.5153846153846153,0,1,0,0,0,1,0.5797101449275363
1,0,0,0,15,1,0,0,0,0,0,0,0,0,19.75,297.3,1,1,0,0,0,0,1,1,0,0,0,1,0.0662085149178679,0,0,0,1,1.234375,0,0,0,0,0,1,0.7228915662650602
0,0,1,1,17,1,1,0,0,0,0,1,1,1,92.55,1515.1,1,1,0,0,0,1,0,0,0,1,0,1,0.0610447859639865,0,2,1,4,5.141666666666667,0,0,0,1,1,4,0.1817210048102619
1,0,1,1,13,1,0,1,0,1,0,0,1,1,63.15,816.8,0,1,0,0,1,0,0,0,0,0,1,1,0.0772193690388848,2,1,0,4,4.510714285714285,0,0,1,0,0,4,0.20265003897116132
1,0,1,1,67,1,1,1,1,0,1,1,0,0,74.0,4868.4,0,0,0,1,1,0,0,0,1,0,0,3,0.0151969441820347,3,1,0,6,1.088235294117647,0,2,1,0,0,6,0.8933333333333333
0,0,1,0,24,0,0,0,0,1,0,0,0,0,29.1,688.0,0,1,0,0,1,0,0,0,0,1,0,1,0.0422351233671988,1,0,0,1,1.1640000000000001,0,0,1,0,1,1,0.7973421926910299
0,0,0,0,6,1,0,0,0,0,1,0,0,0,50.05,288.35,0,1,0,0,1,0,0,0,0,0,1,0,0.172973907033005,1,0,0,2,7.1499999999999995,0,0,1,0,0,2,0.11753183153770813
0,1,1,0,53,1,1,1,0,0,1,0,0,1,60.05,3229.65,1,0,1,0,1,0,0,0,0,1,0,3,0.0185875907325151,2,0,0,4,1.112037037037037,0,1,1,0,0,4,0.8681408681408682
0,1,1,0,16,1,0,0,1,0,0,0,0,1,74.3,1178.25,1,1,0,0,0,1,0,0,1,0,0,1,0.0630061479754081,1,0,0,2,4.370588235294117,0,0,1,1,0,2,0.21248339973439576
0,0,0,0,10,1,0,0,0,0,0,0,0,0,20.0,185.4,0,1,0,0,0,0,1,0,0,1,0,0,0.1072961373390558,0,0,0,1,1.8181818181818181,0,0,0,0,1,1,0.47619047619047616
1,0,0,0,13,1,0,0,1,0,0,0,0,1,74.65,966.25,0,0,1,0,0,1,0,0,0,0,1,1,0.0771775652623417,1,0,0,2,5.332142857142857,0,1,1,0,0,2,0.1718440185062789
0,0,0,0,9,1,1,0,0,0,0,1,0,1,85.35,758.6,1,1,0,0,0,1,0,0,0,1,0,0,0.1123617693522906,0,1,0,3,8.535,1,0,0,1,1,3,0.10422698320787493
1,0,0,0,25,1,0,1,1,1,1,1,0,0,74.3,1863.8,1,0,1,0,1,0,0,0,0,0,1,2,0.0398434148434148,4,1,0,6,2.8576923076923078,0,1,1,0,0,6,0.3320053120849934
0,1,0,0,7,0,0,0,1,0,1,0,1,1,44.4,265.8,0,1,0,0,1,0,0,0,0,1,0,0,0.1664167916041979,2,1,0,3,5.55,0,0,1,0,1,3,0.15418502202643172
0,0,1,1,38,1,1,1,0,1,1,1,1,1,85.4,3297.0,0,0,0,1,1,0,0,1,0,0,0,2,0.0258944815039417,3,2,0,7,2.18974358974359,0,2,1,0,0,7,0.43981481481481477
1,0,1,0,43,1,1,1,1,0,0,0,1,1,94.1,4107.3,0,1,0,0,0,1,0,0,0,1,0,2,0.0229048511549789,2,1,1,5,2.1386363636363637,0,0,1,1,0,5,0.45215562565720296
1,0,0,1,4,1,0,0,0,1,1,1,1,1,98.1,396.3,1,1,0,0,0,1,0,1,0,0,0,0,0.2469166876415806,2,2,1,5,19.619999999999997,1,0,1,1,0,5,0.04036326942482341
1,0,0,0,25,1,1,0,1,1,1,1,1,0,108.9,2809.05,0,0,0,1,0,1,0,0,0,1,0,2,0.038753758829914,3,2,1,7,4.188461538461539,0,2,1,0,1,7,0.22747952684258416
0,0,0,1,27,1,0,1,1,0,0,0,0,0,56.2,1567.55,0,0,1,0,1,0,0,0,0,0,1,2,0.0358292690701603,2,0,0,3,2.007142857142857,0,1,1,0,0,3,0.47202797202797203
0,0,1,1,72,1,1,0,0,0,0,0,0,0,26.1,1851.45,0,0,0,1,0,0,1,0,0,0,1,3,0.0140894491079381,0,0,0,2,0.3575342465753425,0,2,0,0,0,2,2.6568265682656826
0,0,0,1,71,1,1,1,1,0,0,0,0,1,85.45,6028.95,0,0,1,0,0,1,0,0,1,0,0,3,0.0141709301072148,2,0,0,4,1.1868055555555557,0,1,1,0,0,4,0.821283979178716
1,0,0,0,24,1,1,0,0,1,0,1,0,1,88.95,2072.75,0,1,0,0,0,1,0,0,1,0,0,1,0.0428933092224231,1,1,0,4,3.5580000000000003,0,0,1,1,0,4,0.2668148971650917
1,0,0,0,50,1,1,1,1,0,1,1,1,1,109.65,5551.15,1,0,0,1,0,1,0,0,0,1,0,3,0.0197491062021018,3,2,1,7,2.15,0,2,1,0,0,7,0.4518752824220515
0,0,0,0,57,1,0,1,0,1,0,1,1,1,74.35,4317.35,0,0,0,1,1,0,0,1,0,0,0,3,0.0172172241712691,2,2,0,5,1.2818965517241379,0,2,1,0,0,5,0.7564698075646982
1,0,0,0,15,1,0,0,1,0,0,0,0,0,48.85,736.8,0,1,0,0,1,0,0,0,0,1,0,1,0.0662103551097858,1,0,0,2,3.053125,0,0,1,0,1,2,0.3009027081243731
0,0,0,0,4,1,1,1,0,0,0,0,0,1,80.1,336.15,0,1,0,0,0,1,0,0,0,1,0,0,0.237579712294231,1,0,0,3,16.02,1,0,1,1,0,3,0.04932182490752158
1,0,0,0,28,1,0,1,1,0,0,0,0,0,56.05,1522.65,0,1,0,0,1,0,0,0,0,1,0,2,0.036786663603846,2,0,0,3,1.932758620689655,0,0,1,0,0,3,0.49079754601226994
1,1,0,0,9,1,1,0,0,0,0,0,0,1,74.55,622.9,1,1,0,0,0,1,0,0,0,1,0,0,0.1194903029331623,0,0,0,2,7.455,1,0,0,1,1,2,0.11912640635340835
1,0,1,0,55,1,1,1,0,0,0,1,0,1,89.8,4959.6,0,1,0,0,0,1,0,1,0,0,0,3,0.0181026488731201,1,1,0,4,1.6035714285714284,0,0,1,1,0,4,0.6057268722466961
0,0,0,0,3,1,1,0,0,1,0,1,1,1,100.95,329.95,1,1,0,0,0,1,0,0,0,1,0,0,0.3050309714458377,1,2,1,5,25.2375,1,0,1,1,1,5,0.02942618930848455
0,0,0,0,10,1,0,0,0,1,0,1,1,1,94.9,1048.85,1,1,0,0,0,1,0,0,0,1,0,0,0.090393865790351,1,2,1,4,8.627272727272727,1,0,1,1,1,4,0.10427528675703858
0,0,0,1,55,1,0,0,0,0,0,0,0,0,19.1,1001.5,0,0,1,0,0,0,1,1,0,0,0,3,0.0190523690773067,0,0,0,1,0.3410714285714286,0,1,0,0,0,1,2.7363184079601988
1,0,1,1,20,1,0,0,0,0,0,0,0,0,20.35,442.6,0,1,0,0,0,0,1,0,0,0,1,1,0.0458746618575293,0,0,0,1,0.9690476190476192,0,0,0,0,0,1,0.9367681498829039
1,0,1,1,62,1,1,0,1,0,1,1,1,1,106.05,6703.5,0,0,1,0,0,1,0,0,1,0,0,3,0.015817734357521,2,2,1,6,1.6833333333333333,0,1,1,0,0,6,0.5791686127977581
0,1,1,0,32,1,1,0,0,1,1,1,1,1,104.9,3351.55,1,1,0,0,0,1,0,0,0,1,0,2,0.0312896153674068,2,2,1,6,3.178787878787879,0,0,1,1,1,6,0.3021718602455146
1,0,0,0,43,1,0,0,0,0,0,0,0,1,19.65,779.25,0,0,0,1,0,0,1,1,0,0,0,2,0.0251842358218519,0,0,0,1,0.44659090909090904,0,2,0,0,0,1,2.082324455205811
0,0,1,0,9,0,0,0,0,0,0,0,0,0,24.1,259.8,1,0,1,0,1,0,0,1,0,0,0,0,0.0924079754601227,0,0,0,0,2.41,0,1,0,0,0,0,0.3585657370517928
1,0,1,0,60,1,0,1,1,0,1,0,0,0,59.85,3483.45,0,0,0,1,1,0,0,1,0,0,0,3,0.0171763119000129,3,0,0,4,0.9811475409836066,0,2,1,0,0,4,0.9860312243221035
0,0,1,0,58,1,1,1,1,1,0,1,1,1,86.1,4890.5,0,0,0,1,1,0,0,0,0,1,0,3,0.0176019625881631,3,2,0,7,1.459322033898305,0,2,1,0,0,7,0.6659012629161883
0,0,0,1,7,1,0,0,0,0,0,0,0,0,19.45,136.75,0,0,1,0,0,0,1,0,0,0,1,0,0.1411978221415608,0,0,0,1,2.43125,0,1,0,0,0,1,0.3422982885085575
0,0,1,1,2,1,0,1,0,0,0,1,1,0,97.1,184.15,0,1,0,0,0,1,0,0,0,1,0,0,0.5244396435322711,1,2,1,4,32.36666666666667,1,0,1,1,0,4,0.020387359836901122
0,1,0,0,37,0,0,0,1,1,0,0,0,0,36.65,1315.0,0,1,0,0,1,0,0,0,0,1,0,2,0.0278495440729483,2,0,0,2,0.9644736842105263,0,0,1,0,1,2,0.9827357237715804
1,1,1,1,65,1,1,0,0,1,1,1,1,1,103.9,6767.1,0,0,1,0,0,1,0,1,0,0,0,3,0.0153514280226355,2,2,1,6,1.5742424242424242,0,1,1,0,0,6,0.6196377502383221
1,0,1,1,39,1,0,0,0,0,0,0,0,0,19.75,757.95,0,0,0,1,0,0,1,0,0,0,1,2,0.0260227946505039,0,0,0,1,0.49375,0,2,0,0,0,1,1.8795180722891567
0,0,1,0,66,1,1,0,1,0,1,1,1,1,104.05,6890.0,1,0,1,0,0,1,0,0,0,1,0,3,0.0150994050210419,2,2,1,6,1.5529850746268656,0,1,1,0,1,6,0.6282722513089005
0,0,0,0,68,1,1,0,0,0,0,0,0,0,24.55,1657.4,0,0,0,1,0,0,1,0,0,0,1,3,0.0148034249879401,0,0,0,2,0.3557971014492754,0,2,0,0,0,2,2.6614481409001955
1,0,1,1,62,0,0,1,1,0,1,1,0,0,48.7,3008.55,0,0,0,1,1,0,0,1,0,0,0,3,0.0161818212025053,3,1,0,4,0.773015873015873,0,2,1,0,0,4,1.2474849094567404
0,0,0,0,3,1,0,0,0,1,1,1,0,1,88.35,262.05,1,1,0,0,0,1,0,0,0,0,1,0,0.3358677057593613,2,1,0,4,22.0875,1,0,1,1,0,4,0.033575825405707894
1,0,1,0,72,1,1,1,1,1,0,1,1,1,109.55,8165.1,0,0,0,1,0,1,0,0,0,1,0,3,0.0134152165660474,3,2,1,7,1.5006849315068493,0,2,1,0,0,7,0.6512890094979648
1,0,1,0,41,1,0,0,0,0,0,0,0,0,20.65,875.55,0,0,0,1,0,0,1,0,1,0,0,2,0.0235582682105983,0,0,0,1,0.49166666666666664,0,2,0,0,0,1,1.8937644341801387
0,0,1,1,29,1,0,1,0,0,0,1,1,0,94.65,2649.15,1,1,0,0,0,1,0,0,1,0,0,2,0.0357149595305926,1,2,1,4,3.1550000000000002,0,0,1,1,0,4,0.30318870883429166
1,0,0,0,4,1,0,1,1,0,0,0,0,0,55.2,220.65,0,1,0,0,1,0,0,0,0,1,0,0,0.2490412812993458,2,0,0,3,11.040000000000001,0,0,1,0,0,3,0.07117437722419928
0,0,0,0,53,1,1,0,0,0,0,0,0,0,24.05,1301.9,0,0,1,0,0,0,1,1,0,0,0,3,0.0184588226264486,0,0,0,2,0.44537037037037036,0,1,0,0,0,2,2.1157684630738522
0,1,1,0,1,1,1,0,0,0,0,0,0,1,74.4,74.4,1,1,0,0,0,1,0,0,0,1,0,0,0.986737400530504,0,0,0,2,37.2,1,0,0,1,1,2,0.01326259946949602
1,0,1,1,41,1,1,1,1,1,1,0,1,0,79.9,3326.2,1,1,0,0,1,0,0,0,1,0,0,2,0.0240141861024284,4,1,0,7,1.9023809523809525,0,0,1,0,0,7,0.5067985166872682
0,0,1,0,39,1,0,0,0,0,0,0,0,1,20.45,790.0,0,0,0,1,0,0,1,1,0,0,0,2,0.0258533501896333,0,0,0,1,0.51125,0,2,0,0,0,1,1.8181818181818183
0,0,1,0,63,1,0,0,0,0,0,0,0,0,19.25,1237.65,0,0,0,1,0,0,1,0,0,0,1,3,0.0155411133088443,0,0,0,1,0.30078125,0,2,0,0,0,1,3.111111111111111
0,0,0,0,15,1,1,0,0,0,0,0,0,1,26.35,378.6,0,1,0,0,0,0,1,0,0,1,0,1,0.0694151738672286,0,0,0,2,1.646875,0,0,0,0,1,2,0.5484460694698354
1,0,1,0,13,1,0,0,0,0,0,0,0,0,43.8,592.65,0,0,1,0,1,0,0,0,0,1,0,1,0.0737808473005979,0,0,0,1,3.1285714285714286,0,1,0,0,1,1,0.29017857142857145
0,0,0,0,1,1,0,0,1,0,0,0,0,1,50.15,50.15,0,1,0,0,1,0,0,0,0,0,1,0,0.9804496578690128,1,0,0,2,25.075,0,0,1,0,0,2,0.019550342130987292
0,0,0,0,1,1,0,0,0,0,0,0,0,0,20.45,20.45,0,0,0,1,0,0,1,0,0,0,1,0,0.9533799533799534,0,0,0,1,10.225,0,2,0,0,0,1,0.046620046620046623
0,1,0,0,8,1,0,0,0,0,0,0,0,1,69.7,560.85,1,1,0,0,0,1,0,0,0,1,0,0,0.124054462934947,0,0,0,1,7.7444444444444445,0,0,0,1,1,1,0.11315417256011315
0,0,0,0,60,1,0,1,1,1,0,0,0,0,61.4,3638.25,0,0,0,1,1,0,0,0,0,1,0,3,0.0168716081610221,3,0,0,4,1.0065573770491802,0,2,1,0,0,4,0.9615384615384616
1,1,1,0,12,1,1,0,1,1,0,1,0,1,98.1,1060.2,1,1,0,0,0,1,0,0,0,1,0,0,0.0924425179042593,2,1,1,5,7.546153846153846,0,0,1,1,1,5,0.12108980827447025
0,0,1,0,40,1,1,0,1,0,1,1,0,0,70.75,2921.75,0,0,1,0,1,0,0,0,1,0,0,2,0.0242066546916431,2,1,0,5,1.725609756097561,0,1,1,0,0,5,0.5574912891986062
1,0,0,0,66,1,0,1,1,1,0,0,0,1,61.15,4017.45,0,0,0,1,1,0,0,1,0,0,0,3,0.0152173101569012,3,0,0,4,0.9126865671641791,0,2,1,0,0,4,1.0619469026548674
0,0,1,1,42,1,0,0,0,0,0,0,0,0,20.25,854.9,0,0,1,0,0,0,1,0,0,0,1,2,0.0236593059936908,0,0,0,1,0.47093023255813954,0,1,0,0,0,1,1.9764705882352942
1,1,0,0,66,1,1,1,1,0,1,0,0,1,63.85,4174.35,0,0,1,0,1,0,0,0,1,0,0,3,0.0152921311985821,3,0,0,5,0.9529850746268657,0,1,1,0,0,5,1.017733230531997
0,0,0,0,49,1,1,0,1,0,0,1,1,0,98.7,4920.55,0,1,0,0,0,1,0,0,0,1,0,3,0.0200546575773892,1,2,1,5,1.974,0,0,1,1,1,5,0.4914744232698094
1,0,0,0,1,1,0,0,0,0,0,0,0,0,20.5,20.5,1,1,0,0,0,0,1,0,0,0,1,0,0.9534883720930232,0,0,0,1,10.25,0,0,0,0,0,1,0.046511627906976744
1,0,0,0,41,1,0,0,0,0,0,0,0,0,20.0,810.3,0,0,0,1,0,0,1,0,0,0,1,2,0.0246517934179711,0,0,0,1,0.47619047619047616,0,2,0,0,0,1,1.9523809523809523
1,0,1,1,41,1,0,0,0,0,0,0,0,0,19.3,772.4,0,0,0,1,0,0,1,1,0,0,0,2,0.0249547452805792,0,0,0,1,0.45952380952380956,0,2,0,0,0,1,2.019704433497537
1,0,1,1,23,1,0,1,1,0,1,0,0,0,84.4,1936.85,0,1,0,0,0,1,0,0,0,0,1,1,0.0435534226075289,3,0,0,4,3.516666666666667,0,0,1,1,0,4,0.26932084309133486
0,0,0,0,3,0,0,0,0,0,0,0,0,0,25.1,79.8,0,1,0,0,1,0,0,0,0,1,0,0,0.3106435643564357,0,0,0,0,6.275,0,0,0,0,1,0,0.11494252873563218
1,0,0,0,4,0,0,1,0,1,1,0,1,0,48.25,202.25,0,1,0,0,1,0,0,0,0,0,1,0,0.2373923739237392,3,1,0,4,9.65,0,0,1,0,0,4,0.08121827411167512
1,0,1,1,52,1,0,0,0,0,0,0,0,0,19.85,1070.5,0,0,0,1,0,0,1,0,0,0,1,3,0.0185254316378908,0,0,0,1,0.3745283018867925,0,2,0,0,0,1,2.4940047961630696
1,1,1,0,4,1,1,1,0,0,0,1,1,1,99.6,347.65,1,1,0,0,0,1,0,0,0,1,0,0,0.2856733113437545,1,2,1,5,19.919999999999998,1,0,1,1,0,5,0.039761431411530816
1,0,0,0,11,1,0,0,1,1,1,0,1,1,94.2,999.9,0,1,0,0,0,1,0,0,0,1,0,0,0.0941152962333899,3,1,1,5,7.8500000000000005,1,0,1,1,1,5,0.11554621848739495
1,0,1,0,2,1,0,1,0,0,0,0,1,1,62.15,113.1,0,1,0,0,1,0,0,0,0,0,1,0,0.5446976336546889,1,1,0,3,20.716666666666665,0,0,1,0,0,3,0.03167062549485353
1,0,1,0,26,1,1,0,1,0,0,0,0,0,79.3,2015.8,0,1,0,0,0,1,0,1,0,0,0,2,0.0393197143990479,1,0,0,3,2.937037037037037,0,0,1,1,0,3,0.32378580323785805
0,0,1,1,24,1,0,1,0,1,0,0,0,1,56.25,1454.25,0,0,1,0,1,0,0,0,1,0,0,1,0.0386531523793162,2,0,0,3,2.25,0,1,1,0,0,3,0.4192139737991266
1,0,0,0,12,1,0,0,0,0,0,0,0,0,20.3,246.7,0,1,0,0,0,0,1,0,0,0,1,0,0.0819539765845781,0,0,0,1,1.5615384615384615,0,0,0,0,0,1,0.5633802816901409
0,1,1,0,60,1,1,0,0,0,1,1,1,1,99.0,6017.9,0,1,0,0,0,1,0,0,0,1,0,3,0.0164481882071474,1,2,1,5,1.6229508196721312,0,0,1,1,1,5,0.6
1,0,1,1,64,1,1,1,1,1,1,1,1,1,90.6,5817.45,0,0,0,1,1,0,0,0,0,0,1,3,0.0155711572669697,4,2,1,8,1.3938461538461537,0,2,1,0,0,8,0.6986899563318778
0,0,1,0,66,1,0,1,1,1,1,1,1,1,85.9,5595.3,0,0,0,1,1,0,0,1,0,0,0,3,0.0153494273001804,4,2,0,7,1.282089552238806,0,2,1,0,0,7,0.7594936708860759
1,0,0,0,60,1,1,0,0,1,0,0,0,1,79.2,4765.0,0,0,1,0,0,1,0,1,0,0,0,3,0.0166177087704574,1,0,0,3,1.298360655737705,0,1,1,0,0,3,0.7481296758104737
0,0,1,1,17,1,1,1,0,1,0,1,0,1,70.35,1201.65,0,0,1,0,1,0,0,1,0,0,0,1,0.0584958217270194,2,1,0,5,3.908333333333333,0,1,1,0,0,5,0.23826208829712686
0,0,1,1,42,1,0,0,0,0,0,0,0,0,19.35,867.3,0,0,0,1,0,0,1,0,0,0,1,2,0.0222849245652424,0,0,0,1,0.45,0,2,0,0,0,1,2.0638820638820636
0,0,0,0,1,1,1,0,0,0,0,0,0,1,50.15,50.15,0,1,0,0,1,0,0,0,0,1,0,0,0.9804496578690128,0,0,0,2,25.075,0,0,0,0,1,2,0.019550342130987292
1,0,1,1,47,1,0,0,1,0,1,0,1,0,63.8,3007.25,0,0,0,1,1,0,0,1,0,0,0,2,0.0212083437214327,2,1,0,4,1.3291666666666666,0,2,1,0,0,4,0.7253086419753086
1,0,1,0,10,1,0,0,0,0,0,0,0,1,20.55,252.75,0,1,0,0,0,0,1,0,0,0,1,0,0.0809852216748768,0,0,0,1,1.8681818181818182,0,0,0,0,0,1,0.46403712296983757
0,1,1,0,70,1,1,1,1,1,1,1,1,1,88.55,6306.5,0,0,0,1,1,0,0,0,1,0,0,3,0.0140388426476416,4,2,0,8,1.2471830985915493,0,2,1,0,0,8,0.7816862088218872
0,1,0,0,67,1,1,0,0,1,0,1,1,1,101.4,6841.05,0,1,0,0,0,1,0,0,1,0,0,3,0.0148201197009668,1,2,1,5,1.4911764705882353,0,0,1,1,0,5,0.654296875
1,0,0,0,1,1,0,0,0,0,0,0,1,1,81.95,81.95,1,1,0,0,0,1,0,0,0,1,0,0,0.9879445449065702,0,1,0,2,40.975,1,0,0,1,1,2,0.012055455093429776
0,0,1,0,7,1,0,0,0,0,0,0,0,1,69.35,451.1,1,1,0,0,0,1,0,0,0,1,0,0,0.1533952665339526,0,0,0,1,8.66875,0,0,0,1,1,1,0.09950248756218906
0,0,0,0,1,1,0,0,0,0,0,0,0,0,44.6,44.6,0,1,0,0,1,0,0,0,0,0,1,0,0.9780701754385964,0,0,0,1,22.3,0,0,0,0,0,1,0.021929824561403508
0,0,0,0,4,1,0,0,1,0,1,1,0,1,63.75,226.2,0,1,0,0,1,0,0,1,0,0,0,0,0.2805897887323944,2,1,0,4,12.75,0,0,1,0,0,4,0.06177606177606178
1,0,1,1,66,1,1,1,1,1,0,1,1,0,109.25,7082.5,0,0,0,1,0,1,0,1,0,0,0,3,0.015423166513729,3,2,1,7,1.6305970149253732,0,2,1,0,0,7,0.5986394557823129
1,0,0,0,12,1,0,0,1,0,0,0,1,1,84.6,1017.35,0,1,0,0,0,1,0,0,0,1,0,0,0.0830755634114008,1,1,0,3,6.507692307692308,0,0,1,1,1,3,0.14018691588785048
1,0,0,0,24,1,0,0,0,0,0,0,0,0,20.45,527.35,0,0,1,0,0,0,1,0,1,0,0,1,0.0387054036150279,0,0,0,1,0.818,0,1,0,0,0,1,1.118881118881119
0,0,0,0,26,1,0,0,1,0,0,1,0,1,85.75,2146.5,0,1,0,0,0,1,0,0,0,1,0,2,0.039930151338766,1,1,0,3,3.175925925925926,0,0,1,1,1,3,0.29971181556195964
1,0,0,0,6,1,0,0,0,0,0,1,1,1,91.1,455.3,1,1,0,0,0,1,0,0,0,1,0,0,0.1996493534955073,0,2,1,3,13.014285714285714,1,0,0,1,1,3,0.06514657980456026
0,0,1,0,57,1,1,0,0,1,1,1,1,0,107.95,5969.85,0,0,0,1,0,1,0,0,0,1,0,3,0.0180795029183449,2,2,1,6,1.861206896551724,0,2,1,0,1,6,0.523175768701239
0,0,1,0,14,1,1,0,0,0,0,1,0,1,86.1,1235.55,1,1,0,0,0,1,0,0,0,1,0,1,0.0696292103028587,0,1,0,3,5.739999999999999,0,0,0,1,1,3,0.16073478760045926
1,0,1,1,42,1,1,0,0,0,0,0,0,0,22.95,1014.25,0,0,0,1,0,0,1,0,0,1,0,2,0.0226052696380201,0,0,0,2,0.5337209302325582,0,2,0,0,1,2,1.7536534446764092
0,0,0,0,25,1,1,0,0,0,0,1,1,1,94.7,2362.1,1,1,0,0,0,1,0,1,0,0,0,2,0.0400744784393381,0,2,1,4,3.6423076923076922,0,0,0,1,0,4,0.2612330198537095
1,0,1,0,64,1,0,0,0,0,0,0,0,0,19.45,1225.65,0,0,0,1,0,0,1,0,1,0,0,3,0.0158561936982839,0,0,0,1,0.29923076923076924,0,2,0,0,0,1,3.12958435207824
0,0,1,0,22,1,1,0,0,0,0,0,1,1,85.1,1873.7,1,1,0,0,0,1,0,0,0,1,0,1,0.0453939296954179,0,1,0,3,3.6999999999999997,0,0,0,1,1,3,0.25551684088269455
0,0,0,0,19,1,0,0,0,0,0,0,0,1,19.7,386.5,0,0,1,0,0,0,1,0,1,0,0,1,0.0508387096774193,0,0,0,1,0.985,0,1,0,0,0,1,0.9178743961352658
1,0,1,1,61,1,1,0,1,0,0,1,1,1,99.15,6010.05,1,1,0,0,0,1,0,0,0,1,0,3,0.0164946224037397,1,2,1,5,1.599193548387097,0,0,1,1,1,5,0.6090863704443334
0,0,1,0,22,1,0,0,0,1,0,1,0,1,87.0,1850.65,0,1,0,0,0,1,0,1,0,0,0,1,0.0469851213782302,1,1,0,3,3.782608695652174,0,0,1,1,0,3,0.25
0,1,1,0,70,1,1,0,1,1,0,1,1,1,102.95,7101.5,1,1,0,0,0,1,0,0,0,1,0,3,0.0144948961633227,2,2,1,6,1.45,0,0,1,1,1,6,0.6734006734006733
0,0,0,0,12,1,0,0,0,0,0,0,1,1,79.95,1043.4,0,1,0,0,0,1,0,1,0,0,0,0,0.0765511298353121,0,1,0,2,6.15,0,0,0,1,0,2,0.14823965410747375
1,0,1,0,31,1,0,1,0,0,1,0,1,1,64.0,1910.75,0,0,1,0,1,0,0,0,0,1,0,2,0.0334771805936968,2,1,0,4,2.0,0,1,1,0,0,4,0.47692307692307695
1,0,0,0,11,1,0,0,0,0,0,1,1,1,64.9,716.1,0,1,0,0,1,0,0,0,0,1,0,0,0.0905034165388369,0,2,0,3,5.408333333333334,0,0,0,0,1,3,0.16691957511380878
0,0,1,1,68,1,1,0,0,0,0,0,0,0,25.75,1686.15,0,0,0,1,0,0,1,0,0,0,1,3,0.0152624247992176,0,0,0,2,0.37318840579710144,0,2,0,0,0,2,2.542056074766355
1,1,1,1,72,1,1,1,1,1,1,1,1,1,90.15,6716.45,0,0,0,1,1,0,0,1,0,0,0,3,0.0134202710850099,4,2,1,8,1.2349315068493152,0,2,1,0,0,8,0.7899067471201316
0,1,0,0,67,1,1,1,1,1,1,1,1,1,116.1,7839.85,0,0,0,1,0,1,0,0,1,0,0,3,0.0148070681112379,4,2,1,8,1.7073529411764705,0,2,1,0,0,8,0.5721605465414176
1,0,0,0,60,1,0,1,0,1,1,1,1,1,104.95,6236.75,0,1,0,0,0,1,0,1,0,0,0,3,0.0168249769548314,3,2,1,6,1.7204918032786887,0,0,1,1,0,6,0.5663048607833884
0,0,0,0,1,1,0,0,0,0,0,0,0,1,45.05,45.05,1,1,0,0,1,0,0,0,0,0,1,0,0.97828447339848,0,0,0,1,22.525,0,0,0,0,0,1,0.02171552660152009
1,1,0,1,1,1,0,0,0,0,0,0,0,1,71.0,71.0,1,1,0,0,0,1,0,0,0,1,0,0,0.9861111111111112,0,0,0,1,35.5,1,0,0,1,1,1,0.013888888888888888
0,0,1,1,58,0,0,1,1,1,0,1,0,0,50.0,2919.85,0,0,1,0,1,0,0,0,0,0,1,3,0.0171183046031121,3,1,0,4,0.847457627118644,0,1,1,0,0,4,1.1372549019607843
1,1,1,1,47,1,0,0,0,0,0,0,0,0,70.55,3309.25,1,1,0,0,0,1,0,1,0,0,0,2,0.0213125896835586,0,0,0,1,1.4697916666666666,0,0,0,1,0,1,0.6568832983927324
1,0,0,0,1,1,0,0,0,0,0,0,1,1,79.7,79.7,1,1,0,0,0,1,0,0,0,1,0,0,0.9876084262701365,0,1,0,2,39.85,1,0,0,1,1,2,0.012391573729863692
0,0,0,0,1,1,0,0,0,0,0,0,0,0,20.45,20.45,0,1,0,0,0,0,1,0,0,0,1,0,0.9533799533799534,0,0,0,1,10.225,0,0,0,0,0,1,0.046620046620046623
0,0,0,0,22,1,1,1,1,0,0,0,0,0,59.0,1254.7,1,1,0,0,1,0,0,0,0,1,0,1,0.0469857450027872,2,0,0,4,2.5652173913043477,0,0,1,0,0,4,0.36666666666666664
1,0,0,0,48,1,0,1,0,1,1,0,0,1,60.35,2896.4,1,0,1,0,1,0,0,0,1,0,0,2,0.0208290191205908,3,0,0,4,1.2316326530612245,0,1,1,0,0,4,0.7823960880195598
1,0,1,0,37,1,0,0,0,0,0,0,0,1,19.85,717.5,0,0,1,0,0,0,1,1,0,0,0,2,0.0276270006958942,0,0,0,1,0.5223684210526316,0,1,0,0,0,1,1.7745803357314147
0,0,0,0,13,1,0,0,0,0,0,0,0,1,19.95,253.8,0,0,1,0,0,0,1,0,0,1,0,1,0.0782967032967033,0,0,0,1,1.425,0,1,0,0,1,1,0.6205250596658711
0,0,0,0,43,1,1,0,0,0,0,0,0,0,26.45,1110.05,0,0,0,1,0,0,1,1,0,0,0,2,0.023806309347014,0,0,0,2,0.6011363636363636,0,2,0,0,0,2,1.5664845173041895
1,0,0,0,6,0,0,1,1,1,1,1,1,1,63.4,348.8,0,0,0,1,1,0,0,0,0,0,1,0,0.1812464265294454,4,2,0,6,9.057142857142857,0,2,1,0,0,6,0.09316770186335403
0,0,0,0,71,0,0,1,1,1,1,1,0,0,53.95,3888.65,0,0,0,1,1,0,0,1,0,0,0,3,0.0138701425578136,4,1,0,5,0.7493055555555556,0,2,1,0,0,5,1.292083712465878
1,1,1,1,1,1,0,0,0,0,0,0,0,1,69.25,69.25,1,1,0,0,0,1,0,0,0,1,0,0,0.9857651245551602,0,0,0,1,34.625,0,0,0,1,1,1,0.014234875444839857
1,0,1,1,72,1,1,1,1,0,0,1,0,1,95.1,6843.15,0,0,0,1,0,1,0,0,0,1,0,3,0.0138950782785298,2,1,1,5,1.3027397260273972,0,2,1,0,0,5,0.7492195629552549
1,1,0,0,6,1,0,1,0,0,0,0,0,1,74.1,450.9,0,1,0,0,0,1,0,0,0,1,0,0,0.1639743306041159,1,0,0,2,10.585714285714285,1,0,1,1,0,2,0.07989347536617844
0,0,1,1,12,0,0,0,1,0,1,0,0,0,35.5,432.25,0,1,0,0,1,0,0,0,0,0,1,0,0.081938834391229,2,0,0,2,2.730769230769231,0,0,1,0,0,2,0.3287671232876712
0,0,0,0,25,1,0,0,0,0,0,0,0,0,70.95,1767.35,1,1,0,0,0,1,0,0,0,0,1,2,0.0401221477648655,0,0,0,1,2.728846153846154,0,0,0,1,0,1,0.34746351633078526
1,0,1,0,21,1,0,0,0,1,1,0,0,0,79.2,1742.45,0,0,1,0,0,1,0,0,0,1,0,1,0.0454271702658521,2,0,0,3,3.6,0,1,1,0,1,3,0.26184538653366585
1,0,1,1,6,1,0,0,0,0,1,0,0,1,48.8,297.35,0,1,0,0,1,0,0,0,0,0,1,0,0.16356628121334,1,0,0,2,6.971428571428571,0,0,1,0,0,2,0.12048192771084339
0,0,1,0,20,1,0,0,0,0,0,1,1,1,89.0,1820.45,1,1,0,0,0,1,0,0,0,0,1,1,0.0488621702489774,0,2,0,3,4.238095238095238,0,0,0,1,0,3,0.2222222222222222
0,0,1,0,18,1,1,1,0,0,0,1,1,1,99.4,1742.95,1,1,0,0,0,1,0,0,0,1,0,1,0.056997046933685,1,2,1,5,5.231578947368422,0,0,1,1,0,5,0.1792828685258964
1,0,0,0,43,1,0,0,1,0,1,0,0,0,55.45,2444.25,0,0,1,0,1,0,0,0,0,1,0,2,0.0226766179327267,2,0,0,3,1.2602272727272728,0,1,1,0,1,3,0.7617360496014172
1,0,1,1,35,1,1,0,0,0,0,0,0,1,25.4,949.8,0,0,0,1,0,0,1,0,1,0,0,2,0.0267143458140513,0,0,0,2,0.7055555555555555,0,2,0,0,0,2,1.325757575757576
1,0,0,0,1,1,0,0,0,1,0,0,0,0,73.5,73.5,1,1,0,0,0,1,0,1,0,0,0,0,0.9865771812080536,1,0,0,2,36.75,1,0,1,1,0,2,0.013422818791946308
0,1,1,0,32,1,1,0,1,1,0,0,1,1,93.5,2970.8,0,1,0,0,0,1,0,0,0,1,0,2,0.0314624133521771,2,1,1,5,2.8333333333333335,0,0,1,1,1,5,0.3386243386243386
0,0,0,0,52,0,0,1,1,1,1,1,1,0,63.9,3334.95,0,0,0,1,1,0,0,0,1,0,0,3,0.0191549633537672,4,2,0,6,1.2056603773584906,0,2,1,0,0,6,0.8012326656394453
0,0,0,0,32,1,0,0,0,0,0,1,1,1,64.85,2010.95,0,0,1,0,1,0,0,1,0,0,0,2,0.0322324113422301,0,2,0,3,1.9651515151515149,0,1,0,0,0,3,0.48595292331055434
1,0,1,1,72,0,0,1,1,1,1,1,1,1,63.8,4684.3,0,0,0,1,1,0,0,1,0,0,0,3,0.0136170576057029,4,2,0,6,0.873972602739726,0,2,1,0,0,6,1.1111111111111112
0,0,0,0,51,0,0,1,0,0,1,0,1,1,44.45,2181.55,0,1,0,0,1,0,0,0,1,0,0,3,0.020366085542141,2,1,0,3,0.8548076923076924,0,0,1,0,0,3,1.1221122112211221
0,0,1,1,68,1,0,0,0,0,0,0,0,1,19.95,1303.25,0,0,0,1,0,0,1,1,0,0,0,3,0.0152961472110408,0,0,0,1,0.2891304347826087,0,2,0,0,0,1,3.24582338902148
0,1,1,0,8,0,0,0,1,1,0,0,1,1,43.35,371.4,0,1,0,0,1,0,0,0,0,0,1,0,0.11640708915145,2,1,0,3,4.816666666666666,0,0,1,0,0,3,0.18038331454340473
0,0,1,0,49,0,0,0,1,0,0,1,1,0,49.65,2409.9,0,0,0,1,1,0,0,0,1,0,0,3,0.0205939690571985,1,2,0,3,0.993,0,2,1,0,0,3,0.9674234945705824
1,0,1,0,72,1,0,1,1,1,1,1,1,0,85.1,6155.4,0,0,0,1,1,0,0,0,0,0,1,3,0.0138230134494184,4,2,0,7,1.165753424657534,0,2,1,0,0,7,0.8362369337979094
0,0,0,0,9,1,1,0,0,0,0,1,1,1,95.5,829.1,1,1,0,0,0,1,0,0,0,1,0,0,0.1150463799542223,0,2,1,4,9.55,1,0,0,1,1,4,0.09326424870466321
1,0,1,0,28,1,0,1,0,0,0,1,1,1,92.35,2602.9,1,1,0,0,0,1,0,0,0,0,1,2,0.0354660317216482,1,2,1,4,3.1844827586206894,0,0,1,1,0,4,0.29994643813604716
0,0,0,0,54,1,0,1,0,1,0,1,0,0,89.8,4667.0,0,1,0,0,0,1,0,0,0,0,1,3,0.0192373607540702,2,1,0,4,1.6327272727272726,0,0,1,1,0,4,0.5947136563876653
0,0,0,0,11,1,0,0,1,0,0,0,0,1,74.55,824.75,1,1,0,0,0,1,0,0,0,1,0,0,0.0902815622161671,1,0,0,2,6.2124999999999995,1,0,1,1,1,2,0.14559894109861019
1,0,1,1,50,1,0,0,0,1,1,1,1,0,103.05,5153.5,0,0,1,0,0,1,0,0,0,0,1,3,0.0199922397904743,2,2,1,5,2.0205882352941176,0,1,1,0,0,5,0.4805382027871216
1,0,1,0,69,1,1,1,1,1,1,1,1,1,116.0,8182.85,0,0,0,1,0,1,0,0,0,1,0,3,0.0141742578370815,4,2,1,8,1.6571428571428573,0,2,1,0,0,8,0.5897435897435898
0,0,0,0,1,1,0,0,0,0,0,0,0,1,69.9,69.9,0,1,0,0,0,1,0,0,0,1,0,0,0.9858956276445698,0,0,0,1,34.95,0,0,0,1,1,1,0.014104372355430182
0,0,1,1,68,1,0,1,1,0,1,0,1,0,95.1,6683.4,0,0,0,1,0,1,0,1,0,0,0,3,0.0142271557656633,3,1,1,5,1.3782608695652172,0,2,1,0,0,5,0.7075962539021853
0,0,0,1,40,0,0,1,1,0,1,0,0,0,40.25,1564.05,0,0,1,0,1,0,0,0,0,0,1,2,0.0257180281780134,3,0,0,3,0.9817073170731707,0,1,1,0,0,3,0.9696969696969697
0,0,1,1,31,1,1,0,0,0,0,0,0,0,25.75,755.6,0,0,0,1,0,0,1,0,0,0,1,2,0.0340338355802273,0,0,0,2,0.8046875,0,2,0,0,0,2,1.158878504672897
1,1,0,1,33,1,1,0,1,1,0,1,1,1,105.35,3465.05,0,1,0,0,0,1,0,1,0,0,0,2,0.0303948298495405,2,2,1,6,3.0985294117647055,0,0,1,1,0,6,0.31029619181946405
0,1,1,0,55,1,1,0,1,1,1,1,1,1,113.6,6292.7,0,0,0,1,0,1,0,0,0,1,0,3,0.0180497958275736,3,2,1,7,2.0285714285714285,0,2,1,0,1,7,0.4799301919720768
0,0,1,1,68,1,1,0,0,0,0,0,0,1,24.0,1664.3,0,0,0,1,0,0,1,1,0,0,0,3,0.0144118176905062,0,0,0,2,0.34782608695652173,0,2,0,0,0,2,2.72
1,0,1,1,12,1,0,0,0,0,0,0,0,0,19.4,198.1,0,1,0,0,0,0,1,1,0,0,0,0,0.0974384731290808,0,0,0,1,1.4923076923076921,0,0,0,0,0,1,0.5882352941176471
0,0,1,0,71,1,0,1,1,1,1,1,1,1,86.1,6045.9,0,0,0,1,1,0,0,1,0,0,0,3,0.0142387008219087,4,2,0,7,1.1958333333333333,0,2,1,0,0,7,0.8151549942594719
0,0,0,0,40,1,1,0,1,1,0,1,1,1,102.65,4108.15,0,1,0,0,0,1,0,0,0,0,1,2,0.0249808354525875,2,2,1,6,2.503658536585366,0,0,1,1,0,6,0.38591413410516157
1,0,1,1,64,1,1,0,1,1,0,0,1,1,92.85,5980.75,0,0,1,0,0,1,0,0,0,1,0,3,0.0155222133990888,2,1,1,5,1.4284615384615384,0,1,1,0,1,5,0.6819392647842302
0,0,1,0,53,1,1,0,1,0,1,0,1,0,97.75,5043.2,0,0,1,0,0,1,0,1,0,0,0,3,0.0193786923595416,2,1,1,5,1.8101851851851851,0,1,1,0,0,5,0.5367088607594936
0,1,0,0,12,1,0,0,1,1,1,0,0,1,83.8,1029.75,1,1,0,0,0,1,0,0,0,0,1,0,0.0813000242541838,3,0,0,4,6.446153846153846,0,0,1,1,0,4,0.14150943396226415
0,1,0,0,53,0,0,0,1,1,0,1,1,1,54.45,2854.55,1,1,0,0,1,0,0,0,0,1,0,3,0.0190681304827441,2,2,0,4,1.0083333333333333,0,0,1,0,1,4,0.9558160504959422
0,0,1,0,72,1,1,1,1,1,0,1,0,1,97.95,7114.25,0,0,0,1,0,1,0,0,1,0,0,3,0.0137662063876884,3,1,1,6,1.3417808219178082,0,2,1,0,0,6,0.7276402223345123
0,0,0,0,46,1,0,0,0,0,0,0,0,0,19.95,907.05,0,0,0,1,0,0,1,0,0,1,0,2,0.0219701558284235,0,0,0,1,0.42446808510638295,0,2,0,0,1,1,2.1957040572792366
0,0,0,0,40,1,1,0,0,0,0,0,0,1,24.6,973.95,0,0,0,1,0,0,1,0,0,0,1,2,0.0252320631827273,0,0,0,2,0.6000000000000001,0,2,0,0,0,2,1.5625
0,0,0,0,12,0,0,1,1,0,1,1,0,1,50.95,605.75,0,1,0,0,1,0,0,1,0,0,0,0,0.0839719818706221,3,1,0,4,3.9192307692307695,0,0,1,0,0,4,0.23099133782483156
0,0,0,0,9,1,0,1,0,0,0,0,0,0,75.6,661.55,0,1,0,0,0,1,0,0,0,1,0,0,0.1141045958795562,1,0,0,2,7.56,1,0,1,1,0,2,0.1174934725848564
1,0,1,1,51,1,1,0,0,0,1,0,0,1,80.75,4116.9,0,1,0,0,0,1,0,0,0,1,0,3,0.0196095097015469,1,0,0,3,1.5528846153846154,0,0,1,1,1,3,0.6238532110091743
0,0,1,1,49,1,0,0,1,1,0,1,0,1,90.4,4494.65,0,1,0,0,0,1,0,0,1,0,0,3,0.0201083269382625,2,1,1,4,1.808,0,0,1,1,0,4,0.5361050328227571
0,1,1,0,41,1,1,0,0,1,0,1,1,1,99.8,4259.3,1,1,0,0,0,1,0,0,0,1,0,2,0.0234255803581907,1,2,1,5,2.376190476190476,0,0,1,1,1,5,0.40674603174603174
1,0,0,0,56,1,0,1,0,1,1,0,0,1,60.25,3282.75,0,0,1,0,1,0,0,0,1,0,0,3,0.0183479253901789,3,0,0,4,1.0570175438596492,0,1,1,0,0,4,0.9142857142857143
0,0,0,0,4,1,0,0,0,0,0,0,0,1,20.2,55.7,0,1,0,0,0,0,1,0,0,1,0,0,0.3562610229276896,0,0,0,1,4.04,0,0,0,0,1,1,0.18867924528301888
0,0,1,0,20,1,0,1,0,0,1,0,1,1,64.15,1274.45,0,0,1,0,1,0,0,0,0,0,1,1,0.0502959739699713,2,1,0,4,3.054761904761905,0,1,1,0,0,4,0.3069838833461243
1,0,1,1,26,1,0,0,0,0,0,0,0,1,20.25,493.95,0,1,0,0,0,0,1,0,1,0,0,2,0.0409132235579351,0,0,0,1,0.75,0,0,0,0,0,1,1.223529411764706
1,0,1,1,20,1,1,0,1,1,0,1,1,1,105.85,2239.65,1,1,0,0,0,1,0,1,0,0,0,1,0.0472407560306161,2,2,1,6,5.04047619047619,0,0,1,1,0,6,0.18717828731867103
1,0,0,0,7,1,1,0,0,0,0,0,0,0,75.45,480.75,1,1,0,0,0,1,0,0,0,0,1,0,0.1566165023352361,0,0,0,2,9.43125,1,0,0,1,0,2,0.09156311314584696
0,0,0,0,7,1,1,0,0,0,0,1,1,1,93.85,635.6,1,1,0,0,0,1,0,0,0,1,0,0,0.1474238140119384,0,2,1,4,11.73125,1,0,0,1,1,4,0.07380073800738007
0,0,0,0,51,1,0,0,1,1,0,1,1,1,99.0,5038.15,0,1,0,0,0,1,0,0,0,1,0,3,0.0196461704851016,2,2,1,5,1.9038461538461537,0,0,1,1,1,5,0.51
1,0,0,0,4,1,1,0,1,0,0,0,0,1,80.3,324.2,0,1,0,0,0,1,0,0,0,0,1,0,0.2469249692496924,1,0,0,3,16.06,1,0,1,1,0,3,0.04920049200492005
1,0,0,0,1,1,0,0,0,0,0,0,0,0,19.55,19.55,0,1,0,0,0,0,1,0,1,0,0,0,0.951338199513382,0,0,0,1,9.775,0,0,0,0,0,1,0.048661800486618
0,0,1,1,27,1,1,1,1,0,1,1,0,0,100.75,2793.55,0,1,0,0,0,1,0,0,0,1,0,2,0.0360523161152958,3,1,1,6,3.5982142857142856,0,0,1,1,0,6,0.26535626535626533
0,0,0,0,22,1,1,1,0,0,0,1,1,1,100.75,2095.0,1,1,0,0,0,1,0,0,0,1,0,1,0.048067748091603,1,2,1,5,4.380434782608695,0,0,1,1,0,5,0.21621621621621623
0,0,0,0,12,1,0,0,1,0,1,0,0,1,53.75,648.65,0,1,0,0,1,0,0,0,0,0,1,0,0.0827368583083198,2,0,0,3,4.134615384615385,0,0,1,0,0,3,0.2191780821917808
1,0,1,1,3,0,0,0,0,0,1,0,0,1,31.0,95.05,1,1,0,0,1,0,0,0,0,0,1,0,0.3227485684539302,1,0,0,1,7.75,0,0,1,0,0,1,0.09375
1,0,1,1,34,1,1,0,0,0,0,0,0,1,25.6,917.15,0,0,1,0,0,0,1,0,1,0,0,2,0.0278821543320808,0,0,0,2,0.7314285714285714,0,1,0,0,0,2,1.2781954887218046
0,0,1,0,24,1,1,1,0,0,1,0,0,1,58.35,1346.9,0,0,1,0,1,0,0,0,0,1,0,1,0.0432895615401736,2,0,0,4,2.334,0,1,1,0,0,4,0.40438079191238413
0,0,0,0,51,1,1,0,0,1,0,0,0,0,80.0,4242.35,1,1,0,0,0,1,0,0,1,0,0,3,0.0188530288569172,1,0,0,3,1.5384615384615385,0,0,1,1,0,3,0.6296296296296297
1,1,0,0,14,0,0,0,0,0,0,1,1,1,46.35,672.7,0,1,0,0,1,0,0,0,0,1,0,1,0.0687991687694819,0,2,0,2,3.0900000000000003,0,0,0,0,1,2,0.29567053854276665
0,0,1,0,59,1,1,1,1,1,1,1,1,0,113.75,6561.25,0,0,0,1,0,1,0,0,0,1,0,3,0.0173339936759495,4,2,1,8,1.8958333333333333,0,2,1,0,0,8,0.514161220043573
0,0,0,0,3,1,0,0,1,1,0,0,1,0,90.4,268.45,0,1,0,0,0,1,0,0,0,1,0,0,0.3354982371497495,2,1,1,4,22.6,1,0,1,1,1,4,0.03282275711159737
1,0,1,1,65,1,1,1,0,1,1,1,1,0,109.3,7337.55,0,0,0,1,0,1,0,0,0,1,0,3,0.0148939504398007,3,2,1,7,1.656060606060606,0,2,1,0,0,7,0.5893019038984587
0,1,0,0,5,1,0,0,0,0,0,0,0,1,70.25,331.9,1,1,0,0,0,1,0,0,0,0,1,0,0.2110243316311204,0,0,0,1,11.708333333333334,1,0,0,1,0,1,0.07017543859649122
1,0,1,1,59,1,1,1,1,1,1,1,1,0,90.3,5194.05,0,0,0,1,1,0,0,0,1,0,0,3,0.0173819308765074,4,2,1,8,1.505,0,2,1,0,0,8,0.6462212486308873
0,0,1,1,72,0,0,1,1,1,1,1,1,1,65.25,4478.85,0,0,0,1,1,0,0,0,1,0,0,3,0.0145652198176278,4,2,0,6,0.8938356164383562,0,2,1,0,0,6,1.0867924528301887
1,0,1,1,62,1,0,0,1,1,0,1,1,1,100.15,6283.3,1,1,0,0,0,1,0,0,0,1,0,3,0.0159365402670146,2,2,1,5,1.5896825396825398,0,0,1,1,1,5,0.6129510627780523
0,0,0,0,28,1,1,1,1,0,0,0,1,1,94.5,2659.4,1,1,0,0,0,1,0,0,1,0,0,2,0.0355209742895805,2,1,1,5,3.2586206896551726,0,0,1,1,0,5,0.2931937172774869
0,0,0,0,3,1,0,0,0,0,1,0,1,0,60.65,196.9,0,1,0,0,1,0,0,0,0,0,1,0,0.3064679130874179,1,1,0,3,15.1625,0,0,1,0,0,3,0.04866180048661801
0,0,0,1,19,1,1,0,0,0,0,0,0,1,24.1,439.2,0,1,0,0,0,0,1,0,1,0,0,1,0.0547478418900499,0,0,0,2,1.205,0,0,0,0,0,2,0.7569721115537849
0,0,0,0,1,1,0,0,0,0,0,0,0,1,19.5,19.5,0,1,0,0,0,0,1,0,0,0,1,0,0.951219512195122,0,0,0,1,9.75,0,0,0,0,0,1,0.04878048780487805
0,0,0,0,24,1,0,0,1,1,1,0,0,1,85.95,2107.15,0,1,0,0,0,1,0,0,0,1,0,1,0.0407703436662476,3,0,0,4,3.438,0,0,1,1,1,4,0.27602070155261643
0,1,0,0,57,1,0,0,0,1,1,0,0,1,53.5,3035.8,0,0,1,0,1,0,0,0,0,1,0,3,0.0176172286617492,2,0,0,3,0.9224137931034483,0,1,1,0,1,3,1.0458715596330275
1,0,0,0,72,1,1,0,0,0,0,0,0,0,25.45,1866.45,0,0,0,1,0,0,1,0,1,0,0,3,0.0136282095906182,0,0,0,2,0.34863013698630135,0,2,0,0,0,2,2.7221172022684312
0,0,0,0,67,1,0,0,0,0,0,0,0,0,20.5,1430.95,0,0,0,1,0,0,1,1,0,0,0,3,0.0143161423234051,0,0,0,1,0.3014705882352941,0,2,0,0,0,1,3.116279069767442
0,0,1,1,52,1,0,0,0,0,0,0,0,1,20.85,1071.6,0,0,1,0,0,0,1,0,1,0,0,3,0.0194387469699794,0,0,0,1,0.39339622641509436,0,1,0,0,0,1,2.379862700228833
0,0,1,1,71,1,1,1,1,1,1,1,1,0,89.9,6457.15,0,0,0,1,1,0,0,0,1,0,0,3,0.0139203951596045,4,2,1,8,1.2486111111111111,0,2,1,0,0,8,0.781078107810781
1,0,1,0,26,1,1,0,0,0,0,0,0,0,26.0,684.05,0,0,1,0,0,0,1,0,0,0,1,2,0.0379534340559083,0,0,0,2,0.9629629629629629,0,1,0,0,0,2,0.9629629629629629
1,0,0,0,35,1,1,1,1,1,1,1,1,1,113.2,3914.05,0,0,0,1,0,1,0,0,0,0,1,2,0.0289140624002247,4,2,1,8,3.1444444444444444,0,2,1,0,0,8,0.30647985989492116
1,0,1,1,55,1,0,0,0,0,0,0,0,1,69.05,3842.6,0,0,0,1,0,1,0,0,1,0,0,3,0.0179649287126652,0,0,0,1,1.2330357142857142,0,2,0,0,0,1,0.7851534618129907
1,0,1,1,33,1,0,0,0,0,0,0,0,0,20.1,670.35,0,0,0,1,0,0,1,0,0,0,1,2,0.0299396737916139,0,0,0,1,0.5911764705882353,0,2,0,0,0,1,1.5639810426540284
0,0,1,0,72,1,1,1,1,1,0,1,1,1,109.65,7880.25,0,0,0,1,0,1,0,0,0,1,0,3,0.0139127676447264,3,2,1,7,1.502054794520548,0,2,1,0,0,7,0.6507004066877542
0,0,0,1,1,1,0,0,0,0,0,0,0,1,19.2,19.2,0,1,0,0,0,0,1,0,0,0,1,0,0.9504950495049505,0,0,0,1,9.6,0,0,0,0,0,1,0.04950495049504951
0,0,0,0,10,0,0,0,0,0,0,0,1,1,33.9,298.45,1,1,0,0,1,0,0,0,0,0,1,0,0.1132075471698113,0,1,0,1,3.0818181818181816,0,0,0,0,0,1,0.2865329512893983
1,1,1,0,37,1,0,0,0,1,1,1,0,0,90.0,3371.75,0,1,0,0,0,1,0,0,0,1,0,2,0.0266844563042028,2,1,1,4,2.3684210526315788,0,0,1,1,1,4,0.4065934065934066
0,0,0,0,12,0,0,0,1,0,1,0,0,0,34.0,442.45,0,1,0,0,1,0,0,0,0,0,1,0,0.0766715525989401,2,0,0,2,2.6153846153846154,0,0,1,0,0,2,0.34285714285714286
0,0,1,1,1,1,0,0,0,0,0,0,0,0,20.4,20.4,0,0,1,0,0,0,1,0,0,0,1,0,0.9532710280373832,0,0,0,1,10.2,0,1,0,0,0,1,0.04672897196261683
0,0,1,0,62,0,0,1,1,0,1,0,0,1,38.6,2345.55,0,0,0,1,1,0,0,0,1,0,0,3,0.016449681447231,3,0,0,3,0.6126984126984127,0,2,1,0,0,3,1.5656565656565655
1,0,0,0,1,0,0,0,0,0,0,0,0,0,25.25,25.25,0,1,0,0,1,0,0,1,0,0,0,0,0.961904761904762,0,0,0,0,12.625,0,0,0,0,0,0,0.0380952380952381
1,0,0,0,18,1,1,1,0,1,0,0,0,1,60.6,1156.35,0,1,0,0,1,0,0,0,0,0,1,1,0.0523609971054564,2,0,0,4,3.1894736842105265,0,0,1,0,0,4,0.2922077922077922
0,1,1,0,69,1,1,0,1,0,0,1,0,1,89.95,6143.15,1,1,0,0,0,1,0,0,0,1,0,3,0.0146399420587062,1,1,1,4,1.2850000000000001,0,0,1,1,1,4,0.7586586036283672
0,0,0,0,2,1,0,0,1,0,0,0,0,1,74.75,144.8,0,1,0,0,0,1,0,0,0,1,0,0,0.5126886145404663,1,0,0,2,24.916666666666668,1,0,1,1,1,2,0.026402640264026403
0,0,1,1,19,1,0,0,0,0,0,0,0,0,20.6,414.95,0,1,0,0,0,0,1,0,0,0,1,1,0.0495251833153023,0,0,0,1,1.03,0,0,0,0,0,1,0.8796296296296295
0,0,0,0,12,1,1,0,0,0,0,1,0,1,84.45,1059.55,1,1,0,0,0,1,0,0,0,1,0,0,0.0796284946490028,0,1,0,3,6.496153846153846,0,0,0,1,1,3,0.1404330017554125
0,0,0,0,9,1,0,0,0,0,0,0,0,0,20.4,181.8,0,1,0,0,0,0,1,0,0,0,1,0,0.111597374179431,0,0,0,1,2.04,0,0,0,0,0,1,0.42056074766355145
0,0,0,0,27,1,0,1,0,1,1,1,1,0,81.7,2212.55,0,0,1,0,1,0,0,0,0,1,0,2,0.0369090375189175,3,2,0,6,2.917857142857143,0,1,1,0,0,6,0.3264812575574365
0,0,0,1,27,1,1,0,0,0,1,0,0,1,79.5,2180.55,1,1,0,0,0,1,0,0,0,1,0,2,0.0364419793266255,1,0,0,3,2.8392857142857144,0,0,1,1,1,3,0.33540372670807456
0,0,1,1,1,1,0,0,0,0,0,1,1,0,89.15,89.15,1,1,0,0,0,1,0,0,0,0,1,0,0.9889073765945646,0,2,0,3,44.575,1,0,0,1,0,3,0.011092623405435384
1,1,0,0,24,1,0,0,0,0,0,0,0,1,20.3,459.95,0,1,0,0,0,0,1,0,0,0,1,1,0.0440394836750189,0,0,0,1,0.812,0,0,0,0,0,1,1.1267605633802817
0,1,0,0,14,1,1,0,0,0,0,0,0,1,74.95,1036.75,1,1,0,0,0,1,0,0,0,1,0,1,0.0722235605878101,0,0,0,2,4.996666666666667,0,0,0,1,1,2,0.18433179723502305
1,1,0,0,32,1,0,0,1,0,0,0,0,1,74.4,2276.95,1,1,0,0,0,1,0,0,0,1,0,2,0.0326609451480497,1,0,0,2,2.254545454545455,0,0,1,1,1,2,0.42440318302387264
1,0,0,0,11,1,0,0,0,0,0,0,0,0,20.0,211.95,0,0,1,0,0,0,1,0,0,0,1,0,0.0939187602723644,0,0,0,1,1.6666666666666667,0,1,0,0,0,1,0.5238095238095238
0,0,0,0,1,1,1,0,0,0,0,0,0,1,25.0,25.0,0,1,0,0,0,0,1,0,0,0,1,0,0.9615384615384616,0,0,0,2,12.5,0,0,0,0,0,2,0.038461538461538464
0,1,0,1,38,1,1,1,0,0,0,0,0,1,80.45,3162.65,0,1,0,0,0,1,0,0,0,0,1,2,0.0254294880912869,1,0,0,3,2.062820512820513,0,0,1,1,0,3,0.4665438919582566
1,0,1,1,9,1,0,0,0,0,0,0,0,0,19.75,210.65,0,0,0,1,0,0,1,0,0,0,1,0,0.0933144342074179,0,0,0,1,1.975,0,2,0,0,0,1,0.43373493975903615
0,0,1,1,54,1,1,1,1,0,1,0,0,1,65.65,3566.7,0,0,0,1,1,0,0,0,1,0,0,3,0.0184012108641421,3,0,0,5,1.1936363636363638,0,2,1,0,0,5,0.8102025506376593
1,0,0,0,29,1,1,0,0,0,0,1,1,1,71.0,2080.1,0,0,1,0,1,0,0,0,1,0,0,2,0.0341165729662197,0,2,0,4,2.3666666666666667,0,1,0,0,0,4,0.4027777777777778
0,1,1,0,44,1,1,0,0,1,0,1,0,1,89.2,4040.2,0,1,0,0,0,1,0,0,0,1,0,2,0.0220726516876175,1,1,0,4,1.9822222222222223,0,0,1,1,1,4,0.4878048780487805
0,0,1,1,59,1,0,1,1,1,1,1,1,1,86.75,5186.0,0,0,0,1,1,0,0,0,0,1,0,3,0.0167245035666088,4,2,0,7,1.4458333333333333,0,2,1,0,0,7,0.6723646723646723
1,0,0,0,3,1,0,0,0,0,0,0,1,1,55.3,196.15,1,1,0,0,1,0,0,0,0,1,0,0,0.2804970834390058,0,1,0,2,13.825,0,0,0,0,1,2,0.05328596802841919
1,0,1,1,18,1,0,1,1,0,1,0,0,1,61.5,1087.45,0,0,1,0,1,0,0,0,0,0,1,1,0.0565023657494602,3,0,0,4,3.236842105263158,0,1,1,0,0,4,0.288
0,1,0,0,67,1,1,0,0,0,0,0,0,0,25.1,1672.15,0,0,0,1,0,0,1,0,1,0,0,3,0.0150016436063712,0,0,0,2,0.36911764705882355,0,2,0,0,0,2,2.5670498084291187
1,0,1,1,22,1,0,0,1,0,1,0,0,0,55.15,1206.05,1,1,0,0,1,0,0,0,0,1,0,1,0.0456899051406321,2,0,0,3,2.3978260869565218,0,0,1,0,1,3,0.39180765805877116
0,0,0,1,33,0,0,1,0,0,1,0,0,0,34.05,1113.95,0,0,1,0,1,0,0,0,1,0,0,2,0.0305394860756087,2,0,0,2,1.0014705882352941,0,1,1,0,0,2,0.9415121255349501
0,0,0,0,5,1,0,0,0,0,0,0,0,0,19.95,107.05,0,1,0,0,0,0,1,0,0,0,1,0,0.1846367422489588,0,0,0,1,3.3249999999999997,0,0,0,0,0,1,0.23866348448687352
1,0,0,0,2,1,0,0,0,0,0,0,0,0,19.95,38.15,0,1,0,0,0,0,1,0,0,0,1,0,0.5095785440613027,0,0,0,1,6.6499999999999995,0,0,0,0,0,1,0.0954653937947494
0,0,1,1,72,1,1,1,1,1,1,1,1,0,89.7,6339.3,0,0,0,1,1,0,0,0,1,0,0,3,0.0141475955396432,4,2,0,8,1.2287671232876713,0,2,1,0,0,8,0.7938257993384785
0,0,0,1,9,1,0,0,0,0,0,0,0,0,20.4,184.1,0,1,0,0,0,0,1,0,0,0,1,0,0.1102106969205834,0,0,0,1,2.04,0,0,0,0,0,1,0.42056074766355145
0,0,1,1,67,1,1,0,0,0,0,0,0,0,26.3,1688.9,0,0,0,1,0,0,1,0,0,0,1,3,0.0155630510681105,0,0,0,2,0.38676470588235295,0,2,0,0,0,2,2.454212454212454
1,0,1,0,16,1,1,0,0,0,0,1,0,1,84.95,1378.25,1,1,0,0,0,1,0,0,0,1,0,1,0.0615914446257023,0,1,0,3,4.997058823529412,0,0,0,1,1,3,0.18615474112856312
1,0,0,0,8,1,0,0,0,0,0,0,0,1,20.7,137.6,0,1,0,0,0,0,1,0,0,0,1,0,0.1493506493506493,0,0,0,1,2.3,0,0,0,0,0,1,0.3686635944700461
0,0,0,0,5,0,0,1,1,1,1,0,0,1,43.25,219.0,1,1,0,0,1,0,0,0,0,0,1,0,0.1965909090909091,4,0,0,4,7.208333333333333,0,0,1,0,0,4,0.11299435028248588
0,0,1,1,23,1,1,0,0,0,0,0,0,1,48.35,1067.15,1,0,1,0,1,0,0,0,1,0,0,1,0.0452651781116884,0,0,0,2,2.0145833333333334,0,1,0,0,0,2,0.46605876393110435
0,0,0,0,1,1,0,0,0,0,0,1,0,1,79.55,79.55,1,1,0,0,0,1,0,0,0,1,0,0,0.9875853507138423,0,1,0,2,39.775,1,0,0,1,1,2,0.012414649286157667
1,1,1,0,50,1,0,0,0,0,0,0,0,1,71.05,3444.85,1,1,0,0,0,1,0,0,0,1,0,3,0.0206190054703483,0,0,0,1,1.3931372549019607,0,0,0,1,1,1,0.6939625260235948
0,0,0,0,17,1,0,0,0,0,0,0,0,0,19.45,369.05,0,0,0,1,0,0,1,0,1,0,0,1,0.0525604648020537,0,0,0,1,1.0805555555555555,0,2,0,0,0,1,0.8312958435207825
1,0,1,0,68,1,1,1,1,1,0,1,1,1,110.8,7553.6,0,0,0,1,0,1,0,1,0,0,0,3,0.014666560770921,3,2,1,7,1.6057971014492753,0,2,1,0,0,7,0.6082289803220036
0,0,0,0,1,1,1,0,0,0,0,1,0,0,84.5,84.5,1,1,0,0,0,1,0,0,0,1,0,0,0.9883040935672516,0,1,0,3,42.25,1,0,0,1,1,3,0.011695906432748537
1,1,1,0,25,1,0,0,0,0,0,0,0,1,69.3,1813.1,0,1,0,0,0,1,0,0,0,1,0,2,0.0382007607077889,0,0,0,1,2.6653846153846152,0,0,0,1,1,1,0.3556187766714083
0,0,0,0,67,0,0,1,0,1,1,1,0,1,49.35,3321.35,0,0,1,0,1,0,0,1,0,0,0,3,0.0148539437446385,3,1,0,4,0.725735294117647,0,1,1,0,0,4,1.3306852035749752
0,0,0,0,32,1,0,0,0,0,0,0,0,0,20.35,707.5,0,0,1,0,0,0,1,0,1,0,0,2,0.0287226534932956,0,0,0,1,0.6166666666666667,0,1,0,0,0,1,1.4988290398126463
1,1,1,0,67,1,1,1,1,0,0,1,1,1,105.6,7112.15,0,0,1,0,0,1,0,0,0,1,0,3,0.014845743446996,2,2,1,6,1.552941176470588,0,1,1,0,0,6,0.6285178236397749
0,1,1,0,72,0,0,1,1,1,1,1,1,1,64.45,4641.1,0,0,0,1,1,0,0,0,1,0,0,3,0.0138838025893453,4,2,0,6,0.8828767123287672,0,2,1,0,0,6,1.1000763941940412
0,0,1,0,71,1,1,0,1,1,1,1,1,1,108.6,7690.9,1,0,0,1,0,1,0,0,1,0,0,3,0.0141187482936595,3,2,1,7,1.5083333333333333,0,2,1,0,0,7,0.6478102189781022
0,0,0,1,1,1,0,0,1,0,0,0,0,1,49.9,49.9,0,1,0,0,1,0,0,0,0,1,0,0,0.9803536345776032,1,0,0,2,24.95,0,0,1,0,1,2,0.019646365422396856
0,0,0,0,46,0,0,0,1,0,0,0,0,0,30.3,1380.1,1,1,0,0,1,0,0,1,0,0,0,2,0.021939034103251,1,0,0,1,0.6446808510638298,0,0,1,0,0,1,1.4696485623003195
1,1,0,0,2,0,0,0,0,1,0,0,0,1,30.4,78.65,1,1,0,0,1,0,0,0,0,1,0,0,0.3816698053986189,1,0,0,1,10.133333333333333,0,0,1,0,1,1,0.06369426751592357
1,0,0,0,1,1,0,0,0,0,0,0,0,1,45.4,45.4,1,1,0,0,1,0,0,0,0,0,1,0,0.978448275862069,0,0,0,1,22.7,0,0,0,0,0,1,0.021551724137931036
1,0,1,0,48,1,0,0,1,1,0,0,1,1,65.65,3094.65,0,0,1,0,1,0,0,0,0,1,0,2,0.0212071778140293,2,1,0,4,1.3397959183673471,0,1,1,0,1,4,0.7201800450112528
1,0,1,0,61,1,1,0,0,1,1,1,1,1,103.3,6518.35,0,0,1,0,0,1,0,1,0,0,0,3,0.0158451379355303,2,2,1,6,1.6661290322580644,0,1,1,0,0,6,0.5848513902205178
1,0,1,0,32,1,0,0,1,0,0,0,1,0,84.15,2585.95,1,1,0,0,0,1,0,1,0,0,0,2,0.03252865343358,1,1,0,3,2.5500000000000003,0,0,1,1,0,3,0.37580739870816204
1,0,0,0,2,1,0,0,0,0,0,0,0,0,44.45,82.7,0,1,0,0,1,0,0,0,0,1,0,0,0.5310633213859021,0,0,0,1,14.816666666666668,0,0,0,0,1,1,0.044004400440044
1,0,0,0,3,1,0,0,0,0,0,0,0,0,19.75,58.85,1,1,0,0,0,0,1,0,0,1,0,0,0.3299916457811194,0,0,0,1,4.9375,0,0,0,0,1,1,0.14457831325301204
1,0,0,0,5,1,0,0,0,0,1,0,1,1,85.4,425.9,1,1,0,0,0,1,0,0,1,0,0,0,0.2000468493792457,1,1,0,3,14.233333333333334,1,0,1,1,0,3,0.057870370370370364
1,0,1,1,71,1,1,1,1,1,1,1,1,0,89.9,6342.7,0,0,0,1,1,0,0,1,0,0,0,3,0.0141715402682976,4,2,1,8,1.2486111111111111,0,2,1,0,0,8,0.781078107810781
0,0,1,0,37,1,1,1,0,0,0,0,0,1,55.05,2030.75,0,1,0,0,1,0,0,0,0,0,1,2,0.027094868955334,1,0,0,3,1.4486842105263158,0,0,1,0,0,3,0.6601248884924176
0,0,1,1,65,1,1,0,0,1,1,1,1,1,104.1,6700.05,0,0,0,1,0,1,0,1,0,0,0,3,0.0155348788622678,2,2,1,6,1.5772727272727272,0,2,1,0,0,6,0.6184586108468126
1,0,0,1,67,1,1,0,1,0,1,1,1,1,106.6,7244.7,0,0,1,0,0,1,0,1,0,0,0,3,0.0147121741170625,2,2,1,6,1.5676470588235294,0,1,1,0,0,6,0.6226765799256506
0,0,0,1,49,1,1,0,0,0,0,0,0,0,75.2,3678.3,1,1,0,0,0,1,0,0,1,0,0,3,0.0204386703992607,0,0,0,2,1.504,0,0,0,1,0,2,0.6430446194225722
0,0,1,1,50,1,1,1,0,0,1,1,0,1,70.5,3486.65,0,0,0,1,1,0,0,0,1,0,0,3,0.0202141843361575,2,1,0,5,1.3823529411764706,0,2,1,0,0,5,0.6993006993006993
0,0,1,1,25,1,0,0,0,0,0,0,0,0,19.6,411.15,0,0,1,0,0,0,1,0,0,1,0,2,0.0475555016377532,0,0,0,1,0.7538461538461539,0,1,0,0,1,1,1.2135922330097086
1,0,0,1,17,1,1,0,0,1,0,0,0,1,55.85,937.5,1,0,1,0,1,0,0,0,0,0,1,1,0.0595098561534363,1,0,0,3,3.102777777777778,0,1,1,0,0,3,0.2990325417766051
1,0,1,1,64,1,1,0,0,0,0,0,0,1,24.05,1559.15,0,0,0,1,0,0,1,0,0,0,1,3,0.0154151844373938,0,0,0,2,0.37,0,2,0,0,0,2,2.5548902195608783
0,0,1,0,25,0,0,0,0,1,0,1,0,1,38.1,970.4,0,0,1,0,1,0,0,0,1,0,0,2,0.0392217418159357,1,1,0,2,1.4653846153846155,0,1,1,0,0,2,0.639386189258312
0,1,0,0,23,1,1,0,1,1,0,1,1,1,106.4,2483.5,1,1,0,0,0,1,0,0,0,1,0,1,0.0428255182129201,2,2,1,6,4.433333333333334,0,0,1,1,1,6,0.21415270018621974
0,1,1,0,24,0,0,0,0,1,1,0,0,0,34.25,828.2,0,1,0,0,1,0,0,0,0,0,1,1,0.041304872165943,2,0,0,2,1.37,0,0,1,0,0,2,0.6808510638297872
1,0,0,0,37,1,1,0,0,1,0,1,1,1,100.05,3810.55,0,1,0,0,0,1,0,0,0,1,0,2,0.0262491637260432,1,2,1,5,2.6328947368421054,0,0,1,1,1,5,0.3661553686293914
1,0,0,0,21,1,0,0,0,0,0,0,0,1,68.65,1493.2,0,1,0,0,0,1,0,0,0,1,0,1,0.0459443180297149,0,0,0,1,3.1204545454545456,0,0,0,1,1,1,0.3015075376884422
0,0,0,0,1,1,0,0,0,0,0,0,0,1,45.8,45.8,0,1,0,0,1,0,0,0,0,0,1,0,0.9786324786324786,0,0,0,1,22.9,0,0,0,0,0,1,0.021367521367521368
1,0,0,0,10,1,1,0,0,0,0,0,0,1,75.75,777.3,0,1,0,0,0,1,0,0,0,0,1,0,0.0973275086727483,0,0,0,2,6.886363636363637,1,0,0,1,0,2,0.13029315960912052
0,0,0,0,6,1,0,0,1,0,0,0,1,1,84.4,556.35,1,1,0,0,0,1,0,0,0,1,0,0,0.1514308782632098,1,1,0,3,12.057142857142859,1,0,1,1,1,3,0.0702576112412178
0,0,1,0,51,1,1,1,1,0,0,0,1,1,96.4,4911.05,0,0,1,0,0,1,0,0,1,0,0,3,0.0196252073981331,2,1,1,5,1.853846153846154,0,1,1,0,0,5,0.5236139630390143
1,0,0,0,10,1,0,0,0,0,0,0,0,1,20.55,187.35,0,1,0,0,0,0,1,0,0,0,1,0,0.1091053889036368,0,0,0,1,1.8681818181818182,0,0,0,0,0,1,0.46403712296983757
1,0,0,0,6,0,0,1,1,0,1,0,1,0,50.95,307.6,0,1,0,0,1,0,0,0,1,0,0,0,0.1651004536616979,3,1,0,4,7.278571428571429,0,0,1,0,0,4,0.11549566891241578
0,0,1,1,47,1,1,1,1,1,1,1,1,1,90.5,4318.35,0,0,0,1,1,0,0,0,0,0,1,2,0.0209522266081702,4,2,1,8,1.8854166666666667,0,2,1,0,0,8,0.5136612021857924
1,0,1,1,61,1,1,1,1,1,1,0,1,1,79.4,4820.55,0,0,1,0,1,0,0,0,0,1,0,3,0.0164677334052327,4,1,0,7,1.2806451612903227,0,1,1,0,0,7,0.7587064676616915
1,0,0,0,52,0,0,1,1,1,0,1,1,1,58.75,3038.55,0,0,0,1,1,0,0,1,0,0,0,3,0.0193285190241976,3,2,0,5,1.1084905660377358,0,2,1,0,0,5,0.8702928870292888
1,0,1,1,35,1,1,1,1,0,0,0,0,1,59.45,2136.9,0,1,0,0,1,0,0,0,1,0,0,2,0.0278076617241218,2,0,0,4,1.651388888888889,0,0,1,0,0,4,0.5789909015715468
0,0,1,0,71,1,1,0,1,1,0,1,1,1,105.7,7472.15,0,0,1,0,0,1,0,1,0,0,0,3,0.0141439687414276,2,2,1,6,1.4680555555555557,0,1,1,0,0,6,0.6654170571696345
1,0,0,0,6,1,0,1,1,0,0,0,0,0,56.25,389.1,1,1,0,0,1,0,0,0,0,1,0,0,0.1441937964624455,2,0,0,3,8.035714285714286,0,0,1,0,0,3,0.10480349344978165
0,0,1,0,45,1,0,1,0,1,0,0,0,0,53.3,2296.25,0,0,0,1,1,0,0,0,1,0,0,2,0.0232016541517031,2,0,0,3,1.158695652173913,0,2,1,0,0,3,0.8287292817679558
1,1,0,0,2,1,1,0,0,0,0,1,0,1,85.55,187.45,1,1,0,0,0,1,0,0,0,1,0,0,0.4539665693817989,0,1,0,3,28.516666666666666,1,0,0,1,1,3,0.023108030040439053
1,0,0,0,4,1,0,0,1,0,0,1,1,1,68.65,261.25,1,1,0,0,1,0,0,1,0,0,0,0,0.2617731172545281,1,2,0,4,13.73,0,0,1,0,0,4,0.057430007178750894
0,0,0,0,2,0,0,0,0,0,0,0,0,0,24.3,38.45,0,1,0,0,1,0,0,0,0,0,1,0,0.6159695817490494,0,0,0,0,8.1,0,0,0,0,0,0,0.07905138339920949
0,0,0,0,4,1,0,0,0,0,0,1,0,0,77.85,299.2,1,1,0,0,0,1,0,0,0,1,0,0,0.2593271152564956,0,1,0,2,15.569999999999999,1,0,0,1,1,2,0.05072923272035511
0,0,0,0,51,1,1,1,0,0,1,0,0,0,59.9,3043.6,0,0,1,0,1,0,0,0,1,0,0,3,0.0196741772318202,2,0,0,4,1.1519230769230768,0,1,1,0,0,4,0.8374384236453202
0,0,1,1,60,1,1,0,0,0,0,0,0,0,23.95,1506.4,0,0,1,0,0,0,1,0,1,0,0,3,0.0158882844633143,0,0,0,2,0.39262295081967213,0,1,0,0,0,2,2.404809619238477
0,0,0,0,9,1,0,0,0,0,0,0,0,1,20.15,163.7,0,0,1,0,0,0,1,0,0,0,1,0,0.1223436551305403,0,0,0,1,2.0149999999999997,0,1,0,0,0,1,0.425531914893617
0,0,0,0,3,1,1,0,1,1,0,1,1,1,105.35,323.25,1,1,0,0,0,1,0,1,0,0,0,0,0.3249036237471087,2,2,1,6,26.3375,1,0,1,1,0,6,0.028208744710860368
0,0,0,0,17,1,1,0,0,1,1,0,1,1,95.65,1640.0,0,1,0,0,0,1,0,1,0,0,0,1,0.0582876294942108,2,1,1,5,5.313888888888889,0,0,1,1,0,5,0.17589239524055872
1,0,0,0,8,1,1,0,0,0,0,1,0,1,87.05,762.1,1,1,0,0,0,1,0,0,0,1,0,0,0.1140741711440178,0,1,0,3,9.672222222222222,1,0,0,1,1,3,0.09085746734809767
0,0,1,1,46,1,0,1,0,1,1,1,1,0,81.0,3846.35,0,0,0,1,1,0,0,0,0,0,1,2,0.0210534523763109,3,2,0,6,1.7234042553191489,0,2,1,0,0,6,0.5609756097560976
1,0,0,0,68,1,0,1,1,1,1,1,1,1,82.45,5646.6,0,0,0,1,1,0,0,0,1,0,0,3,0.0145991217508322,4,2,0,7,1.194927536231884,0,2,1,0,0,7,0.8148591971240263
0,0,0,0,1,1,0,0,0,0,0,1,0,1,53.5,53.5,1,1,0,0,1,0,0,0,0,0,1,0,0.981651376146789,0,1,0,2,26.75,0,0,0,0,0,2,0.01834862385321101
1,0,1,0,4,1,0,0,0,0,0,0,0,0,20.5,79.05,0,0,1,0,0,0,1,1,0,0,0,0,0.2560899437851343,0,0,0,1,4.1,0,1,0,0,0,1,0.18604651162790697
1,0,0,0,1,0,0,0,0,0,0,0,0,1,25.1,25.1,1,1,0,0,1,0,0,0,0,0,1,0,0.9616858237547892,0,0,0,0,12.55,0,0,0,0,0,0,0.038314176245210725
0,0,0,1,28,1,0,0,1,0,1,0,0,1,54.4,1516.6,0,0,1,0,1,0,0,0,1,0,0,2,0.0358460727464417,2,0,0,3,1.8758620689655172,0,1,1,0,0,3,0.5054151624548736
1,0,0,0,39,1,0,0,1,0,0,1,0,1,58.6,2224.5,0,0,1,0,1,0,0,0,1,0,0,2,0.0263311615367333,1,1,0,3,1.465,0,1,1,0,0,3,0.6543624161073825
0,0,0,0,11,1,0,0,0,1,0,0,1,0,84.8,888.75,0,1,0,0,0,1,0,0,0,1,0,0,0.0953076706940151,1,1,0,3,7.066666666666666,1,0,1,1,1,3,0.12820512820512822
1,0,1,0,71,0,0,0,1,1,1,1,1,1,61.4,4310.35,0,0,0,1,1,0,0,0,1,0,0,3,0.0142414788871235,3,2,0,5,0.8527777777777777,0,2,1,0,0,5,1.1378205128205128
0,0,0,1,2,1,0,0,0,0,0,0,0,0,20.4,42.9,0,1,0,0,0,0,1,0,0,0,1,0,0.4646924829157175,0,0,0,1,6.8,0,0,0,0,0,1,0.09345794392523366
0,1,1,0,30,1,0,0,1,1,0,0,0,1,79.65,2365.15,1,1,0,0,0,1,0,0,0,0,1,2,0.0336622783847177,2,0,0,3,2.5693548387096774,0,0,1,1,0,3,0.3719776813391196
1,0,0,0,17,1,0,0,0,0,0,0,0,0,20.15,353.65,0,0,1,0,0,0,1,0,0,0,1,1,0.0568165797264909,0,0,0,1,1.1194444444444445,0,1,0,0,0,1,0.8037825059101655
1,0,1,0,55,1,1,0,1,1,0,1,0,1,94.45,5073.1,0,1,0,0,0,1,0,0,1,0,0,3,0.0186141384679056,2,1,1,5,1.686607142857143,0,0,1,1,0,5,0.5762179151388162
1,0,0,0,58,1,1,1,0,0,0,0,0,1,79.8,4526.85,0,1,0,0,0,1,0,1,0,0,0,3,0.0176242587541548,1,0,0,3,1.352542372881356,0,0,1,1,0,3,0.7178217821782178
1,0,0,0,5,1,0,1,0,0,1,0,0,0,54.2,308.25,1,1,0,0,1,0,0,0,0,1,0,0,0.1752627324171382,2,0,0,3,9.033333333333333,0,0,1,0,0,3,0.09057971014492754
1,1,0,0,1,1,0,0,0,0,0,0,0,1,19.45,19.45,1,1,0,0,0,0,1,0,0,1,0,0,0.9511002444987776,0,0,0,1,9.725,0,0,0,0,1,1,0.0488997555012225
0,1,0,0,9,1,1,0,0,0,0,0,0,1,74.05,678.45,0,1,0,0,0,1,0,0,0,1,0,0,0.1089852086246228,0,0,0,2,7.404999999999999,1,0,0,1,1,2,0.11992005329780148
0,0,0,0,26,1,0,0,0,0,1,0,0,0,49.15,1237.3,0,1,0,0,1,0,0,1,0,0,0,2,0.0396915125575385,1,0,0,2,1.8203703703703704,0,0,1,0,0,2,0.518444666001994
1,0,0,0,50,1,0,0,0,0,0,0,0,0,19.4,1023.95,0,0,0,1,0,0,1,0,1,0,0,3,0.0189277525732962,0,0,0,1,0.3803921568627451,0,2,0,0,0,1,2.450980392156863
1,0,1,0,72,1,1,1,1,1,1,1,1,1,113.65,8182.75,0,0,0,1,0,1,0,1,0,0,0,3,0.0138872766152436,4,2,1,8,1.5568493150684932,0,2,1,0,0,8,0.6279982555604012
1,0,0,1,43,1,0,1,1,0,1,1,1,1,106.0,4532.3,0,0,1,0,0,1,0,0,1,0,0,2,0.0233825248715064,3,2,1,6,2.409090909090909,0,1,1,0,0,6,0.40186915887850466
0,0,0,0,56,1,1,0,0,0,0,0,0,1,25.95,1444.05,0,0,0,1,0,0,1,1,0,0,0,3,0.0179578561295456,0,0,0,2,0.4552631578947368,0,2,0,0,0,2,2.077922077922078
1,0,0,0,1,1,0,0,0,0,0,0,0,0,19.1,19.1,0,1,0,0,0,0,1,0,0,0,1,0,0.9502487562189056,0,0,0,1,9.55,0,0,0,0,0,1,0.04975124378109452
0,0,1,1,72,1,1,0,1,1,0,1,1,1,103.4,7372.65,1,0,0,1,0,1,0,0,0,1,0,3,0.0140229058878574,2,2,1,6,1.4164383561643836,0,2,1,0,1,6,0.689655172413793
0,0,1,0,72,1,1,1,1,0,1,0,1,1,100.55,7325.1,0,0,0,1,0,1,0,1,0,0,0,3,0.0137249013799975,3,1,1,6,1.3773972602739726,0,2,1,0,0,6,0.7090103397341212
0,0,1,0,36,1,1,0,0,0,0,1,1,1,95.4,3474.2,0,1,0,0,0,1,0,0,0,1,0,2,0.0274516574585635,0,2,1,4,2.5783783783783787,0,0,0,1,1,4,0.37344398340248963
0,0,0,0,5,1,0,0,0,1,1,1,1,0,75.15,392.65,0,1,0,0,1,0,0,1,0,0,0,0,0.1909056268258605,2,2,0,5,12.525,1,0,1,0,0,5,0.06565988181221273
1,0,0,0,13,1,1,0,1,1,0,0,0,1,84.45,1058.6,1,1,0,0,0,1,0,0,0,1,0,1,0.0796998867497168,2,0,0,4,6.0321428571428575,0,0,1,1,1,4,0.1521357519016969
1,1,0,0,44,1,0,0,1,1,0,0,1,0,89.15,3990.75,0,0,1,0,0,1,0,0,1,0,0,2,0.0223335629736331,2,1,0,4,1.9811111111111113,0,1,1,0,0,4,0.4880754298391569
1,1,1,1,70,1,1,0,1,1,1,1,1,1,107.9,7475.85,0,0,1,0,0,1,0,0,0,1,0,3,0.0144312110046343,3,2,1,7,1.519718309859155,0,1,1,0,1,7,0.642791551882461
0,0,0,0,44,1,0,0,0,0,0,0,0,0,19.5,835.5,0,0,1,0,0,0,1,0,1,0,0,2,0.0233114166168559,0,0,0,1,0.43333333333333335,0,1,0,0,0,1,2.1463414634146343
1,1,1,0,32,1,1,0,0,0,0,1,0,1,85.95,2628.6,1,1,0,0,0,1,0,0,1,0,0,2,0.0326855795558259,0,1,0,3,2.6045454545454545,0,0,0,1,0,3,0.3680276020701552
1,0,1,0,69,1,1,0,0,0,0,0,0,1,24.95,1718.35,0,0,0,1,0,0,1,0,1,0,0,3,0.0145112978741966,0,0,0,2,0.35642857142857143,0,2,0,0,0,2,2.6589595375722546
1,1,0,0,16,1,0,0,0,0,1,1,0,0,59.4,1023.9,1,1,0,0,1,0,0,0,0,1,0,1,0.0579568738413503,1,1,0,3,3.4941176470588236,0,0,1,0,1,3,0.26490066225165565
0,1,1,1,68,1,0,0,0,0,0,0,0,0,19.5,1193.55,0,0,1,0,0,0,1,1,0,0,0,3,0.0163241387970365,0,0,0,1,0.2826086956521739,0,1,0,0,0,1,3.317073170731707
0,0,0,0,16,1,0,0,0,0,0,0,0,1,69.95,1205.5,0,1,0,0,0,1,0,0,1,0,0,1,0.0579776212184003,0,0,0,1,4.114705882352942,0,0,0,1,0,1,0.22551092318534177
0,0,1,1,68,1,0,1,1,0,1,1,1,0,82.85,5776.45,0,0,0,1,1,0,0,1,0,0,0,3,0.0143402366095768,3,2,0,6,1.2007246376811593,0,2,1,0,0,6,0.8109719737626715
0,0,0,0,4,1,0,0,0,0,0,0,0,0,19.0,78.9,0,1,0,0,0,0,1,0,0,0,1,0,0.2377972465581977,0,0,0,1,3.8,0,0,0,0,0,1,0.2
1,0,1,1,26,0,0,1,1,0,1,0,0,0,38.85,1025.15,0,1,0,0,1,0,0,0,1,0,0,2,0.0378599619938605,3,0,0,3,1.4388888888888889,0,0,1,0,0,3,0.6524466750313676
1,0,0,0,29,0,0,0,1,0,0,0,0,1,30.6,856.35,1,1,0,0,1,0,0,0,0,1,0,2,0.0356913745844754,1,0,0,1,1.02,0,0,1,0,1,1,0.9177215189873418
0,0,0,1,5,1,0,0,0,0,0,0,0,0,20.35,122.0,0,1,0,0,0,0,1,0,1,0,0,0,0.1654471544715447,0,0,0,1,3.391666666666667,0,0,0,0,0,1,0.23419203747072598
0,0,1,0,70,1,1,0,1,1,0,1,0,1,95.0,6602.9,0,0,1,0,0,1,0,1,0,0,0,3,0.0143854389073123,2,1,1,5,1.3380281690140845,0,1,1,0,0,5,0.7291666666666666
0,0,1,0,24,1,0,1,0,0,1,1,1,0,74.4,1712.9,0,0,1,0,1,0,0,1,0,0,0,1,0.0434097671976194,2,2,0,5,2.9760000000000004,0,1,1,0,0,5,0.3183023872679045
1,1,1,0,72,1,1,1,1,1,1,0,1,0,78.45,5682.25,0,0,0,1,1,0,0,1,0,0,0,3,0.0138037214621915,4,1,0,7,1.0746575342465754,0,2,1,0,0,7,0.9062303335431089
0,0,0,0,1,1,0,0,0,0,1,0,0,1,74.3,74.3,0,1,0,0,0,1,0,0,0,0,1,0,0.9867197875166004,1,0,0,2,37.15,1,0,1,1,0,2,0.013280212483399735
0,0,1,0,70,0,0,0,1,1,1,0,1,1,51.05,3635.15,0,0,1,0,1,0,0,1,0,0,0,3,0.0140395748250209,3,1,0,4,0.7190140845070422,0,1,1,0,0,4,1.3448607108549473
1,0,1,1,36,1,0,0,0,0,0,0,0,0,19.2,702.9,0,1,0,0,0,0,1,1,0,0,0,2,0.0272766017900269,0,0,0,1,0.518918918918919,0,0,0,0,0,1,1.7821782178217822
1,1,0,0,38,1,1,0,0,0,1,1,1,1,99.55,3734.25,1,1,0,0,0,1,0,0,0,1,0,2,0.0266514958838096,1,2,1,5,2.5525641025641024,0,0,1,1,1,5,0.37792143212332174
1,0,0,0,17,1,0,0,0,0,0,0,0,1,70.0,1144.5,1,1,0,0,0,1,0,0,0,1,0,1,0.0611086861632474,0,0,0,1,3.888888888888889,0,0,0,1,1,1,0.23943661971830985
1,0,1,1,41,1,1,0,1,1,1,1,1,1,109.1,4454.25,0,0,1,0,0,1,0,1,0,0,0,2,0.0244879636384041,3,2,1,7,2.5976190476190473,0,1,1,0,0,7,0.3723887375113533
1,0,0,0,1,1,0,0,0,0,0,0,0,1,45.3,45.3,1,1,0,0,1,0,0,0,0,1,0,0,0.978401727861771,0,0,0,1,22.65,0,0,0,0,1,1,0.021598272138228944
0,0,0,0,2,0,0,0,0,0,1,0,0,0,29.85,75.6,1,1,0,0,1,0,0,1,0,0,0,0,0.3896866840731071,1,0,0,1,9.950000000000001,0,0,1,0,0,1,0.06482982171799027
0,0,0,0,14,1,0,0,0,1,0,0,0,0,76.45,1117.55,0,1,0,0,0,1,0,0,0,1,0,1,0.0683474140628492,1,0,0,2,5.096666666666667,0,0,1,1,1,2,0.18076178179470626
0,1,0,0,2,1,0,0,1,1,1,0,1,1,95.1,180.25,1,1,0,0,0,1,0,0,1,0,0,0,0.5246896551724137,3,1,1,5,31.7,1,0,1,1,0,5,0.02081165452653486
0,0,0,0,1,1,0,0,0,0,0,0,0,0,19.8,19.8,1,1,0,0,0,0,1,0,0,0,1,0,0.9519230769230768,0,0,0,1,9.9,0,0,0,0,0,1,0.04807692307692307
0,0,1,1,13,1,1,0,1,1,1,1,0,1,72.8,930.05,0,1,0,0,1,0,0,0,0,1,0,1,0.0781912894044358,3,1,0,6,5.2,0,0,1,0,1,6,0.1761517615176152
0,0,0,0,6,1,0,0,0,0,0,0,0,0,18.95,110.15,0,1,0,0,0,0,1,0,0,0,1,0,0.1704903283850652,0,0,0,1,2.707142857142857,0,0,0,0,0,1,0.3007518796992481
1,0,0,0,4,1,0,0,1,0,0,0,0,1,76.65,333.6,1,1,0,0,0,1,0,1,0,0,0,0,0.2290794979079498,1,0,0,2,15.330000000000002,1,0,1,1,0,2,0.051513200257566
1,0,1,1,5,1,0,0,1,0,1,1,1,1,99.15,465.05,1,1,0,0,0,1,0,0,0,0,1,0,0.2127454135822336,2,2,1,5,16.525000000000002,1,0,1,1,0,5,0.04992511233150274
1,0,1,0,15,1,0,1,0,1,0,1,1,0,101.75,1669.4,0,1,0,0,0,1,0,0,0,1,0,1,0.0609135536398467,2,2,1,5,6.359375,0,0,1,1,0,5,0.145985401459854
1,0,0,0,47,1,0,1,0,0,0,0,0,0,75.45,3545.1,0,1,0,0,0,1,0,0,1,0,0,2,0.0212768957446208,1,0,0,2,1.5718750000000001,0,0,1,1,0,2,0.6147809025506867
1,0,0,0,8,1,0,0,0,1,1,0,1,0,64.1,504.05,0,1,0,0,1,0,0,0,0,0,1,0,0.1269181269181269,2,1,0,4,7.122222222222222,0,0,1,0,0,4,0.12288786482334871
0,0,0,0,17,0,0,0,0,0,0,0,0,1,25.65,440.2,0,1,0,0,1,0,0,0,0,0,1,1,0.0581368993653671,0,0,0,0,1.4249999999999998,0,0,0,0,0,0,0.6378986866791745
0,0,1,1,15,1,0,1,0,0,0,0,0,0,75.1,1151.55,0,1,0,0,0,1,0,0,0,0,1,1,0.0651598629126719,1,0,0,2,4.69375,0,0,1,1,0,2,0.1971090670170828
1,0,0,0,26,1,0,1,0,1,1,0,1,1,95.85,2475.35,0,0,1,0,0,1,0,1,0,0,0,2,0.0387061602762129,3,1,1,5,3.55,0,1,1,0,0,5,0.2684563758389262
1,0,0,0,23,1,1,1,0,0,0,0,0,0,54.4,1249.25,0,1,0,0,1,0,0,0,0,1,0,1,0.0435112977404519,1,0,0,3,2.2666666666666666,0,0,1,0,0,3,0.4151624548736462
1,1,0,0,4,1,0,0,1,0,0,0,0,0,72.75,317.75,0,1,0,0,0,1,0,0,0,1,0,0,0.228235294117647,1,0,0,2,14.55,1,0,1,1,1,2,0.05423728813559322
0,0,0,1,29,1,0,0,0,0,0,0,0,0,19.85,535.05,0,0,1,0,0,0,1,0,0,0,1,2,0.037030127786587,0,0,0,1,0.6616666666666667,0,1,0,0,0,1,1.3908872901678657
1,0,0,0,25,1,0,0,0,0,0,0,0,0,19.05,461.3,0,1,0,0,0,0,1,0,0,0,1,2,0.0412070084360804,0,0,0,1,0.7326923076923078,0,0,0,0,0,1,1.2468827930174564
0,0,0,0,9,1,0,0,0,0,0,0,0,0,44.95,431.0,1,1,0,0,1,0,0,0,0,0,1,0,0.1040509259259259,0,0,0,1,4.495,0,0,0,0,0,1,0.19586507072905332
0,0,1,0,18,1,0,0,0,1,0,0,0,1,49.55,878.35,1,1,0,0,1,0,0,0,0,0,1,1,0.0563484391880366,1,0,0,2,2.607894736842105,0,0,1,0,0,2,0.3560830860534125
0,1,0,0,3,1,1,0,0,0,0,1,1,1,94.85,335.75,0,1,0,0,0,1,0,0,0,1,0,0,0.2816629547141796,0,2,1,4,23.7125,1,0,0,1,1,4,0.03129890453834116
1,0,1,1,69,0,0,1,1,1,1,0,0,0,46.25,3121.4,0,0,0,1,1,0,0,1,0,0,0,3,0.014812323853446,4,0,0,4,0.6607142857142857,0,2,1,0,0,4,1.4603174603174602
0,0,0,0,14,1,0,0,0,0,0,0,0,0,19.35,324.8,0,0,1,0,0,0,1,0,0,0,1,1,0.0593922651933701,0,0,0,1,1.29,0,1,0,0,0,1,0.6879606879606879
0,0,0,0,19,1,1,0,0,0,0,1,1,0,69.6,1394.55,0,1,0,0,1,0,0,0,0,0,1,1,0.0498728100032245,0,2,0,4,3.4799999999999995,0,0,0,0,0,4,0.2691218130311615
0,1,0,0,39,1,1,0,1,0,0,0,1,0,90.7,3413.25,0,1,0,0,0,1,0,0,0,1,0,2,0.0265651314344292,1,1,1,4,2.2675,0,0,1,1,1,4,0.4252998909487459
0,0,0,0,31,1,0,0,1,1,0,1,1,1,101.4,3143.65,0,1,0,0,0,1,0,0,0,1,0,2,0.0322452419188145,2,2,1,5,3.16875,0,0,1,1,1,5,0.302734375
0,0,1,1,24,1,0,0,0,0,0,0,0,0,20.25,439.75,0,0,1,0,0,0,1,0,0,0,1,1,0.0459444129325014,0,0,0,1,0.81,0,1,0,0,0,1,1.1294117647058823
0,0,1,0,14,1,0,0,0,0,1,0,0,0,48.8,664.4,0,1,0,0,1,0,0,1,0,0,0,1,0.0733393447550345,1,0,0,2,3.253333333333333,0,0,1,0,0,2,0.28112449799196787
1,0,1,0,64,1,0,1,1,1,1,0,1,1,74.35,4759.55,0,0,0,1,1,0,0,0,0,0,1,3,0.0156179433048702,4,1,0,6,1.1438461538461537,0,2,1,0,0,6,0.8493696084936961
1,0,0,0,50,1,0,0,0,0,0,0,0,1,19.35,1033.0,0,0,1,0,0,0,1,0,0,0,1,3,0.0187137330754352,0,0,0,1,0.3794117647058824,0,1,0,0,0,1,2.457002457002457
0,0,1,1,52,1,0,0,1,1,1,1,0,1,68.75,3482.85,0,0,1,0,1,0,0,0,0,1,0,3,0.0197339150652295,3,1,0,5,1.2971698113207548,0,1,1,0,1,5,0.7455197132616488
0,0,0,0,28,1,1,0,1,0,0,1,1,0,100.2,2688.45,0,0,1,0,0,1,0,0,0,1,0,2,0.0372566881704437,1,2,1,5,3.4551724137931035,0,1,1,0,1,5,0.2766798418972332
1,0,0,0,21,1,0,0,0,0,0,0,0,1,20.85,435.25,0,0,0,1,0,0,1,0,1,0,0,1,0.0477936962750716,0,0,0,1,0.9477272727272728,0,2,0,0,0,1,0.9610983981693363
0,0,0,1,25,1,0,0,1,0,0,1,1,1,95.9,2448.75,1,1,0,0,0,1,0,0,0,1,0,2,0.0391468517195632,1,2,1,4,3.6884615384615387,0,0,1,1,1,4,0.25799793601651183
1,0,1,0,17,1,0,0,0,0,0,0,0,0,19.35,307.0,0,0,1,0,0,0,1,0,0,0,1,1,0.0628246753246753,0,0,0,1,1.0750000000000002,0,1,0,0,0,1,0.8353808353808353
0,0,1,0,58,0,0,0,0,0,0,1,1,1,45.0,2689.35,0,0,1,0,1,0,0,0,1,0,0,3,0.0167264482316427,0,2,0,2,0.7627118644067796,0,1,0,0,0,2,1.2608695652173914
0,1,1,0,17,1,0,0,0,0,0,0,1,0,81.5,1329.2,1,1,0,0,0,1,0,1,0,0,0,1,0.0612689821079536,0,1,0,2,4.527777777777778,0,0,0,1,0,2,0.20606060606060606
1,0,1,0,51,1,1,0,0,0,0,0,0,0,25.5,1281.25,0,0,0,1,0,0,1,0,0,0,1,3,0.0198869175277831,0,0,0,2,0.49038461538461536,0,2,0,0,0,2,1.9245283018867925
0,0,1,1,72,0,0,1,0,1,1,1,0,0,48.9,3527.0,0,0,0,1,1,0,0,0,0,0,1,3,0.013860544217687,3,1,0,4,0.6698630136986301,0,2,1,0,0,4,1.4428857715430863
0,0,1,0,52,1,0,1,0,0,0,1,0,0,84.1,4348.65,1,1,0,0,0,1,0,0,0,1,0,3,0.0193348890140586,1,1,0,3,1.5867924528301887,0,0,1,1,0,3,0.6110458284371328
1,0,0,0,27,1,0,0,0,0,0,0,0,1,19.6,561.15,0,0,0,1,0,0,1,0,0,0,1,2,0.0348661389308903,0,0,0,1,0.7000000000000001,0,2,0,0,0,1,1.3106796116504853
1,0,0,0,3,1,0,0,0,0,0,0,0,0,20.0,63.6,0,1,0,0,0,0,1,0,0,0,1,0,0.3095975232198142,0,0,0,1,5.0,0,0,0,0,0,1,0.14285714285714285
1,0,1,0,64,1,1,1,1,1,1,0,1,1,81.3,5129.3,0,0,0,1,1,0,0,0,0,0,1,3,0.0158470264896789,4,1,0,7,1.2507692307692306,0,2,1,0,0,7,0.7776427703523694
1,0,1,0,45,1,0,0,0,0,1,1,1,1,95.2,4285.8,0,0,0,1,0,1,0,0,1,0,0,2,0.0222077073807968,1,2,1,4,2.0695652173913044,0,2,1,0,0,4,0.46777546777546775
0,1,1,0,3,0,0,0,0,0,0,1,0,1,36.45,93.7,1,1,0,0,1,0,0,0,0,0,1,0,0.3848996832101373,0,1,0,1,9.1125,0,0,0,0,0,1,0.08010680907877168
1,0,1,0,71,1,1,0,1,1,1,1,1,1,83.3,5894.5,0,0,0,1,1,0,0,0,1,0,0,3,0.0141294207446357,3,2,0,7,1.1569444444444443,0,2,1,0,0,7,0.8422301304863583
1,1,0,0,1,0,0,0,0,0,0,0,0,0,25.05,25.05,1,1,0,0,1,0,0,0,0,0,1,0,0.961612284069098,0,0,0,0,12.525,0,0,0,0,0,0,0.03838771593090211
1,0,1,1,58,1,0,0,0,0,0,0,0,0,20.3,1160.75,0,0,0,1,0,0,1,0,1,0,0,3,0.0174736389068216,0,0,0,1,0.3440677966101695,0,2,0,0,0,1,2.7230046948356805
0,0,1,1,34,1,0,0,1,1,0,1,0,1,89.85,3091.75,0,1,0,0,0,1,0,0,0,1,0,2,0.0290518147279928,2,1,0,4,2.567142857142857,0,0,1,1,1,4,0.3742432581177766
1,0,0,0,8,1,0,1,0,0,0,0,0,1,49.85,365.55,1,1,0,0,1,0,0,0,0,1,0,0,0.1359978174873823,1,0,0,2,5.538888888888889,0,0,1,0,0,2,0.15732546705998032
1,0,1,1,15,1,0,0,0,0,0,0,0,0,19.8,272.95,0,1,0,0,0,0,1,0,0,0,1,1,0.0722759627669282,0,0,0,1,1.2375,0,0,0,0,0,1,0.7211538461538461
0,0,1,1,66,0,0,0,0,1,1,1,1,0,54.65,3632.0,0,0,0,1,1,0,0,1,0,0,0,3,0.0150426644646297,2,2,0,4,0.8156716417910448,0,2,1,0,0,4,1.1859838274932615
0,1,0,0,12,0,0,0,1,0,0,0,0,1,29.35,381.2,0,1,0,0,1,0,0,0,1,0,0,0,0.0767922553636839,1,0,0,1,2.2576923076923077,0,0,1,0,0,1,0.39538714991762763
0,0,0,0,58,1,0,0,0,0,0,0,0,1,19.15,1035.5,0,0,0,1,0,0,1,1,0,0,0,3,0.0184756391702846,0,0,0,1,0.32457627118644067,0,2,0,0,0,1,2.8784119106699753
1,0,1,1,3,1,0,0,0,0,0,0,0,0,19.1,52.0,0,0,0,1,0,0,1,0,0,0,1,0,0.360377358490566,0,0,0,1,4.775,0,2,0,0,0,1,0.14925373134328357
1,1,1,0,43,0,0,0,1,1,0,1,1,0,55.55,2342.2,1,1,0,0,1,0,0,0,1,0,0,2,0.0237068965517241,2,2,0,4,1.2625,0,0,1,0,0,4,0.7603890362511052
1,0,0,0,9,1,0,0,1,1,0,0,0,0,80.55,653.9,0,1,0,0,0,1,0,0,0,1,0,0,0.1229958772331653,2,0,0,3,8.055,1,0,1,1,1,3,0.11036174126302882
1,0,0,0,3,1,0,0,0,0,0,0,0,0,20.25,71.2,0,0,1,0,0,0,1,0,0,0,1,0,0.2804709141274238,0,0,0,1,5.0625,0,1,0,0,0,1,0.1411764705882353
1,0,1,1,22,1,0,0,1,0,0,1,1,1,69.5,1498.2,1,0,1,0,1,0,0,1,0,0,0,1,0.0463580576307363,1,2,0,4,3.0217391304347827,0,1,1,0,0,4,0.3120567375886525
0,0,1,0,40,1,1,0,1,1,0,1,1,1,106.0,4178.65,0,0,1,0,0,1,0,1,0,0,0,2,0.0253609752012728,2,2,1,6,2.5853658536585367,0,1,1,0,0,6,0.37383177570093457
1,0,0,0,68,1,1,0,0,0,0,0,0,0,25.5,1821.8,0,0,0,1,0,0,1,1,0,0,0,3,0.0139894667544437,0,0,0,2,0.3695652173913043,0,2,0,0,0,2,2.5660377358490565
0,0,1,0,54,1,1,0,1,1,0,1,1,1,104.3,5278.15,1,1,0,0,0,1,0,0,0,1,0,3,0.0197569684513605,2,2,1,6,1.8963636363636363,0,0,1,1,1,6,0.5128205128205129
1,0,0,0,50,1,1,0,1,0,1,1,1,1,79.6,4024.2,0,0,0,1,1,0,0,0,0,0,1,3,0.0197754148862168,2,2,0,6,1.56078431372549,0,2,1,0,0,6,0.620347394540943
0,0,0,0,1,1,0,0,0,0,0,0,1,1,55.25,55.25,0,1,0,0,1,0,0,0,0,1,0,0,0.9822222222222222,0,1,0,2,27.625,0,0,0,0,1,2,0.017777777777777778
1,0,1,0,72,1,1,1,1,1,1,1,1,0,88.05,6520.8,0,0,0,1,1,0,0,1,0,0,0,3,0.0135008739918427,4,2,0,8,1.2061643835616438,0,2,1,0,0,8,0.8085345311622684
0,0,0,1,40,1,0,0,0,0,0,0,0,1,20.4,854.9,0,0,1,0,0,0,1,1,0,0,0,2,0.0238345601121626,0,0,0,1,0.49756097560975604,0,1,0,0,0,1,1.869158878504673
1,0,1,1,72,1,1,1,1,1,1,1,1,1,117.6,8308.9,0,0,0,1,0,1,0,1,0,0,0,3,0.01415179484711,4,2,1,8,1.6109589041095889,0,2,1,0,0,8,0.6070826306913997
1,0,0,0,6,1,0,0,0,0,0,0,0,0,20.0,109.2,0,1,0,0,0,0,1,0,0,0,1,0,0.1814882032667876,0,0,0,1,2.857142857142857,0,0,0,0,0,1,0.2857142857142857
1,0,0,0,5,1,0,0,0,0,0,0,0,1,19.65,92.05,0,1,0,0,0,0,1,0,1,0,0,0,0.2111767866738312,0,0,0,1,3.275,0,0,0,0,0,1,0.2421307506053269
0,0,1,0,48,1,1,0,1,1,0,0,1,1,70.55,3420.5,0,0,1,0,1,0,0,0,1,0,0,2,0.0206196112816016,2,1,0,5,1.4397959183673468,0,1,1,0,0,5,0.6708595387840671
1,0,0,0,1,1,1,0,0,0,0,1,1,1,93.85,93.85,1,1,0,0,0,1,0,0,0,1,0,0,0.9894570374275172,0,2,1,4,46.925,1,0,0,1,1,4,0.010542962572482868
1,0,1,1,64,1,0,1,0,0,1,1,0,0,65.8,4068.0,0,0,1,0,1,0,0,0,0,0,1,3,0.0161710493978864,2,1,0,4,1.0123076923076924,0,1,1,0,0,4,0.9580838323353293
1,0,0,0,17,1,0,0,0,0,0,0,0,0,20.05,337.9,0,0,1,0,0,0,1,0,1,0,0,1,0.0591619946886987,0,0,0,1,1.113888888888889,0,1,0,0,0,1,0.8076009501187649
0,0,1,0,40,1,0,0,1,1,0,0,0,1,80.0,3168.75,0,1,0,0,0,1,0,0,0,1,0,2,0.0252385834845019,2,0,0,3,1.951219512195122,0,0,1,1,1,3,0.49382716049382713
1,0,1,1,41,0,0,1,0,1,0,0,0,0,35.4,1412.4,0,0,1,0,1,0,0,0,1,0,0,2,0.0250459883967737,2,0,0,2,0.8428571428571429,0,1,1,0,0,2,1.1263736263736264
0,1,0,0,51,1,1,0,1,0,0,0,0,1,79.6,3974.7,0,0,1,0,0,1,0,1,0,0,0,3,0.0200216314108207,1,0,0,3,1.5307692307692307,0,1,1,0,0,3,0.6327543424317619
0,0,1,0,41,1,1,0,1,0,0,0,0,1,80.25,3439.0,0,1,0,0,0,1,0,0,0,1,0,2,0.023328488372093,1,0,0,3,1.9107142857142858,0,0,1,1,1,3,0.5046153846153846
1,0,1,1,1,1,0,0,0,1,0,0,0,0,50.45,50.45,1,1,0,0,1,0,0,0,0,0,1,0,0.9805636540330418,1,0,0,2,25.225,0,0,1,0,0,2,0.019436345966958212
1,0,0,0,2,1,0,0,0,0,0,0,0,1,20.45,42.45,0,1,0,0,0,0,1,0,0,0,1,0,0.4706559263521288,0,0,0,1,6.816666666666666,0,0,0,0,0,1,0.09324009324009325
0,0,0,0,68,1,0,0,1,1,0,0,0,0,79.6,5461.45,0,0,1,0,0,1,0,0,1,0,0,3,0.0145722157639886,2,0,0,3,1.153623188405797,0,1,1,0,0,3,0.8436724565756825
1,0,1,1,24,1,1,0,0,0,0,0,0,0,24.7,571.75,0,0,0,1,0,0,1,0,0,0,1,1,0.0431252728066346,0,0,0,2,0.988,0,2,0,0,0,2,0.933852140077821
0,0,1,0,70,1,1,1,0,1,1,0,1,0,77.3,5498.2,0,0,0,1,1,0,0,0,1,0,0,3,0.0140565900494617,3,1,0,6,1.088732394366197,0,2,1,0,0,6,0.8939974457215837
0,0,0,0,3,0,0,0,0,0,1,0,0,1,29.75,96.85,0,1,0,0,1,0,0,0,0,1,0,0,0.3040367910066428,1,0,0,1,7.4375,0,0,1,0,1,1,0.0975609756097561
0,0,0,0,2,1,0,0,0,0,0,0,0,0,44.9,111.05,0,1,0,0,1,0,0,1,0,0,0,0,0.4007139669790272,0,0,0,1,14.966666666666667,0,0,0,0,0,1,0.04357298474945534
0,0,1,0,3,0,0,0,1,0,0,0,0,0,29.8,94.4,0,1,0,0,1,0,0,0,1,0,0,0,0.3123689727463312,1,0,0,1,7.45,0,0,1,0,0,1,0.09740259740259741
1,0,0,0,7,1,1,0,0,0,1,1,1,1,74.65,521.1,1,1,0,0,1,0,0,0,0,1,0,0,0.1429802719785481,1,2,0,5,9.33125,1,0,1,0,1,5,0.09253139458030403
1,0,0,0,13,1,0,1,0,0,0,1,1,1,71.95,923.85,0,1,0,0,1,0,0,0,0,1,0,1,0.0777963994161215,1,2,0,4,5.139285714285714,0,0,1,0,0,4,0.17820424948594926
0,0,0,0,7,1,0,0,0,0,0,0,0,0,20.75,141.1,0,1,0,0,0,0,1,0,0,0,1,0,0.1460239268121041,0,0,0,1,2.59375,0,0,0,0,0,1,0.3218390804597701
0,0,1,1,12,1,0,0,0,0,0,1,0,1,56.3,628.65,0,1,0,0,1,0,0,0,0,0,1,0,0.0894147542285396,0,1,0,2,4.3307692307692305,0,0,0,0,0,2,0.2094240837696335
0,0,1,1,53,1,1,0,1,1,0,1,1,1,105.25,5576.3,0,0,1,0,0,1,0,0,0,1,0,3,0.0188711383644415,2,2,1,6,1.9490740740740742,0,1,1,0,1,6,0.4988235294117647
1,0,0,0,12,1,1,0,0,0,0,1,1,1,94.2,1046.1,1,1,0,0,0,1,0,0,0,1,0,0,0.0899627542737083,0,2,1,4,7.246153846153846,0,0,0,1,1,4,0.12605042016806722
0,0,1,1,63,1,0,0,0,0,0,0,0,0,19.55,1245.6,0,0,0,1,0,0,1,0,0,0,1,3,0.0156826568265682,0,0,0,1,0.30546875,0,2,0,0,0,1,3.065693430656934
1,0,0,0,15,1,0,1,1,1,1,1,1,0,84.45,1287.85,0,1,0,0,1,0,0,0,0,0,1,1,0.0655235287271598,4,2,0,7,5.278125,0,0,1,0,0,7,0.17554125219426564
0,0,1,1,36,1,0,1,1,0,0,0,0,0,53.65,1939.35,0,0,1,0,1,0,0,0,0,0,1,2,0.0276496508361893,2,0,0,3,1.45,0,1,1,0,0,3,0.6587374199451053
0,1,1,0,4,0,0,0,0,1,0,0,0,1,29.9,118.25,0,1,0,0,1,0,0,0,0,1,0,0,0.250733752620545,1,0,0,1,5.9799999999999995,0,0,1,0,1,1,0.12944983818770228
1,0,1,1,24,1,0,0,0,0,0,0,0,0,19.7,452.55,0,0,0,1,0,0,1,0,0,0,1,1,0.043435122919193,0,0,0,1,0.7879999999999999,0,2,0,0,0,1,1.1594202898550725
1,0,0,0,61,0,0,1,1,1,1,0,0,0,43.7,2696.55,0,0,1,0,1,0,0,0,1,0,0,3,0.0161998850809067,4,0,0,4,0.7048387096774194,0,1,1,0,0,4,1.3646532438478747
0,0,0,0,16,1,1,0,1,0,0,0,0,0,55.3,875.35,0,1,0,0,1,0,0,0,0,1,0,1,0.0631026416386147,1,0,0,3,3.2529411764705882,0,0,1,0,1,3,0.28419182948490235
0,0,1,1,65,1,0,0,0,0,0,0,0,1,19.85,1267.05,0,0,0,1,0,0,1,0,1,0,0,3,0.0156539568628997,0,0,0,1,0.3007575757575758,0,2,0,0,0,1,3.1175059952038366
1,0,1,1,26,1,0,0,0,0,0,0,0,0,19.65,494.9,0,0,0,1,0,0,1,0,1,0,0,2,0.0396249243799153,0,0,0,1,0.7277777777777777,0,2,0,0,0,1,1.2590799031476998
0,0,0,0,16,1,0,0,0,0,1,0,0,1,49.45,799.0,0,1,0,0,1,0,0,0,0,0,1,1,0.0618125,1,0,0,2,2.908823529411765,0,0,1,0,0,2,0.31714568880079286
1,0,1,0,54,1,1,1,1,0,0,1,1,0,106.55,5763.3,1,0,1,0,0,1,0,1,0,0,0,3,0.0184844647225161,2,2,1,6,1.9372727272727273,0,1,1,0,0,6,0.502092050209205
0,0,0,0,1,1,0,0,0,0,0,0,0,0,20.1,20.1,1,1,0,0,0,0,1,0,0,0,1,0,0.95260663507109,0,0,0,1,10.05,0,0,0,0,0,1,0.04739336492890995
0,0,0,1,5,1,0,0,0,0,0,0,0,0,20.45,106.9,0,0,0,1,0,0,1,0,0,0,1,0,0.1895273401297497,0,0,0,1,3.408333333333333,0,2,0,0,0,1,0.23310023310023312
1,0,0,0,19,0,0,0,1,0,0,0,1,1,39.7,710.05,0,1,0,0,1,0,0,0,0,1,0,1,0.0558329231418325,1,1,0,2,1.985,0,0,1,0,1,2,0.4668304668304668
0,0,0,0,10,1,1,1,0,0,0,0,0,1,54.5,568.2,0,1,0,0,1,0,0,0,1,0,0,0,0.0957484188334504,1,0,0,3,4.954545454545454,0,0,1,0,0,3,0.18018018018018017
1,0,1,1,23,1,0,0,1,1,1,0,0,0,83.8,1900.25,1,1,0,0,0,1,0,0,0,1,0,1,0.0440762656147271,3,0,0,4,3.4916666666666667,0,0,1,1,1,4,0.27122641509433965
0,0,0,0,3,1,0,0,0,0,0,1,0,0,55.15,159.15,1,1,0,0,1,0,0,0,0,0,1,0,0.3443646581330002,0,1,0,2,13.7875,0,0,0,0,0,2,0.05342831700801425
1,0,0,0,72,1,1,0,1,1,1,1,1,1,111.6,8012.75,0,0,0,1,0,1,0,1,0,0,0,3,0.0139260645765091,3,2,1,7,1.5287671232876712,0,2,1,0,0,7,0.6394316163410302
0,1,1,0,10,1,1,0,0,0,0,0,1,1,86.65,856.65,1,1,0,0,0,1,0,0,0,1,0,0,0.1010318894653996,0,1,0,3,7.877272727272728,1,0,0,1,1,3,0.11409013120365087
1,0,1,1,10,1,0,0,1,1,0,0,0,1,55.55,551.3,0,1,0,0,1,0,0,0,0,0,1,0,0.1005793952562013,2,0,0,3,5.05,0,0,1,0,0,3,0.1768346595932803
0,0,1,0,11,1,0,0,0,0,0,0,0,1,20.55,184.95,0,0,1,0,0,0,1,0,0,0,1,0,0.1105135789190642,0,0,0,1,1.7125000000000001,0,1,0,0,0,1,0.5104408352668214
1,1,0,0,37,1,1,1,1,0,0,1,1,1,106.75,4056.75,1,1,0,0,0,1,0,1,0,0,0,2,0.026307682829154,2,2,1,6,2.8092105263157894,0,0,1,1,0,6,0.3433874709976798
0,0,1,1,17,1,1,1,0,0,1,0,0,1,62.1,1096.65,0,0,1,0,1,0,0,0,0,0,1,1,0.0565754111055436,2,0,0,4,3.45,0,1,1,0,0,4,0.2694136291600634
1,0,1,1,36,1,1,1,0,1,0,1,1,1,104.5,3684.95,0,1,0,0,0,1,0,0,1,0,0,2,0.0283509000393385,2,2,1,6,2.824324324324324,0,0,1,1,0,6,0.3412322274881517
0,1,0,0,17,1,0,0,1,1,0,1,1,1,101.8,1752.45,0,1,0,0,0,1,0,0,0,1,0,1,0.0580569733953063,2,2,1,5,5.655555555555555,0,0,1,1,1,5,0.16536964980544747
1,1,1,1,66,1,1,1,1,0,1,1,1,1,110.6,7210.85,0,0,1,0,0,1,0,0,1,0,0,3,0.0153358708237137,3,2,1,7,1.6507462686567163,0,1,1,0,0,7,0.5913978494623656
0,0,1,1,61,1,0,1,1,1,1,1,1,0,84.9,5264.5,0,0,1,0,1,0,0,1,0,0,0,3,0.0161238248979204,4,2,0,7,1.3693548387096774,0,1,1,0,0,7,0.7101280558789289
0,0,0,0,22,1,0,0,1,0,0,1,1,1,93.2,2157.3,0,1,0,0,0,1,0,0,0,0,1,1,0.0431821340870129,1,2,1,4,4.052173913043478,0,0,1,1,0,4,0.23354564755838642
0,0,0,0,1,0,0,0,0,0,0,0,0,1,24.4,24.4,0,1,0,0,1,0,0,0,0,1,0,0,0.9606299212598424,0,0,0,0,12.2,0,0,0,0,1,0,0.03937007874015748
1,0,0,0,6,1,0,0,0,0,0,0,0,0,70.55,433.95,0,1,0,0,0,1,0,0,1,0,0,0,0.1622025520174732,0,0,0,1,10.078571428571427,1,0,0,1,0,1,0.08385744234800839
0,0,0,0,31,1,0,0,1,0,1,0,0,1,78.45,2435.15,1,1,0,0,0,1,0,0,0,1,0,2,0.0322024505880179,2,0,0,3,2.4515625,0,0,1,1,1,3,0.39018250471994964
1,0,1,1,68,1,0,1,1,1,1,1,1,1,85.0,5607.75,0,0,0,1,1,0,0,0,1,0,0,3,0.0151548919099621,4,2,0,7,1.2318840579710144,0,2,1,0,0,7,0.7906976744186046
1,0,1,1,34,1,1,0,0,1,0,1,0,0,87.45,2874.15,1,1,0,0,0,1,0,0,0,1,0,2,0.0304158043928142,1,1,0,4,2.4985714285714287,0,0,1,1,1,4,0.3843979649519502
1,0,1,1,52,1,0,0,1,1,1,0,0,0,85.8,4433.3,0,1,0,0,0,1,0,1,0,0,0,3,0.0193491644678979,3,0,0,4,1.6188679245283017,0,0,1,1,0,4,0.599078341013825
1,0,0,1,10,1,0,0,0,1,1,1,0,1,91.1,964.35,0,1,0,0,0,1,0,0,0,1,0,0,0.0943699176464494,2,1,1,4,8.281818181818181,1,0,1,1,1,4,0.10857763300760044
0,0,1,1,29,1,0,0,0,0,0,0,0,1,70.75,1974.8,1,1,0,0,0,1,0,0,0,1,0,2,0.0358082801903026,0,0,0,1,2.3583333333333334,0,0,0,1,1,1,0.40418118466898956
1,0,1,1,72,1,0,0,0,0,0,0,0,0,20.1,1460.85,0,0,0,1,0,0,1,1,0,0,0,3,0.0137497007216882,0,0,0,1,0.2753424657534247,0,2,0,0,0,1,3.4123222748815163
0,0,1,1,47,1,0,0,0,0,0,0,0,0,20.05,951.55,0,0,1,0,0,0,1,0,0,0,1,2,0.0210487638444176,0,0,0,1,0.41770833333333335,0,1,0,0,0,1,2.2327790973871733
0,0,1,1,24,1,1,1,0,0,0,1,1,0,74.8,1821.2,0,0,1,0,1,0,0,0,0,0,1,1,0.0410492810887937,1,2,0,5,2.992,0,1,1,0,0,5,0.316622691292876
0,0,0,0,65,1,1,0,0,0,0,0,0,0,24.8,1600.95,0,0,1,0,0,0,1,0,1,0,0,3,0.0154811323699241,0,0,0,2,0.3757575757575758,0,1,0,0,0,2,2.5193798449612403
1,0,0,0,4,1,1,0,0,0,1,1,1,1,100.85,399.25,0,1,0,0,0,1,0,0,0,0,1,0,0.2519675202998126,1,2,1,5,20.169999999999998,1,0,1,1,0,5,0.039273441335297005
0,1,1,0,12,1,1,0,1,0,0,1,1,1,101.35,1218.55,1,1,0,0,0,1,0,0,0,1,0,0,0.0831044237628633,1,2,1,5,7.796153846153846,0,0,1,1,1,5,0.11724474841231071
0,0,0,0,1,1,1,1,0,0,0,0,0,1,81.7,81.7,1,1,0,0,0,1,0,0,0,1,0,0,0.9879081015719468,1,0,0,3,40.85,1,0,1,1,0,3,0.012091898428053204
0,0,0,0,33,1,0,0,0,0,0,0,0,0,68.25,2171.15,1,1,0,0,0,1,0,0,0,1,0,2,0.0314204820109108,0,0,0,1,2.0073529411764706,0,0,0,1,1,1,0.47653429602888087
1,0,0,0,34,1,0,0,1,1,1,1,1,1,105.1,3634.8,0,1,0,0,0,1,0,0,0,1,0,2,0.0289069805819902,3,2,1,6,3.0028571428571427,0,0,1,1,1,6,0.32045240339302544
1,0,1,0,14,1,0,0,0,0,0,0,0,0,20.4,292.4,0,0,0,1,0,0,1,0,0,0,1,1,0.0695296523517382,0,0,0,1,1.3599999999999999,0,2,0,0,0,1,0.6542056074766356
1,0,0,0,4,1,0,0,0,0,0,0,1,1,79.15,317.25,1,1,0,0,0,1,0,0,0,1,0,0,0.2487038491751767,0,1,0,2,15.830000000000002,1,0,0,1,1,2,0.04990642545227698
0,0,1,1,13,1,0,0,0,0,0,0,0,0,20.0,218.55,0,0,1,0,0,0,1,0,0,0,1,1,0.0910954224550216,0,0,0,1,1.4285714285714286,0,1,0,0,0,1,0.6190476190476191
1,0,1,1,65,1,1,0,1,0,1,1,1,1,79.4,5071.9,0,0,0,1,1,0,0,1,0,0,0,3,0.0156517968026178,2,2,0,6,1.2030303030303031,0,2,1,0,0,6,0.808457711442786
0,0,1,1,23,1,0,1,0,0,1,0,0,0,57.2,1423.35,0,0,1,0,1,0,0,0,1,0,0,1,0.0401586688665005,2,0,0,3,2.3833333333333333,0,1,1,0,0,3,0.3951890034364261
0,0,1,0,55,1,0,1,1,1,0,0,0,0,58.6,3068.6,0,0,0,1,1,0,0,0,0,1,0,3,0.0190904352358613,3,0,0,4,1.0464285714285715,0,2,1,0,0,4,0.9228187919463087
0,0,1,0,49,1,0,0,1,0,0,1,1,1,94.8,4690.65,0,0,0,1,0,1,0,0,0,1,0,3,0.0202061108565216,1,2,1,4,1.896,0,2,1,0,1,4,0.511482254697286
0,0,1,0,60,1,1,0,1,1,0,1,1,0,102.5,6157.6,0,0,1,0,0,1,0,1,0,0,0,3,0.0166433929789237,2,2,1,6,1.680327868852459,0,1,1,0,0,6,0.5797101449275363
1,0,1,1,69,1,0,0,0,0,0,0,0,1,20.35,1442.65,0,0,1,0,0,0,1,0,1,0,0,3,0.0140962144564125,0,0,0,1,0.29071428571428576,0,1,0,0,0,1,3.2318501170960183
0,0,0,0,40,1,1,0,0,0,0,1,0,1,84.9,3369.05,0,1,0,0,0,1,0,0,0,1,0,2,0.0251925045622468,0,1,0,3,2.0707317073170732,0,0,0,1,1,3,0.46565774155995343
0,0,1,0,67,1,0,1,1,0,1,0,1,1,69.2,4671.65,0,0,0,1,1,0,0,0,1,0,0,3,0.0148095834269632,3,1,0,5,1.0176470588235293,0,2,1,0,0,5,0.9544159544159544
0,1,0,0,35,1,1,0,0,0,0,1,1,1,95.45,3474.05,1,1,0,0,0,1,0,0,0,1,0,2,0.0274672306873282,0,2,1,4,2.651388888888889,0,0,0,1,1,4,0.36288232244686364
0,0,1,1,19,1,1,0,0,0,1,1,1,1,100.95,1875.55,1,0,1,0,0,1,0,0,0,1,0,1,0.0537955290293357,1,2,1,5,5.0475,0,1,1,0,1,5,0.18636586562040217
1,0,1,1,13,1,0,0,0,0,0,0,0,0,20.85,272.35,0,0,0,1,0,0,1,0,0,0,1,1,0.0762758368392171,0,0,0,1,1.4892857142857143,0,2,0,0,0,1,0.5949656750572082
1,0,0,1,41,1,1,0,1,0,0,1,0,1,88.5,3645.05,0,1,0,0,0,1,0,1,0,0,0,2,0.024272843213889,1,1,0,4,2.107142857142857,0,0,1,1,0,4,0.4581005586592179
1,0,0,0,4,0,0,1,0,1,0,0,0,0,35.0,135.75,0,1,0,0,1,0,0,0,0,0,1,0,0.2559414990859232,2,0,0,2,7.0,0,0,1,0,0,2,0.1111111111111111
1,0,1,1,24,1,0,1,0,0,1,0,0,0,55.15,1319.85,0,1,0,0,1,0,0,0,0,1,0,1,0.0417534163606768,2,0,0,3,2.206,0,0,1,0,0,3,0.427426536064114
1,0,0,0,5,0,0,0,1,0,0,1,1,1,50.95,229.4,0,1,0,0,1,0,0,0,1,0,0,0,0.2211371527777778,1,2,0,3,8.491666666666667,0,0,1,0,0,3,0.09624639076034648
1,0,0,0,5,1,1,0,1,0,0,0,1,1,64.0,370.25,0,1,0,0,1,0,0,0,0,1,0,0,0.1723905723905724,1,1,0,4,10.666666666666666,0,0,1,0,1,4,0.07692307692307693
1,0,1,1,1,1,0,0,0,0,0,0,0,1,69.1,69.1,1,1,0,0,0,1,0,0,0,0,1,0,0.985734664764622,0,0,0,1,34.55,0,0,0,1,0,1,0.014265335235378032
1,0,1,1,72,1,1,1,1,1,1,1,0,0,80.2,5714.2,0,0,0,1,1,0,0,1,0,0,0,3,0.0140327547592385,4,1,0,7,1.0986301369863014,0,2,1,0,0,7,0.8866995073891625
1,0,0,0,24,1,0,0,0,1,0,0,0,1,49.3,1233.25,0,1,0,0,1,0,0,0,1,0,0,1,0.0399432853959894,1,0,0,2,1.972,0,0,1,0,0,2,0.4771371769383698
1,0,1,0,42,1,1,1,0,1,1,1,1,0,84.35,3571.6,0,0,0,1,1,0,0,0,1,0,0,2,0.0236102558360857,3,2,0,7,1.9616279069767442,0,2,1,0,0,7,0.49209138840070304
1,0,0,0,4,1,0,0,0,0,0,0,0,0,20.05,83.3,0,1,0,0,0,0,1,0,0,0,1,0,0.2378410438908659,0,0,0,1,4.01,0,0,0,0,0,1,0.19002375296912113
0,0,0,0,68,1,1,1,1,1,1,1,1,1,117.2,8035.95,0,0,1,0,0,1,0,0,1,0,0,3,0.014582646401931,4,2,1,8,1.6985507246376812,0,1,1,0,0,8,0.5752961082910322
1,0,1,1,33,1,0,0,0,0,0,0,0,0,20.1,579.4,0,0,1,0,0,0,1,0,0,0,1,2,0.034631288766368,0,0,0,1,0.5911764705882353,0,1,0,0,0,1,1.5639810426540284
1,1,0,0,1,1,0,0,0,0,0,0,0,1,69.6,69.6,1,1,0,0,0,1,0,0,0,1,0,0,0.9858356940509916,0,0,0,1,34.8,0,0,0,1,1,1,0.0141643059490085
0,0,0,0,31,1,1,0,1,1,0,1,1,1,103.45,3066.45,1,0,1,0,0,1,0,0,0,1,0,2,0.0337250810934163,2,2,1,6,3.2328125,0,1,1,0,1,6,0.2967927237912877
1,0,0,0,4,1,1,0,1,0,0,0,0,0,77.95,305.55,1,1,0,0,0,1,0,1,0,0,0,0,0.2542815201435329,1,0,0,3,15.59,1,0,1,1,0,3,0.05066497783407219
0,1,1,0,69,1,1,0,1,1,1,1,1,1,109.95,7634.25,0,0,0,1,0,1,0,0,0,1,0,3,0.0144003143315543,3,2,1,7,1.5707142857142857,0,2,1,0,1,7,0.6219017575484452
0,1,0,0,38,1,1,0,0,0,0,1,1,0,94.75,3653.0,0,1,0,0,0,1,0,0,0,1,0,2,0.0259304871373836,0,2,1,4,2.4294871794871793,0,0,0,1,1,4,0.3968668407310705
1,0,1,1,3,1,0,0,1,0,1,0,0,1,80.0,241.3,0,1,0,0,0,1,0,0,0,1,0,0,0.330169211721007,2,0,0,3,20.0,1,0,1,1,1,3,0.037037037037037035
1,0,1,1,48,1,1,0,1,0,1,1,1,0,79.65,3870.3,0,0,0,1,1,0,0,0,0,1,0,2,0.0205744840234546,2,2,0,6,1.6255102040816327,0,2,1,0,1,6,0.5951642901425914
1,0,1,0,15,1,1,0,0,0,0,0,0,0,25.2,387.9,0,0,0,1,0,0,1,0,0,0,1,1,0.064798148624325,0,0,0,2,1.575,0,2,0,0,0,2,0.5725190839694657
1,0,0,0,25,1,0,0,0,0,0,0,0,0,19.9,527.5,0,0,1,0,0,0,1,0,1,0,0,2,0.0376537369914853,0,0,0,1,0.7653846153846153,0,1,0,0,0,1,1.1961722488038278
1,1,0,0,1,1,0,0,0,0,0,1,0,0,78.45,78.45,1,1,0,0,0,1,0,0,0,1,0,0,0.9874134675896792,0,1,0,2,39.225,1,0,0,1,1,2,0.012586532410320955
1,0,0,0,48,0,0,1,1,0,0,1,0,1,44.8,2104.55,0,1,0,0,1,0,0,0,0,1,0,2,0.0212771009949894,2,1,0,3,0.9142857142857143,0,0,1,0,0,3,1.0480349344978166
0,0,0,0,1,1,0,0,0,0,0,0,0,0,20.3,20.3,0,1,0,0,0,0,1,0,0,0,1,0,0.9530516431924884,0,0,0,1,10.15,0,0,0,0,0,1,0.046948356807511735
0,0,0,0,1,1,0,0,0,0,0,0,0,0,19.2,19.2,0,1,0,0,0,0,1,0,0,1,0,0,0.9504950495049505,0,0,0,1,9.6,0,0,0,0,1,1,0.04950495049504951
1,0,0,0,37,1,0,0,1,1,0,0,0,0,80.05,3019.1,0,0,1,0,0,1,0,0,0,1,0,2,0.026505744842886,2,0,0,3,2.106578947368421,0,1,1,0,1,3,0.4565083281924738
0,1,1,0,66,1,1,0,1,1,1,1,1,1,107.35,7051.95,0,0,1,0,0,1,0,1,0,0,0,3,0.0152205814588221,3,2,1,7,1.6022388059701491,0,1,1,0,0,7,0.6091370558375635
1,0,1,0,26,0,0,1,1,1,0,1,0,0,47.85,1190.5,0,0,1,0,1,0,0,1,0,0,0,2,0.0401594628619387,3,1,0,4,1.7722222222222224,0,1,1,0,0,4,0.5322415557830092
0,0,1,0,63,1,0,1,1,0,1,1,0,0,70.8,4448.8,0,0,1,0,1,0,0,0,1,0,0,3,0.0159108274529192,3,1,0,5,1.10625,0,1,1,0,0,5,0.8774373259052926
0,0,0,0,10,0,0,0,0,1,0,0,0,0,29.5,255.25,1,1,0,0,1,0,0,0,0,0,1,0,0.1151219512195122,1,0,0,1,2.6818181818181817,0,0,1,0,0,1,0.32786885245901637
1,0,0,0,2,1,0,1,0,0,0,1,1,1,70.75,146.9,1,1,0,0,1,0,0,0,0,1,0,0,0.4783637592968222,1,2,0,4,23.583333333333332,1,0,1,0,0,4,0.027874564459930314
0,1,1,0,18,1,0,1,0,0,0,0,1,1,59.1,1011.05,0,1,0,0,1,0,0,0,1,0,0,1,0.058396324292278,1,1,0,3,3.110526315789474,0,0,1,0,0,3,0.2995008319467554
1,0,1,0,64,1,1,0,0,0,0,0,0,0,25.55,1714.95,0,0,0,1,0,0,1,0,0,0,1,3,0.0148897112386724,0,0,0,2,0.3930769230769231,0,2,0,0,0,2,2.4105461393596985
1,1,0,0,9,1,1,0,0,0,0,0,1,1,84.45,762.5,1,1,0,0,0,1,0,0,0,1,0,0,0.1106090373280943,0,1,0,3,8.445,1,0,0,1,1,3,0.10532475131655938
1,0,0,1,28,1,0,0,0,0,0,0,0,0,20.25,535.35,0,1,0,0,0,0,1,0,0,0,1,2,0.0377551971660296,0,0,0,1,0.6982758620689655,0,0,0,0,0,1,1.3176470588235294
1,0,0,0,1,1,0,0,0,1,0,0,0,0,75.55,75.55,0,1,0,0,0,1,0,0,0,1,0,0,0.9869366427171784,1,0,0,2,37.775,1,0,1,1,1,2,0.013063357282821686
0,0,0,0,4,1,1,0,0,0,0,0,1,1,85.65,338.9,1,1,0,0,0,1,0,0,0,1,0,0,0.2519858781994705,0,1,0,3,17.130000000000003,1,0,0,1,1,3,0.046162723600692436
0,1,0,0,38,1,0,0,1,1,1,1,0,1,70.15,2497.35,1,0,1,0,1,0,0,0,1,0,0,2,0.0280785318310084,3,1,0,5,1.7987179487179488,0,1,1,0,0,5,0.5340829234012648
0,0,1,0,66,1,1,0,1,1,0,0,1,0,95.3,6273.4,0,0,1,0,0,1,0,0,0,1,0,3,0.0151887033023077,2,1,1,5,1.4223880597014924,0,1,1,0,1,5,0.6853582554517134
1,0,0,0,1,1,0,0,0,0,0,0,0,1,70.25,70.25,0,1,0,0,0,1,0,0,0,1,0,0,0.9859649122807016,0,0,0,1,35.125,1,0,0,1,1,1,0.014035087719298246
1,0,1,0,18,1,0,0,0,0,1,0,0,1,50.3,908.75,0,1,0,0,1,0,0,0,0,0,1,1,0.0552899148117614,1,0,0,2,2.6473684210526316,0,0,1,0,0,2,0.3508771929824562
0,1,0,0,51,1,1,0,0,1,0,1,1,1,97.8,4913.3,1,1,0,0,0,1,0,0,0,1,0,3,0.0199011049386484,1,2,1,5,1.8807692307692307,0,0,1,1,1,5,0.5161943319838057
0,0,1,1,0,1,0,0,0,0,0,0,0,0,19.85,19.85,0,0,0,1,0,0,1,0,0,0,1,0,0.9520383693045564,0,0,0,1,19.85,0,2,0,0,0,1,0.0
0,0,0,0,1,1,0,0,0,0,0,0,0,0,46.3,46.3,1,1,0,0,1,0,0,0,0,0,1,0,0.9788583509513742,0,0,0,1,23.15,0,0,0,0,0,1,0.021141649048625793
0,0,0,1,12,1,0,0,0,0,0,0,0,0,19.35,212.3,0,0,0,1,0,0,1,1,0,0,0,0,0.090717299578059,0,0,0,1,1.4884615384615385,0,2,0,0,0,1,0.5896805896805897
1,0,0,0,41,1,1,0,1,1,0,1,1,1,106.3,4443.45,1,1,0,0,0,1,0,0,0,1,0,2,0.0239174701031623,2,2,1,6,2.530952380952381,0,0,1,1,1,6,0.3821062441752097
0,0,0,0,12,1,1,0,0,0,0,0,0,0,25.0,316.2,0,1,0,0,0,0,1,0,0,1,0,0,0.0788146279949558,0,0,0,2,1.9230769230769231,0,0,0,0,1,2,0.46153846153846156
1,0,1,1,55,1,0,0,0,0,0,0,0,0,20.3,1079.05,0,0,0,1,0,0,1,0,0,0,1,3,0.0187954261376788,0,0,0,1,0.3625,0,2,0,0,0,1,2.5821596244131455
1,0,0,0,7,1,1,0,0,0,0,0,0,1,75.35,564.65,0,1,0,0,0,1,0,0,0,1,0,0,0.1332095818969327,0,0,0,2,9.41875,1,0,0,1,1,2,0.091683038637852
1,0,0,0,12,1,0,0,0,1,1,0,1,1,89.4,1095.65,1,1,0,0,0,1,0,0,0,1,0,0,0.0815209957598139,2,1,0,4,6.876923076923077,0,0,1,1,1,4,0.1327433628318584
1,0,1,1,68,1,1,1,1,1,1,1,1,0,88.0,6161.9,0,0,0,1,1,0,0,0,1,0,0,3,0.0142789920329714,4,2,0,8,1.2753623188405796,0,2,1,0,0,8,0.7640449438202247
1,1,0,0,5,1,1,0,0,0,0,1,0,1,83.15,446.05,1,1,0,0,0,1,0,0,1,0,0,0,0.1859970920478693,0,1,0,3,13.858333333333334,1,0,0,1,0,3,0.059417706476530004
1,1,0,0,49,1,0,0,0,0,0,0,0,0,43.8,2106.05,0,1,0,0,1,0,0,0,0,0,1,3,0.0207873567309745,0,0,0,1,0.8759999999999999,0,0,0,0,0,1,1.09375
0,0,0,0,40,0,0,1,1,1,0,1,1,0,62.05,2511.55,0,0,1,0,1,0,0,0,1,0,0,2,0.0246960259497323,3,2,0,5,1.5134146341463415,0,1,1,0,0,5,0.6344171292624902
1,0,0,0,16,1,0,0,0,0,0,0,0,0,20.1,318.6,0,0,1,0,0,0,1,1,0,0,0,1,0.0628911138923654,0,0,0,1,1.1823529411764706,0,1,0,0,0,1,0.7582938388625592
0,0,0,0,10,1,1,0,0,0,0,0,0,1,74.15,811.8,1,1,0,0,0,1,0,0,0,0,1,0,0.0912278543307086,0,0,0,2,6.740909090909091,1,0,0,1,0,2,0.1330671989354624
1,0,1,0,72,1,1,0,1,1,0,1,1,1,101.35,7323.15,0,0,1,0,0,1,0,0,0,1,0,3,0.0138377832239918,2,2,1,6,1.3883561643835616,0,1,1,0,1,6,0.7034684904738643
1,1,0,0,2,1,1,0,0,0,0,0,1,1,84.05,186.05,0,1,0,0,0,1,0,0,0,1,0,0,0.4493450948944132,0,1,0,3,28.016666666666666,1,0,0,1,1,3,0.023515579071134628
0,0,1,1,23,1,0,0,0,0,0,0,0,0,20.9,454.0,0,0,0,1,0,0,1,0,0,0,1,1,0.0459340659340659,0,0,0,1,0.8708333333333332,0,2,0,0,0,1,1.0502283105022832
1,1,0,0,71,1,1,0,1,1,0,1,1,1,105.9,7521.95,0,0,1,0,0,1,0,0,0,1,0,3,0.0140769246106912,2,2,1,6,1.4708333333333334,0,1,1,0,1,6,0.6641721234798877
1,0,1,0,11,1,1,0,0,1,0,1,1,1,99.5,1056.95,1,1,0,0,0,1,0,0,0,1,0,0,0.0940498133182097,1,2,1,5,8.291666666666666,1,0,1,1,1,5,0.10945273631840796
0,0,0,0,1,1,0,0,0,0,0,0,0,1,44.15,44.15,1,1,0,0,1,0,0,0,0,0,1,0,0.9778516057585824,0,0,0,1,22.075,0,0,0,0,0,1,0.0221483942414175
1,0,0,0,16,1,0,0,1,0,1,0,0,1,53.9,834.15,1,1,0,0,1,0,0,0,0,0,1,1,0.0645393043165898,2,0,0,3,3.1705882352941175,0,0,1,0,0,3,0.29143897996357016
1,0,0,0,1,1,1,0,0,0,0,0,1,1,85.45,85.45,1,1,0,0,0,1,0,0,0,0,1,0,0.9884326200115674,0,1,0,3,42.725,1,0,0,1,0,3,0.01156737998843262
0,0,1,0,12,1,0,0,1,0,0,0,1,1,85.05,999.8,0,1,0,0,0,1,0,0,1,0,0,0,0.0849820143884892,1,1,0,3,6.542307692307692,0,0,1,1,0,3,0.13945380592678674
1,0,0,0,54,0,0,1,0,0,1,0,1,0,44.1,2369.7,0,0,1,0,1,0,0,1,0,0,0,3,0.018602100645379,2,1,0,3,0.8018181818181819,0,1,1,0,0,3,1.1973392461197339
1,0,1,0,68,1,1,0,1,1,1,0,0,0,90.2,6297.65,0,0,0,1,0,1,0,0,1,0,0,3,0.0143205290022465,3,0,1,5,1.3072463768115943,0,2,1,0,0,5,0.7456140350877193
1,0,1,1,4,1,1,0,0,0,0,0,0,0,50.85,239.55,1,1,0,0,1,0,0,0,0,0,1,0,0.2113905632924548,0,0,0,2,10.17,0,0,0,0,0,2,0.07714561234329798
1,0,0,1,1,1,0,0,0,1,0,0,1,0,59.2,59.2,1,1,0,0,1,0,0,0,0,1,0,0,0.9833887043189368,1,1,0,3,29.6,0,0,1,0,1,3,0.01661129568106312
0,0,0,0,27,1,0,1,0,0,1,0,0,0,53.45,1461.45,0,1,0,0,1,0,0,0,0,0,1,2,0.0365482580601046,2,0,0,3,1.9089285714285715,0,0,1,0,0,3,0.4958677685950413
0,0,0,0,21,1,0,0,0,0,0,0,0,1,19.95,416.4,0,1,0,0,0,0,1,0,0,0,1,1,0.0477958792525155,0,0,0,1,0.9068181818181817,0,0,0,0,0,1,1.0023866348448687
0,0,0,0,13,1,0,0,0,1,0,1,0,1,83.2,1060.6,1,1,0,0,0,1,0,0,0,1,0,1,0.0783722682743029,1,1,0,3,5.942857142857143,0,0,1,1,1,3,0.1543942992874109
1,1,0,0,64,1,1,0,1,1,1,0,1,0,74.65,4869.35,0,1,0,0,1,0,0,0,1,0,0,3,0.0153274405330212,3,1,0,6,1.1484615384615386,0,0,1,0,0,6,0.8460013218770653
1,0,0,0,1,1,0,1,1,0,0,0,0,1,54.9,54.9,1,1,0,0,1,0,0,0,0,1,0,0,0.9821109123434704,2,0,0,3,27.45,0,0,1,0,0,3,0.017889087656529516
0,0,1,0,57,0,0,0,1,1,1,1,1,1,57.5,3265.95,0,0,0,1,1,0,0,1,0,0,0,3,0.0176005142411117,3,2,0,5,0.9913793103448276,0,2,1,0,0,5,0.9743589743589743
1,0,1,0,21,1,1,1,0,1,0,1,1,1,103.9,2254.2,1,1,0,0,0,1,0,0,0,1,0,1,0.0460713018800993,2,2,1,6,4.722727272727273,0,0,1,1,0,6,0.2001906577693041
0,0,0,0,19,1,0,0,0,0,0,0,0,0,19.65,358.15,0,0,0,1,0,0,1,0,0,0,1,1,0.0547125156619796,0,0,0,1,0.9824999999999999,0,2,0,0,0,1,0.9200968523002422
0,0,1,0,31,1,0,0,0,1,0,1,1,1,93.8,2939.8,0,0,1,0,0,1,0,0,0,1,0,2,0.0318960826985854,1,2,1,4,2.93125,0,1,1,0,1,4,0.3270042194092827
0,0,0,0,52,1,1,1,1,1,1,1,1,1,89.25,4652.4,0,0,0,1,1,0,0,0,0,0,1,3,0.019179524648644,4,2,0,8,1.6839622641509433,0,2,1,0,0,8,0.5761772853185596
1,0,0,0,46,1,1,0,1,1,0,0,1,1,94.15,4408.45,0,0,1,0,0,1,0,0,0,1,0,2,0.0213518692807493,2,1,1,5,2.0031914893617024,0,1,1,0,1,5,0.48344718864950076
1,1,0,0,11,1,1,1,0,0,0,0,0,1,55.6,580.8,0,1,0,0,1,0,0,0,0,1,0,0,0.0955654864214506,1,0,0,3,4.633333333333334,0,0,1,0,0,3,0.19434628975265017
1,0,1,1,53,0,0,1,1,1,0,0,1,1,48.7,2495.2,0,1,0,0,1,0,0,1,0,0,0,3,0.0195096546751061,3,1,0,4,0.9018518518518519,0,0,1,0,0,4,1.0663983903420522
1,0,1,1,11,1,0,0,0,0,0,0,0,1,19.25,180.3,1,1,0,0,0,0,1,0,0,0,1,0,0.1061776061776061,0,0,0,1,1.6041666666666667,0,0,0,0,0,1,0.5432098765432098
0,1,0,0,57,1,1,0,1,0,1,1,1,1,104.9,5913.95,0,1,0,0,0,1,0,1,0,0,0,3,0.0177347230323164,2,2,1,6,1.8086206896551724,0,0,1,1,0,6,0.5382436260623229
1,1,0,0,2,1,1,0,0,0,0,0,0,1,75.45,158.4,1,1,0,0,0,1,0,0,0,0,1,0,0.4733375156838143,0,0,0,2,25.150000000000002,1,0,0,1,0,2,0.026160889470241987
1,1,0,0,2,1,0,1,1,0,0,0,0,0,54.85,104.2,1,1,0,0,1,0,0,0,0,0,1,0,0.5213878326996197,2,0,0,3,18.283333333333335,0,0,1,0,0,3,0.03581020590868397
1,0,1,1,71,1,0,0,0,0,0,0,0,0,19.9,1389.35,0,0,0,1,0,0,1,1,0,0,0,3,0.014312942784191,0,0,0,1,0.27638888888888885,0,2,0,0,0,1,3.397129186602871
1,0,1,1,1,1,0,0,0,0,0,0,0,1,19.4,19.4,0,1,0,0,0,0,1,0,0,0,1,0,0.9509803921568628,0,0,0,1,9.7,0,0,0,0,0,1,0.04901960784313726
0,0,1,0,68,1,1,0,0,0,0,0,0,0,25.05,1629.2,0,0,0,1,0,0,1,0,1,0,0,3,0.0153662127346337,0,0,0,2,0.3630434782608696,0,2,0,0,0,2,2.6103646833013436
0,0,1,0,72,1,0,1,1,1,1,1,1,0,84.45,6033.1,0,0,0,1,1,0,0,0,0,0,1,3,0.0139954591405512,4,2,0,7,1.156849315068493,0,2,1,0,0,7,0.8425980105324751
1,0,0,0,2,1,0,0,0,0,0,0,0,0,19.3,44.4,0,1,0,0,0,0,1,0,0,0,1,0,0.4251101321585903,0,0,0,1,6.433333333333334,0,0,0,0,0,1,0.09852216748768472
0,1,1,0,1,1,1,0,0,0,0,1,1,1,95.1,95.1,1,1,0,0,0,1,0,0,0,1,0,0,0.9895941727367326,0,2,1,4,47.55,1,0,0,1,1,4,0.01040582726326743
1,0,0,0,41,1,0,1,0,1,1,1,1,1,79.85,3320.75,0,0,1,0,1,0,0,1,0,0,0,2,0.0240385339053209,3,2,0,6,1.901190476190476,0,1,1,0,0,6,0.5071119356833643
0,0,1,1,72,1,1,0,0,0,0,0,0,0,25.55,1867.7,0,0,0,1,0,0,1,0,1,0,0,3,0.0136726066249264,0,0,0,2,0.35000000000000003,0,2,0,0,0,2,2.711864406779661
0,0,1,0,6,1,1,0,0,0,0,0,0,1,75.5,438.0,1,1,0,0,0,1,0,0,0,1,0,0,0.1719817767653758,0,0,0,2,10.785714285714286,1,0,0,1,1,2,0.0784313725490196
1,0,1,1,4,1,0,0,0,1,0,0,0,1,73.75,325.45,1,1,0,0,0,1,0,0,0,1,0,0,0.2259151478021136,1,0,0,2,14.75,1,0,1,1,1,2,0.05351170568561873
0,0,0,0,12,1,1,0,0,0,0,1,1,1,96.05,1148.1,1,1,0,0,0,1,0,0,0,1,0,0,0.0835871551649116,0,2,1,4,7.388461538461538,0,0,0,1,1,4,0.12364760432766615
1,0,1,0,58,1,1,1,0,0,1,0,1,1,68.4,3972.25,0,0,1,0,1,0,0,0,0,1,0,3,0.0172151261561693,2,1,0,5,1.1593220338983052,0,1,1,0,0,5,0.8357348703170028
1,0,0,0,7,1,0,0,0,0,0,0,0,0,20.65,155.9,0,1,0,0,0,0,1,0,0,0,1,0,0.1316124920331421,0,0,0,1,2.58125,0,0,0,0,0,1,0.32332563510392615
1,0,1,0,65,1,0,1,0,1,0,0,0,1,55.15,3673.15,0,1,0,0,1,0,0,0,0,0,1,3,0.015010274485255,2,0,0,3,0.8356060606060606,0,0,1,0,0,3,1.157613535173642
0,0,0,0,1,1,0,0,0,0,0,0,0,1,70.6,70.6,0,1,0,0,0,1,0,0,0,0,1,0,0.9860335195530726,0,0,0,1,35.3,1,0,0,1,0,1,0.013966480446927375
0,0,1,0,56,1,0,0,0,0,0,0,0,0,19.95,1126.75,0,0,1,0,0,0,1,0,1,0,0,3,0.0176900908889381,0,0,0,1,0.35,0,1,0,0,0,1,2.6730310262529833
0,0,0,0,4,1,0,0,0,0,0,0,0,0,19.0,73.45,0,1,0,0,0,0,1,0,0,0,1,0,0.2552048354600403,0,0,0,1,3.8,0,0,0,0,0,1,0.2
1,0,1,1,58,1,0,0,0,0,0,0,0,1,44.1,2413.05,0,0,1,0,1,0,0,0,0,0,1,3,0.018268055756923,0,0,0,1,0.747457627118644,0,1,0,0,0,1,1.286031042128603
0,0,1,0,62,1,1,0,0,1,1,1,1,1,107.6,6912.7,0,0,0,1,0,1,0,1,0,0,0,3,0.01556330184995,2,2,1,6,1.7079365079365079,0,2,1,0,0,6,0.570902394106814
0,0,0,0,26,1,1,1,1,0,0,0,0,0,61.55,1581.95,0,0,1,0,1,0,0,0,0,1,0,2,0.0388830980132031,2,0,0,4,2.2796296296296297,0,1,1,0,0,4,0.4156674660271783
0,0,0,0,62,1,1,1,1,1,0,0,0,0,90.7,5586.45,0,1,0,0,0,1,0,1,0,0,0,3,0.0162328074524156,3,0,1,5,1.4396825396825397,0,0,1,1,0,5,0.6761177753544165
1,0,1,1,58,1,0,1,1,0,0,1,1,0,99.25,5846.65,0,0,1,0,0,1,0,0,1,0,0,3,0.0169726300308671,2,2,1,5,1.6822033898305084,0,1,1,0,0,5,0.5785536159600998
1,0,1,0,68,1,1,1,1,1,1,1,1,1,91.7,6424.7,0,0,0,1,1,0,0,0,0,1,0,3,0.0142708187434832,4,2,1,8,1.3289855072463768,0,2,1,0,0,8,0.7335490830636462
1,0,1,1,61,1,1,1,1,1,0,0,1,1,100.7,6018.65,0,0,1,0,0,1,0,0,1,0,0,3,0.0167285473407922,3,1,1,6,1.6241935483870968,0,1,1,0,0,6,0.599803343166175
1,0,0,0,42,1,1,0,0,1,1,1,1,1,78.45,3373.4,0,0,0,1,1,0,0,0,1,0,0,2,0.0232485775248933,2,2,0,6,1.8244186046511628,0,2,1,0,0,6,0.5286343612334802
0,0,0,0,18,1,1,0,0,0,0,1,0,0,84.3,1537.9,0,1,0,0,0,1,0,1,0,0,0,1,0.0547793878744557,0,1,0,3,4.436842105263158,0,0,0,1,0,3,0.21101992966002345
1,0,0,0,56,1,0,0,0,0,0,0,0,1,19.55,1080.55,0,0,0,1,0,0,1,1,0,0,0,3,0.0180759095742221,0,0,0,1,0.3429824561403509,0,2,0,0,0,1,2.725060827250608
1,0,0,0,4,1,1,0,1,0,0,0,1,1,88.95,355.2,1,1,0,0,0,1,0,0,0,1,0,0,0.2497192588433464,1,1,0,4,17.79,1,0,1,1,1,4,0.04446914952751529
1,0,0,0,4,1,0,0,0,0,0,0,0,0,20.45,82.85,0,1,0,0,0,0,1,0,1,0,0,0,0.2438878950506857,0,0,0,1,4.09,0,0,0,0,0,1,0.1864801864801865
1,0,0,1,35,1,0,1,1,0,0,0,0,0,55.6,2016.45,0,0,1,0,1,0,0,0,1,0,0,2,0.0275595429874346,2,0,0,3,1.5444444444444445,0,1,1,0,0,3,0.6183745583038869
1,0,1,1,64,1,1,1,0,0,1,0,0,1,86.8,5327.25,0,1,0,0,0,1,0,1,0,0,0,3,0.0162905269084596,2,0,0,4,1.3353846153846154,0,0,1,1,0,4,0.7289293849658315
1,0,0,0,31,1,0,0,0,0,0,0,0,0,20.95,683.25,0,0,1,0,0,0,1,0,0,0,1,2,0.0306174643770551,0,0,0,1,0.6546875,0,1,0,0,0,1,1.4123006833712985
1,1,1,0,67,1,0,0,0,0,0,0,0,1,20.05,1263.05,0,0,0,1,0,0,1,1,0,0,0,3,0.0158617143309204,0,0,0,1,0.2948529411764706,0,2,0,0,0,1,3.182897862232779
1,0,0,0,4,1,0,0,1,0,0,0,0,0,50.7,151.3,1,1,0,0,1,0,0,0,1,0,0,0,0.3328956007879186,1,0,0,2,10.14,0,0,1,0,0,2,0.07736943907156672
1,1,1,0,70,1,1,1,1,1,1,1,1,1,113.65,7714.65,0,0,0,1,0,1,0,0,0,1,0,3,0.0147298024145729,4,2,1,8,1.6007042253521127,0,2,1,0,0,8,0.6105538595726123
0,0,0,0,3,1,0,0,0,0,0,1,0,0,53.4,188.7,1,1,0,0,1,0,0,0,1,0,0,0,0.2814971006852926,0,1,0,2,13.35,0,0,0,0,0,2,0.05514705882352941
0,1,1,0,53,1,1,0,1,0,0,1,1,1,101.9,5549.4,1,1,0,0,0,1,0,0,0,1,0,3,0.018359037186509,1,2,1,5,1.887037037037037,0,0,1,1,1,5,0.5150631681243926
0,0,1,1,2,1,0,1,1,0,1,0,0,0,59.5,130.5,0,0,0,1,1,0,0,0,0,0,1,0,0.4524714828897338,3,0,0,4,19.833333333333332,0,2,1,0,0,4,0.03305785123966942
1,0,1,1,29,1,0,0,0,0,0,1,1,1,87.8,2621.75,0,1,0,0,0,1,0,0,1,0,0,2,0.0334763130302163,0,2,0,3,2.9266666666666667,0,0,0,1,0,3,0.32657657657657657
1,0,0,0,47,0,0,1,0,1,1,0,0,0,41.9,1875.25,0,0,0,1,1,0,0,0,0,0,1,2,0.0223317788141239,3,0,0,3,0.8729166666666667,0,2,1,0,0,3,1.0955710955710956
1,0,1,1,68,1,1,0,0,0,0,1,0,1,83.0,5685.8,1,0,1,0,0,1,0,0,0,1,0,3,0.0145952029260744,0,1,0,3,1.2028985507246377,0,1,0,0,1,3,0.8095238095238095
0,0,0,1,12,1,0,1,0,0,0,1,1,1,69.85,837.5,0,1,0,0,1,0,0,0,0,0,1,0,0.0833035181872391,1,2,0,4,5.373076923076923,0,0,1,0,0,4,0.16937191249117856
1,0,1,1,8,1,0,0,1,0,1,0,0,0,56.3,401.5,0,1,0,0,1,0,0,1,0,0,0,0,0.1398757763975155,2,0,0,3,6.2555555555555555,0,0,1,0,0,3,0.13961605584642234
0,0,1,0,54,1,1,1,1,1,0,1,1,0,109.55,6118.95,0,1,0,0,0,1,0,0,0,1,0,3,0.0179004730430804,3,2,1,7,1.9918181818181817,0,0,1,1,0,7,0.48846675712347354
0,0,1,1,69,1,0,0,1,0,1,1,0,1,92.15,6480.9,0,0,0,1,0,1,0,0,0,0,1,3,0.0142165105910304,2,1,1,4,1.3164285714285715,0,2,1,0,0,4,0.7407407407407407
1,0,0,0,26,1,1,1,1,0,0,1,0,1,69.5,1800.05,0,1,0,0,1,0,0,1,0,0,0,2,0.0385886010938063,2,1,0,5,2.574074074074074,0,0,1,0,0,5,0.36879432624113473
1,0,1,0,72,1,1,1,1,1,1,0,0,1,97.0,7104.2,0,0,0,1,0,1,0,1,0,0,0,3,0.0136519732027247,4,0,1,6,1.3287671232876712,0,2,1,0,0,6,0.7346938775510204
1,0,0,0,70,0,0,1,0,1,1,1,1,1,58.35,4214.25,0,0,0,1,1,0,0,1,0,0,0,3,0.0138425953383547,3,2,0,5,0.821830985915493,0,2,1,0,0,5,1.1794439764111204
0,0,0,1,1,1,0,1,0,0,0,0,0,0,50.6,50.6,1,1,0,0,1,0,0,0,0,0,1,0,0.9806201550387597,1,0,0,2,25.3,0,0,1,0,0,2,0.01937984496124031
0,0,0,0,10,1,0,0,0,0,0,1,1,1,89.5,863.1,1,1,0,0,0,1,0,0,0,1,0,0,0.1035759750028931,0,2,0,3,8.136363636363637,1,0,0,1,1,3,0.11049723756906077
1,0,1,1,28,1,0,0,0,0,0,0,0,1,70.4,1992.2,0,0,1,0,0,1,0,1,0,0,0,2,0.0353200883002207,0,0,0,1,2.427586206896552,0,1,0,0,0,1,0.39215686274509803
0,0,0,0,1,1,0,0,0,0,0,0,0,1,69.8,69.8,1,1,0,0,0,1,0,0,0,1,0,0,0.9858757062146892,0,0,0,1,34.9,0,0,0,1,1,1,0.014124293785310734
1,0,1,0,21,1,1,0,0,0,0,1,1,1,94.3,1948.35,0,1,0,0,0,1,0,0,0,1,0,1,0.048375099392105,0,2,1,4,4.286363636363636,0,0,0,1,1,4,0.22035676810073454
0,1,1,0,51,1,1,1,0,1,0,1,0,1,93.8,4750.95,1,1,0,0,0,1,0,1,0,0,0,3,0.0197392649333431,2,1,1,5,1.8038461538461539,0,0,1,1,0,5,0.5379746835443038
1,0,1,1,53,1,0,0,0,0,0,0,0,0,19.55,1007.9,0,0,1,0,0,0,1,1,0,0,0,3,0.019377539894935,0,0,0,1,0.36203703703703705,0,1,0,0,0,1,2.579075425790754
0,0,0,1,53,1,0,1,1,1,0,0,1,0,95.95,5036.9,0,0,1,0,0,1,0,0,0,1,0,3,0.0190456340935707,3,1,1,5,1.776851851851852,0,1,1,0,0,5,0.5466735430634347
0,0,1,0,24,1,1,0,0,1,0,1,1,1,101.05,2391.8,1,1,0,0,0,1,0,0,0,1,0,1,0.0422308592443998,1,2,1,5,4.042,0,0,1,1,1,5,0.23517883390494856
1,0,1,0,70,1,1,1,1,1,1,1,1,1,94.8,6859.05,0,0,0,1,1,0,0,0,1,0,0,3,0.0138191412599033,4,2,1,8,1.3352112676056338,0,2,1,0,0,8,0.7306889352818372
0,0,0,0,61,1,1,1,1,1,0,1,1,1,107.75,6521.9,0,0,1,0,0,1,0,0,0,1,0,3,0.0165187263333793,3,2,1,7,1.7379032258064515,0,1,1,0,0,7,0.5609195402298851
1,0,0,0,11,1,0,1,0,0,1,0,0,1,54.6,617.85,0,0,1,0,1,0,0,0,0,0,1,0,0.088228165145027,2,0,0,3,4.55,0,1,1,0,0,3,0.19784172661870503
0,0,0,0,2,1,0,0,0,0,0,0,0,1,71.3,157.75,0,1,0,0,0,1,0,0,1,0,0,0,0.4491338582677165,0,0,0,1,23.766666666666666,1,0,0,1,0,1,0.027662517289073308
0,0,0,0,25,1,0,0,0,0,0,0,0,1,19.5,516.3,0,0,1,0,0,0,1,1,0,0,0,2,0.037695727817514,0,0,0,1,0.75,0,1,0,0,0,1,1.2195121951219512
1,0,0,0,41,1,1,0,1,0,0,0,0,1,56.3,2364.0,0,0,1,0,1,0,0,0,1,0,0,2,0.0238054968287526,1,0,0,3,1.3404761904761904,0,1,1,0,0,3,0.7155322862129145
0,0,1,0,18,1,1,0,0,0,0,1,1,1,94.7,1687.95,1,1,0,0,0,1,0,0,0,1,0,1,0.0560703395600817,0,2,1,4,4.984210526315789,0,0,0,1,1,4,0.18808777429467083
0,1,1,0,72,1,1,0,1,1,0,1,1,1,104.15,7689.95,1,0,0,1,0,1,0,1,0,0,0,3,0.0135418901436103,2,2,1,6,1.4267123287671233,0,2,1,0,0,6,0.6847360912981455
1,0,1,1,71,1,1,1,1,1,1,1,1,1,90.55,6239.05,0,0,0,1,1,0,0,0,1,0,0,3,0.0145111016738647,4,2,1,8,1.2576388888888888,0,2,1,0,0,8,0.7755324959038777
1,0,1,1,34,1,0,1,1,1,0,0,0,1,60.8,2042.05,0,0,1,0,1,0,0,0,0,0,1,2,0.0297594283057193,3,0,0,4,1.737142857142857,0,1,1,0,0,4,0.5501618122977346
0,0,0,0,29,1,0,0,0,1,1,1,1,1,98.8,2807.1,0,1,0,0,0,1,0,0,1,0,0,2,0.0351839321961468,2,2,1,5,3.2933333333333334,0,0,1,1,0,5,0.2905811623246493
0,1,1,0,40,1,0,1,1,1,1,1,0,1,98.15,4116.8,0,0,1,0,0,1,0,0,1,0,0,2,0.0238355432512506,4,1,1,6,2.3939024390243904,0,1,1,0,0,6,0.40342914775592537
0,0,1,0,36,0,0,1,0,1,0,0,0,0,35.35,1317.95,0,0,1,0,1,0,0,0,0,0,1,2,0.0268016225027484,2,0,0,2,0.9554054054054054,0,1,1,0,0,2,0.9903713892709766
1,0,1,0,46,1,1,0,1,0,1,1,1,1,103.15,4594.65,0,0,1,0,0,1,0,0,0,1,0,2,0.0224451383373407,2,2,1,6,2.19468085106383,0,1,1,0,1,6,0.44167066730676907
1,0,0,0,58,1,1,1,1,1,0,1,1,1,107.75,6332.75,0,0,1,0,0,1,0,0,0,1,0,3,0.0170120386816656,3,2,1,7,1.826271186440678,0,1,1,0,0,7,0.5333333333333333
0,0,0,0,39,1,1,0,1,0,0,0,0,0,81.4,3213.75,0,0,1,0,0,1,0,0,1,0,0,2,0.0253207869974337,1,0,0,3,2.035,0,1,1,0,0,3,0.47330097087378636
0,0,1,1,4,1,0,0,0,0,1,0,1,0,61.45,229.55,1,1,0,0,1,0,0,0,1,0,0,0,0.2665365430492301,1,1,0,3,12.290000000000001,0,0,1,0,0,3,0.06405124099279423
1,0,1,1,52,1,1,0,1,1,0,1,0,1,95.7,4976.15,0,0,1,0,0,1,0,0,1,0,0,3,0.0192278713721708,2,1,1,5,1.8056603773584907,0,1,1,0,0,5,0.5377456049638055
0,1,1,0,70,1,1,0,1,1,0,1,1,1,104.8,7308.95,0,0,1,0,0,1,0,0,0,1,0,3,0.0143366233695168,2,2,1,6,1.476056338028169,0,1,1,0,1,6,0.6616257088846881
0,1,1,0,65,1,0,0,0,0,0,0,0,1,70.95,4555.2,0,0,1,0,0,1,0,1,0,0,0,3,0.0155721873491067,0,0,0,1,1.075,0,1,0,0,0,1,0.9034051424600417
0,0,0,0,1,1,0,0,0,0,0,0,0,1,44.95,44.95,0,1,0,0,1,0,0,0,0,0,1,0,0.9782372143634384,0,0,0,1,22.475,0,0,0,0,0,1,0.021762785636561477
1,0,1,0,70,1,1,0,0,1,0,1,1,1,97.65,6982.5,0,0,1,0,0,1,0,0,0,1,0,3,0.0139829598338941,1,2,1,5,1.3753521126760564,0,1,1,0,1,5,0.7095793208312214
1,1,1,1,29,0,0,0,1,1,0,0,0,1,35.65,1025.15,0,1,0,0,1,0,0,0,0,0,1,2,0.0347415095258977,2,0,0,2,1.1883333333333332,0,0,1,0,0,2,0.791268758526603
0,0,0,0,1,1,0,0,0,0,0,1,1,1,90.55,90.55,1,1,0,0,0,1,0,0,0,1,0,0,0.9890770070999454,0,2,1,3,45.275,1,0,0,1,1,3,0.010922992900054615
1,0,0,0,67,1,1,1,0,1,1,1,1,1,85.25,5714.2,0,0,0,1,1,0,0,0,0,0,1,3,0.0149163633818589,3,2,0,7,1.2536764705882353,0,2,1,0,0,7,0.7768115942028986
1,0,0,0,1,1,0,0,0,0,0,0,0,1,19.5,19.5,0,1,0,0,0,0,1,0,0,0,1,0,0.951219512195122,0,0,0,1,9.75,0,0,0,0,0,1,0.04878048780487805
1,0,0,0,26,1,0,0,0,0,0,1,1,1,88.8,2274.35,1,1,0,0,0,1,0,1,0,0,0,2,0.0390269628848309,0,2,0,3,3.2888888888888888,0,0,0,1,0,3,0.289532293986637
1,0,1,1,30,1,1,0,0,0,0,0,0,1,25.1,789.55,0,0,0,1,0,0,1,0,0,0,1,2,0.0317500474353298,0,0,0,2,0.8096774193548387,0,2,0,0,0,2,1.1494252873563218
1,0,1,0,48,1,0,0,0,1,1,1,1,1,100.05,4834.0,0,1,0,0,0,1,0,0,1,0,0,2,0.0206928645294725,2,2,1,5,2.0418367346938773,0,0,1,1,0,5,0.47501237011380504
1,0,1,1,55,1,0,1,1,0,0,0,0,0,55.7,3131.8,0,1,0,0,1,0,0,0,0,1,0,3,0.0177796220633299,2,0,0,3,0.9946428571428572,0,0,1,0,0,3,0.9700176366843033
0,0,0,0,7,1,1,0,0,0,0,0,1,1,85.2,602.55,1,1,0,0,0,1,0,0,0,0,1,0,0.1411647750807721,0,1,0,3,10.65,1,0,0,1,0,3,0.08120649651972157
0,0,0,0,37,1,1,1,0,0,0,1,0,1,91.15,3369.25,0,1,0,0,0,1,0,0,0,1,0,2,0.0270454714041985,1,1,1,4,2.3986842105263158,0,0,1,1,0,4,0.4015192620727075
1,0,1,0,31,1,0,0,1,0,0,0,1,1,83.85,2674.15,0,1,0,0,0,1,0,1,0,0,0,2,0.0313440367829841,1,1,0,3,2.6203125,0,0,1,1,0,3,0.36535061873895114
0,0,0,0,4,1,0,0,0,0,0,0,0,1,45.9,199.75,0,1,0,0,1,0,0,0,0,1,0,0,0.2286425902864259,0,0,0,1,9.18,0,0,0,0,1,1,0.08528784648187633
0,0,1,1,72,1,1,0,0,0,0,0,0,1,25.1,1790.8,0,0,0,1,0,0,1,0,1,0,0,3,0.0140082598504297,0,0,0,2,0.3438356164383562,0,2,0,0,0,2,2.758620689655172
0,1,0,0,5,1,0,0,0,0,0,1,1,1,91.4,449.75,1,1,0,0,0,1,0,0,0,1,0,0,0.2027731558513588,0,2,1,3,15.233333333333334,1,0,0,1,1,3,0.05411255411255411
0,0,1,1,1,1,0,0,0,0,0,0,0,0,19.7,19.7,0,1,0,0,0,0,1,0,0,0,1,0,0.9516908212560388,0,0,0,1,9.85,0,0,0,0,0,1,0.04830917874396135
1,1,0,0,15,1,0,0,0,0,0,1,1,1,91.5,1400.3,0,1,0,0,0,1,0,0,0,1,0,1,0.0652965103832155,0,2,1,3,5.71875,0,0,0,1,1,3,0.16216216216216217
0,0,1,1,8,1,0,1,0,0,0,0,0,1,51.3,411.6,0,1,0,0,1,0,0,0,1,0,0,0,0.1243334949103247,1,0,0,2,5.699999999999999,0,0,1,0,0,2,0.15296367112810708
1,0,0,0,35,1,0,0,0,0,0,0,0,0,21.1,741.0,0,0,1,0,0,0,1,0,0,0,1,2,0.0284366576819407,0,0,0,1,0.5861111111111111,0,1,0,0,0,1,1.583710407239819
1,1,0,0,56,1,1,0,1,1,0,1,1,0,104.75,5841.35,0,1,0,0,0,1,0,0,0,1,0,3,0.0179294290824753,2,2,1,6,1.837719298245614,0,0,1,1,1,6,0.5295508274231678
0,0,1,0,42,1,1,0,0,1,1,1,1,1,106.15,4512.7,1,1,0,0,0,1,0,1,0,0,0,2,0.0235172918005184,2,2,1,6,2.468604651162791,0,0,1,1,0,6,0.39197386840877274
0,1,1,1,65,1,1,1,1,0,0,0,0,1,85.75,5688.45,0,1,0,0,0,1,0,0,0,1,0,3,0.015071755617854,2,0,0,4,1.2992424242424243,0,0,1,1,0,4,0.7492795389048992
1,0,1,1,2,1,0,0,0,0,0,0,0,0,20.3,31.9,0,0,1,0,0,0,1,0,0,0,1,0,0.6170212765957447,0,0,0,1,6.766666666666667,0,1,0,0,0,1,0.09389671361502347
0,1,1,0,65,1,1,1,0,0,0,1,1,1,100.75,6674.65,0,0,1,0,0,1,0,0,0,1,0,3,0.0150921633099398,1,2,1,5,1.5265151515151516,0,1,1,0,0,5,0.6388206388206388
1,0,0,0,18,1,1,0,0,0,0,0,0,1,74.15,1345.75,0,1,0,0,0,1,0,0,0,1,0,1,0.0550584741043252,0,0,0,2,3.9026315789473687,0,0,0,1,1,2,0.2395209580838323
1,0,0,0,23,1,1,1,0,1,0,1,1,1,78.55,1843.05,0,0,1,0,1,0,0,0,0,1,0,1,0.0425964588812667,2,2,0,6,3.2729166666666667,0,1,1,0,0,6,0.2891263356379636
1,0,0,0,4,1,0,0,0,0,0,0,0,1,45.3,196.95,1,1,0,0,1,0,0,0,0,0,1,0,0.2288456680980045,0,0,0,1,9.059999999999999,0,0,0,0,0,1,0.08639308855291578
0,0,1,0,70,1,0,0,0,0,0,0,0,0,19.85,1433.8,0,0,0,1,0,0,1,0,1,0,0,3,0.0138346807917479,0,0,0,1,0.2795774647887324,0,2,0,0,0,1,3.3573141486810547
1,0,0,0,4,1,1,0,0,0,0,0,0,0,50.7,214.55,0,1,0,0,1,0,0,0,0,1,0,0,0.2352122477383437,0,0,0,2,10.14,0,0,0,0,1,2,0.07736943907156672
0,0,0,0,19,1,0,0,0,0,0,0,0,1,45.0,865.85,0,1,0,0,1,0,0,1,0,0,0,1,0.0519120955182557,0,0,0,1,2.25,0,0,0,0,0,1,0.41304347826086957
1,0,0,0,18,1,0,0,1,1,0,0,0,0,77.8,1358.6,0,1,0,0,0,1,0,0,0,1,0,1,0.0572227125625183,2,0,0,3,4.094736842105263,0,0,1,1,1,3,0.2284263959390863
1,1,1,0,38,1,0,1,0,0,0,0,1,1,83.45,3147.15,0,1,0,0,0,1,0,0,0,1,0,2,0.0265076314660991,1,1,0,3,2.1397435897435897,0,0,1,1,0,3,0.4499703966844286
0,0,0,0,2,1,1,0,0,0,0,0,0,1,73.25,131.05,1,1,0,0,0,1,0,0,1,0,0,0,0.5547141234380916,0,0,0,2,24.416666666666668,1,0,0,1,0,2,0.026936026936026935
0,0,0,0,47,1,1,1,1,0,0,1,0,0,94.8,4535.85,0,0,1,0,0,1,0,1,0,0,0,2,0.0208955552861566,2,1,1,5,1.9749999999999999,0,1,1,0,0,5,0.4906054279749478
1,0,1,1,52,1,0,0,0,0,0,0,0,0,20.1,1078.75,0,0,0,1,0,0,1,1,0,0,0,3,0.0186154202361657,0,0,0,1,0.37924528301886795,0,2,0,0,0,1,2.4644549763033172
0,0,0,0,9,1,1,0,0,0,0,0,1,0,59.9,542.4,0,1,0,0,1,0,0,0,0,0,1,0,0.1102318733897681,0,1,0,3,5.99,0,0,0,0,0,3,0.1477832512315271
1,0,1,0,26,1,1,1,1,1,1,1,1,1,90.1,2312.55,0,0,1,0,1,0,0,0,1,0,0,2,0.0389444792634695,4,2,1,8,3.337037037037037,0,1,1,0,0,8,0.2854006586169045
0,0,1,1,8,1,0,0,0,1,0,0,0,1,51.05,415.05,1,1,0,0,1,0,0,0,0,1,0,0,0.122701598365581,1,0,0,2,5.672222222222222,0,0,1,0,1,2,0.15369836695485112
0,0,1,0,44,1,0,0,1,1,1,1,0,1,70.95,3250.45,0,0,1,0,1,0,0,0,0,1,0,2,0.0218210336926602,3,1,0,5,1.5766666666666667,0,1,1,0,1,5,0.6115357887421821
1,0,0,0,3,0,0,0,1,0,0,0,0,0,29.2,98.5,0,1,0,0,1,0,0,0,0,0,1,0,0.293467336683417,1,0,0,1,7.3,0,0,1,0,0,1,0.09933774834437087
0,0,0,0,2,1,0,0,0,0,0,0,0,1,46.6,87.9,0,1,0,0,1,0,0,1,0,0,0,0,0.5241844769403824,0,0,0,1,15.533333333333333,0,0,0,0,0,1,0.04201680672268907
1,0,1,1,9,1,1,0,0,0,0,1,0,1,85.35,754.65,1,1,0,0,0,1,0,1,0,0,0,0,0.1129491166545358,0,1,0,3,8.535,1,0,0,1,0,3,0.10422698320787493
0,1,0,0,1,1,1,0,0,0,0,0,0,1,75.35,75.35,1,1,0,0,0,1,0,0,0,1,0,0,0.9869024230517356,0,0,0,2,37.675,1,0,0,1,1,2,0.013097576948264572
0,0,0,0,25,1,0,1,0,0,0,0,0,0,74.3,1952.25,0,1,0,0,0,1,0,1,0,0,0,2,0.0380391654934084,1,0,0,2,2.8576923076923078,0,0,1,1,0,2,0.3320053120849934
1,1,1,0,2,1,0,0,0,0,0,0,0,1,69.3,153.8,0,1,0,0,0,1,0,0,0,1,0,0,0.4476744186046511,0,0,0,1,23.099999999999998,0,0,0,1,1,1,0.02844950213371266
0,0,0,0,43,1,0,1,0,0,0,0,0,1,75.2,3198.6,1,1,0,0,0,1,0,0,0,1,0,2,0.0235029378672334,1,0,0,2,1.7090909090909092,0,0,1,1,0,2,0.5643044619422573
1,0,0,0,1,1,0,0,0,0,0,0,0,0,20.9,20.9,1,1,0,0,0,0,1,0,0,0,1,0,0.954337899543379,0,0,0,1,10.45,0,0,0,0,0,1,0.04566210045662101
1,0,1,0,58,1,1,0,1,1,0,0,1,1,94.3,5610.15,0,0,1,0,0,1,0,0,0,1,0,3,0.0168058241180506,2,1,1,5,1.5983050847457627,0,1,1,0,1,5,0.608604407135362
1,0,1,1,59,1,1,1,0,1,1,1,0,1,76.45,4519.5,0,0,0,1,1,0,0,0,0,0,1,3,0.0169118460347306,3,1,0,6,1.2741666666666667,0,2,1,0,0,6,0.7617817947062621
0,0,0,0,44,0,0,1,0,1,0,1,1,1,54.0,2440.25,0,0,1,0,1,0,0,0,0,1,0,2,0.0221198156682027,2,2,0,4,1.2,0,1,1,0,0,4,0.8
0,0,0,0,66,1,1,0,1,0,1,1,1,1,104.25,6860.6,0,0,1,0,0,1,0,0,0,1,0,3,0.0151932493878978,2,2,1,6,1.5559701492537314,0,1,1,0,1,6,0.6270783847980997
0,0,1,1,68,1,0,0,0,0,0,0,0,0,19.95,1377.7,0,0,0,1,0,0,1,1,0,0,0,3,0.0144701530427214,0,0,0,1,0.2891304347826087,0,2,0,0,0,1,3.24582338902148
0,0,0,0,9,0,0,0,0,0,0,0,0,1,24.95,190.25,0,1,0,0,1,0,0,0,0,1,0,0,0.1304575163398692,0,0,0,0,2.495,0,0,0,0,1,0,0.3468208092485549
0,0,0,0,19,1,1,1,0,1,0,0,0,1,84.75,1651.95,0,1,0,0,0,1,0,0,0,1,0,1,0.0512719682991016,2,0,0,4,4.2375,0,0,1,1,0,4,0.22157434402332363
0,0,0,0,4,1,0,0,0,0,0,0,0,0,19.75,78.3,0,1,0,0,0,0,1,0,0,0,1,0,0.2490542244640605,0,0,0,1,3.95,0,0,0,0,0,1,0.1927710843373494
1,0,0,0,70,1,1,1,1,1,1,1,1,1,113.65,7939.25,0,0,0,1,0,1,0,1,0,0,0,3,0.0143131513491388,4,2,1,8,1.6007042253521127,0,2,1,0,0,8,0.6105538595726123
0,0,0,0,1,1,0,0,0,0,0,0,0,1,44.9,44.9,0,1,0,0,1,0,0,0,0,0,1,0,0.9782135076252724,0,0,0,1,22.45,0,0,0,0,0,1,0.02178649237472767
1,0,0,0,8,1,1,0,0,0,0,0,0,1,75.25,576.7,0,1,0,0,0,1,0,0,0,1,0,0,0.1302579193352951,0,0,0,2,8.36111111111111,1,0,0,1,1,2,0.10491803278688525
0,0,0,0,53,1,1,0,0,0,0,0,0,0,24.6,1279.0,0,0,0,1,0,0,1,0,0,0,1,3,0.01921875,0,0,0,2,0.4555555555555556,0,2,0,0,0,2,2.0703125
0,1,0,0,51,1,1,0,0,0,0,0,0,0,25.0,1260.7,0,0,1,0,0,0,1,1,0,0,0,3,0.0198145359435682,0,0,0,2,0.4807692307692308,0,1,0,0,0,2,1.9615384615384615
0,0,1,1,11,1,0,0,0,0,0,0,0,0,20.95,267.35,0,1,0,0,0,0,1,1,0,0,0,0,0.0780696851127259,0,0,0,1,1.7458333333333333,0,0,0,0,0,1,0.5011389521640092
0,0,1,1,60,1,1,1,0,1,1,1,1,1,110.6,6586.85,0,0,0,1,0,1,0,0,0,1,0,3,0.0167884818263925,3,2,1,7,1.8131147540983605,0,2,1,0,0,7,0.5376344086021506
0,0,0,0,17,1,0,1,1,0,0,0,0,1,55.5,934.15,0,1,0,0,1,0,0,0,1,0,0,1,0.059348767577394,2,0,0,3,3.0833333333333335,0,0,1,0,0,3,0.3008849557522124
0,0,0,0,3,1,0,0,0,0,0,0,0,1,43.3,123.65,1,1,0,0,1,0,0,0,0,1,0,0,0.3473726434015242,0,0,0,1,10.825,0,0,0,0,1,1,0.06772009029345373
0,0,1,0,70,1,0,1,1,1,1,1,1,1,109.5,7534.65,1,0,1,0,0,1,0,1,0,0,0,3,0.014530929647741,4,2,1,7,1.5422535211267605,0,1,1,0,0,7,0.6334841628959276
0,0,0,0,1,1,0,0,0,0,0,0,0,0,19.45,19.45,0,1,0,0,0,0,1,0,0,0,1,0,0.9511002444987776,0,0,0,1,9.725,0,0,0,0,0,1,0.0488997555012225
0,1,0,0,43,1,1,0,0,0,0,1,0,1,84.85,3645.6,0,1,0,0,0,1,0,0,0,1,0,2,0.0232682498765973,0,1,0,3,1.9284090909090907,0,0,0,1,1,3,0.5008736167734421
1,0,1,0,16,1,0,0,0,0,0,0,0,0,19.6,314.45,0,1,0,0,0,0,1,0,0,0,1,1,0.0621334601363132,0,0,0,1,1.1529411764705884,0,0,0,0,0,1,0.7766990291262136
1,0,1,1,57,1,0,1,1,0,0,0,0,0,53.45,3053.0,0,0,1,0,1,0,0,0,0,1,0,3,0.0175016371971185,2,0,0,3,0.9215517241379311,0,1,1,0,0,3,1.046831955922865
0,0,1,1,37,1,0,0,0,0,0,0,0,0,19.8,677.05,0,0,1,0,0,0,1,0,1,0,0,2,0.0292013863284418,0,0,0,1,0.5210526315789474,0,1,0,0,0,1,1.7788461538461537
1,0,1,0,72,1,1,1,1,1,1,1,1,0,112.1,7965.95,0,0,0,1,0,1,0,0,1,0,0,3,0.0140706292872429,4,2,1,8,1.5356164383561643,0,2,1,0,0,8,0.6366047745358091
1,1,0,0,11,1,1,0,0,0,0,0,1,1,84.8,906.85,1,1,0,0,0,1,0,0,1,0,0,0,0.0934075012391914,0,1,0,3,7.066666666666666,1,0,0,1,0,3,0.12820512820512822
1,1,1,0,50,1,1,0,1,1,0,1,0,1,95.05,4888.7,1,1,0,0,0,1,0,0,0,1,0,3,0.0194388203775282,2,1,1,5,1.8637254901960785,0,0,1,1,1,5,0.5205622071837585
0,1,0,0,5,1,0,0,0,1,0,0,0,0,50.35,237.25,1,1,0,0,1,0,0,0,0,1,0,0,0.2113326337880378,1,0,0,2,8.391666666666667,0,0,1,0,1,2,0.0973709834469328
0,0,1,0,1,1,1,0,0,0,0,0,0,1,74.6,74.6,1,1,0,0,0,1,0,1,0,0,0,0,0.9867724867724867,0,0,0,2,37.3,1,0,0,1,0,2,0.013227513227513229
0,0,0,0,16,1,0,0,0,0,0,0,0,1,19.7,342.4,1,1,0,0,0,0,1,0,0,0,1,1,0.0573675014560279,0,0,0,1,1.1588235294117646,0,0,0,0,0,1,0.7729468599033816
0,1,1,0,2,1,0,0,0,1,0,0,0,1,74.2,140.1,0,1,0,0,0,1,0,0,0,1,0,0,0.52586817859674,1,0,0,2,24.733333333333334,1,0,1,1,1,2,0.026595744680851064
1,0,0,0,17,1,1,0,0,1,1,1,0,1,69.0,1108.0,0,1,0,0,1,0,0,0,0,0,1,1,0.0622182146077547,2,1,0,5,3.8333333333333335,0,0,1,0,0,5,0.24285714285714285
1,0,0,0,16,1,0,0,0,0,0,0,0,0,19.35,295.55,0,0,1,0,0,0,1,0,1,0,0,1,0.0652503793626707,0,0,0,1,1.1382352941176472,0,1,0,0,0,1,0.7862407862407862
1,0,0,0,15,1,0,0,0,1,0,0,1,1,59.45,892.65,1,1,0,0,1,0,0,0,0,1,0,1,0.0665249258658311,1,1,0,3,3.715625,0,0,1,0,1,3,0.24813895781637715
1,0,0,0,10,1,0,0,0,0,0,0,0,1,19.8,198.25,0,0,1,0,0,0,1,0,0,0,1,0,0.0993726474278544,0,0,0,1,1.8,0,1,0,0,0,1,0.4807692307692307
1,0,0,1,46,1,0,1,1,0,1,1,1,1,105.2,4822.85,1,0,1,0,0,1,0,1,0,0,0,2,0.021808306643034,3,2,1,6,2.2382978723404254,0,1,1,0,0,6,0.4331450094161958
0,0,1,1,64,1,1,0,1,1,1,1,1,1,109.2,6741.15,0,0,0,1,0,1,0,0,1,0,0,3,0.0161966138397988,3,2,1,7,1.68,0,2,1,0,0,7,0.5807622504537205
1,0,0,0,1,1,1,0,1,0,0,0,0,1,79.15,79.15,0,1,0,0,0,1,0,0,0,0,1,0,0.9875233936369308,1,0,0,3,39.575,1,0,1,1,0,3,0.012476606363069244
0,0,1,1,25,1,0,0,1,1,0,0,0,0,53.65,1355.45,0,0,1,0,1,0,0,0,0,0,1,2,0.0395517711673854,2,0,0,3,2.0634615384615382,0,1,1,0,0,3,0.4574565416285453
0,0,1,1,71,1,0,1,1,1,1,1,0,0,100.2,7209.0,0,0,0,1,0,1,0,0,1,0,0,3,0.0138973647711511,4,1,1,6,1.3916666666666666,0,2,1,0,0,6,0.7015810276679841
0,0,0,0,8,1,0,0,0,0,0,0,0,1,45.15,438.4,1,1,0,0,1,0,0,0,0,0,1,0,0.102753755120619,0,0,0,1,5.016666666666667,0,0,0,0,0,1,0.1733477789815818
1,0,1,1,72,1,0,1,1,1,1,1,1,1,108.65,7726.35,0,0,0,1,0,1,0,1,0,0,0,3,0.0140604476308178,4,2,1,7,1.4883561643835617,0,2,1,0,0,7,0.6566347469220246
1,0,1,0,49,0,0,1,0,0,0,1,0,0,40.65,2070.75,0,1,0,0,1,0,0,1,0,0,0,3,0.0196210932786291,1,1,0,2,0.813,0,0,1,0,0,2,1.1764705882352942
0,0,1,1,29,0,0,1,1,1,1,0,1,1,55.35,1636.95,0,0,1,0,1,0,0,0,1,0,0,2,0.0337922403003754,4,1,0,5,1.845,0,1,1,0,0,5,0.5146406388642414
0,0,1,0,72,1,1,1,1,1,1,0,1,0,105.6,7581.5,0,0,0,1,0,1,0,1,0,0,0,3,0.0139268051434223,4,1,1,7,1.4465753424657533,0,2,1,0,0,7,0.675422138836773
0,0,1,0,31,1,1,0,1,1,0,1,0,0,93.8,3019.5,1,1,0,0,0,1,0,0,0,1,0,2,0.0310544611819235,2,1,1,5,2.93125,0,0,1,1,1,5,0.3270042194092827
1,0,0,0,50,1,1,0,0,0,0,1,1,1,95.7,4729.75,0,1,0,0,0,1,0,0,0,1,0,3,0.0202293505258151,0,2,1,4,1.8764705882352941,0,0,0,1,1,4,0.5170630816959669
0,0,1,0,71,1,1,1,0,1,1,1,1,0,83.2,6126.1,0,0,0,1,1,0,0,0,0,1,0,3,0.0135790178061399,3,2,0,7,1.1555555555555557,0,2,1,0,0,7,0.843230403800475
0,1,1,0,70,1,1,1,1,1,1,1,1,0,90.05,6333.4,0,0,0,1,1,0,0,0,1,0,0,3,0.0142160267744379,4,2,1,8,1.2683098591549296,0,2,1,0,0,8,0.7688083470620538
0,0,0,0,71,1,1,1,0,0,1,0,1,0,97.65,6687.85,0,0,1,0,0,1,0,0,1,0,0,3,0.0145989220867563,2,1,1,5,1.3562500000000002,0,1,1,0,0,5,0.7197161682716675
0,0,1,1,61,1,0,1,1,1,1,0,0,1,68.05,4158.25,0,0,0,1,1,0,0,1,0,0,0,3,0.0163611227985814,4,0,0,5,1.0975806451612902,0,2,1,0,0,5,0.8834178131788559
0,0,0,0,32,1,0,0,0,0,1,1,1,1,96.2,3183.4,1,1,0,0,0,1,0,0,0,1,0,2,0.0302097726416279,1,2,1,4,2.915151515151515,0,0,1,1,1,4,0.3292181069958848
1,0,0,1,1,1,0,0,0,0,0,0,1,1,79.6,79.6,1,1,0,0,0,1,0,0,0,1,0,0,0.9875930521091812,0,1,0,2,39.8,1,0,0,1,1,2,0.01240694789081886
0,0,0,0,68,1,1,1,1,1,0,0,1,1,102.1,7149.35,0,0,0,1,0,1,0,1,0,0,0,3,0.0142790213066493,3,1,1,6,1.479710144927536,0,2,1,0,0,6,0.6595538312318138
0,0,0,0,62,1,1,0,0,0,0,0,0,0,23.4,1429.65,0,0,0,1,0,0,1,1,0,0,0,3,0.0163562017264879,0,0,0,2,0.3714285714285714,0,2,0,0,0,2,2.540983606557377
1,0,0,1,7,1,0,0,0,0,0,0,0,1,71.05,472.65,0,1,0,0,0,1,0,0,0,1,0,0,0.1500052781589781,0,0,0,1,8.88125,1,0,0,1,1,1,0.09715475364330327
0,0,0,0,20,1,1,0,0,0,0,1,0,1,85.25,1734.5,1,1,0,0,0,1,0,0,0,1,0,1,0.0491212906943244,0,1,0,3,4.059523809523809,0,0,0,1,1,3,0.2318840579710145
0,0,1,1,6,1,0,0,0,0,0,0,0,0,19.45,113.5,0,0,1,0,0,0,1,0,0,0,1,0,0.1698689956331877,0,0,0,1,2.7785714285714285,0,1,0,0,0,1,0.293398533007335
1,1,0,0,33,0,0,1,1,1,0,1,1,1,59.45,1884.65,0,1,0,0,1,0,0,1,0,0,0,2,0.0315275899557181,3,2,0,5,1.7485294117647059,0,0,1,0,0,5,0.5459057071960297
0,0,1,1,28,1,1,0,0,0,0,1,1,0,92.2,2568.15,0,0,1,0,0,1,0,1,0,0,0,2,0.0358873557402253,0,2,1,4,3.179310344827586,0,1,0,0,0,4,0.3004291845493562
0,0,0,0,27,1,0,0,0,0,0,0,0,0,19.85,470.0,0,0,0,1,0,0,1,0,1,0,0,2,0.0421443736730361,0,0,0,1,0.7089285714285715,0,2,0,0,0,1,1.2949640287769784
0,0,0,0,7,1,0,0,0,0,0,0,0,0,43.9,278.4,0,1,0,0,1,0,0,0,0,0,1,0,0.1571224051539012,0,0,0,1,5.4875,0,0,0,0,0,1,0.155902004454343
0,0,0,0,26,1,1,0,0,0,1,0,0,1,80.5,2088.8,1,1,0,0,0,1,0,0,0,1,0,2,0.0385204325772801,1,0,0,3,2.9814814814814814,0,0,1,1,1,3,0.31901840490797545
0,1,0,0,5,1,1,0,1,0,0,0,1,1,89.8,502.6,1,1,0,0,0,1,0,0,0,1,0,0,0.1783161239078633,1,1,0,4,14.966666666666667,1,0,1,1,1,4,0.05506607929515419
0,1,0,0,30,1,1,1,0,0,0,0,1,1,90.5,2595.85,0,1,0,0,0,1,0,0,1,0,0,2,0.0348499143192714,1,1,1,4,2.9193548387096775,0,0,1,1,0,4,0.32786885245901637
0,0,0,0,63,1,1,0,1,0,0,0,1,0,90.45,5825.5,0,0,1,0,0,1,0,0,1,0,0,3,0.0155238994250407,1,1,1,4,1.41328125,0,1,1,0,0,4,0.6889010388190268
0,0,0,0,1,1,0,0,1,0,0,0,0,1,50.75,50.75,1,1,0,0,1,0,0,0,0,1,0,0,0.9806763285024156,1,0,0,2,25.375,0,0,1,0,1,2,0.01932367149758454
1,0,0,1,53,1,1,0,1,1,1,1,1,1,84.6,4449.75,0,0,1,0,1,0,0,0,0,1,0,3,0.0190080323540976,3,2,0,7,1.5666666666666667,0,1,1,0,1,7,0.619158878504673
1,0,1,1,14,1,0,0,1,0,1,0,1,1,89.65,1208.35,1,1,0,0,0,1,0,0,1,0,0,1,0.0741307313846281,2,1,0,4,5.9766666666666675,0,0,1,1,0,4,0.15444015444015444
1,0,0,0,21,1,0,0,1,0,1,1,1,1,99.15,1956.4,0,1,0,0,0,1,0,1,0,0,0,1,0.0506539286809032,2,2,1,5,4.506818181818182,0,0,1,1,0,5,0.20968547179231153
0,0,0,0,17,1,0,0,0,0,0,0,0,0,19.95,310.6,0,0,1,0,0,0,1,0,0,0,1,1,0.0640243902439024,0,0,0,1,1.1083333333333334,0,1,0,0,0,1,0.81145584725537
0,0,1,1,16,1,0,0,0,0,0,0,0,0,20.5,290.55,0,0,0,1,0,0,1,0,0,0,1,1,0.0703138398216429,0,0,0,1,1.2058823529411764,0,2,0,0,0,1,0.7441860465116279
1,0,0,0,35,1,0,0,0,1,0,0,1,1,62.1,2096.1,0,1,0,0,1,0,0,0,0,1,0,2,0.029612321777693,1,1,0,3,1.725,0,0,1,0,1,3,0.554675118858954
1,1,0,0,32,1,0,0,0,0,0,0,1,1,79.5,2665.0,0,1,0,0,0,1,0,0,0,1,0,2,0.0298199549887471,0,1,0,2,2.409090909090909,0,0,0,1,1,2,0.39751552795031053
1,0,1,1,28,1,0,0,0,0,0,0,0,1,19.55,543.8,0,1,0,0,0,0,1,1,0,0,0,2,0.0358847283406754,0,0,0,1,0.6741379310344828,0,0,0,0,0,1,1.362530413625304
1,0,0,0,1,1,0,0,0,0,0,0,0,1,20.35,20.35,0,1,0,0,0,0,1,0,0,0,1,0,0.9531615925058547,0,0,0,1,10.175,0,0,0,0,0,1,0.046838407494145196
0,0,0,0,59,0,0,0,0,0,1,1,1,1,51.7,3005.8,0,1,0,0,1,0,0,0,0,1,0,3,0.017194359451909,1,2,0,3,0.8616666666666667,0,0,1,0,1,3,1.1195445920303604
1,0,1,1,72,1,1,0,0,0,0,0,0,1,23.3,1623.15,0,0,1,0,0,0,1,1,0,0,0,3,0.0143459655819967,0,0,0,2,0.31917808219178084,0,1,0,0,0,2,2.962962962962963
0,0,0,0,36,1,0,0,1,0,1,0,1,1,65.4,2498.4,1,0,1,0,1,0,0,0,0,0,1,2,0.0261662799071777,2,1,0,4,1.7675675675675677,0,1,1,0,0,4,0.5421686746987951
1,0,0,0,40,1,0,1,1,0,0,1,0,0,65.1,2586.0,0,1,0,0,1,0,0,0,0,0,1,2,0.0251642829532276,2,1,0,4,1.5878048780487803,0,0,1,0,0,4,0.6051437216338881
0,0,1,1,40,1,1,0,0,1,0,0,0,1,81.2,3292.3,0,1,0,0,0,1,0,0,0,1,0,2,0.0246561200012145,1,0,0,3,1.9804878048780488,0,0,1,1,1,3,0.48661800486618
1,0,0,1,9,1,0,0,0,1,1,1,1,1,72.9,651.4,1,1,0,0,1,0,0,0,0,0,1,0,0.1117412630288166,2,2,0,5,7.290000000000001,1,0,1,0,0,5,0.12178619756427604
0,0,1,1,63,1,0,1,1,1,1,1,0,0,74.5,4674.55,0,0,0,1,1,0,0,0,1,0,0,3,0.0159339542941472,4,1,0,6,1.1640625,0,2,1,0,0,6,0.8344370860927153
1,0,0,0,3,1,0,0,0,0,0,1,0,1,80.5,232.35,0,1,0,0,0,1,0,0,0,1,0,0,0.3449753589029355,0,1,0,2,20.125,1,0,0,1,1,2,0.03680981595092025
0,0,1,1,40,0,0,0,1,1,1,1,1,0,60.3,2448.5,0,0,1,0,1,0,0,0,0,0,1,2,0.0246172688303735,3,2,0,5,1.4707317073170731,0,1,1,0,0,5,0.6525285481239804
0,0,1,0,8,1,0,1,0,0,0,0,0,1,75.0,658.1,0,1,0,0,0,1,0,0,0,0,1,0,0.1137915339098771,1,0,0,2,8.333333333333334,1,0,1,1,0,2,0.10526315789473684
0,1,1,0,34,1,0,1,0,0,1,1,0,0,90.15,3128.8,0,0,1,0,0,1,0,0,0,0,1,2,0.0288037574285896,2,1,1,4,2.575714285714286,0,1,1,0,0,4,0.3730115194733955
0,0,0,0,5,0,0,1,0,1,1,0,0,0,40.0,223.45,1,1,0,0,1,0,0,0,0,0,1,0,0.1782134105591445,3,0,0,3,6.666666666666667,0,0,1,0,0,3,0.12195121951219512
0,1,0,0,9,1,1,0,1,0,0,1,1,1,99.45,919.4,1,1,0,0,0,1,0,0,1,0,0,0,0.1080508474576271,1,2,1,5,9.945,1,0,1,1,0,5,0.08959681433549029
0,0,1,0,9,1,1,0,1,1,0,0,1,1,69.05,653.95,0,1,0,0,1,0,0,0,1,0,0,0,0.10542789525918,2,1,0,5,6.904999999999999,0,0,1,0,0,5,0.1284796573875803
0,0,1,1,31,1,1,0,0,0,0,0,1,0,59.7,1825.5,0,1,0,0,1,0,0,1,0,0,0,2,0.0326854640021899,0,1,0,3,1.865625,0,0,0,0,0,3,0.5107084019769357
1,0,1,0,50,1,0,0,0,0,0,0,0,1,19.85,943.1,0,0,1,0,0,0,1,1,0,0,0,3,0.0210253151149242,0,0,0,1,0.3892156862745098,0,1,0,0,0,1,2.398081534772182
1,0,0,0,2,1,0,1,1,0,1,0,0,1,86.25,181.65,1,1,0,0,0,1,0,0,0,1,0,0,0.4722146181220914,3,0,0,4,28.75,1,0,1,1,0,4,0.022922636103151862
1,0,0,0,1,1,0,0,0,0,0,0,0,1,45.65,45.65,1,1,0,0,1,0,0,0,0,1,0,0,0.9785637727759914,0,0,0,1,22.825,0,0,0,0,1,1,0.021436227224008574
0,0,0,0,8,1,0,0,0,0,0,0,0,1,70.1,551.35,1,1,0,0,0,1,0,0,0,0,1,0,0.1269122838779759,0,0,0,1,7.788888888888888,1,0,0,1,0,1,0.11251758087201126
1,0,0,0,9,0,0,0,1,0,0,0,1,0,40.75,359.4,0,1,0,0,1,0,0,0,0,1,0,0,0.1130688124306326,1,1,0,2,4.075,0,0,1,0,1,2,0.2155688622754491
1,1,0,0,2,1,0,0,0,0,0,0,0,1,70.2,115.95,1,1,0,0,0,1,0,1,0,0,0,0,0.6002565198802907,0,0,0,1,23.400000000000002,1,0,0,1,0,1,0.028089887640449437
1,0,0,0,3,1,0,1,1,0,0,0,0,0,55.35,165.2,1,1,0,0,1,0,0,0,0,1,0,0,0.3330324909747292,2,0,0,3,13.8375,0,0,1,0,0,3,0.05323868677905945
0,0,1,0,25,1,0,0,0,0,1,1,1,1,95.7,2338.35,0,1,0,0,0,1,0,0,1,0,0,2,0.0409087994528394,1,2,1,4,3.680769230769231,0,0,1,1,0,4,0.25853154084798347
0,1,0,0,1,1,0,0,0,0,0,0,0,0,46.3,46.3,0,1,0,0,1,0,0,0,0,1,0,0,0.9788583509513742,0,0,0,1,23.15,0,0,0,0,1,1,0.021141649048625793
1,0,1,1,45,1,1,1,1,1,1,1,0,0,81.3,3541.1,0,1,0,0,1,0,0,0,0,0,1,2,0.0229524858135004,4,1,0,7,1.767391304347826,0,0,1,0,0,7,0.5467800729040098
0,1,1,1,51,1,1,0,1,1,0,0,0,1,84.2,4146.05,1,1,0,0,0,1,0,0,0,1,0,3,0.0203035892984169,2,0,0,4,1.6192307692307693,0,0,1,1,1,4,0.5985915492957746
1,0,1,1,55,1,0,0,0,0,0,0,0,0,20.0,1087.25,0,1,0,0,0,0,1,0,1,0,0,3,0.0183781300252699,0,0,0,1,0.35714285714285715,0,0,0,0,0,1,2.619047619047619
1,0,0,0,38,1,1,1,1,1,0,0,0,1,66.15,2522.4,0,1,0,0,1,0,0,1,0,0,0,2,0.0262146310533407,3,0,0,5,1.6961538461538463,0,0,1,0,0,5,0.5658972449739389
0,0,0,0,2,1,0,0,0,0,0,0,0,0,45.85,81.0,1,1,0,0,1,0,0,0,0,0,1,0,0.5591463414634147,0,0,0,1,15.283333333333333,0,0,0,0,0,1,0.042689434364994665
0,0,1,1,38,1,0,0,0,0,0,0,0,0,19.6,717.3,0,1,0,0,0,0,1,0,0,1,0,2,0.0272866490324377,0,0,0,1,0.5025641025641026,0,0,0,0,1,1,1.8446601941747571
0,0,0,0,34,1,0,0,1,0,0,0,0,1,49.8,1734.2,0,1,0,0,1,0,0,0,0,1,0,2,0.0286998616874135,1,0,0,2,1.4228571428571428,0,0,1,0,1,2,0.6692913385826772
1,0,1,0,70,1,1,0,0,1,0,1,1,1,101.75,7069.3,0,0,1,0,0,1,0,0,0,1,0,3,0.0143911856639746,1,2,1,5,1.4330985915492958,0,1,1,0,1,5,0.681265206812652
1,0,0,0,13,1,0,1,0,0,1,0,0,0,55.15,742.9,0,0,1,0,1,0,0,0,0,0,1,1,0.0741363086436349,2,0,0,3,3.939285714285714,0,1,1,0,0,3,0.2315227070347284
0,0,0,0,39,1,1,0,0,0,0,0,0,0,75.25,3017.65,1,1,0,0,0,1,0,0,0,1,0,2,0.024928362016133,0,0,0,2,1.88125,0,0,0,1,1,2,0.5114754098360655
1,0,0,0,61,1,1,0,1,1,0,1,1,1,103.95,6423.0,0,0,1,0,0,1,0,0,0,1,0,3,0.016181506849315,2,2,1,6,1.6766129032258066,0,1,1,0,1,6,0.5812291567413054
1,0,0,0,12,1,1,0,0,1,0,1,1,1,100.15,1164.3,1,1,0,0,0,1,0,1,0,0,0,0,0.0859435338539432,1,2,1,5,7.703846153846154,0,0,1,1,0,5,0.11863568956994562
0,0,0,0,41,1,0,0,1,0,1,1,1,1,99.65,4220.35,0,0,0,1,0,1,0,0,1,0,0,2,0.0236061923318369,2,2,1,5,2.3726190476190476,0,2,1,0,0,5,0.40735221063089916
0,0,0,0,21,1,1,0,0,0,0,0,0,1,73.7,1558.7,0,1,0,0,0,1,0,0,0,1,0,1,0.0472526767968199,0,0,0,2,3.35,0,0,0,1,1,2,0.28112449799196787
0,1,0,0,55,0,0,0,0,1,0,1,1,1,50.05,2743.45,0,0,1,0,1,0,0,1,0,0,0,3,0.0182368051886534,1,2,0,3,0.8937499999999999,0,1,1,0,0,3,1.0773751224289911
0,0,1,0,69,0,0,1,0,1,1,1,1,0,60.25,4055.5,0,0,0,1,1,0,0,1,0,0,0,3,0.0148527055343276,3,2,0,5,0.8607142857142858,0,2,1,0,0,5,1.126530612244898
0,1,1,1,26,1,1,0,1,1,0,1,1,0,105.75,2710.25,1,1,0,0,0,1,0,0,0,1,0,2,0.0390041493775933,2,2,1,6,3.9166666666666665,0,0,1,1,1,6,0.24355971896955503
1,1,1,0,69,1,0,1,1,0,0,0,1,0,87.3,6055.55,0,0,1,0,0,1,0,0,1,0,0,3,0.0144141466676573,2,1,0,4,1.247142857142857,0,1,1,0,0,4,0.7814269535673839
1,1,1,0,18,0,0,0,0,1,0,1,1,1,48.35,810.7,1,1,0,0,1,0,0,0,0,1,0,1,0.0595663422446716,1,2,0,3,2.544736842105263,0,0,1,0,1,3,0.364741641337386
0,0,1,1,47,1,1,0,1,0,0,0,0,0,54.25,2538.2,0,1,0,0,1,0,0,0,0,1,0,2,0.0213649968494013,1,0,0,3,1.1302083333333333,0,0,1,0,1,3,0.8506787330316742
1,0,1,1,72,1,0,1,1,1,1,1,1,0,85.3,6129.2,0,0,0,1,1,0,0,1,0,0,0,3,0.0139147173012299,4,2,0,7,1.1684931506849314,0,2,1,0,0,7,0.8342989571263036
0,1,1,0,33,0,0,0,1,1,1,1,0,1,50.0,1750.85,0,1,0,0,1,0,0,0,0,1,0,2,0.0285412563861061,3,1,0,4,1.4705882352941178,0,0,1,0,1,4,0.6470588235294118
1,0,1,1,2,0,0,0,0,0,0,0,0,1,24.4,36.55,1,1,0,0,1,0,0,0,0,0,1,0,0.6498002663115846,0,0,0,0,8.133333333333333,0,0,0,0,0,0,0.07874015748031496
1,0,1,1,72,1,1,1,1,1,1,1,1,0,90.95,6652.45,0,0,0,1,1,0,0,0,1,0,0,3,0.0136695999819642,4,2,1,8,1.2458904109589042,0,2,1,0,0,8,0.7830342577487764
0,1,1,0,37,1,0,0,0,0,0,0,0,1,72.25,2575.45,0,1,0,0,0,1,0,1,0,0,0,2,0.028042461526519,0,0,0,1,1.9013157894736843,0,0,0,1,0,1,0.5051194539249146
1,1,1,1,62,1,1,0,1,1,0,0,1,1,96.1,6019.35,0,1,0,0,0,1,0,0,1,0,0,3,0.0159625270956007,2,1,1,5,1.5253968253968253,0,0,1,1,0,5,0.6385169927909372
1,0,1,0,71,1,0,0,0,0,0,0,0,0,19.85,1379.6,0,0,0,1,0,0,1,0,1,0,0,3,0.0143778067506881,0,0,0,1,0.27569444444444446,0,2,0,0,0,1,3.4052757793764985
0,0,0,1,23,1,0,0,1,0,1,0,0,1,55.3,1284.2,0,1,0,0,1,0,0,1,0,0,0,1,0.0430283224400871,2,0,0,3,2.3041666666666667,0,0,1,0,0,3,0.40852575488454707
1,0,0,0,16,1,0,0,0,0,0,0,0,0,20.1,296.15,0,0,1,0,0,0,1,0,0,0,1,1,0.0676426047450782,0,0,0,1,1.1823529411764706,0,1,0,0,0,1,0.7582938388625592
0,0,0,0,9,1,0,1,0,1,1,1,0,1,69.5,653.25,0,1,0,0,1,0,0,0,0,0,1,0,0.1062285059228123,3,1,0,5,6.95,0,0,1,0,0,5,0.1276595744680851
0,0,1,1,17,1,1,0,0,0,0,0,0,1,25.15,412.6,0,0,0,1,0,0,1,0,0,0,1,1,0.0608075435203094,0,0,0,2,1.3972222222222221,0,2,0,0,0,2,0.6500956022944551
1,0,0,0,4,1,0,0,0,0,0,0,0,0,20.95,85.5,1,1,0,0,0,0,1,1,0,0,0,0,0.2421965317919075,0,0,0,1,4.1899999999999995,0,0,0,0,0,1,0.18223234624145787
1,1,1,0,1,1,0,1,0,0,0,0,0,1,49.55,49.55,1,1,0,0,1,0,0,0,0,1,0,0,0.980217606330366,1,0,0,2,24.775,0,0,1,0,0,2,0.019782393669634028
1,0,1,0,24,1,1,0,0,1,0,0,0,1,79.65,1928.7,0,1,0,0,0,1,0,0,0,0,1,1,0.0412758459864227,1,0,0,3,3.1860000000000004,0,0,1,1,0,3,0.2975821450712957
1,1,0,0,1,1,0,0,0,0,0,0,0,1,71.25,71.25,0,1,0,0,0,1,0,0,0,1,0,0,0.986159169550173,0,0,0,1,35.625,1,0,0,1,1,1,0.01384083044982699
0,1,0,0,72,1,1,1,1,1,1,1,1,0,113.8,7845.8,0,0,0,1,0,1,0,1,0,0,0,3,0.0145027272263852,4,2,1,8,1.558904109589041,0,2,1,0,0,8,0.6271777003484321
1,0,1,0,72,1,1,0,0,0,0,0,0,0,24.55,1750.7,0,0,0,1,0,0,1,0,0,1,0,3,0.0140149568990123,0,0,0,2,0.33630136986301373,0,2,0,0,1,2,2.8180039138943247
1,0,0,1,11,1,0,0,0,0,0,0,0,0,19.7,216.2,0,1,0,0,0,0,1,0,1,0,0,0,0.0906998158379373,0,0,0,1,1.6416666666666666,0,0,0,0,0,1,0.5314009661835749
0,0,0,0,9,1,0,0,0,0,0,0,0,0,20.25,178.5,1,1,0,0,0,0,1,0,0,0,1,0,0.1128133704735376,0,0,0,1,2.025,0,0,0,0,0,1,0.4235294117647059
1,1,1,0,2,1,0,0,1,0,0,0,0,0,50.15,115.1,1,1,0,0,1,0,0,0,1,0,0,0,0.4319552110249784,1,0,0,2,16.716666666666665,0,0,1,0,0,2,0.039100684261974585
1,1,1,0,60,1,1,0,0,1,0,1,1,1,100.5,6029.0,0,0,1,0,0,1,0,0,1,0,0,3,0.0166666666666666,1,2,1,5,1.6475409836065573,0,1,1,0,0,5,0.5911330049261084
0,1,1,0,29,1,1,0,1,1,0,0,1,1,95.9,2745.2,1,1,0,0,0,1,0,0,0,1,0,2,0.0349209817201951,2,1,1,5,3.1966666666666668,0,0,1,1,1,5,0.29927760577915374
1,0,0,0,49,1,0,0,0,1,1,1,1,1,74.45,3721.9,0,0,0,1,1,0,0,1,0,0,0,3,0.019997851137554,2,2,0,5,1.489,0,2,1,0,0,5,0.6494367130550033
1,1,0,0,30,1,1,0,1,1,0,1,1,1,104.1,3121.1,0,1,0,0,0,1,0,0,0,1,0,2,0.0333429422504083,2,2,1,6,3.358064516129032,0,0,1,1,1,6,0.285442435775452
1,0,1,0,53,1,0,0,0,0,0,0,0,0,19.05,990.45,0,0,1,0,0,0,1,0,1,0,0,3,0.019214282112058,0,0,0,1,0.3527777777777778,0,1,0,0,0,1,2.6433915211970076
0,0,0,1,39,1,1,0,0,0,0,0,0,0,25.0,1004.35,0,0,0,1,0,0,1,0,0,0,1,2,0.0248669617546128,0,0,0,2,0.625,0,2,0,0,0,2,1.5
1,0,0,0,9,1,0,0,0,0,0,0,0,0,19.05,157.65,0,1,0,0,0,0,1,0,0,0,1,0,0.1200756381972896,0,0,0,1,1.905,0,0,0,0,0,1,0.44887780548628425
0,0,0,0,39,1,0,0,0,1,1,0,0,0,81.9,3219.75,0,0,1,0,0,1,0,0,0,1,0,2,0.0254288597376387,2,0,0,3,2.0475000000000003,0,1,1,0,1,3,0.47044632086851623
0,1,0,0,8,1,0,0,0,0,0,0,0,1,69.7,572.85,0,1,0,0,0,1,0,0,0,1,0,0,0.1214603119282042,0,0,0,1,7.7444444444444445,0,0,0,1,1,1,0.11315417256011315
1,0,1,1,51,1,1,0,0,1,0,0,1,1,90.15,4554.85,0,0,1,0,0,1,0,0,0,1,0,3,0.0197877454262102,1,1,1,4,1.7336538461538462,0,1,1,0,1,4,0.5595172792100932
0,0,1,1,71,1,1,0,0,0,0,0,0,0,25.35,1847.55,0,0,0,1,0,0,1,0,1,0,0,3,0.0137134510832814,0,0,0,2,0.35208333333333336,0,2,0,0,0,2,2.6944971537001896
0,1,0,0,71,1,1,0,0,0,0,0,0,1,24.65,1766.75,0,0,0,1,0,0,1,0,0,0,1,3,0.0139442794512798,0,0,0,2,0.3423611111111111,0,2,0,0,0,2,2.7680311890838207
1,1,1,0,70,1,0,0,0,0,0,0,0,1,19.55,1462.05,0,0,0,1,0,0,1,0,1,0,0,3,0.013362496155292,0,0,0,1,0.27535211267605636,0,2,0,0,0,1,3.40632603406326
1,1,0,0,1,0,0,0,0,0,0,0,0,0,25.25,25.25,1,1,0,0,1,0,0,0,0,1,0,0,0.961904761904762,0,0,0,0,12.625,0,0,0,0,1,0,0.0380952380952381
0,0,1,0,38,0,0,1,1,0,1,1,1,1,60.0,2193.2,0,0,0,1,1,0,0,1,0,0,0,2,0.0273448181569592,3,2,0,5,1.5384615384615385,0,2,1,0,0,5,0.6229508196721312
1,0,1,0,28,1,0,0,1,1,0,0,1,0,89.9,2433.5,0,1,0,0,0,1,0,0,1,0,0,2,0.0369275005134524,2,1,1,4,3.1,0,0,1,1,0,4,0.308030803080308
1,0,1,0,32,1,0,0,0,0,0,0,0,0,19.4,641.15,0,1,0,0,0,0,1,1,0,0,0,2,0.0302110098886553,0,0,0,1,0.5878787878787879,0,0,0,0,0,1,1.5686274509803924
0,1,1,0,49,1,0,0,1,0,0,0,0,0,49.8,2398.4,0,0,0,1,1,0,0,0,0,0,1,3,0.0207551887971992,1,0,0,2,0.996,0,2,1,0,0,2,0.9645669291338583
1,0,1,1,37,1,1,0,0,0,0,0,0,1,24.1,861.85,0,0,0,1,0,0,1,1,0,0,0,2,0.0279306947905197,0,0,0,2,0.6342105263157896,0,2,0,0,0,2,1.4741035856573705
1,0,0,0,10,1,0,0,0,1,1,0,0,0,54.25,583.0,0,1,0,0,1,0,0,0,0,1,0,0,0.0928938356164383,2,0,0,3,4.931818181818182,0,0,1,0,1,3,0.18099547511312217
0,0,1,0,67,1,1,1,1,1,0,1,1,0,109.9,7332.4,0,0,1,0,0,1,0,0,1,0,0,3,0.0149862273979327,3,2,1,7,1.6161764705882353,0,1,1,0,0,7,0.6041478809738503
0,0,0,0,7,0,0,0,0,1,1,0,0,1,35.5,249.55,0,0,1,0,1,0,0,0,1,0,0,0,0.1416882857713031,2,0,0,2,4.4375,0,1,1,0,0,2,0.1917808219178082
1,0,0,0,51,1,0,0,0,0,0,1,1,0,87.55,4475.9,0,0,1,0,0,1,0,0,1,0,0,3,0.0195559427282271,0,2,0,3,1.6836538461538462,0,1,0,0,0,3,0.5759457933370977
1,0,0,0,9,1,0,0,0,0,0,0,0,0,45.15,416.45,1,1,0,0,1,0,0,0,0,1,0,0,0.1081566654689184,0,0,0,1,4.515,0,0,0,0,1,1,0.19501625135427952
1,0,0,0,9,1,0,0,0,0,0,1,1,1,88.4,788.6,0,1,0,0,0,1,0,0,0,0,1,0,0.1119554204660587,0,2,0,3,8.84,1,0,0,1,0,3,0.10067114093959731
0,0,0,0,4,1,0,0,0,0,1,0,0,1,50.8,202.3,0,1,0,0,1,0,0,0,0,0,1,0,0.2498770290211509,1,0,0,2,10.16,0,0,1,0,0,2,0.07722007722007722
0,0,1,0,71,1,1,1,1,1,0,1,0,1,99.0,6994.6,0,0,0,1,0,1,0,0,0,1,0,3,0.0141517525301618,3,1,1,6,1.375,0,2,1,0,0,6,0.71
1,0,1,1,50,1,1,0,0,0,0,1,0,1,84.4,4116.15,1,1,0,0,0,1,0,1,0,0,0,3,0.0204996174538212,0,1,0,3,1.6549019607843138,0,0,0,1,0,3,0.585480093676815
1,1,1,1,24,1,0,0,0,1,0,1,1,1,96.55,2263.45,0,0,0,1,0,1,0,0,0,1,0,1,0.0426372849919406,1,2,1,4,3.862,0,2,1,0,1,4,0.2460276781137878
0,0,1,0,22,1,0,1,0,0,0,1,0,1,59.75,1374.35,0,0,1,0,1,0,0,1,0,0,0,1,0.0434434871123714,1,1,0,3,2.597826086956522,0,1,1,0,0,3,0.36213991769547327
0,0,0,0,44,1,1,1,1,1,0,1,1,1,111.5,4915.15,0,1,0,0,0,1,0,0,0,1,0,2,0.0226803494604517,3,2,1,7,2.477777777777778,0,0,1,1,0,7,0.39111111111111113
1,0,1,1,33,1,1,0,0,0,0,0,0,0,24.25,838.5,0,1,0,0,0,0,1,1,0,0,0,2,0.0288862418106015,0,0,0,2,0.7132352941176471,0,0,0,0,0,2,1.306930693069307
1,0,0,0,1,1,1,0,0,0,0,0,0,1,75.1,75.1,1,1,0,0,0,1,0,0,0,1,0,0,0.9868593955321944,0,0,0,2,37.55,1,0,0,1,1,2,0.01314060446780552
1,0,1,0,54,1,1,0,0,0,0,1,1,1,70.15,3715.65,1,0,1,0,1,0,0,0,1,0,0,3,0.0188745241010049,0,2,0,4,1.2754545454545456,0,1,0,0,0,4,0.7589599437807448
0,0,0,0,42,1,1,0,1,0,0,1,1,1,101.75,4273.45,1,1,0,0,0,1,0,0,0,1,0,2,0.023804232123431,1,2,1,5,2.366279069767442,0,0,1,1,1,5,0.40875912408759124
1,0,0,0,1,1,0,0,0,0,0,0,0,0,45.8,45.8,1,1,0,0,1,0,0,0,0,1,0,0,0.9786324786324786,0,0,0,1,22.9,0,0,0,0,1,1,0.021367521367521368
1,0,0,0,1,1,0,0,0,0,0,0,0,0,20.5,20.5,0,1,0,0,0,0,1,0,0,0,1,0,0.9534883720930232,0,0,0,1,10.25,0,0,0,0,0,1,0.046511627906976744
0,0,0,0,30,1,0,1,1,0,1,1,0,0,70.4,2044.75,0,0,1,0,1,0,0,0,0,1,0,2,0.0344128070389832,3,1,0,5,2.270967741935484,0,1,1,0,0,5,0.4201680672268907
1,0,0,0,1,0,0,0,0,0,1,0,0,0,30.55,30.55,0,1,0,0,1,0,0,0,0,0,1,0,0.9683042789223456,1,0,0,1,15.275,0,0,1,0,0,1,0.03169572107765452
0,0,1,1,16,1,1,1,1,0,1,1,1,0,84.9,1398.25,0,1,0,0,1,0,0,0,0,1,0,1,0.0606753618009648,3,2,0,7,4.9941176470588236,0,0,1,0,0,7,0.18626309662398136
0,0,0,0,1,1,0,0,0,0,0,0,0,1,20.1,20.1,1,1,0,0,0,0,1,0,0,0,1,0,0.95260663507109,0,0,0,1,10.05,0,0,0,0,0,1,0.04739336492890995
0,0,1,0,9,0,0,0,0,0,1,1,0,0,40.65,328.95,1,1,0,0,1,0,0,0,0,0,1,0,0.1232004849219578,1,1,0,2,4.0649999999999995,0,0,1,0,0,2,0.21608643457382953
0,1,1,0,46,1,1,0,0,1,0,1,1,1,101.0,4680.05,1,1,0,0,0,1,0,0,0,1,0,2,0.0215763557321541,1,2,1,5,2.148936170212766,0,0,1,1,1,5,0.45098039215686275
0,0,0,0,1,1,0,0,0,0,0,0,0,1,69.1,69.1,1,1,0,0,0,1,0,0,0,1,0,0,0.985734664764622,0,0,0,1,34.55,0,0,0,1,1,1,0.014265335235378032
0,0,1,0,71,1,0,1,0,0,1,0,0,0,54.5,3778.2,0,0,0,1,1,0,0,1,0,0,0,3,0.0144210414902624,2,0,0,3,0.7569444444444444,0,2,1,0,0,3,1.2792792792792793
0,0,0,0,43,1,1,0,0,0,0,0,0,1,75.35,3161.4,0,1,0,0,0,1,0,0,1,0,0,2,0.0238268403743991,0,0,0,2,1.7125,0,0,0,1,0,2,0.5631958087753766
0,0,1,0,50,0,0,1,0,0,1,1,0,1,44.45,2188.45,0,0,1,0,1,0,0,1,0,0,0,3,0.0203019023042316,2,1,0,3,0.8715686274509804,0,1,1,0,0,3,1.1001100110011
1,0,0,0,13,1,1,0,0,0,0,0,0,1,75.0,999.45,1,1,0,0,0,1,0,0,0,0,1,1,0.0749662651806686,0,0,0,2,5.357142857142857,0,0,0,1,0,2,0.17105263157894737
0,0,1,1,19,1,0,0,1,0,1,1,1,0,100.0,1888.65,1,0,1,0,0,1,0,1,0,0,0,1,0.0529198528828089,2,2,1,5,5.0,0,1,1,0,0,5,0.18811881188118812
1,0,0,0,41,1,1,0,0,1,0,1,1,0,98.05,3990.6,0,1,0,0,0,1,0,1,0,0,0,2,0.0245640845776129,1,2,1,5,2.3345238095238097,0,0,1,1,0,5,0.4139323573952549
1,1,0,0,1,1,0,0,0,0,0,0,0,1,71.15,71.15,1,1,0,0,0,1,0,0,0,1,0,0,0.986139986139986,0,0,0,1,35.575,1,0,0,1,1,1,0.01386001386001386
1,0,0,0,24,0,0,0,1,1,0,1,1,1,54.15,1240.25,1,1,0,0,1,0,0,0,1,0,0,1,0.0436253776435045,2,2,0,4,2.166,0,0,1,0,0,4,0.43517679057116954
1,0,1,0,40,1,1,0,1,0,0,1,0,0,63.9,2635.0,0,0,1,0,1,0,0,1,0,0,0,2,0.0242412746585735,1,1,0,4,1.5585365853658537,0,1,1,0,0,4,0.6163328197226502
1,0,1,1,3,1,1,0,1,1,0,1,0,1,69.15,235.0,0,1,0,0,1,0,0,1,0,0,0,0,0.2930084745762712,2,1,0,5,17.2875,0,0,1,0,0,5,0.04276550249465431
1,0,0,0,37,1,1,1,0,0,0,1,0,0,64.65,2347.85,0,0,1,0,1,0,0,1,0,0,0,2,0.0275241075419886,1,1,0,4,1.7013157894736843,0,1,1,0,0,4,0.5635948210205636
1,0,1,1,67,1,1,1,0,1,1,1,1,1,108.75,7156.2,1,0,0,1,0,1,0,0,1,0,0,3,0.0151944894651539,3,2,1,7,1.599264705882353,0,2,1,0,0,7,0.6104783599088838
1,0,1,1,32,1,1,0,1,0,0,1,1,1,98.85,3089.6,0,1,0,0,0,1,0,0,0,1,0,2,0.0319840807610172,1,2,1,5,2.995454545454545,0,0,1,1,1,5,0.32048072108162245
1,0,1,0,6,1,0,0,0,0,1,0,0,1,49.15,270.8,1,1,0,0,1,0,0,0,0,1,0,0,0.180831493745401,1,0,0,2,7.021428571428571,0,0,1,0,1,2,0.11964107676969093
1,0,1,1,32,1,1,1,0,0,0,1,0,0,89.6,2901.8,0,1,0,0,0,1,0,0,0,1,0,2,0.0308667493454595,1,1,0,4,2.715151515151515,0,0,1,1,0,4,0.35320088300220753
1,0,0,0,59,1,1,0,1,1,0,0,0,1,83.25,4949.1,0,1,0,0,0,1,0,0,0,1,0,3,0.0168178420637966,2,0,0,4,1.3875,0,0,1,1,1,4,0.7002967359050445
1,0,1,0,30,1,0,0,1,1,1,0,1,0,70.25,2198.9,0,0,1,0,1,0,0,1,0,0,0,2,0.031933269694077,3,1,0,5,2.2661290322580645,0,1,1,0,0,5,0.42105263157894735
0,0,0,1,20,1,0,0,0,0,0,0,0,1,19.4,374.5,1,1,0,0,0,0,1,0,0,1,0,1,0.051664447403462,0,0,0,1,0.9238095238095237,0,0,0,0,1,1,0.9803921568627452
1,0,1,1,27,1,1,0,0,0,0,0,0,0,24.5,761.95,0,0,0,1,0,0,1,0,0,1,0,2,0.0321121960810013,0,0,0,2,0.875,0,2,0,0,1,2,1.0588235294117647
1,1,0,0,20,1,1,1,0,0,0,0,0,1,79.15,1520.9,1,1,0,0,0,1,0,0,0,1,0,1,0.0520073592220251,1,0,0,3,3.7690476190476194,0,0,1,1,0,3,0.24953212726138488
0,0,0,1,9,1,0,0,0,0,0,0,0,0,20.1,190.25,0,0,1,0,0,0,1,0,0,0,1,0,0.1050980392156862,0,0,0,1,2.0100000000000002,0,1,0,0,0,1,0.42654028436018954
1,0,1,1,68,1,1,1,1,1,0,1,0,1,73.0,5163.0,0,0,1,0,1,0,0,0,1,0,0,3,0.0141363284275755,3,1,0,6,1.0579710144927537,0,1,1,0,0,6,0.918918918918919
1,0,1,1,69,1,1,1,0,0,1,0,0,0,61.4,4059.85,0,0,0,1,1,0,0,0,1,0,0,3,0.0151199871947991,2,0,0,4,0.8771428571428571,0,2,1,0,0,4,1.1057692307692308
0,0,0,0,26,1,1,0,0,1,1,0,0,1,84.3,2281.6,0,1,0,0,0,1,0,0,0,0,1,2,0.036931569263121,2,0,0,4,3.1222222222222222,0,0,1,1,0,4,0.30480656506447834
0,0,1,1,69,1,0,0,0,0,0,0,0,0,19.9,1356.7,0,0,0,1,0,0,1,1,0,0,0,3,0.0146571407527436,0,0,0,1,0.28428571428571425,0,2,0,0,0,1,3.3014354066985647
0,0,0,0,11,1,0,0,0,0,0,0,0,0,20.4,231.45,0,0,0,1,0,0,1,0,0,0,1,0,0.0877608087760808,0,0,0,1,1.7,0,2,0,0,0,1,0.5140186915887851
0,0,0,0,1,1,1,0,0,0,0,0,0,0,50.75,50.75,0,1,0,0,1,0,0,0,0,0,1,0,0.9806763285024156,0,0,0,2,25.375,0,0,0,0,0,2,0.01932367149758454
0,0,1,1,10,1,0,0,0,0,0,0,0,0,20.45,242.4,0,0,1,0,0,0,1,0,0,0,1,0,0.0840180772391125,0,0,0,1,1.8590909090909091,0,1,0,0,0,1,0.46620046620046623
1,0,1,1,55,1,1,1,1,0,1,0,1,1,75.75,4264.25,0,0,1,0,1,0,0,1,0,0,0,3,0.0177598030596096,3,1,0,6,1.3526785714285714,0,1,1,0,0,6,0.7166123778501629
0,0,0,0,44,1,0,1,0,0,1,1,0,0,65.4,2774.55,0,0,1,0,1,0,0,0,0,1,0,2,0.0235628974437498,2,1,0,4,1.4533333333333334,0,1,1,0,0,4,0.6626506024096385
0,1,1,0,46,1,0,0,0,0,0,0,1,1,80.4,3605.2,1,1,0,0,0,1,0,0,0,1,0,2,0.022294936498253,0,1,0,2,1.7106382978723405,0,0,0,1,1,2,0.5651105651105651
0,0,1,1,69,1,0,1,1,1,0,0,0,1,59.75,4069.9,0,0,0,1,1,0,0,1,0,0,0,3,0.0146773440762484,3,0,0,4,0.8535714285714285,0,2,1,0,0,4,1.1358024691358024
0,1,0,0,11,1,0,0,0,0,0,0,1,1,78.5,874.2,0,1,0,0,0,1,0,0,0,1,0,0,0.0896937842778793,0,1,0,2,6.541666666666667,1,0,0,1,1,2,0.13836477987421383
1,0,1,0,11,1,1,0,1,0,0,1,1,1,102.0,1145.35,1,1,0,0,0,1,0,0,0,1,0,0,0.0889780608016748,1,2,1,5,8.5,1,0,1,1,1,5,0.10679611650485436
0,0,0,0,29,1,0,0,0,1,0,0,0,0,48.95,1323.7,0,1,0,0,1,0,0,1,0,0,0,2,0.0369517626632445,1,0,0,2,1.6316666666666668,0,0,1,0,0,2,0.5805805805805806
1,0,1,0,57,1,1,1,0,0,0,1,1,1,99.65,5497.05,0,1,0,0,0,1,0,0,0,1,0,3,0.0181246078154982,1,2,1,5,1.7181034482758621,0,0,1,1,0,5,0.5663189269746647
0,0,0,0,28,1,0,0,0,0,0,0,0,0,18.25,534.7,0,0,1,0,0,0,1,0,1,0,0,2,0.0340675751353369,0,0,0,1,0.6293103448275862,0,1,0,0,0,1,1.4545454545454546
1,0,0,0,42,1,0,1,0,1,0,0,0,0,54.55,2455.05,0,1,0,0,1,0,0,0,1,0,0,2,0.0222104598847743,2,0,0,3,1.2686046511627906,0,0,1,0,0,3,0.7560756075607561
1,0,0,0,2,1,0,0,0,0,0,0,0,0,20.65,38.7,1,1,0,0,0,0,1,0,0,0,1,0,0.5201511335012594,0,0,0,1,6.883333333333333,0,0,0,0,0,1,0.09237875288683603
0,0,0,1,23,0,0,1,1,0,1,0,0,0,40.65,947.4,0,0,1,0,1,0,0,1,0,0,0,1,0.0428616617460986,3,0,0,3,1.6937499999999999,0,1,1,0,0,3,0.5522208883553421
1,0,1,1,18,1,0,0,0,0,0,0,0,0,20.45,357.0,0,1,0,0,0,0,1,0,0,0,1,1,0.0571229050279329,0,0,0,1,1.0763157894736841,0,0,0,0,0,1,0.8391608391608392
0,0,1,1,62,1,1,0,0,0,0,0,0,0,24.8,1476.25,0,0,1,0,0,0,1,1,0,0,0,3,0.0167879505838551,0,0,0,2,0.39365079365079364,0,1,0,0,0,2,2.4031007751937983
1,0,0,0,1,1,0,0,0,0,0,0,0,1,70.8,70.8,1,1,0,0,0,1,0,0,0,0,1,0,0.9860724233983288,0,0,0,1,35.4,1,0,0,1,0,1,0.01392757660167131
0,0,0,0,16,1,1,0,0,0,1,0,1,1,89.05,1448.6,1,1,0,0,0,1,0,0,1,0,0,1,0.0614307395143487,1,1,0,4,5.238235294117647,0,0,1,1,0,4,0.1776790671848973
1,0,0,0,3,1,1,0,0,0,0,1,1,1,96.6,291.9,1,1,0,0,0,1,0,0,0,1,0,0,0.3298053943325367,0,2,1,4,24.15,1,0,0,1,1,4,0.03073770491803279
0,0,0,0,67,1,1,1,1,1,1,1,1,1,88.8,5903.15,0,0,1,0,1,0,0,1,0,0,0,3,0.0150402682858667,4,2,0,8,1.3058823529411765,0,1,1,0,0,8,0.7461024498886415
0,0,0,0,62,1,0,0,0,0,0,0,0,1,20.05,1201.65,0,0,0,1,0,0,1,0,1,0,0,3,0.0166715170664781,0,0,0,1,0.3182539682539683,0,2,0,0,0,1,2.9453681710213777
1,0,1,0,57,1,1,0,1,1,0,1,1,1,104.5,5921.35,1,1,0,0,0,1,0,0,1,0,0,3,0.0176450226683664,2,2,1,6,1.8017241379310345,0,0,1,1,0,6,0.5402843601895735
0,0,0,0,2,1,0,0,0,0,0,0,0,1,69.8,146.65,0,1,0,0,0,1,0,0,0,1,0,0,0.4727395868608194,0,0,0,1,23.266666666666666,0,0,0,1,1,1,0.02824858757062147
1,0,1,1,23,1,1,1,0,1,1,1,0,1,77.15,1759.4,0,0,0,1,1,0,0,1,0,0,0,1,0.0438252669847761,3,1,0,6,3.2145833333333336,0,2,1,0,0,6,0.29430582213691614
1,0,0,1,25,0,0,1,0,0,1,0,0,0,35.05,844.45,0,0,0,1,1,0,0,1,0,0,0,2,0.0414572121355491,2,0,0,2,1.348076923076923,0,2,1,0,0,2,0.6934812760055479
1,1,0,0,72,1,1,0,1,1,1,1,1,1,108.1,7774.05,0,0,0,1,0,1,0,1,0,0,0,3,0.0139034475662535,3,2,1,7,1.4808219178082191,0,2,1,0,0,7,0.6599450045829515
1,0,1,0,2,1,1,0,0,0,0,1,0,1,84.05,134.05,0,1,0,0,0,1,0,0,0,1,0,0,0.6223620881155127,0,1,0,3,28.016666666666666,1,0,0,1,1,3,0.023515579071134628
1,0,0,0,8,1,0,0,0,0,0,0,0,1,20.2,140.95,0,0,1,0,0,0,1,1,0,0,0,0,0.1423036280380415,0,0,0,1,2.2444444444444445,0,1,0,0,0,1,0.37735849056603776
1,0,0,0,5,1,1,0,0,0,0,0,0,1,50.6,249.95,1,1,0,0,1,0,0,0,0,0,1,0,0.2016337915919506,0,0,0,2,8.433333333333334,0,0,0,0,0,2,0.09689922480620154
0,0,0,0,35,0,0,0,0,1,0,1,1,0,49.2,1701.65,0,1,0,0,1,0,0,0,0,1,0,2,0.0288961324993392,1,2,0,3,1.3666666666666667,0,0,1,0,1,3,0.697211155378486
0,0,0,0,24,1,1,0,0,0,0,0,0,0,24.6,592.65,0,0,1,0,0,0,1,0,0,1,0,1,0.0414385580729386,0,0,0,2,0.9840000000000001,0,1,0,0,1,2,0.9375
1,0,1,1,2,1,0,0,0,0,0,0,0,1,71.65,135.75,0,1,0,0,0,1,0,0,0,1,0,0,0.5239488117001828,0,0,0,1,23.883333333333336,1,0,0,1,1,1,0.027529249827942186
0,0,1,1,72,1,1,1,1,1,1,0,1,1,104.9,7732.65,0,0,0,1,0,1,0,0,1,0,0,3,0.0135640997459155,4,1,1,7,1.4369863013698632,0,2,1,0,0,7,0.6798866855524079
1,0,0,0,41,1,1,1,1,1,1,1,0,1,106.5,4282.4,0,1,0,0,0,1,0,0,0,1,0,2,0.024863426250175,4,1,1,7,2.5357142857142856,0,0,1,1,0,7,0.3813953488372093
0,0,0,1,4,1,0,1,0,0,0,0,0,0,49.35,219.65,1,1,0,0,1,0,0,0,0,1,0,0,0.2236573759347382,1,0,0,2,9.870000000000001,0,0,1,0,0,2,0.07944389275074479
0,0,0,0,26,1,0,0,1,0,0,0,0,0,75.5,2018.1,0,0,1,0,0,1,0,1,0,0,0,2,0.0373928978257639,1,0,0,2,2.7962962962962963,0,1,1,0,0,2,0.33986928104575165
0,0,0,0,7,1,0,0,1,0,0,1,1,1,94.25,669.0,1,1,0,0,0,1,0,0,0,1,0,0,0.1406716417910447,1,2,1,4,11.78125,1,0,1,1,1,4,0.07349081364829396
1,0,1,0,1,1,0,0,0,0,0,0,0,1,68.95,68.95,1,1,0,0,0,1,0,0,0,1,0,0,0.9857040743388136,0,0,0,1,34.475,0,0,0,1,1,1,0.014295925661186561
1,0,1,1,4,1,1,0,1,0,1,0,0,1,58.5,224.85,0,1,0,0,1,0,0,0,0,0,1,0,0.2590214744299314,2,0,0,4,11.7,0,0,1,0,0,4,0.06722689075630252
0,0,0,0,48,1,0,0,1,1,1,1,1,0,78.9,3771.5,0,0,0,1,1,0,0,0,1,0,0,2,0.0209145129224652,3,2,0,6,1.6102040816326533,0,2,1,0,0,6,0.6007509386733416
0,1,0,0,2,1,1,0,0,0,0,1,1,1,93.85,196.75,1,1,0,0,0,1,0,0,0,1,0,0,0.4745891276864727,0,2,1,4,31.28333333333333,1,0,0,1,1,4,0.021085925144965736
1,1,1,0,12,1,0,1,0,1,1,1,1,1,79.2,943.85,0,0,1,0,1,0,0,0,0,1,0,0,0.0838228290204794,3,2,0,6,6.092307692307693,0,1,1,0,0,6,0.14962593516209477
0,0,1,0,60,1,1,1,0,1,1,1,1,1,109.45,6572.85,0,1,0,0,0,1,0,1,0,0,0,3,0.0166492998775451,3,2,1,7,1.7942622950819673,0,0,1,1,0,7,0.5432322317790855
0,0,0,0,55,1,0,1,0,1,1,0,0,1,59.2,3175.85,0,0,0,1,1,0,0,0,0,1,0,3,0.0186348112123644,3,0,0,4,1.0571428571428572,0,2,1,0,0,4,0.9136212624584718
0,0,0,0,1,0,0,0,0,0,1,0,0,0,29.15,29.15,0,1,0,0,1,0,0,0,0,0,1,0,0.966832504145937,1,0,0,1,14.575,0,0,1,0,0,1,0.03316749585406302
0,0,0,0,1,1,0,0,0,0,0,0,0,0,20.05,20.05,0,1,0,0,0,0,1,0,0,0,1,0,0.9524940617577196,0,0,0,1,10.025,0,0,0,0,0,1,0.047505938242280284
0,0,0,0,4,1,1,0,0,0,0,0,0,1,76.05,318.9,1,1,0,0,0,1,0,0,0,1,0,0,0.2377305407939981,0,0,0,2,15.209999999999999,1,0,0,1,1,2,0.05191434133679429
0,0,0,0,1,0,0,0,0,0,0,0,0,1,24.45,24.45,1,1,0,0,1,0,0,0,0,0,1,0,0.9607072691552064,0,0,0,0,12.225,0,0,0,0,0,0,0.03929273084479371
1,0,0,0,42,1,0,0,0,1,1,0,1,0,66.5,2762.75,0,0,0,1,1,0,0,0,1,0,0,2,0.0240615106286748,2,1,0,4,1.5465116279069768,0,2,1,0,0,4,0.6222222222222222
1,0,0,0,1,1,0,1,0,0,0,0,0,0,49.55,49.55,0,1,0,0,1,0,0,1,0,0,0,0,0.980217606330366,1,0,0,2,24.775,0,0,1,0,0,2,0.019782393669634028
0,0,0,0,7,1,1,0,0,1,0,1,0,1,89.35,631.85,1,1,0,0,0,1,0,0,1,0,0,0,0.1411866951094256,1,1,0,4,11.16875,1,0,1,1,0,4,0.0774764803541782
0,0,0,0,3,1,0,0,0,1,0,0,0,1,73.6,232.5,0,1,0,0,0,1,0,0,1,0,0,0,0.315203426124197,1,0,0,2,18.4,1,0,1,1,0,2,0.04021447721179625
1,0,1,0,72,1,1,1,1,1,0,1,1,1,82.65,5919.35,0,0,0,1,1,0,0,0,1,0,0,3,0.0139603232916972,3,2,0,7,1.132191780821918,0,2,1,0,0,7,0.8607292289300656
0,0,0,0,15,1,1,0,0,0,0,0,0,1,49.0,749.25,0,1,0,0,1,0,0,0,0,1,0,1,0.0653115628123958,0,0,0,2,3.0625,0,0,0,0,1,2,0.3
0,0,1,0,4,1,0,0,0,0,0,1,0,1,80.35,307.4,1,1,0,0,0,1,0,0,0,1,0,0,0.260538261997406,0,1,0,2,16.07,1,0,0,1,1,2,0.04917025199754149
1,0,0,0,11,1,1,0,0,0,0,0,0,0,25.2,245.15,0,0,1,0,0,0,1,0,0,1,0,0,0.1023765996343692,0,0,0,2,2.1,0,1,0,0,1,2,0.41984732824427484
1,0,0,0,5,1,1,0,0,0,0,0,0,0,25.45,134.75,0,1,0,0,0,0,1,0,0,0,1,0,0.1874769797421731,0,0,0,2,4.241666666666666,0,0,0,0,0,2,0.1890359168241966
1,1,0,0,1,1,0,1,0,1,0,0,0,1,55.8,55.8,1,1,0,0,1,0,0,0,0,1,0,0,0.9823943661971832,2,0,0,3,27.9,0,0,1,0,0,3,0.017605633802816902
0,0,1,0,72,1,1,1,0,1,1,1,1,1,110.9,8240.85,0,0,0,1,0,1,0,0,1,0,0,3,0.0134557168596856,3,2,1,7,1.5191780821917809,0,2,1,0,0,7,0.6434316353887399
1,0,1,0,55,1,1,0,1,0,0,0,0,1,77.75,4266.4,0,1,0,0,0,1,0,0,1,0,0,3,0.0182195247691803,1,0,0,3,1.3883928571428572,0,0,1,1,0,3,0.6984126984126984
1,0,1,1,40,1,1,0,0,0,0,0,0,1,26.2,1077.5,0,1,0,0,0,0,1,0,0,1,0,2,0.0242929995363931,0,0,0,2,0.6390243902439025,0,0,0,0,1,2,1.4705882352941178
1,0,1,0,57,1,0,0,0,0,0,0,0,0,19.9,1115.6,0,0,0,1,0,0,1,1,0,0,0,3,0.0178219595199713,0,0,0,1,0.34310344827586203,0,2,0,0,0,1,2.7272727272727275
0,0,0,0,1,1,0,0,0,0,0,1,0,1,79.05,79.05,1,1,0,0,0,1,0,0,0,1,0,0,0.9875078076202374,0,1,0,2,39.525,1,0,0,1,1,2,0.01249219237976265
0,0,1,0,1,1,0,1,0,0,0,1,1,1,95.0,95.0,1,1,0,0,0,1,0,0,0,1,0,0,0.9895833333333334,1,2,1,4,47.5,1,0,1,1,0,4,0.010416666666666666
1,0,0,0,1,0,0,0,0,0,0,0,0,0,25.2,25.2,1,1,0,0,1,0,0,0,0,0,1,0,0.9618320610687024,0,0,0,0,12.6,0,0,0,0,0,0,0.03816793893129771
0,1,1,1,52,1,1,0,1,1,0,1,1,1,80.85,4079.55,0,0,1,0,1,0,0,0,0,1,0,3,0.0198135055323424,2,2,0,6,1.5254716981132075,0,1,1,0,1,6,0.6353084911423336
0,1,0,0,41,1,1,0,0,1,0,1,1,1,98.4,4187.75,1,1,0,0,0,1,0,0,0,1,0,2,0.0234914950760966,1,2,1,5,2.342857142857143,0,0,1,1,1,5,0.4124748490945674
0,0,1,0,43,1,0,0,0,0,0,1,0,1,56.35,2391.15,0,0,1,0,1,0,0,0,0,0,1,2,0.0235562151202892,0,1,0,2,1.2806818181818183,0,1,0,0,0,2,0.7497820401046207
1,0,1,1,47,1,0,0,0,0,0,0,0,0,19.3,890.5,0,0,0,1,0,0,1,1,0,0,0,2,0.0216489063376332,0,0,0,1,0.40208333333333335,0,2,0,0,0,1,2.315270935960591
0,0,0,0,3,1,1,0,0,0,0,0,0,0,50.4,137.25,0,1,0,0,1,0,0,1,0,0,0,0,0.3645569620253164,0,0,0,2,12.6,0,0,0,0,0,2,0.058365758754863814
0,1,1,1,66,1,1,1,1,1,1,1,0,0,79.4,5154.6,1,0,0,1,1,0,0,0,1,0,0,3,0.0154007293040577,4,1,0,7,1.1850746268656718,0,2,1,0,0,7,0.8208955223880596
0,0,1,1,55,1,0,0,0,1,1,0,0,1,55.25,3119.9,0,0,0,1,1,0,0,0,1,0,0,3,0.0177032266333429,2,0,0,3,0.9866071428571429,0,2,1,0,0,3,0.9777777777777777
0,0,0,0,29,1,0,0,0,0,0,0,0,0,19.1,529.5,0,0,1,0,0,0,1,0,0,0,1,2,0.0360037700282752,0,0,0,1,0.6366666666666667,0,1,0,0,0,1,1.4427860696517412
1,0,0,1,12,1,1,0,0,0,0,1,0,1,84.05,966.55,0,1,0,0,0,1,0,0,0,1,0,0,0.0868688956643067,0,1,0,3,6.4653846153846155,0,0,0,1,1,3,0.14109347442680775
1,0,1,0,66,1,1,0,1,1,0,1,1,1,105.2,6936.85,0,1,0,0,0,1,0,0,0,1,0,3,0.0151631989737454,2,2,1,6,1.5701492537313433,0,0,1,1,1,6,0.6214689265536723
0,1,0,0,35,1,1,0,0,1,0,1,1,1,101.4,3496.3,1,1,0,0,0,1,0,0,0,1,0,2,0.0289937952134503,1,2,1,5,2.816666666666667,0,0,1,1,1,5,0.341796875
0,1,1,0,10,1,1,0,0,1,0,0,1,1,89.8,914.3,1,1,0,0,0,1,0,0,0,1,0,0,0.0981099093193488,1,1,0,4,8.163636363636364,1,0,1,1,1,4,0.11013215859030838
0,0,1,1,27,1,1,0,0,0,0,0,0,1,75.75,1929.0,0,1,0,0,0,1,0,1,0,0,0,2,0.0392487046632124,0,0,0,2,2.705357142857143,0,0,0,1,0,2,0.3517915309446254
1,0,0,0,58,1,0,0,0,0,1,1,1,1,95.3,5817.7,0,1,0,0,0,1,0,0,0,1,0,3,0.0163782288139962,1,2,1,4,1.6152542372881356,0,0,1,1,1,4,0.6022845275181724
0,0,1,0,54,1,0,1,1,1,1,1,1,0,109.75,6110.2,1,0,0,1,0,1,0,1,0,0,0,3,0.0179588296897499,4,2,1,7,1.9954545454545454,0,2,1,0,0,7,0.48758465011286684
0,0,0,0,9,1,0,0,0,0,0,0,0,0,19.85,178.8,0,1,0,0,0,0,1,0,0,0,1,0,0.1104004449388209,0,0,0,1,1.985,0,0,0,0,0,1,0.4316546762589928
0,0,0,0,2,1,0,0,0,0,0,0,0,0,19.3,28.3,1,0,1,0,0,0,1,0,1,0,0,0,0.658703071672355,0,0,0,1,6.433333333333334,0,1,0,0,0,1,0.09852216748768472
0,0,0,0,6,1,0,0,0,0,0,0,0,1,69.1,435.0,0,1,0,0,0,1,0,0,0,1,0,0,0.15848623853211,0,0,0,1,9.87142857142857,0,0,0,1,1,1,0.0855920114122682
1,1,0,0,26,1,0,0,0,0,0,1,1,1,91.25,2351.8,1,1,0,0,0,1,0,0,0,1,0,2,0.0387835770146208,0,2,1,3,3.3796296296296298,0,0,0,1,1,3,0.28184281842818426
1,0,0,0,9,1,0,0,0,0,0,0,0,0,20.25,186.15,0,1,0,0,0,0,1,0,0,0,1,0,0.1082019770237777,0,0,0,1,2.025,0,0,0,0,0,1,0.4235294117647059
0,0,1,0,8,1,0,0,1,1,0,0,0,1,54.75,445.85,0,1,0,0,1,0,0,0,0,0,1,0,0.1225243370258476,2,0,0,3,6.083333333333333,0,0,1,0,0,3,0.14349775784753363
0,0,0,0,12,1,0,0,0,0,0,1,0,1,81.45,912.0,0,1,0,0,0,1,0,0,0,1,0,0,0.0892113910186199,0,1,0,2,6.265384615384615,0,0,0,1,1,2,0.1455427531837477
1,0,0,0,15,1,1,0,0,0,0,0,0,1,49.1,679.55,1,1,0,0,1,0,0,0,0,1,0,1,0.0721475277349203,0,0,0,2,3.06875,0,0,0,0,1,2,0.2994011976047904
0,0,1,0,43,1,1,1,0,1,0,1,1,1,80.2,3581.6,0,0,1,0,1,0,0,0,0,1,0,2,0.0223859766649919,2,2,0,6,1.8227272727272728,0,1,1,0,0,6,0.5295566502463054
0,0,0,0,42,1,1,0,0,0,1,1,1,1,100.3,4222.95,0,1,0,0,0,1,0,0,0,1,0,2,0.0237455462304241,1,2,1,5,2.332558139534884,0,0,1,1,1,5,0.4146100691016782
1,0,0,0,31,1,1,1,0,1,1,0,0,0,65.25,1994.3,1,1,0,0,1,0,0,0,1,0,0,2,0.032701849345963,3,0,0,5,2.0390625,0,0,1,0,0,5,0.4679245283018868
1,0,0,1,66,1,1,1,0,1,1,0,0,1,90.95,5930.05,0,0,0,1,0,1,0,0,1,0,0,3,0.015334552903786,3,0,1,5,1.3574626865671642,0,2,1,0,0,5,0.7177814029363785
1,1,0,0,18,1,1,0,1,0,1,0,0,1,85.45,1505.85,1,1,0,0,0,1,0,0,0,1,0,1,0.0567077014964993,2,0,0,4,4.497368421052632,0,0,1,1,1,4,0.20821283979178715
0,0,0,0,1,1,0,0,0,0,0,0,0,0,20.0,20.0,0,1,0,0,0,0,1,0,0,0,1,0,0.9523809523809524,0,0,0,1,10.0,0,0,0,0,0,1,0.047619047619047616
0,0,1,0,61,1,1,0,1,0,1,1,0,1,94.1,5638.3,1,0,0,1,0,1,0,0,0,1,0,3,0.0166864681786746,2,1,1,5,1.5177419354838708,0,2,1,0,1,5,0.6414300736067298
0,0,0,0,10,1,1,0,1,0,0,0,0,0,79.85,797.25,0,1,0,0,0,1,0,0,0,1,0,0,0.1000313185092389,1,0,0,3,7.259090909090909,1,0,1,1,1,3,0.12368583797155226
0,1,0,0,1,1,0,0,0,0,0,0,0,1,71.65,71.65,1,1,0,0,0,1,0,0,0,1,0,0,0.9862353750860288,0,0,0,1,35.825,1,0,0,1,1,1,0.013764624913971093
1,1,0,0,18,1,0,0,1,0,0,0,0,1,73.55,1359.45,0,1,0,0,0,1,0,0,0,1,0,1,0.0540629938623249,1,0,0,2,3.871052631578947,0,0,1,1,1,2,0.2414486921529175
0,0,1,0,24,1,1,0,1,1,0,1,1,1,104.65,2542.45,1,1,0,0,0,1,0,0,0,1,0,1,0.0411449016100178,2,2,1,6,4.186,0,0,1,1,1,6,0.22716516800757217
1,0,1,1,3,1,0,0,0,0,0,0,0,0,19.3,54.7,0,1,0,0,0,0,1,0,0,0,1,0,0.3464991023339318,0,0,0,1,4.825,0,0,0,0,0,1,0.14778325123152708
0,0,0,0,50,1,0,0,0,0,0,0,0,0,20.15,989.05,0,0,1,0,0,0,1,0,1,0,0,3,0.0203525074491187,0,0,0,1,0.39509803921568626,0,1,0,0,0,1,2.364066193853428
0,0,1,1,1,1,0,0,0,0,0,0,0,0,44.55,44.55,0,1,0,0,1,0,0,0,0,1,0,0,0.9780461031833152,0,0,0,1,22.275,0,0,0,0,1,1,0.021953896816684963
0,0,0,0,2,1,0,1,0,0,1,0,0,1,54.45,87.3,0,1,0,0,1,0,0,0,0,0,1,0,0.6166477916194791,2,0,0,3,18.150000000000002,0,0,1,0,0,3,0.03606853020739405
0,0,0,0,17,1,0,0,0,0,0,0,0,1,19.65,351.55,0,0,1,0,0,0,1,1,0,0,0,1,0.0557367749255424,0,0,0,1,1.0916666666666666,0,1,0,0,0,1,0.8232445520581114
0,0,1,1,69,1,1,0,1,1,0,1,1,1,105.0,7297.75,0,0,0,1,0,1,0,0,0,1,0,3,0.0143860250042815,2,2,1,6,1.5,0,2,1,0,1,6,0.6509433962264151
0,0,1,0,72,1,1,1,1,1,1,1,1,1,88.7,6301.7,0,0,0,1,1,0,0,0,1,0,0,3,0.0140733336506576,4,2,0,8,1.215068493150685,0,2,1,0,0,8,0.802675585284281
1,0,0,0,3,1,1,0,0,0,0,0,0,1,74.25,210.3,1,1,0,0,0,1,0,0,0,1,0,0,0.3513961192617131,0,0,0,2,18.5625,1,0,0,1,1,2,0.03986710963455149
0,1,1,1,50,1,1,1,1,1,0,0,1,1,75.15,3822.45,0,0,0,1,1,0,0,1,0,0,0,3,0.0196550236043364,3,1,0,6,1.473529411764706,0,2,1,0,0,6,0.6565988181221273
1,0,0,0,53,1,0,0,0,0,0,0,0,0,20.25,1048.45,0,0,0,1,0,0,1,0,0,0,1,3,0.019295821620849,0,0,0,1,0.375,0,2,0,0,0,1,2.4941176470588236
1,0,1,0,58,1,1,1,1,0,1,1,1,1,109.1,6393.65,0,0,0,1,0,1,0,0,1,0,0,3,0.0170611370442479,3,2,1,7,1.8491525423728812,0,2,1,0,0,7,0.5267938237965486
0,0,0,0,46,0,0,1,0,0,0,0,0,1,30.75,1489.3,0,0,1,0,1,0,0,1,0,0,0,2,0.0206334295108367,1,0,0,1,0.6542553191489362,0,1,1,0,0,1,1.4488188976377954
0,1,1,0,72,1,1,1,1,1,1,1,1,1,112.9,8061.5,0,1,0,0,0,1,0,0,1,0,0,3,0.0140031007751937,4,2,1,8,1.5465753424657536,0,0,1,1,0,8,0.6321334503950834
1,1,0,0,1,1,1,0,0,0,0,0,0,1,74.2,74.2,1,1,0,0,0,1,0,0,0,1,0,0,0.9867021276595744,0,0,0,2,37.1,1,0,0,1,1,2,0.013297872340425532
1,0,1,1,6,1,1,0,1,1,0,1,0,1,94.05,518.75,0,1,0,0,0,1,0,0,0,0,1,0,0.1809523809523809,2,1,1,5,13.435714285714285,1,0,1,1,0,5,0.0631246712256707
0,0,1,0,72,1,1,1,1,1,1,0,1,0,78.85,5763.15,0,0,0,1,1,0,0,1,0,0,0,3,0.0136793803075908,4,1,0,7,1.08013698630137,0,2,1,0,0,7,0.9016906700062618
0,0,0,0,4,1,0,0,0,0,0,0,1,1,55.3,238.5,0,1,0,0,1,0,0,0,0,0,1,0,0.2308977035490605,0,1,0,2,11.059999999999999,0,0,0,0,0,2,0.07104795737122559
1,0,1,1,52,1,0,0,0,0,0,0,0,0,19.35,1031.7,0,0,0,1,0,0,1,0,0,0,1,3,0.0187372905974629,0,0,0,1,0.36509433962264154,0,2,0,0,0,1,2.555282555282555
0,0,1,1,0,1,1,0,0,0,0,0,0,0,25.35,25.35,0,0,0,1,0,0,1,0,0,0,1,0,0.9620493358633776,0,0,0,2,25.35,0,2,0,0,0,2,0.0
1,0,0,0,2,1,0,0,0,0,0,0,0,0,20.45,34.8,0,0,1,0,0,0,1,0,0,0,1,0,0.5712290502793297,0,0,0,1,6.816666666666666,0,1,0,0,0,1,0.09324009324009325
1,0,1,0,65,1,0,0,0,0,0,0,0,0,19.35,1319.95,0,0,0,1,0,0,1,1,0,0,0,3,0.0146485483932018,0,0,0,1,0.2931818181818182,0,2,0,0,0,1,3.194103194103194
0,1,1,0,43,1,1,0,1,0,0,1,1,1,101.0,4388.4,1,1,0,0,0,1,0,0,0,1,0,2,0.0230099785847724,1,2,1,5,2.2954545454545454,0,0,1,1,1,5,0.4215686274509804
0,0,1,0,4,1,1,0,1,0,0,1,1,1,100.2,420.2,1,1,0,0,0,1,0,0,0,1,0,0,0.2378917378917379,1,2,1,5,20.04,1,0,1,1,1,5,0.039525691699604744
0,1,1,0,25,1,1,1,0,0,0,0,1,1,89.05,2177.45,1,0,1,0,0,1,0,0,0,1,0,2,0.0408776882645918,1,1,0,4,3.425,0,1,1,0,0,4,0.27762354247640203
1,0,1,0,51,1,1,0,1,0,1,1,1,1,78.65,3950.85,0,0,1,0,1,0,0,0,1,0,0,3,0.0199020711818515,2,2,0,6,1.5125000000000002,0,1,1,0,0,6,0.6403013182674199
0,0,0,0,12,1,1,0,0,1,0,1,1,0,74.75,827.05,0,1,0,0,1,0,0,1,0,0,0,0,0.090272326550329,1,2,0,5,5.75,0,0,1,0,0,5,0.15841584158415842
1,0,1,1,57,1,0,1,0,0,0,1,1,1,70.1,3913.3,1,0,1,0,1,0,0,1,0,0,0,3,0.0179086937638913,1,2,0,4,1.2086206896551723,0,1,1,0,0,4,0.8016877637130803
1,0,1,1,24,1,0,0,0,0,0,0,0,0,19.9,533.5,0,0,1,0,0,0,1,0,0,0,1,1,0.0372310570626754,0,0,0,1,0.7959999999999999,0,1,0,0,0,1,1.1483253588516746
1,0,1,0,64,1,1,0,0,1,1,0,0,0,58.35,3756.45,0,0,1,0,1,0,0,1,0,0,0,3,0.0155291487578011,2,0,0,4,0.8976923076923077,0,1,1,0,0,4,1.0783487784330243
1,0,0,0,4,1,0,0,1,1,1,1,1,1,105.65,443.9,1,0,1,0,0,1,0,0,0,1,0,0,0.2374690941784671,3,2,1,6,21.130000000000003,1,1,1,0,1,6,0.03750586029067041
1,0,0,0,26,1,1,0,0,1,0,1,1,1,100.5,2599.95,0,1,0,0,0,1,0,1,0,0,0,2,0.0386397277917683,1,2,1,5,3.7222222222222223,0,0,1,1,0,5,0.2561576354679803
1,0,1,1,15,1,0,0,0,0,0,0,0,0,20.05,284.3,0,1,0,0,0,0,1,0,0,0,1,1,0.0702769015071854,0,0,0,1,1.253125,0,0,0,0,0,1,0.7125890736342042
0,1,1,0,64,1,1,0,0,0,0,0,0,0,25.65,1740.8,0,0,0,1,0,0,1,0,1,0,0,3,0.0147261453668618,0,0,0,2,0.3946153846153846,0,2,0,0,0,2,2.401500938086304
0,1,1,0,36,1,1,0,1,0,0,1,1,1,96.5,3436.1,1,1,0,0,0,1,0,0,0,1,0,2,0.0280759942975182,1,2,1,5,2.608108108108108,0,0,1,1,1,5,0.36923076923076925
1,0,1,0,27,1,1,0,0,0,0,1,1,0,95.0,2462.55,0,1,0,0,0,1,0,0,1,0,0,2,0.038562237421607,0,2,1,4,3.392857142857143,0,0,0,1,0,4,0.28125
0,1,1,0,1,1,0,0,0,0,0,0,0,0,70.85,70.85,1,1,0,0,0,1,0,0,0,0,1,0,0.9860821155184412,0,0,0,1,35.425,1,0,0,1,0,1,0.013917884481558803
1,0,0,0,35,1,1,1,0,1,1,1,1,1,85.95,3110.1,1,0,1,0,1,0,0,0,1,0,0,2,0.0276268843817299,3,2,0,7,2.3875,0,1,1,0,0,7,0.4025301897642323
0,0,0,0,4,1,0,0,0,1,0,0,0,1,73.9,280.85,1,1,0,0,0,1,0,0,0,1,0,0,0.2621962036544261,1,0,0,2,14.780000000000001,1,0,1,1,1,2,0.05340453938584779
1,0,1,1,8,1,0,0,0,0,0,0,0,1,45.45,411.75,0,1,0,0,1,0,0,0,0,1,0,0,0.110115081768625,0,0,0,1,5.050000000000001,0,0,0,0,1,1,0.17222820236813777
0,0,0,0,10,1,0,0,0,0,0,0,0,1,20.0,198.6,0,1,0,0,0,0,1,0,1,0,0,0,0.1002004008016032,0,0,0,1,1.8181818181818181,0,0,0,0,0,1,0.47619047619047616
1,0,0,0,2,1,0,0,1,0,0,0,0,0,49.2,103.7,0,1,0,0,1,0,0,0,0,0,1,0,0.4699140401146132,1,0,0,2,16.400000000000002,0,0,1,0,0,2,0.0398406374501992
1,0,1,0,58,1,1,1,1,1,0,1,1,1,109.45,6144.55,1,0,0,1,0,1,0,1,0,0,0,3,0.0178096346136635,3,2,1,7,1.855084745762712,0,2,1,0,0,7,0.5251244907197827
0,0,1,0,51,1,0,1,1,1,1,1,1,1,83.25,4089.45,0,0,0,1,1,0,0,0,1,0,0,3,0.0203522839785353,4,2,0,7,1.6009615384615385,0,2,1,0,0,7,0.6053412462908012
1,0,1,1,46,1,0,0,0,0,0,0,0,1,19.25,864.2,0,0,0,1,0,0,1,0,0,0,1,2,0.0222491909385113,0,0,0,1,0.4095744680851064,0,2,0,0,0,1,2.271604938271605
0,0,0,0,1,1,0,0,0,0,0,0,0,1,19.65,19.65,0,1,0,0,0,0,1,1,0,0,0,0,0.9515738498789348,0,0,0,1,9.825,0,0,0,0,0,1,0.04842615012106538
0,0,0,0,46,1,1,0,0,0,0,0,0,0,72.8,3249.4,0,1,0,0,0,1,0,1,0,0,0,2,0.0223972434161949,0,0,0,2,1.548936170212766,0,0,0,1,0,2,0.6233062330623307
1,0,1,0,50,1,1,1,1,0,1,1,1,1,109.65,5405.8,0,1,0,0,0,1,0,1,0,0,0,3,0.0202800177554191,3,2,1,7,2.15,0,0,1,1,0,7,0.4518752824220515
0,0,1,1,53,1,0,0,1,0,1,1,0,0,65.0,3363.8,0,1,0,0,1,0,0,0,1,0,0,3,0.0193176414645744,2,1,0,4,1.2037037037037037,0,0,1,0,0,4,0.803030303030303
0,0,1,0,61,1,1,0,1,1,1,1,1,1,114.1,7132.15,0,1,0,0,0,1,0,0,0,1,0,3,0.0159957382082249,3,2,1,7,1.8403225806451613,0,0,1,1,1,7,0.5299739357080799
0,0,0,0,5,1,0,0,0,0,0,0,0,0,20.65,93.55,0,1,0,0,0,0,1,1,0,0,0,0,0.2184029613960867,0,0,0,1,3.4416666666666664,0,0,0,0,0,1,0.2309468822170901
0,0,0,0,47,1,0,1,1,1,1,1,1,1,86.95,4138.9,0,0,1,0,1,0,0,1,0,0,0,2,0.0210029227759124,4,2,0,7,1.8114583333333334,0,1,1,0,0,7,0.53439454235361
1,0,0,0,54,1,1,0,1,1,0,1,0,1,94.75,5121.75,0,0,1,0,0,1,0,1,0,0,0,3,0.0184959250402615,2,1,1,5,1.7227272727272727,0,1,1,0,0,5,0.5639686684073107
0,0,0,1,19,0,0,0,0,0,0,0,0,1,25.35,566.1,0,1,0,0,1,0,0,0,1,0,0,1,0.0447011109151825,0,0,0,0,1.2675,0,0,0,0,0,0,0.7210626185958254
1,0,0,1,26,1,0,0,1,1,1,1,1,1,105.45,2715.3,0,0,0,1,0,1,0,0,0,1,0,2,0.038821190590141,3,2,1,6,3.9055555555555554,0,2,1,0,1,6,0.24424612494128697
0,0,1,1,70,1,1,0,0,0,0,0,0,0,25.4,1782.05,0,0,0,1,0,0,1,0,0,0,1,3,0.0142452539188469,0,0,0,2,0.3577464788732394,0,2,0,0,0,2,2.651515151515152
0,0,1,0,17,1,1,0,1,1,0,1,1,1,102.55,1742.5,0,1,0,0,0,1,0,0,0,1,0,1,0.0588184685976484,2,2,1,6,5.697222222222222,0,0,1,1,1,6,0.16417189763399326
1,0,0,0,30,1,1,0,1,0,0,1,1,1,100.2,2983.8,1,1,0,0,0,1,0,0,0,1,0,2,0.0335700884481372,1,2,1,5,3.232258064516129,0,0,1,1,1,5,0.2964426877470356
1,0,0,1,1,1,1,0,0,0,0,0,0,0,24.0,24.0,0,1,0,0,0,0,1,0,0,0,1,0,0.96,0,0,0,2,12.0,0,0,0,0,0,2,0.04
1,0,1,1,19,1,1,0,0,0,0,0,0,0,25.6,485.9,0,0,0,1,0,0,1,0,0,0,1,1,0.0525775313205997,0,0,0,2,1.28,0,2,0,0,0,2,0.7142857142857143
1,0,1,0,26,1,0,0,1,1,0,1,1,1,73.5,1905.7,0,0,0,1,1,0,0,0,1,0,0,2,0.0385482771280222,2,2,0,5,2.7222222222222223,0,2,1,0,0,5,0.348993288590604
1,0,1,1,21,1,0,0,1,0,0,0,0,1,74.05,1565.7,1,1,0,0,0,1,0,1,0,0,0,1,0.0472649518095359,1,0,0,2,3.3659090909090907,0,0,1,1,0,2,0.2798134576948701
0,0,1,0,50,1,1,0,1,0,0,1,1,1,98.25,4858.7,0,0,1,0,0,1,0,0,0,1,0,3,0.0202172973640348,1,2,1,5,1.9264705882352942,0,1,1,0,1,5,0.5037783375314862
1,0,1,0,68,0,0,1,0,1,0,1,1,1,54.4,3723.65,0,0,1,0,1,0,0,0,0,1,0,3,0.0146053991650222,2,2,0,4,0.7884057971014492,0,1,1,0,0,4,1.2274368231046933
0,0,0,0,3,1,1,0,0,1,0,1,1,1,101.55,298.35,1,1,0,0,0,1,0,1,0,0,0,0,0.3392350091865708,1,2,1,5,25.3875,1,0,1,1,0,5,0.02925402242808386
0,0,1,1,9,1,0,0,0,1,1,1,1,0,103.1,970.45,0,1,0,0,0,1,0,0,0,1,0,0,0.1061300118379741,2,2,1,5,10.309999999999999,1,0,1,1,1,5,0.08645533141210375
1,0,1,1,51,0,0,1,0,0,1,0,0,0,34.2,1782.0,0,0,0,1,1,0,0,1,0,0,0,3,0.0191811553561413,2,0,0,2,0.6576923076923078,0,2,1,0,0,2,1.4488636363636362
1,0,0,0,9,1,0,0,0,0,0,0,0,1,43.75,405.7,0,1,0,0,1,0,0,0,0,1,0,0,0.1075731497418244,0,0,0,1,4.375,0,0,0,0,1,1,0.2011173184357542
0,1,1,1,41,1,1,0,1,1,1,1,1,1,111.95,4534.9,1,0,1,0,0,1,0,0,0,1,0,2,0.0246808792080954,3,2,1,7,2.6654761904761903,0,1,1,0,1,7,0.3629924745462594
0,0,0,0,22,1,1,0,1,0,0,1,1,1,100.65,2415.95,0,1,0,0,0,1,0,0,0,1,0,1,0.0416433935331719,1,2,1,5,4.376086956521739,0,0,1,1,1,5,0.21642892277422526
1,0,1,1,21,0,0,1,0,1,0,1,1,1,55.95,1157.05,1,0,1,0,1,0,0,0,0,1,0,1,0.0483139760804801,2,2,0,4,2.5431818181818184,0,1,1,0,0,4,0.3687445127304653
0,0,1,1,71,1,1,1,1,1,1,1,1,1,116.05,8297.5,0,0,0,1,0,1,0,1,0,0,0,3,0.0139844550219919,4,2,1,8,1.6118055555555555,0,2,1,0,0,8,0.6065783853054251
0,0,0,0,1,1,0,0,0,0,0,0,0,0,45.75,45.75,1,1,0,0,1,0,0,0,0,1,0,0,0.9786096256684492,0,0,0,1,22.875,0,0,0,0,1,1,0.0213903743315508
0,0,1,1,26,1,1,0,0,1,1,1,1,1,82.0,2083.1,0,0,1,0,1,0,0,0,1,0,0,2,0.0393455208483278,2,2,0,6,3.037037037037037,0,1,1,0,0,6,0.3132530120481928
0,0,1,0,71,1,1,1,1,0,1,0,0,0,65.15,4681.75,0,0,0,1,1,0,0,1,0,0,0,3,0.0139127649351342,3,0,0,5,0.9048611111111112,0,2,1,0,0,5,1.073318216175359
0,0,0,0,4,1,0,0,0,0,0,0,0,1,44.8,176.2,0,1,0,0,1,0,0,0,1,0,0,0,0.2528216704288939,0,0,0,1,8.959999999999999,0,0,0,0,0,1,0.08733624454148473
1,0,0,0,12,1,1,1,0,0,0,0,0,1,79.8,1001.2,0,1,0,0,0,1,0,0,0,1,0,0,0.0796248253841548,1,0,0,3,6.138461538461538,0,0,1,1,0,3,0.1485148514851485
1,0,1,0,18,1,1,0,0,0,1,1,0,1,88.85,1594.75,0,1,0,0,0,1,0,0,0,1,0,1,0.0556791477361742,1,1,0,4,4.6763157894736835,0,0,1,1,1,4,0.2003338898163606
1,0,0,0,3,1,1,0,0,0,0,0,0,1,74.95,212.4,0,1,0,0,0,1,0,0,0,1,0,0,0.3512183692596063,0,0,0,2,18.7375,1,0,0,1,1,2,0.03949967083607636
1,1,1,0,72,1,1,1,1,0,0,1,1,1,106.85,7677.4,0,0,1,0,0,1,0,1,0,0,0,3,0.0139156595123984,2,2,1,6,1.4636986301369863,0,1,1,0,0,6,0.6675938803894298
0,0,0,0,11,1,0,0,1,0,0,0,0,0,74.95,815.5,1,1,0,0,0,1,0,0,0,1,0,0,0.0917942437232088,1,0,0,2,6.245833333333334,1,0,1,1,1,2,0.14483212639894666
1,0,0,0,1,1,0,0,0,0,0,0,1,0,80.15,80.15,1,1,0,0,0,1,0,0,1,0,0,0,0.9876771410967344,0,1,0,2,40.075,1,0,0,1,0,2,0.012322858903265557
0,0,0,0,13,1,0,0,0,0,0,0,0,0,19.3,259.65,0,0,1,0,0,0,1,0,1,0,0,1,0.0740456550930366,0,0,0,1,1.3785714285714286,0,1,0,0,0,1,0.6403940886699507
1,0,1,0,72,1,1,0,1,1,1,1,1,1,109.25,8109.8,1,0,1,0,0,1,0,0,0,1,0,3,0.0134696947280169,3,2,1,7,1.4965753424657535,0,1,1,0,1,7,0.6530612244897959
0,0,1,0,42,1,1,1,0,0,0,0,0,0,56.1,2386.85,0,0,1,0,1,0,0,0,1,0,0,2,0.023493938061436,1,0,0,3,1.3046511627906978,0,1,1,0,0,3,0.7355516637478109
1,0,0,0,17,1,0,0,0,0,0,0,0,0,19.7,340.35,0,1,0,0,0,0,1,0,1,0,0,1,0.0577120257799912,0,0,0,1,1.0944444444444443,0,0,0,0,0,1,0.821256038647343
1,1,0,0,7,1,0,0,1,0,0,0,0,1,51.3,419.35,0,1,0,0,1,0,0,0,0,0,1,0,0.1220411561793743,1,0,0,2,6.4125,0,0,1,0,0,2,0.1338432122370937
1,0,1,0,68,1,1,1,1,1,1,1,1,0,118.6,7990.05,0,0,0,1,0,1,0,0,0,0,1,3,0.0148416040445248,4,2,1,8,1.718840579710145,0,2,1,0,0,8,0.5685618729096991
0,0,1,1,56,1,1,0,0,0,0,0,0,0,24.15,1402.25,0,0,0,1,0,0,1,1,0,0,0,3,0.0172100481026189,0,0,0,2,0.4236842105263158,0,2,0,0,0,2,2.2266401590457257
1,0,1,1,38,1,0,0,0,0,0,0,0,0,20.3,749.35,0,0,1,0,0,0,1,0,0,0,1,2,0.0270540414473245,0,0,0,1,0.5205128205128206,0,1,0,0,0,1,1.784037558685446
1,0,1,1,72,1,1,1,1,1,1,1,1,1,115.5,8425.15,0,0,0,1,0,1,0,0,0,1,0,3,0.0137073277831512,4,2,1,8,1.582191780821918,0,2,1,0,0,8,0.6180257510729614
1,0,0,0,48,1,1,0,0,0,0,0,0,0,25.05,1171.5,0,0,1,0,0,0,1,0,1,0,0,2,0.02136460554371,0,0,0,2,0.5112244897959184,0,1,0,0,0,2,1.8426103646833012
1,1,1,0,52,1,1,1,1,1,0,1,1,1,109.1,5647.95,0,1,0,0,0,1,0,0,0,1,0,3,0.0193133237150266,3,2,1,7,2.0584905660377357,0,0,1,1,0,7,0.4722979109900091
1,0,1,1,35,1,0,0,0,0,0,0,0,0,19.65,708.8,0,0,1,0,0,0,1,0,0,0,1,2,0.0276838546069315,0,0,0,1,0.5458333333333333,0,1,0,0,0,1,1.6949152542372883
0,0,1,0,67,1,1,0,1,1,1,1,1,1,111.3,7567.2,0,0,0,1,0,1,0,1,0,0,0,3,0.0147062709759255,3,2,1,7,1.636764705882353,0,2,1,0,0,7,0.5966162065894924
1,0,0,0,1,0,0,1,0,0,0,0,0,0,29.9,29.9,0,1,0,0,1,0,0,0,0,0,1,0,0.9676375404530744,1,0,0,1,14.95,0,0,1,0,0,1,0.03236245954692557
0,0,0,0,53,1,0,0,1,0,1,0,0,1,80.6,4348.1,0,1,0,0,0,1,0,0,0,0,1,3,0.0185325699570025,2,0,0,3,1.4925925925925925,0,0,1,1,0,3,0.6495098039215687
0,0,1,1,34,1,0,0,0,0,0,0,0,0,20.8,635.9,0,1,0,0,0,0,1,0,0,0,1,2,0.0326581880986026,0,0,0,1,0.5942857142857143,0,0,0,0,0,1,1.5596330275229358
1,0,0,0,3,0,0,0,0,0,0,1,0,0,35.2,108.95,1,1,0,0,1,0,0,0,1,0,0,0,0.3201455206912233,0,1,0,1,8.8,0,0,0,0,0,1,0.08287292817679558
1,0,1,0,1,1,0,0,0,0,0,1,0,0,78.8,78.8,1,1,0,0,0,1,0,0,0,1,0,0,0.987468671679198,0,1,0,2,39.4,1,0,0,1,1,2,0.012531328320802006
0,0,0,0,19,1,0,0,0,1,1,1,0,0,89.95,1682.4,0,1,0,0,0,1,0,0,0,0,1,1,0.053433527385054,2,1,1,4,4.4975000000000005,0,0,1,1,0,4,0.20890599230346343
1,1,1,0,60,1,1,1,1,1,1,1,1,1,116.05,6925.9,0,0,0,1,0,1,0,1,0,0,0,3,0.0167535261083601,4,2,1,8,1.9024590163934425,0,2,1,0,0,8,0.5126014523707817
0,0,0,0,11,1,0,0,0,0,0,0,0,0,19.55,223.15,0,0,0,1,0,0,1,0,1,0,0,0,0.0872183805487396,0,0,0,1,1.6291666666666667,0,2,0,0,0,1,0.5352798053527981
1,0,0,0,47,1,1,0,1,1,0,1,1,1,106.4,5127.95,1,1,0,0,0,1,0,0,0,1,0,2,0.0207449867906686,2,2,1,6,2.216666666666667,0,0,1,1,1,6,0.4376163873370577
0,0,0,0,18,1,0,1,0,0,0,0,0,0,49.4,874.8,1,1,0,0,1,0,0,0,0,1,0,1,0.0564055720484128,1,0,0,2,2.6,0,0,1,0,0,2,0.35714285714285715
1,0,1,1,60,1,1,1,1,1,1,1,1,0,115.25,6758.45,0,0,0,1,0,1,0,0,1,0,0,3,0.0170502037887697,4,2,1,8,1.889344262295082,0,2,1,0,0,8,0.5161290322580645
0,0,1,0,72,1,1,0,0,0,0,0,0,0,24.8,1874.3,0,0,0,1,0,0,1,0,1,0,0,3,0.0132245507385485,0,0,0,2,0.33972602739726027,0,2,0,0,0,2,2.7906976744186047
0,0,0,0,39,1,0,0,0,0,0,0,0,0,19.9,791.15,0,0,1,0,0,0,1,0,0,0,1,2,0.0251215047655115,0,0,0,1,0.49749999999999994,0,1,0,0,0,1,1.8660287081339715
1,0,1,0,59,1,0,1,0,1,0,0,0,1,81.25,4639.45,0,0,1,0,0,1,0,0,1,0,0,3,0.0175090777834046,2,0,0,3,1.3541666666666667,0,1,1,0,0,3,0.7173252279635258
0,0,1,1,2,1,0,0,0,0,0,0,0,0,69.95,143.9,0,1,0,0,0,1,0,0,0,0,1,0,0.4827467218771566,0,0,0,1,23.316666666666666,0,0,0,1,0,1,0.02818886539816772
0,1,0,0,1,1,0,0,0,0,0,0,0,0,69.1,69.1,1,1,0,0,0,1,0,0,0,1,0,0,0.985734664764622,0,0,0,1,34.55,0,0,0,1,1,1,0.014265335235378032
0,0,1,1,20,1,0,0,0,0,0,1,1,1,90.2,1776.55,1,1,0,0,0,1,0,0,0,1,0,1,0.0507440015752018,0,2,1,3,4.295238095238095,0,0,0,1,1,3,0.21929824561403508
1,0,0,0,6,1,1,0,0,0,0,1,1,1,93.55,536.4,1,1,0,0,0,1,0,1,0,0,0,0,0.1740788983997022,0,2,1,4,13.364285714285714,1,0,0,1,0,4,0.06345848757271286
0,0,0,0,71,1,1,0,0,1,1,0,0,1,86.4,6172.0,0,0,0,1,0,1,0,0,1,0,0,3,0.0139964360926615,2,0,0,4,1.2000000000000002,0,2,1,0,0,4,0.8123569794050343
1,0,1,0,24,1,1,1,1,1,0,0,0,0,66.3,1559.45,0,1,0,0,1,0,0,0,0,0,1,1,0.042487743920023,3,0,0,5,2.6519999999999997,0,0,1,0,0,5,0.35661218424962854
0,1,1,0,67,1,1,0,0,0,0,1,1,1,94.65,6079.0,0,1,0,0,0,1,0,0,1,0,0,3,0.0155674342105263,0,2,1,4,1.3919117647058825,0,0,0,1,0,4,0.7004704652378463
0,0,0,0,1,1,0,0,0,0,0,0,1,1,80.85,80.85,1,1,0,0,0,1,0,0,0,0,1,0,0.9877825290164935,0,1,0,2,40.425,1,0,0,1,0,2,0.012217470983506415
1,0,1,1,48,1,1,0,0,0,0,0,1,1,82.05,4029.95,1,0,1,0,0,1,0,0,0,0,1,2,0.020355003163026,0,1,0,3,1.6744897959183673,0,1,0,0,0,3,0.5779650812763396
1,0,1,0,37,1,1,0,1,0,1,0,1,0,72.1,2658.4,0,0,1,0,1,0,0,0,0,0,1,2,0.02711137850643,2,1,0,5,1.8973684210526314,0,1,1,0,0,5,0.5061559507523941
0,0,0,0,11,0,0,0,1,1,0,0,0,0,34.7,383.55,0,1,0,0,1,0,0,0,0,0,1,0,0.0902353400078013,2,0,0,2,2.891666666666667,0,0,1,0,0,2,0.30812324929971985
0,0,1,0,3,1,0,0,0,0,0,0,0,1,20.55,51.15,1,1,0,0,0,0,1,0,1,0,0,0,0.3940556088207095,0,0,0,1,5.1375,0,0,0,0,0,1,0.13921113689095127
1,0,1,0,18,1,0,0,0,1,0,1,1,1,95.95,1745.5,0,1,0,0,0,1,0,0,1,0,0,1,0.0549384483252218,1,2,1,4,5.05,0,0,1,1,0,4,0.185662712738525
0,0,1,1,50,1,0,0,0,0,0,0,0,1,44.8,2230.85,0,0,1,0,1,0,0,1,0,0,0,3,0.0200730335820059,0,0,0,1,0.8784313725490196,0,1,0,0,0,1,1.091703056768559
1,0,1,1,67,1,1,1,0,1,1,1,1,1,109.4,7281.6,0,0,1,0,0,1,0,0,0,1,0,3,0.0150221074890835,3,2,1,7,1.6088235294117648,0,1,1,0,0,7,0.6068840579710144
1,0,1,0,25,1,0,1,1,0,1,0,1,1,71.05,1837.7,0,1,0,0,1,0,0,0,0,0,1,2,0.0386414314461304,3,1,0,5,2.7326923076923078,0,0,1,0,0,5,0.3469812630117974
1,1,0,0,2,1,1,0,0,1,0,0,0,1,78.55,149.55,1,1,0,0,0,1,0,0,0,1,0,0,0.5217535702424443,1,0,0,3,26.183333333333334,1,0,1,1,1,3,0.0251414204902577
0,0,0,0,9,1,0,0,0,0,0,0,0,0,19.7,180.7,0,1,0,0,0,0,1,0,1,0,0,0,0.1084204733076499,0,0,0,1,1.97,0,0,0,0,0,1,0.43478260869565216
1,0,0,1,10,0,0,1,1,0,1,0,0,0,40.25,411.45,0,0,1,0,1,0,0,0,0,0,1,0,0.0975875863741059,3,0,0,3,3.659090909090909,0,1,1,0,0,3,0.24242424242424243
1,0,1,0,70,1,0,0,0,0,0,0,0,0,19.85,1328.35,0,0,0,1,0,0,1,0,1,0,0,3,0.014932109677662,0,0,0,1,0.2795774647887324,0,2,0,0,0,1,3.3573141486810547
0,0,0,0,9,1,0,1,0,1,1,0,1,1,68.25,576.95,0,1,0,0,1,0,0,1,0,0,0,0,0.1180898001557228,3,1,0,5,6.825,0,0,1,0,0,5,0.1299638989169675
1,0,0,0,4,1,0,0,0,0,0,0,0,1,20.15,68.45,0,1,0,0,0,0,1,0,1,0,0,0,0.2901367890568754,0,0,0,1,4.029999999999999,0,0,0,0,0,1,0.18912529550827425
1,0,0,0,2,1,0,1,0,0,0,0,0,0,50.95,123.05,0,1,0,0,1,0,0,0,0,0,1,0,0.4107214832728739,1,0,0,2,16.983333333333334,0,0,1,0,0,2,0.03849855630413859
1,0,0,1,1,1,0,0,0,0,0,0,1,0,78.65,78.65,1,1,0,0,0,1,0,0,0,1,0,0,0.9874450721908348,0,1,0,2,39.325,1,0,0,1,1,2,0.012554927809165096
0,0,0,0,19,0,0,0,0,0,0,0,0,1,25.15,468.35,0,1,0,0,1,0,0,1,0,0,0,1,0.0535847448599126,0,0,0,0,1.2574999999999998,0,0,0,0,0,0,0.7265774378585086
0,0,1,1,7,1,0,0,0,0,0,0,0,1,20.25,174.7,0,1,0,0,0,0,1,1,0,0,0,0,0.1152532726237905,0,0,0,1,2.53125,0,0,0,0,0,1,0.32941176470588235
0,0,0,0,1,1,0,0,0,0,0,0,0,1,42.9,42.9,1,1,0,0,1,0,0,0,0,1,0,0,0.9772209567198178,0,0,0,1,21.45,0,0,0,0,1,1,0.022779043280182234
0,1,0,0,1,1,0,0,0,0,0,0,0,0,44.0,44.0,0,1,0,0,1,0,0,0,0,1,0,0,0.9777777777777776,0,0,0,1,22.0,0,0,0,0,1,1,0.022222222222222223
1,0,1,1,9,1,0,0,0,0,0,0,0,0,20.25,172.35,0,0,1,0,0,0,1,0,0,0,1,0,0.1168156907989616,0,0,0,1,2.025,0,1,0,0,0,1,0.4235294117647059
1,0,0,0,3,0,0,1,0,0,1,0,0,0,34.25,139.35,1,1,0,0,1,0,0,0,0,0,1,0,0.244032775204845,2,0,0,2,8.5625,0,0,1,0,0,2,0.0851063829787234
1,0,0,0,9,0,0,1,0,1,1,1,1,0,58.5,539.85,1,1,0,0,1,0,0,0,0,0,1,0,0.1081630766386243,3,2,0,5,5.85,0,0,1,0,0,5,0.15126050420168066
1,0,0,0,5,1,0,1,0,1,0,0,0,0,55.8,300.4,0,1,0,0,1,0,0,0,1,0,0,0,0.1851360318513603,2,0,0,3,9.299999999999999,0,0,1,0,0,3,0.08802816901408451
1,0,1,1,56,1,0,0,0,0,0,1,1,0,88.9,4968.0,0,0,1,0,0,1,0,1,0,0,0,3,0.017890923727108,0,2,0,3,1.5596491228070177,0,1,0,0,0,3,0.6229143492769744
1,0,0,1,18,1,1,1,0,0,0,0,0,0,57.65,992.7,0,1,0,0,1,0,0,0,0,0,1,1,0.0580154976351011,1,0,0,3,3.0342105263157895,0,0,1,0,0,3,0.3069053708439898
0,1,0,0,49,1,1,0,0,0,0,1,1,1,96.2,4718.25,1,1,0,0,0,1,0,0,0,1,0,3,0.0203845950098002,0,2,1,4,1.9240000000000002,0,0,0,1,1,4,0.5041152263374485
0,0,1,0,70,1,1,1,1,1,1,1,0,0,79.15,5536.5,0,0,0,1,1,0,0,0,0,0,1,3,0.0142934537246049,4,1,0,7,1.1147887323943664,0,2,1,0,0,7,0.8733624454148471
1,0,0,0,72,1,1,0,1,1,1,1,1,1,108.05,7806.6,0,0,0,1,0,1,0,0,1,0,0,3,0.013839079870895,3,2,1,7,1.4801369863013698,0,2,1,0,0,7,0.6602475928473177
1,1,0,0,6,1,0,0,0,1,0,0,0,0,74.4,434.1,1,1,0,0,0,1,0,0,0,1,0,0,0.1709951735233279,1,0,0,2,10.62857142857143,1,0,1,1,1,2,0.07957559681697612
0,1,1,0,17,1,1,0,0,0,0,1,1,1,94.8,1563.9,0,1,0,0,0,1,0,0,0,1,0,1,0.0605789507316761,0,2,1,4,5.266666666666667,0,0,0,1,1,4,0.17745302713987474
0,0,1,0,29,0,0,0,0,0,0,1,1,1,45.9,1332.4,0,1,0,0,1,0,0,0,0,1,0,2,0.0344232788360581,0,2,0,2,1.53,0,0,0,0,1,2,0.6183368869936035
1,0,1,0,6,1,1,0,1,1,0,1,1,1,105.3,545.2,1,1,0,0,0,1,0,0,0,1,0,0,0.1927865250823874,2,2,1,6,15.042857142857143,1,0,1,1,1,6,0.05644402634054563
0,0,1,0,63,1,1,0,0,1,0,1,1,0,102.6,6296.75,0,0,0,1,0,1,0,0,0,1,0,3,0.0162915326902465,1,2,1,5,1.603125,0,2,1,0,1,5,0.6081081081081081
0,0,1,0,16,1,1,0,0,0,0,0,0,1,73.85,1284.2,1,1,0,0,0,1,0,1,0,0,0,1,0.0574618736383442,0,0,0,2,4.344117647058823,0,0,0,1,0,2,0.21376085504342018
0,0,0,0,59,1,0,0,0,1,0,0,1,1,61.35,3645.5,0,0,1,0,1,0,0,1,0,0,0,3,0.0168243521184697,1,1,0,3,1.0225,0,1,1,0,0,3,0.9462710505212509
1,0,0,0,3,1,0,0,0,1,0,1,0,0,57.55,161.45,0,1,0,0,1,0,0,0,0,1,0,0,0.3542628501077254,1,1,0,3,14.3875,0,0,1,0,1,3,0.05123825789923143
1,0,0,0,8,0,0,0,1,0,0,0,0,1,29.25,226.95,0,1,0,0,1,0,0,0,0,0,1,0,0.128317613511735,1,0,0,1,3.25,0,0,1,0,0,1,0.2644628099173554
1,1,1,0,7,1,1,0,0,0,0,0,1,1,84.55,646.85,1,1,0,0,0,1,0,0,0,1,0,0,0.1305086053870494,0,1,0,3,10.56875,1,0,0,1,1,3,0.08182349503214495
1,0,0,0,68,1,0,0,0,0,0,0,0,0,19.6,1441.65,0,0,0,1,0,0,1,0,1,0,0,3,0.0135861088968218,0,0,0,1,0.28405797101449276,0,2,0,0,0,1,3.3009708737864076
1,0,1,1,68,1,1,1,0,1,1,1,1,0,111.75,7511.3,0,0,0,1,0,1,0,0,1,0,0,3,0.0148756040094245,3,2,1,7,1.6195652173913044,0,2,1,0,0,7,0.6031042128603105
1,1,1,0,52,1,1,0,1,1,0,1,1,1,106.5,5621.85,0,0,1,0,0,1,0,0,0,1,0,3,0.0189405728411748,2,2,1,6,2.009433962264151,0,1,1,0,1,6,0.48372093023255813
0,0,1,1,72,1,1,1,1,0,1,1,1,1,107.7,7919.8,0,0,0,1,0,1,0,0,1,0,0,3,0.0135971114028885,3,2,1,7,1.4753424657534246,0,2,1,0,0,7,0.6623735050597976
1,0,1,0,32,1,0,0,0,0,0,0,0,0,19.3,593.2,0,0,1,0,0,0,1,0,0,0,1,2,0.0324806462470548,0,0,0,1,0.5848484848484848,0,1,0,0,0,1,1.5763546798029555
1,0,1,0,72,1,0,0,0,0,0,0,0,0,20.05,1423.65,0,0,0,1,0,0,1,1,0,0,0,3,0.0140736321201698,0,0,0,1,0.27465753424657535,0,2,0,0,0,1,3.4204275534441804
0,0,1,1,1,1,0,0,0,0,0,0,0,1,69.95,69.95,0,1,0,0,0,1,0,0,1,0,0,0,0.9859055673009162,0,0,0,1,34.975,0,0,0,1,0,1,0.01409443269908386
0,0,1,1,42,1,0,1,0,0,1,0,1,0,63.7,2763.35,0,0,1,0,1,0,0,0,1,0,0,2,0.0230433917557472,2,1,0,4,1.4813953488372094,0,1,1,0,0,4,0.6491499227202473
1,0,0,0,25,1,1,0,0,0,0,0,0,0,24.75,692.1,1,0,0,1,0,0,1,0,1,0,0,2,0.0357091328812581,0,0,0,2,0.9519230769230769,0,2,0,0,0,2,0.970873786407767
0,0,0,0,45,1,0,1,0,0,0,0,0,1,50.9,2298.55,0,1,0,0,1,0,0,1,0,0,0,2,0.0221347654975973,1,0,0,2,1.1065217391304347,0,0,1,0,0,2,0.8670520231213873
1,0,1,1,43,0,0,1,0,1,1,1,1,1,60.4,2640.55,0,0,1,0,1,0,0,0,1,0,0,2,0.022865363139066,3,2,0,5,1.3727272727272728,0,1,1,0,0,5,0.7003257328990228
0,0,1,0,37,1,1,1,0,1,0,1,1,0,79.25,2911.8,0,0,1,0,1,0,0,0,0,0,1,2,0.0272074979401263,2,2,0,6,2.085526315789474,0,1,1,0,0,6,0.46105919003115264
1,1,0,0,20,1,1,0,0,0,0,0,1,1,85.8,1727.5,1,1,0,0,0,1,0,0,1,0,0,1,0.0496384148105293,0,1,0,3,4.085714285714285,0,0,0,1,0,3,0.2304147465437788
1,0,0,0,4,0,0,0,0,0,0,0,0,1,24.45,86.6,1,1,0,0,1,0,0,0,0,1,0,0,0.2791095890410959,0,0,0,0,4.89,0,0,0,0,1,0,0.15717092337917485
0,0,1,0,63,1,0,1,1,1,1,1,1,1,110.1,6705.7,0,0,0,1,0,1,0,0,1,0,0,3,0.016416419401494,4,2,1,7,1.7203125,0,2,1,0,0,7,0.5670567056705671
0,0,0,0,3,1,0,0,0,0,0,1,1,0,90.7,237.65,0,1,0,0,0,1,0,0,0,0,1,0,0.3800544730777289,0,2,1,3,22.675,1,0,0,1,0,3,0.03271537622682661
0,0,1,1,66,1,1,0,0,0,0,0,0,1,25.3,1672.35,0,0,0,1,0,0,1,0,1,0,0,3,0.0151193713210027,0,0,0,2,0.3776119402985075,0,2,0,0,0,2,2.5095057034220534
0,0,0,0,28,1,1,0,1,1,0,1,1,1,105.7,2979.5,1,1,0,0,0,1,0,0,0,1,0,2,0.0354638483475926,2,2,1,6,3.6448275862068966,0,0,1,1,1,6,0.2624179943767573
1,1,0,0,8,1,1,0,0,0,0,0,1,0,85.2,695.75,0,1,0,0,0,1,0,0,0,1,0,0,0.1222820236813778,0,1,0,3,9.466666666666667,1,0,0,1,1,3,0.09280742459396751
0,0,0,1,71,1,1,0,0,0,0,0,0,0,24.35,1654.6,0,0,0,1,0,0,1,0,0,0,1,3,0.0147076588547958,0,0,0,2,0.33819444444444446,0,2,0,0,0,2,2.800788954635108
0,0,0,0,1,0,0,0,0,0,0,0,0,1,24.25,24.25,1,1,0,0,1,0,0,0,0,1,0,0,0.9603960396039604,0,0,0,0,12.125,0,0,0,0,1,0,0.039603960396039604
1,0,1,1,72,1,1,0,0,0,0,0,0,0,25.1,1857.85,0,0,0,1,0,0,1,1,0,0,0,3,0.0135029722677999,0,0,0,2,0.3438356164383562,0,2,0,0,0,2,2.758620689655172
0,1,1,0,16,1,0,1,1,0,0,0,0,1,54.55,825.1,0,1,0,0,1,0,0,1,0,0,0,1,0.0660331678973489,2,0,0,3,3.2088235294117644,0,0,1,0,0,3,0.28802880288028804
0,0,1,0,66,1,1,1,1,1,1,0,0,0,96.6,6424.25,0,0,0,1,0,1,0,0,0,0,1,3,0.0150344344578031,4,0,1,6,1.4417910447761193,0,2,1,0,0,6,0.6762295081967213
1,0,0,0,11,1,1,0,0,0,0,0,0,1,76.5,837.95,1,1,0,0,0,1,0,0,0,1,0,0,0.0911854103343465,0,0,0,2,6.375,1,0,0,1,1,2,0.14193548387096774
0,0,0,0,51,1,1,1,1,1,1,1,0,1,81.15,4126.2,0,0,1,0,1,0,0,0,1,0,0,3,0.0196622407443303,4,1,0,7,1.560576923076923,0,1,1,0,0,7,0.620815581253804
1,0,0,1,8,0,0,1,0,0,0,0,1,1,38.5,330.8,0,1,0,0,1,0,0,0,0,1,0,0,0.1160337552742616,1,1,0,2,4.277777777777778,0,0,1,0,0,2,0.20253164556962025
0,0,0,0,14,1,0,0,0,0,0,1,1,1,92.9,1337.45,0,1,0,0,0,1,0,0,0,1,0,1,0.0694086443273936,0,2,1,3,6.193333333333333,0,0,0,1,1,3,0.1490947816826411
1,0,0,0,4,1,1,0,1,0,1,0,1,1,93.5,362.2,1,1,0,0,0,1,0,0,0,1,0,0,0.2574339207048458,2,1,1,5,18.7,1,0,1,1,1,5,0.042328042328042326
1,0,0,0,70,1,1,1,1,1,0,1,1,0,84.7,5991.05,0,0,0,1,1,0,0,0,0,0,1,3,0.0141353960664547,3,2,0,7,1.1929577464788732,0,2,1,0,0,7,0.8168028004667445
1,0,0,1,70,1,1,1,1,0,1,0,0,0,66.0,4891.5,0,0,0,1,1,0,0,0,0,1,0,3,0.0134900357690342,3,0,0,5,0.9295774647887324,0,2,1,0,0,5,1.044776119402985
1,1,1,0,54,1,1,0,1,0,0,1,1,1,101.5,5373.1,1,0,1,0,0,1,0,0,1,0,0,3,0.0188868833851249,1,2,1,5,1.8454545454545455,0,1,1,0,0,5,0.526829268292683
0,0,0,1,28,1,0,1,0,0,0,0,0,1,74.9,2068.55,1,1,0,0,0,1,0,1,0,0,0,2,0.0361914425841366,1,0,0,2,2.5827586206896553,0,0,1,1,0,2,0.3689064558629776
0,0,0,0,24,1,0,0,0,0,0,0,0,0,20.75,487.05,0,0,0,1,0,0,1,0,0,0,1,1,0.0425161356418399,0,0,0,1,0.83,0,2,0,0,0,1,1.103448275862069
1,0,1,0,69,1,0,0,1,0,0,0,1,1,61.45,4131.2,0,0,0,1,1,0,0,0,1,0,0,3,0.0148710130196989,1,1,0,3,0.8778571428571429,0,2,1,0,0,3,1.1048839071257006
0,0,1,1,42,1,0,1,1,0,0,0,0,0,54.5,2301.15,0,1,0,0,1,0,0,0,0,0,1,2,0.0236735225767217,2,0,0,3,1.2674418604651163,0,0,1,0,0,3,0.7567567567567568
1,1,0,0,2,1,0,0,0,0,0,0,0,1,69.6,131.65,1,1,0,0,0,1,0,0,0,1,0,0,0.5246890312853373,0,0,0,1,23.2,0,0,0,1,1,1,0.028328611898017
1,1,0,0,39,1,1,0,0,1,0,1,1,1,99.75,4036.0,0,1,0,0,0,1,0,0,0,1,0,2,0.0247089422838741,1,2,1,5,2.49375,0,0,1,1,1,5,0.3870967741935484
0,0,1,1,45,1,1,0,1,1,1,1,1,1,109.75,4900.65,0,0,0,1,0,1,0,1,0,0,0,2,0.0223904195525996,3,2,1,7,2.385869565217391,0,2,1,0,0,7,0.40632054176072235
0,0,1,1,72,1,1,1,1,1,1,1,0,1,80.85,5727.45,0,0,0,1,1,0,0,1,0,0,0,3,0.0141137655037575,4,1,0,7,1.1075342465753424,0,2,1,0,0,7,0.8796579108124619
1,0,0,0,38,1,0,0,0,0,0,0,0,0,20.3,743.05,0,0,0,1,0,0,1,0,0,0,1,2,0.0272831126940393,0,0,0,1,0.5205128205128206,0,2,0,0,0,1,1.784037558685446
0,0,1,0,72,1,1,1,1,1,1,0,0,1,67.8,4804.65,0,0,0,1,1,0,0,1,0,0,0,3,0.0141083932454506,4,0,0,6,0.9287671232876712,0,2,1,0,0,6,1.0465116279069768
0,0,0,0,1,1,1,0,0,0,0,0,0,1,24.05,24.05,1,1,0,0,0,0,1,0,0,0,1,0,0.9600798403193612,0,0,0,2,12.025,0,0,0,0,0,2,0.03992015968063872
0,0,1,1,72,1,0,0,0,0,0,0,0,1,19.8,1414.65,0,0,0,1,0,0,1,0,1,0,0,3,0.0139865079645392,0,0,0,1,0.27123287671232876,0,2,0,0,0,1,3.4615384615384612
0,0,1,0,55,1,1,0,0,0,0,0,0,0,25.7,1443.65,0,0,0,1,0,0,1,1,0,0,0,3,0.0177897760703284,0,0,0,2,0.4589285714285714,0,2,0,0,0,2,2.059925093632959
1,0,1,1,51,0,0,0,0,1,1,1,1,1,56.15,2898.95,0,0,1,0,1,0,0,0,0,1,0,3,0.0193624028000482,2,2,0,4,1.0798076923076922,0,1,1,0,1,4,0.8923884514435696
0,0,0,0,63,1,0,1,1,1,1,1,1,1,86.7,5309.5,0,0,0,1,1,0,0,1,0,0,0,3,0.0163261463139064,4,2,0,7,1.3546875,0,2,1,0,0,7,0.7183580387685291
1,0,0,0,1,1,0,0,0,0,0,0,0,0,20.4,20.4,0,1,0,0,0,0,1,0,0,0,1,0,0.9532710280373832,0,0,0,1,10.2,0,0,0,0,0,1,0.04672897196261683
1,0,1,1,23,1,0,0,0,0,0,0,0,1,19.65,451.55,0,0,0,1,0,0,1,0,0,0,1,1,0.0434206165064633,0,0,0,1,0.81875,0,2,0,0,0,1,1.1138014527845037
1,0,0,0,1,1,0,0,1,0,0,0,0,0,50.55,50.55,1,1,0,0,1,0,0,0,0,1,0,0,0.9806013579049466,1,0,0,2,25.275,0,0,1,0,1,2,0.019398642095053348
1,0,0,0,2,1,1,0,0,0,1,0,0,1,54.35,117.05,0,1,0,0,1,0,0,0,0,0,1,0,0.4603981363828886,1,0,0,3,18.116666666666667,0,0,1,0,0,3,0.036133694670280034
1,1,0,0,52,1,1,1,1,1,0,1,1,0,108.1,5839.3,0,1,0,0,0,1,0,0,1,0,0,3,0.0185093231512079,3,2,1,7,2.039622641509434,0,0,1,1,0,7,0.4766269477543538
1,0,0,0,36,1,1,1,0,0,0,0,0,0,54.45,1893.5,0,0,1,0,1,0,0,0,0,0,1,2,0.0287410926365795,1,0,0,3,1.4716216216216218,0,1,1,0,0,3,0.6492335437330928
1,0,0,0,1,1,0,0,0,0,0,0,0,0,45.35,45.35,0,1,0,0,1,0,0,0,0,0,1,0,0.9784250269687162,0,0,0,1,22.675,0,0,0,0,0,1,0.02157497303128371
1,0,0,0,28,1,1,1,0,1,0,0,0,0,59.0,1654.45,0,0,1,0,1,0,0,0,0,0,1,2,0.0356398562324443,2,0,0,4,2.0344827586206895,0,1,1,0,0,4,0.4666666666666667
1,0,1,1,7,1,0,1,1,1,0,1,0,0,69.45,477.05,0,0,1,0,1,0,0,0,0,1,0,0,0.1452776906181361,3,1,0,5,8.68125,0,1,1,0,0,5,0.09936124911284598
0,0,0,0,14,1,1,0,1,0,0,1,1,1,100.55,1415.55,1,1,0,0,0,1,0,0,0,1,0,1,0.0709823161907451,1,2,1,5,6.703333333333333,0,0,1,1,1,5,0.137863121614968
0,1,1,0,72,0,0,1,1,1,1,1,1,1,64.95,4546.0,0,0,0,1,1,0,0,0,1,0,0,3,0.0142841433912469,4,2,0,6,0.8897260273972604,0,2,1,0,0,6,1.0917361637604246
1,0,1,1,1,1,0,0,0,0,0,0,0,1,20.5,20.5,1,1,0,0,0,0,1,0,0,0,1,0,0.9534883720930232,0,0,0,1,10.25,0,0,0,0,0,1,0.046511627906976744
1,0,0,0,10,1,0,0,0,0,0,0,0,0,18.85,163.2,0,1,0,0,0,0,1,0,0,0,1,0,0.1147990255785627,0,0,0,1,1.7136363636363638,0,0,0,0,0,1,0.5037783375314862
0,0,0,0,42,1,0,0,0,0,0,0,0,0,19.8,849.9,0,0,1,0,0,0,1,1,0,0,0,2,0.0232694793747796,0,0,0,1,0.4604651162790698,0,1,0,0,0,1,2.019230769230769
1,0,0,0,7,0,0,0,0,0,0,0,0,0,25.05,189.95,0,1,0,0,1,0,0,1,0,0,0,0,0.1311861743912019,0,0,0,0,3.13125,0,0,0,0,0,0,0.2687140115163148
0,0,0,0,4,1,0,0,0,1,0,0,0,1,74.8,321.9,1,1,0,0,0,1,0,1,0,0,0,0,0.2316506658408176,1,0,0,2,14.959999999999999,1,0,1,1,0,2,0.052770448548812667
0,0,1,1,72,1,1,1,1,1,1,1,1,1,114.3,8058.55,0,0,0,1,0,1,0,0,1,0,0,3,0.0141819332344857,4,2,1,8,1.5657534246575342,0,2,1,0,0,8,0.6244579358196011
1,0,1,0,20,0,0,0,0,0,0,0,0,1,24.45,482.8,1,1,0,0,1,0,0,0,0,1,0,1,0.0505374121537825,0,0,0,0,1.1642857142857141,0,0,0,0,1,0,0.7858546168958743
0,0,0,0,63,1,0,1,1,1,1,1,1,0,109.2,7049.75,0,0,0,1,0,1,0,0,1,0,0,3,0.0154877140729709,4,2,1,7,1.70625,0,2,1,0,0,7,0.5716878402903811
1,0,0,0,56,0,0,1,1,1,1,0,0,0,45.05,2560.1,0,0,0,1,1,0,0,1,0,0,0,3,0.0175900980047635,4,0,0,4,0.7903508771929824,0,2,1,0,0,4,1.216069489685125
1,0,0,1,5,1,0,0,0,0,1,0,0,1,51.0,286.8,0,1,0,0,1,0,0,0,0,0,1,0,0.1772063933287004,1,0,0,2,8.5,0,0,1,0,0,2,0.09615384615384616
1,0,1,0,72,1,1,0,1,1,1,1,1,1,110.45,7982.5,0,0,0,1,0,1,0,1,0,0,0,3,0.0138347842425001,3,2,1,7,1.513013698630137,0,2,1,0,0,7,0.6460296096904441
0,1,1,1,68,1,1,0,1,1,0,0,0,1,84.65,5683.6,0,1,0,0,0,1,0,0,0,1,0,3,0.0148911093128804,2,0,0,4,1.2268115942028985,0,0,1,1,1,4,0.7939287799182719
0,0,1,1,67,1,0,1,1,0,1,0,0,0,60.05,3994.05,0,0,1,0,1,0,0,0,0,0,1,3,0.0150311009874719,3,0,0,4,0.8830882352941176,0,1,1,0,0,4,1.0974610974610974
0,0,1,1,8,1,0,0,0,0,0,0,0,0,44.65,369.15,0,1,0,0,1,0,0,1,0,0,0,0,0.1206267729298933,0,0,0,1,4.961111111111111,0,0,0,0,0,1,0.17524644030668127
0,0,1,1,52,1,1,0,1,0,1,0,1,1,93.25,4631.7,0,1,0,0,0,1,0,1,0,0,0,3,0.0201286506788697,2,1,1,5,1.759433962264151,0,0,1,1,0,5,0.5517241379310345
1,0,1,1,18,1,0,0,0,0,0,0,0,1,20.25,401.95,0,1,0,0,0,0,1,0,0,0,1,1,0.0502543739918104,0,0,0,1,1.0657894736842106,0,0,0,0,0,1,0.8470588235294118
1,0,1,1,59,1,1,0,0,0,0,0,0,0,25.45,1534.05,0,0,0,1,0,0,1,0,0,0,1,3,0.016579264519071,0,0,0,2,0.42416666666666664,0,2,0,0,0,2,2.23062381852552
1,0,0,0,60,1,0,0,0,0,0,0,0,0,20.6,1093.0,0,0,0,1,0,0,1,0,0,0,1,3,0.0188299817184643,0,0,0,1,0.3377049180327869,0,2,0,0,0,1,2.7777777777777777
0,0,0,0,7,1,1,0,0,0,0,1,1,1,94.1,701.3,0,1,0,0,0,1,0,0,0,1,0,0,0.1339883240780293,0,2,1,4,11.7625,1,0,0,1,1,4,0.07360672975814932
0,0,1,1,59,0,0,1,0,1,0,0,0,0,34.8,1980.3,0,0,1,0,1,0,0,0,0,0,1,3,0.0175642255085045,2,0,0,2,0.58,0,1,1,0,0,2,1.6480446927374304
0,0,0,0,46,0,0,1,0,1,1,1,1,1,60.75,2893.4,0,0,0,1,1,0,0,1,0,0,0,2,0.0209888059701492,3,2,0,5,1.2925531914893618,0,2,1,0,0,5,0.7449392712550608
0,0,0,0,5,1,0,0,1,0,0,0,0,1,51.35,262.3,0,1,0,0,1,0,0,0,0,1,0,0,0.1950246866691986,1,0,0,2,8.558333333333334,0,0,1,0,1,2,0.09551098376313276
0,1,1,0,59,0,0,1,0,1,1,1,1,1,64.05,3886.85,0,0,0,1,1,0,0,0,1,0,0,3,0.0164744010185578,3,2,0,5,1.0675,0,2,1,0,0,5,0.9069946195234435
1,0,1,0,70,1,1,0,1,1,1,1,1,1,84.8,5917.55,0,0,0,1,1,0,0,1,0,0,0,3,0.0143278336754779,3,2,0,7,1.1943661971830986,0,2,1,0,0,7,0.8158508158508159
1,0,0,0,14,1,0,0,0,0,0,0,0,1,71.0,914.0,1,1,0,0,0,1,0,0,1,0,0,1,0.0775956284153005,0,0,0,1,4.733333333333333,0,0,0,1,0,1,0.19444444444444445
1,0,0,0,44,1,1,0,0,0,0,0,0,1,50.15,2139.1,0,1,0,0,1,0,0,0,0,0,1,2,0.023433484416616,0,0,0,2,1.1144444444444443,0,0,0,0,0,2,0.8602150537634409
1,0,1,0,64,1,1,1,0,1,0,1,0,1,94.6,5948.7,0,0,0,1,0,1,0,0,1,0,0,3,0.0158999613425887,2,1,1,5,1.4553846153846153,0,2,1,0,0,5,0.6694560669456068
1,0,1,1,58,0,0,1,0,1,1,1,1,0,59.75,3624.35,0,0,0,1,1,0,0,0,0,0,1,3,0.0164811673355676,3,2,0,5,1.0127118644067796,0,2,1,0,0,5,0.9547325102880658
1,1,1,0,46,1,1,0,0,0,1,1,1,0,100.25,4753.85,0,0,1,0,0,1,0,0,0,1,0,2,0.0210837355542235,1,2,1,5,2.132978723404255,0,1,1,0,1,5,0.454320987654321
0,1,1,0,58,1,1,0,1,0,0,1,1,1,98.9,5780.7,0,1,0,0,0,1,0,0,0,1,0,3,0.0171056955566701,1,2,1,5,1.676271186440678,0,0,1,1,1,5,0.5805805805805806
1,0,1,0,72,1,1,0,1,0,0,1,1,1,97.7,6869.7,0,0,0,1,0,1,0,0,1,0,0,3,0.0142198029312879,1,2,1,5,1.3383561643835618,0,2,1,0,0,5,0.729483282674772
1,1,0,0,30,0,0,0,0,1,0,1,0,1,40.3,1172.95,1,1,0,0,1,0,0,0,0,1,0,2,0.0343285489160526,1,1,0,2,1.2999999999999998,0,0,1,0,1,2,0.7263922518159807
0,1,0,0,11,1,1,1,1,0,0,0,0,0,60.25,662.95,0,1,0,0,1,0,0,1,0,0,0,0,0.0907447849988703,2,0,0,4,5.020833333333333,0,0,1,0,0,4,0.17959183673469387
1,1,0,0,34,0,0,0,1,1,0,1,1,1,56.25,1765.95,0,1,0,0,1,0,0,0,0,1,0,2,0.0318345171057471,2,2,0,4,1.6071428571428572,0,0,1,0,1,4,0.5938864628820961
0,0,0,0,54,0,0,1,1,0,0,0,1,0,46.2,2431.95,0,0,0,1,1,0,0,1,0,0,0,3,0.0189892928338025,2,1,0,3,0.8400000000000001,0,2,1,0,0,3,1.1440677966101693
1,0,0,0,3,0,0,0,1,0,0,1,1,1,50.6,155.35,1,1,0,0,1,0,0,0,0,1,0,0,0.3236328749600256,1,2,0,3,12.65,0,0,1,0,1,3,0.05813953488372093
1,0,1,1,72,1,1,0,0,0,0,0,0,0,24.9,1859.2,0,0,0,1,0,0,1,0,0,0,1,3,0.0133856574561875,0,0,0,2,0.3410958904109589,0,2,0,0,0,2,2.77992277992278
1,0,1,1,40,1,1,0,0,1,1,0,0,1,84.85,3303.05,1,1,0,0,0,1,0,0,0,1,0,2,0.0256806041070807,2,0,0,4,2.069512195121951,0,0,1,1,1,4,0.46592894583576006
1,0,1,1,2,1,0,0,0,0,0,1,1,0,65.7,134.35,1,1,0,0,1,0,0,0,0,0,1,0,0.4854082009604729,0,2,0,3,21.900000000000002,0,0,0,0,0,3,0.029985007496251874
0,0,1,1,54,1,1,0,0,1,0,0,1,0,63.35,3409.1,0,0,0,1,1,0,0,0,1,0,0,3,0.0185771678249904,1,1,0,4,1.1518181818181819,0,2,1,0,0,4,0.8391608391608393
1,0,0,0,14,1,0,1,0,0,0,0,0,0,50.1,709.5,0,1,0,0,1,0,0,1,0,0,0,1,0.0705137227304715,1,0,0,2,3.3400000000000003,0,0,1,0,0,2,0.273972602739726
1,0,0,0,1,1,0,0,0,0,0,0,0,0,70.5,70.5,1,1,0,0,0,1,0,0,0,1,0,0,0.986013986013986,0,0,0,1,35.25,1,0,0,1,1,1,0.013986013986013986
1,0,0,0,10,1,1,0,1,1,0,0,1,1,94.85,953.45,1,1,0,0,0,1,0,0,0,1,0,0,0.0993766043270993,2,1,1,5,8.622727272727273,1,0,1,1,1,5,0.10432968179447054
1,0,0,0,1,1,0,1,0,0,0,0,0,0,50.15,50.15,0,1,0,0,1,0,0,0,0,1,0,0,0.9804496578690128,1,0,0,2,25.075,0,0,1,0,0,2,0.019550342130987292
0,0,0,0,1,1,0,0,0,0,0,0,0,0,19.75,19.75,1,1,0,0,0,0,1,0,0,0,1,0,0.9518072289156626,0,0,0,1,9.875,0,0,0,0,0,1,0.04819277108433735
0,0,0,0,56,1,1,1,1,0,1,0,0,1,64.65,3665.55,0,0,1,0,1,0,0,1,0,0,0,3,0.0176323792120658,3,0,0,5,1.1342105263157896,0,1,1,0,0,5,0.8530083777608529
1,0,1,0,68,1,0,1,1,0,1,1,1,1,79.6,5515.8,0,0,0,1,1,0,0,1,0,0,0,3,0.0144286542923433,3,2,0,6,1.153623188405797,0,2,1,0,0,6,0.8436724565756825
1,0,1,1,14,1,0,0,0,0,0,0,0,1,19.5,272.0,0,0,1,0,0,0,1,0,0,0,1,1,0.0714285714285714,0,0,0,1,1.3,0,1,0,0,0,1,0.6829268292682927
0,0,1,1,68,1,0,1,0,0,1,1,1,1,99.55,6668.0,0,0,0,1,0,1,0,0,0,1,0,3,0.0149272754535912,2,2,1,5,1.4427536231884057,0,2,1,0,0,5,0.6762804574838389
0,1,1,0,55,1,1,0,0,0,0,0,0,1,74.0,4052.4,0,1,0,0,0,1,0,0,0,1,0,3,0.0182562786796269,0,0,0,2,1.3214285714285714,0,0,0,1,1,2,0.7333333333333333
1,0,0,0,16,0,0,1,0,0,0,1,0,1,38.9,664.4,0,1,0,0,1,0,0,0,0,1,0,1,0.0584610760444845,1,1,0,2,2.288235294117647,0,0,1,0,0,2,0.4010025062656642
0,1,0,0,9,1,0,0,0,0,0,0,1,1,79.55,718.55,0,1,0,0,0,1,0,0,0,1,0,0,0.1105552081161837,0,1,0,2,7.955,1,0,0,1,1,2,0.111731843575419
0,0,1,1,14,1,0,1,1,0,0,1,0,1,65.45,937.6,1,1,0,0,1,0,0,0,0,1,0,1,0.0697315150223737,2,1,0,4,4.363333333333333,0,0,1,0,0,4,0.2106847253574116
0,1,1,0,58,1,1,0,0,1,0,1,1,1,98.7,5812.6,1,1,0,0,0,1,0,0,0,1,0,3,0.0169774322278794,1,2,1,5,1.6728813559322033,0,0,1,1,1,5,0.5817452357071213
0,0,0,0,53,0,0,1,1,0,0,0,1,1,46.3,2546.85,0,1,0,0,1,0,0,1,0,0,0,3,0.0181721843907608,2,1,0,3,0.8574074074074074,0,0,1,0,0,3,1.120507399577167
0,0,1,0,70,1,1,1,1,1,0,1,0,1,99.35,6944.5,0,0,0,1,0,1,0,0,1,0,0,3,0.0143042257576848,3,1,1,6,1.3992957746478873,0,2,1,0,0,6,0.6975585450921774
1,1,1,1,14,1,1,0,0,0,0,1,1,1,95.8,1346.3,0,1,0,0,0,1,0,0,0,1,0,1,0.0711051733095821,0,2,1,4,6.386666666666667,0,0,0,1,1,4,0.14462809917355374
0,0,1,1,22,1,0,1,0,1,1,1,0,1,67.5,1544.05,1,0,1,0,1,0,0,1,0,0,0,1,0.0436879065402414,3,1,0,5,2.9347826086956523,0,1,1,0,0,5,0.32116788321167883
1,0,1,0,10,1,1,1,0,0,0,0,0,1,78.15,765.15,0,1,0,0,0,1,0,0,1,0,0,0,0.1020035241140768,1,0,0,3,7.104545454545455,1,0,1,1,0,3,0.12634238787113075
1,0,1,1,29,1,1,0,0,0,0,0,0,0,26.1,692.55,0,0,0,1,0,0,1,0,0,0,1,2,0.0376324706221613,0,0,0,2,0.87,0,2,0,0,0,2,1.070110701107011
1,0,0,0,1,1,0,0,0,0,0,0,0,1,69.6,69.6,1,1,0,0,0,1,0,0,0,1,0,0,0.9858356940509916,0,0,0,1,34.8,0,0,0,1,1,1,0.0141643059490085
0,0,1,0,49,1,1,1,0,1,1,1,1,0,84.35,4059.35,1,0,1,0,1,0,0,0,0,1,0,3,0.0207740712007585,3,2,0,7,1.6869999999999998,0,1,1,0,0,7,0.5741066198008202
1,1,1,0,68,1,1,0,1,0,0,1,1,1,100.2,6851.65,1,1,0,0,0,1,0,0,0,1,0,3,0.0146220805090001,1,2,1,5,1.4521739130434783,0,0,1,1,1,5,0.6719367588932806
1,0,0,0,1,1,0,0,0,0,0,1,0,0,78.05,78.05,1,1,0,0,0,1,0,0,0,1,0,0,0.9873497786211258,0,1,0,2,39.025,1,0,0,1,1,2,0.012650221378874131
1,0,0,0,30,0,0,0,0,0,1,0,1,1,40.35,1187.05,0,0,1,0,1,0,0,0,1,0,0,2,0.03396321703632,1,1,0,2,1.3016129032258066,0,1,1,0,0,2,0.7255139056831922
1,0,1,0,72,1,1,1,1,1,1,1,0,0,79.2,5401.9,0,0,0,1,1,0,0,0,1,0,0,3,0.0146587943511817,4,1,0,7,1.084931506849315,0,2,1,0,0,7,0.8977556109725685
1,0,0,0,10,1,0,0,0,0,0,0,0,1,20.9,247.0,0,1,0,0,0,0,1,0,0,0,1,0,0.0842741935483871,0,0,0,1,1.9,0,0,0,0,0,1,0.4566210045662101
0,0,0,0,7,1,1,0,0,0,0,0,0,0,73.6,520.0,1,1,0,0,0,1,0,0,0,1,0,0,0.1412667946257197,0,0,0,2,9.2,1,0,0,1,1,2,0.09383378016085792
1,0,0,0,9,1,1,0,0,0,0,0,0,1,74.75,706.6,1,1,0,0,0,1,0,0,0,1,0,0,0.1056387789711701,0,0,0,2,7.475,1,0,0,1,1,2,0.1188118811881188
1,0,0,1,1,1,0,1,0,0,0,0,0,0,49.9,49.9,0,1,0,0,1,0,0,0,0,0,1,0,0.9803536345776032,1,0,0,2,24.95,0,0,1,0,0,2,0.019646365422396856
1,0,0,0,20,1,1,0,1,0,1,0,1,1,68.9,1370.35,0,1,0,0,1,0,0,0,1,0,0,1,0.0502424618077077,2,1,0,5,3.2809523809523813,0,0,1,0,0,5,0.28612303290414876
1,0,0,0,1,1,0,0,0,0,0,0,0,1,20.25,20.25,0,1,0,0,0,0,1,0,0,0,1,0,0.9529411764705882,0,0,0,1,10.125,0,0,0,0,0,1,0.047058823529411764
1,0,0,0,29,1,1,0,0,0,0,0,0,1,76.0,2215.25,0,1,0,0,0,1,0,0,1,0,0,2,0.034292160180485,0,0,0,2,2.533333333333333,0,0,0,1,0,2,0.37662337662337664
0,0,0,0,1,1,0,0,0,0,1,0,0,0,74.0,74.0,0,1,0,0,0,1,0,0,0,1,0,0,0.9866666666666668,1,0,0,2,37.0,1,0,1,1,1,2,0.013333333333333334
0,0,0,0,3,1,0,1,0,0,1,0,0,1,82.3,214.4,0,1,0,0,0,1,0,0,0,0,1,0,0.3820798514391829,2,0,0,3,20.575,1,0,1,1,0,3,0.03601440576230492
1,0,0,0,20,1,0,1,0,1,0,1,0,1,89.4,1871.15,0,1,0,0,0,1,0,1,0,0,0,1,0.0477525839275699,2,1,0,4,4.257142857142857,0,0,1,1,0,4,0.22123893805309733
0,0,0,1,64,1,0,0,1,0,1,1,1,1,99.15,6171.2,0,1,0,0,0,1,0,0,1,0,0,3,0.0160639642266938,2,2,1,5,1.5253846153846156,0,0,1,1,0,5,0.6390414378432351
0,0,0,0,1,1,0,0,0,0,0,0,0,1,20.2,20.2,1,1,0,0,0,0,1,0,0,0,1,0,0.9528301886792452,0,0,0,1,10.1,0,0,0,0,0,1,0.04716981132075472
1,0,0,0,6,0,0,1,0,0,0,0,0,0,29.45,161.45,0,1,0,0,1,0,0,1,0,0,0,0,0.1812865497076023,1,0,0,1,4.207142857142857,0,0,1,0,0,1,0.19704433497536947
0,0,1,0,50,1,0,0,0,0,0,0,0,0,19.8,1013.2,0,0,0,1,0,0,1,0,0,1,0,3,0.0195227765726681,0,0,0,1,0.38823529411764707,0,2,0,0,1,1,2.4038461538461537
0,0,0,0,6,1,0,1,0,0,0,0,1,1,59.15,336.7,0,1,0,0,1,0,0,1,0,0,0,0,0.175155463429079,1,1,0,3,8.45,0,0,1,0,0,3,0.09975062344139651
0,0,1,1,7,1,0,0,0,0,0,0,0,0,44.75,333.65,0,1,0,0,1,0,0,0,0,1,0,0,0.1337217988943672,0,0,0,1,5.59375,0,0,0,0,1,1,0.15300546448087432
0,0,1,1,72,1,1,0,0,1,0,0,1,1,90.8,6511.8,0,0,0,1,0,1,0,0,1,0,0,3,0.0139417761945706,1,1,1,4,1.2438356164383562,0,2,1,0,0,4,0.7843137254901961
0,0,1,0,8,1,0,0,1,0,0,0,0,1,49.55,393.45,0,1,0,0,1,0,0,1,0,0,0,0,0.1256179490429712,1,0,0,2,5.5055555555555555,0,0,1,0,0,2,0.15825914935707222
1,0,1,1,67,1,1,1,0,0,1,1,1,0,106.7,7009.5,0,0,0,1,0,1,0,0,1,0,0,3,0.0152200271022038,2,2,1,6,1.5691176470588235,0,2,1,0,0,6,0.6220984215413184
1,1,1,0,24,1,1,0,0,0,0,1,1,1,93.55,2264.05,1,1,0,0,0,1,0,0,0,1,0,1,0.041301516522814,0,2,1,4,3.742,0,0,0,1,1,4,0.25383395029085143
1,0,1,0,72,1,1,1,1,0,0,0,1,1,94.45,6921.7,0,0,0,1,0,1,0,0,1,0,0,3,0.0136435205916766,2,1,1,5,1.2938356164383562,0,2,1,0,0,5,0.754321634363541
0,0,1,1,33,1,0,0,0,0,0,0,0,1,19.45,600.25,0,0,1,0,0,0,1,1,0,0,0,2,0.0323492723492723,0,0,0,1,0.5720588235294117,0,1,0,0,0,1,1.6136919315403424
0,0,0,0,2,0,0,0,0,0,0,0,0,1,25.05,56.35,1,1,0,0,1,0,0,0,0,1,0,0,0.4367916303400174,0,0,0,0,8.35,0,0,0,0,1,0,0.07677543186180422
0,0,1,0,70,1,0,1,1,0,1,0,1,0,67.95,4664.15,0,0,0,1,1,0,0,0,0,0,1,3,0.0145654480563325,3,1,0,5,0.9570422535211268,0,2,1,0,0,5,1.015228426395939
1,0,0,0,22,1,0,0,1,1,0,1,0,0,65.25,1441.8,0,0,1,0,1,0,0,1,0,0,0,1,0.0452245633490435,2,1,0,4,2.8369565217391304,0,1,1,0,0,4,0.3320754716981132
1,0,0,0,59,1,1,1,1,1,0,0,1,1,99.45,5623.7,0,1,0,0,0,1,0,1,0,0,0,3,0.0176809429836257,3,1,1,6,1.6575,0,0,1,1,0,6,0.587356893977103
0,0,0,0,36,1,0,0,0,0,0,0,0,1,20.35,695.85,0,0,1,0,0,0,1,0,1,0,0,2,0.0292028413575374,0,0,0,1,0.55,0,1,0,0,0,1,1.686182669789227
1,0,1,1,51,1,0,0,0,0,0,0,0,0,19.95,1028.75,0,0,0,1,0,0,1,0,0,0,1,3,0.019373634377276,0,0,0,1,0.3836538461538461,0,2,0,0,0,1,2.4343675417661097
0,0,1,0,53,1,1,1,0,1,1,1,0,0,77.4,4155.95,0,0,1,0,1,0,0,1,0,0,0,3,0.0186194204885793,3,1,0,6,1.4333333333333333,0,1,1,0,0,6,0.6760204081632653
1,0,1,1,20,1,0,0,0,0,0,0,0,0,19.7,395.6,0,0,1,0,0,0,1,1,0,0,0,1,0.0496722138174483,0,0,0,1,0.9380952380952381,0,1,0,0,0,1,0.9661835748792271
0,0,1,0,63,1,0,1,0,1,0,1,1,0,99.7,6330.4,0,0,0,1,0,1,0,0,1,0,0,3,0.0157469122153078,2,2,1,5,1.5578125,0,2,1,0,0,5,0.6256206554121152
1,0,0,0,40,1,0,0,1,0,0,0,0,0,74.8,2971.7,0,1,0,0,0,1,0,0,1,0,0,2,0.0251623103575873,1,0,0,2,1.8243902439024389,0,0,1,1,0,2,0.5277044854881267
0,0,0,0,35,1,0,0,0,0,0,0,0,1,19.15,638.0,0,0,1,0,0,0,1,0,0,0,1,2,0.0299687010954616,0,0,0,1,0.5319444444444444,0,1,0,0,0,1,1.7369727047146404
0,0,1,1,26,1,0,0,0,0,0,0,1,0,78.95,2034.25,0,0,1,0,0,1,0,1,0,0,0,2,0.0387913032796953,0,1,0,2,2.924074074074074,0,1,0,0,0,2,0.3252032520325203
0,1,1,0,27,1,1,0,1,1,0,0,1,1,95.55,2510.2,1,1,0,0,0,1,0,0,0,1,0,2,0.0380495380694488,2,1,1,5,3.4125,0,0,1,1,1,5,0.2796478508544796
0,0,0,1,53,1,0,1,1,0,1,0,0,0,62.85,3419.5,0,0,1,0,1,0,0,0,1,0,0,3,0.0183745066510744,3,0,0,4,1.163888888888889,0,1,1,0,0,4,0.8300704776820673
0,1,1,0,34,1,0,0,0,0,0,0,0,0,71.55,2427.35,0,1,0,0,0,1,0,0,1,0,0,2,0.0294644511705479,0,0,0,1,2.044285714285714,0,0,0,1,0,1,0.4686423156443832
1,1,1,0,19,1,1,0,0,0,0,1,1,1,94.95,1760.25,0,1,0,0,0,1,0,0,0,1,0,1,0.0539105748757984,0,2,1,4,4.7475000000000005,0,0,0,1,1,4,0.198019801980198
0,0,1,0,43,1,0,1,1,1,0,0,0,1,86.1,3551.65,0,1,0,0,0,1,0,0,1,0,0,2,0.0242354298903635,3,0,0,4,1.9568181818181818,0,0,1,1,0,4,0.4936854190585534
0,0,1,1,6,1,0,0,0,0,0,0,0,0,19.55,122.9,0,1,0,0,0,0,1,0,0,0,1,0,0.1577885391444713,0,0,0,1,2.792857142857143,0,0,0,0,0,1,0.291970802919708
0,0,0,1,56,1,1,0,0,0,0,0,0,1,24.8,1424.2,0,0,0,1,0,0,1,0,0,0,1,3,0.01740106651698,0,0,0,2,0.43508771929824563,0,2,0,0,0,2,2.1705426356589146
0,0,0,0,57,0,0,0,1,0,0,1,0,1,39.3,2111.45,1,1,0,0,1,0,0,0,0,1,0,3,0.018603990626997,1,1,0,2,0.6775862068965517,0,0,1,0,1,2,1.41439205955335
0,0,1,1,34,1,0,0,0,1,0,1,0,1,84.05,2909.95,0,1,0,0,0,1,0,0,0,0,1,2,0.0288737353784846,1,1,0,3,2.4014285714285712,0,0,1,1,0,3,0.39976484420928865
1,0,0,0,10,0,0,0,1,0,1,0,0,0,36.25,374.0,0,1,0,0,1,0,0,0,0,1,0,0,0.0966666666666666,2,0,0,2,3.2954545454545454,0,0,1,0,1,2,0.2684563758389262
1,0,0,0,1,1,0,0,0,0,0,0,0,1,20.25,20.25,1,1,0,0,0,0,1,0,0,0,1,0,0.9529411764705882,0,0,0,1,10.125,0,0,0,0,0,1,0.047058823529411764
1,0,0,0,13,0,0,0,0,0,0,0,0,1,23.9,300.8,1,1,0,0,1,0,0,0,0,1,0,1,0.0791915175612988,0,0,0,0,1.707142857142857,0,0,0,0,1,0,0.5220883534136547
0,0,0,0,56,1,1,0,1,0,0,1,1,0,98.6,5581.05,0,1,0,0,0,1,0,0,0,1,0,3,0.0176637615213048,1,2,1,5,1.7298245614035086,0,0,1,1,1,5,0.5622489959839357
1,0,1,0,55,1,1,0,1,1,0,1,1,1,103.65,5676.65,0,1,0,0,0,1,0,0,1,0,0,3,0.0182557924493408,2,2,1,6,1.8508928571428573,0,0,1,1,0,6,0.5255613951266125
1,0,1,1,36,1,1,1,1,1,1,1,1,1,92.9,3379.25,0,0,0,1,1,0,0,0,1,0,0,2,0.0274831743214259,4,2,1,8,2.510810810810811,0,2,1,0,0,8,0.38338658146964855
0,0,1,0,47,1,0,0,0,0,0,0,0,0,19.9,942.95,0,0,1,0,0,0,1,1,0,0,0,2,0.0210816250860744,0,0,0,1,0.4145833333333333,0,1,0,0,0,1,2.248803827751196
1,0,1,1,12,1,0,0,0,0,0,0,0,1,20.1,232.4,0,1,0,0,0,0,1,0,1,0,0,0,0.0861182519280205,0,0,0,1,1.5461538461538462,0,0,0,0,0,1,0.5687203791469194
1,0,0,0,1,1,0,0,0,1,0,1,0,1,85.45,85.45,1,1,0,0,0,1,0,0,0,1,0,0,0.9884326200115674,1,1,0,3,42.725,1,0,1,1,1,3,0.01156737998843262
0,1,0,0,24,1,1,0,1,0,0,0,0,1,80.5,2088.45,0,1,0,0,0,1,0,0,0,1,0,1,0.0385268850654478,1,0,0,3,3.22,0,0,1,1,1,3,0.294478527607362
1,0,0,0,63,1,1,0,1,0,0,1,1,0,99.9,6137.0,1,0,1,0,0,1,0,1,0,0,0,3,0.0162756598240469,1,2,1,5,1.5609375,0,1,1,0,0,5,0.624380574826561
1,1,0,0,35,0,0,0,0,1,0,1,0,1,39.85,1434.6,0,1,0,0,1,0,0,0,0,1,0,2,0.0277584285316244,1,1,0,2,1.1069444444444445,0,0,1,0,1,2,0.8567931456548348
1,0,0,0,67,1,0,1,1,0,1,0,0,0,60.5,3870.0,0,0,1,0,1,0,0,0,1,0,0,3,0.0156290364246964,3,0,0,4,0.8897058823529411,0,1,1,0,0,4,1.089430894308943
0,0,0,0,25,1,1,0,0,0,0,0,1,1,84.8,2043.45,1,1,0,0,0,1,0,0,0,1,0,2,0.041478148157206,0,1,0,3,3.2615384615384615,0,0,0,1,1,3,0.2913752913752914
0,0,0,0,21,1,1,1,0,1,0,1,1,0,103.85,2215.0,0,1,0,0,0,1,0,0,0,0,1,1,0.0468637184115523,2,2,1,6,4.720454545454545,0,0,1,1,0,6,0.20028612303290416
1,0,0,0,13,1,0,1,1,0,1,0,1,0,67.8,842.25,0,1,0,0,1,0,0,1,0,0,0,1,0.0804032018974206,3,1,0,5,4.8428571428571425,0,0,1,0,0,5,0.18895348837209303
0,0,1,0,35,1,1,0,0,0,0,0,0,1,75.2,2576.2,1,1,0,0,0,1,0,0,0,1,0,2,0.0291789539034611,0,0,0,2,2.088888888888889,0,0,0,1,1,2,0.45931758530183725
0,1,1,0,71,1,1,0,0,0,0,0,0,0,24.85,1901.0,0,0,0,1,0,0,1,1,0,0,0,3,0.0130651945320715,0,0,0,2,0.3451388888888889,0,2,0,0,0,2,2.746615087040619
1,0,0,0,29,1,0,0,0,0,0,0,0,0,19.35,601.6,0,1,0,0,0,0,1,0,1,0,0,2,0.0321108529704613,0,0,0,1,0.645,0,0,0,0,0,1,1.4250614250614249
0,0,1,0,71,0,0,0,1,0,0,1,1,0,49.35,3515.25,1,0,0,1,1,0,0,0,0,1,0,3,0.0140348382509776,1,2,0,3,0.6854166666666667,0,2,1,0,1,3,1.4101290963257198
0,1,1,0,7,1,0,0,0,0,0,1,1,1,89.0,605.45,0,1,0,0,0,1,0,0,0,1,0,0,0.146755709456674,0,2,0,3,11.125,1,0,0,1,1,3,0.07777777777777778
1,1,0,0,57,0,0,0,1,1,0,1,1,1,55.0,3094.05,0,1,0,0,1,0,0,0,0,1,0,3,0.0177703106573399,2,2,0,4,0.9482758620689655,0,0,1,0,1,4,1.0178571428571428
0,0,1,0,65,1,1,1,0,1,1,0,1,0,76.15,4929.55,0,0,0,1,1,0,0,1,0,0,0,3,0.0154445244445345,3,1,0,6,1.1537878787878788,0,2,1,0,0,6,0.8425145819831497
0,0,0,0,27,1,0,0,0,0,0,0,0,0,20.3,595.05,0,0,1,0,0,0,1,0,0,0,1,2,0.0340575455079271,0,0,0,1,0.725,0,1,0,0,0,1,1.2676056338028168
0,0,0,0,6,1,1,0,0,0,0,0,0,1,74.9,469.8,1,1,0,0,0,1,0,0,0,1,0,0,0.1590909090909091,0,0,0,2,10.700000000000001,1,0,0,1,1,2,0.07905138339920947
1,1,0,0,72,1,1,1,1,1,1,1,1,1,117.35,8436.25,0,0,0,1,0,1,0,0,1,0,0,3,0.0139085602536371,4,2,1,8,1.6075342465753424,0,2,1,0,0,8,0.6083650190114068
0,0,0,0,1,1,0,0,0,0,0,0,0,1,19.75,19.75,0,1,0,0,0,0,1,0,0,0,1,0,0.9518072289156626,0,0,0,1,9.875,0,0,0,0,0,1,0.04819277108433735
0,0,0,0,11,1,0,0,0,0,0,0,0,0,45.2,492.0,0,1,0,0,1,0,0,0,1,0,0,0,0.091683569979716,0,0,0,1,3.766666666666667,0,0,0,0,0,1,0.23809523809523808
0,0,1,1,39,1,1,0,0,0,0,0,0,0,25.2,987.95,0,0,0,1,0,0,1,0,0,0,1,2,0.0254815713635674,0,0,0,2,0.63,0,2,0,0,0,2,1.4885496183206108
1,1,0,0,59,1,1,1,1,1,0,0,0,1,89.75,5496.9,0,1,0,0,0,1,0,0,0,1,0,3,0.016324414776551,3,0,0,5,1.4958333333333333,0,0,1,1,0,5,0.650137741046832
0,0,0,0,26,1,0,1,0,0,1,1,1,0,75.0,1908.35,0,0,1,0,1,0,0,1,0,0,0,2,0.0392803833765417,2,2,0,5,2.7777777777777777,0,1,1,0,0,5,0.34210526315789475
0,1,0,0,2,1,0,0,0,1,0,0,0,0,49.95,107.1,0,1,0,0,1,0,0,0,0,0,1,0,0.4620721554116559,1,0,0,2,16.650000000000002,0,0,1,0,0,2,0.03925417075564278
1,0,1,1,72,0,0,1,1,1,1,1,1,0,65.7,4575.35,0,0,0,1,1,0,0,1,0,0,0,3,0.0143564194172211,4,2,0,6,0.9,0,2,1,0,0,6,1.0794602698650675
0,0,1,0,65,1,1,1,1,1,0,0,0,0,67.05,4309.55,0,0,1,0,1,0,0,0,1,0,0,3,0.0155548595886835,3,0,0,5,1.0159090909090909,0,1,1,0,0,5,0.9551800146950772
0,0,1,1,72,1,1,0,1,1,1,1,1,0,110.9,7922.75,0,0,0,1,0,1,0,0,1,0,0,3,0.0139958984066887,3,2,1,7,1.5191780821917809,0,2,1,0,0,7,0.6434316353887399
0,0,0,0,6,1,1,0,0,0,1,0,1,1,87.95,522.35,0,1,0,0,0,1,0,1,0,0,0,0,0.1680519728671061,1,1,0,4,12.564285714285715,1,0,1,1,0,4,0.06745362563237774
0,1,0,0,32,1,0,0,0,0,0,0,0,0,19.8,587.7,0,0,1,0,0,0,1,0,1,0,0,2,0.0336334295906234,0,0,0,1,0.6,0,1,0,0,0,1,1.5384615384615383
1,0,1,0,50,1,1,0,0,1,0,1,1,0,75.7,3876.2,0,0,1,0,1,0,0,1,0,0,0,3,0.0195243990508614,1,2,0,5,1.4843137254901961,0,1,1,0,0,5,0.651890482398957
0,0,1,0,61,0,0,1,0,1,1,1,1,1,62.15,3778.85,0,0,0,1,1,0,0,0,0,0,1,3,0.0164424514200298,3,2,0,5,1.0024193548387097,0,2,1,0,0,5,0.9659540775930325
1,0,0,0,15,1,0,0,1,1,0,1,1,1,101.25,1457.25,1,1,0,0,0,1,0,0,0,1,0,1,0.0694325390022287,2,2,1,5,6.328125,0,0,1,1,1,5,0.1466992665036675
0,0,1,0,72,1,1,1,1,1,1,1,1,0,115.15,8349.45,0,0,0,1,0,1,0,1,0,0,0,3,0.0137896760054847,4,2,1,8,1.5773972602739728,0,2,1,0,0,8,0.6198880757640981
0,0,0,0,9,1,0,0,0,0,0,0,0,1,18.95,185.6,1,1,0,0,0,0,1,0,0,0,1,0,0.1015541264737406,0,0,0,1,1.895,0,0,0,0,0,1,0.4511278195488722
1,0,0,0,1,1,0,0,0,0,0,0,0,0,19.5,19.5,0,1,0,0,0,0,1,0,0,0,1,0,0.951219512195122,0,0,0,1,9.75,0,0,0,0,0,1,0.04878048780487805
1,0,0,0,12,1,1,0,0,0,0,0,1,1,86.55,1066.9,0,1,0,0,0,1,0,0,0,1,0,0,0.0810469145051034,0,1,0,3,6.657692307692307,0,0,0,1,1,3,0.13706453455168477
1,0,0,0,37,0,0,0,0,0,1,0,0,0,28.6,973.55,1,1,0,0,1,0,0,0,1,0,0,2,0.0293468780462777,1,0,0,1,0.7526315789473684,0,0,1,0,0,1,1.25
0,0,1,1,61,1,0,0,0,0,0,0,0,0,20.4,1226.45,0,0,1,0,0,0,1,0,0,0,1,3,0.0166198215813271,0,0,0,1,0.3290322580645161,0,1,0,0,0,1,2.850467289719626
0,0,1,1,18,1,0,0,0,0,0,0,0,0,19.8,342.3,0,0,1,0,0,0,1,1,0,0,0,1,0.0576755024759685,0,0,0,1,1.0421052631578949,0,1,0,0,0,1,0.8653846153846153
0,0,0,1,21,1,0,0,0,0,0,0,0,0,45.65,985.05,0,1,0,0,1,0,0,0,0,0,1,1,0.0462958267836316,0,0,0,1,2.0749999999999997,0,0,0,0,0,1,0.45016077170418006
0,0,1,1,68,0,0,1,1,1,1,0,1,1,56.4,3948.45,0,0,0,1,1,0,0,0,0,0,1,3,0.0142804694324526,4,1,0,5,0.817391304347826,0,2,1,0,0,5,1.1846689895470384
0,1,0,0,12,1,1,0,0,0,0,0,0,1,73.3,828.05,0,1,0,0,0,1,0,0,1,0,0,0,0.0884144502744104,0,0,0,2,5.638461538461538,0,0,0,1,0,2,0.16150740242261105
1,1,0,0,2,0,0,0,0,0,0,0,0,0,24.35,41.85,1,1,0,0,1,0,0,0,0,1,0,0,0.5682613768961494,0,0,0,0,8.116666666666667,0,0,0,0,1,0,0.07889546351084813
1,0,1,0,62,1,1,0,0,1,0,1,1,1,101.35,6164.7,0,1,0,0,0,1,0,0,0,1,0,3,0.0164377118575344,1,2,1,5,1.6087301587301586,0,0,1,1,1,5,0.6057645334636053
1,1,0,0,29,1,1,0,0,0,1,1,1,0,98.65,2862.75,1,1,0,0,0,1,0,0,0,1,0,2,0.0344478393714535,1,2,1,5,3.2883333333333336,0,0,1,1,1,5,0.29101856497742096
0,0,0,1,1,0,0,0,1,0,1,0,0,0,33.6,33.6,0,1,0,0,1,0,0,0,0,0,1,0,0.9710982658959536,2,0,0,2,16.8,0,0,1,0,0,2,0.028901734104046242
0,1,1,0,5,1,1,0,0,1,0,0,0,1,79.9,343.95,1,1,0,0,0,1,0,1,0,0,0,0,0.23162777214089,1,0,0,3,13.316666666666668,1,0,1,1,0,3,0.061804697156983925
1,0,0,0,1,1,0,0,0,0,0,0,0,0,20.7,20.7,0,1,0,0,0,0,1,0,0,1,0,0,0.9539170506912442,0,0,0,1,10.35,0,0,0,0,1,1,0.04608294930875576
0,0,0,1,62,1,1,0,0,1,1,1,1,1,104.05,6590.5,0,0,0,1,0,1,0,0,0,1,0,3,0.0157854813016764,2,2,1,6,1.6515873015873015,0,2,1,0,1,6,0.5901951451689672
1,0,1,1,36,1,0,0,0,0,0,0,0,0,20.25,717.95,0,0,0,1,0,0,1,1,0,0,0,2,0.0281660755268099,0,0,0,1,0.5472972972972973,0,2,0,0,0,1,1.6941176470588235
1,1,0,0,28,1,1,0,0,1,1,1,1,1,103.3,2890.65,1,1,0,0,0,1,0,0,0,1,0,2,0.0357235488388982,2,2,1,6,3.5620689655172413,0,0,1,1,1,6,0.2684563758389262
1,0,1,1,69,1,1,1,1,0,1,1,0,0,73.7,4885.85,0,0,1,0,1,0,0,0,1,0,0,3,0.0150812895832693,3,1,0,6,1.052857142857143,0,1,1,0,0,6,0.9236947791164658
1,0,1,0,11,1,1,1,0,0,1,1,0,1,96.2,1222.05,1,1,0,0,0,1,0,0,1,0,0,0,0.0786558194677241,2,1,1,5,8.016666666666667,1,0,1,1,0,5,0.11316872427983539
1,0,1,0,63,1,1,0,1,1,1,1,1,1,108.75,6871.7,0,1,0,0,0,1,0,0,0,1,0,3,0.0158234754899821,3,2,1,7,1.69921875,0,0,1,1,1,7,0.5740318906605922
0,0,0,0,23,1,0,0,0,0,0,0,0,0,20.15,405.6,0,0,1,0,0,0,1,1,0,0,0,1,0.0495573044761436,0,0,0,1,0.8395833333333332,0,1,0,0,0,1,1.0874704491725768
0,0,0,0,10,1,0,0,0,0,0,0,0,0,19.75,208.25,0,1,0,0,0,0,1,0,1,0,0,0,0.094384707287933,0,0,0,1,1.7954545454545454,0,0,0,0,0,1,0.4819277108433735
1,0,1,0,71,1,1,0,0,0,0,0,0,1,25.95,1801.9,0,0,0,1,0,0,1,0,1,0,0,3,0.0143934771756614,0,0,0,2,0.36041666666666666,0,2,0,0,0,2,2.6345083487940633
1,1,0,0,45,1,1,1,0,0,1,0,1,1,70.05,3062.45,0,1,0,0,1,0,0,0,0,1,0,2,0.0228663761445429,2,1,0,5,1.5228260869565218,0,0,1,0,0,5,0.633356790992259
1,0,1,1,70,1,1,0,0,0,0,0,0,0,24.05,1764.75,0,0,0,1,0,0,1,0,0,0,1,3,0.0136202746708197,0,0,0,2,0.3387323943661972,0,2,0,0,0,2,2.7944111776447107
1,0,0,1,22,1,1,0,0,0,0,0,1,1,84.75,1816.75,0,1,0,0,0,1,0,0,0,1,0,1,0.0466235730986109,0,1,0,3,3.6847826086956523,0,0,0,1,1,3,0.2565597667638484
1,0,1,1,52,1,1,0,0,0,0,0,0,0,23.05,1255.1,0,0,0,1,0,0,1,0,0,0,1,3,0.0183504498049518,0,0,0,2,0.4349056603773585,0,2,0,0,0,2,2.1621621621621623
0,0,1,0,55,1,1,0,0,1,1,1,1,1,104.15,5743.05,1,0,1,0,0,1,0,0,0,1,0,3,0.0181318059557281,2,2,1,6,1.8598214285714287,0,1,1,0,1,6,0.5230622919638611
1,0,0,0,65,0,0,1,0,1,1,1,1,0,59.95,3921.1,0,0,0,1,1,0,0,0,1,0,0,3,0.0152851788582647,3,2,0,5,0.9083333333333333,0,2,1,0,0,5,1.0664479081214109
1,0,1,1,72,1,0,0,0,0,0,0,0,0,19.55,1463.45,0,0,0,1,0,0,1,1,0,0,0,3,0.0133497217385366,0,0,0,1,0.2678082191780822,0,2,0,0,0,1,3.503649635036496
0,0,1,0,10,1,0,0,0,0,0,0,0,0,19.6,189.45,0,0,1,0,0,0,1,1,0,0,0,0,0.1029141506957206,0,0,0,1,1.781818181818182,0,1,0,0,0,1,0.48543689320388345
1,0,0,1,7,1,0,0,0,0,0,0,0,0,20.05,96.8,0,0,1,0,0,0,1,0,0,0,1,0,0.2050102249488752,0,0,0,1,2.50625,0,1,0,0,0,1,0.332541567695962
0,1,0,0,5,1,0,0,1,0,0,0,1,1,85.55,408.5,0,1,0,0,0,1,0,0,0,1,0,0,0.2089133089133089,1,1,0,3,14.258333333333333,1,0,1,1,1,3,0.057770075101097634
1,0,1,1,24,1,1,1,0,1,0,1,1,0,78.6,1846.65,0,0,0,1,1,0,0,0,1,0,0,1,0.0425405244499769,2,2,0,6,3.1439999999999997,0,2,1,0,0,6,0.30150753768844224
1,0,1,1,72,1,1,1,1,1,1,1,1,1,116.8,8456.75,0,0,0,1,0,1,0,0,1,0,0,3,0.0138098193964115,4,2,1,8,1.5999999999999999,0,2,1,0,0,8,0.6112054329371817
0,0,0,0,21,0,0,1,0,0,1,1,0,1,43.55,1011.5,0,1,0,0,1,0,0,0,0,0,1,1,0.0430123456790123,2,1,0,3,1.9795454545454545,0,0,1,0,0,3,0.4713804713804714
0,0,1,0,69,0,0,0,1,1,1,1,1,1,60.8,4263.4,0,0,1,0,1,0,0,0,1,0,0,3,0.0142575743363661,3,2,0,5,0.8685714285714285,0,1,1,0,0,5,1.116504854368932
0,0,1,1,44,1,0,0,1,0,1,0,0,1,54.9,2549.1,0,1,0,0,1,0,0,1,0,0,0,2,0.0215285675071565,2,0,0,3,1.22,0,0,1,0,0,3,0.7871198568872988
1,1,1,1,61,1,1,0,0,1,0,1,0,1,65.2,3965.05,0,0,1,0,1,0,0,0,0,1,0,3,0.0164395305152481,1,1,0,4,1.0516129032258066,0,1,1,0,1,4,0.9214501510574018
0,1,0,0,24,1,1,0,1,1,0,1,1,1,102.95,2496.7,1,1,0,0,0,1,0,0,1,0,0,1,0.0412179204868479,2,2,1,6,4.118,0,0,1,1,0,6,0.23088023088023088
1,0,0,0,1,1,0,0,0,0,0,1,1,0,90.6,90.6,1,1,0,0,0,1,0,0,0,1,0,0,0.9890829694323144,0,2,1,3,45.3,1,0,0,1,1,3,0.01091703056768559
1,0,0,0,6,1,0,0,0,0,1,0,0,1,50.8,288.05,1,1,0,0,1,0,0,1,0,0,0,0,0.175748140460128,1,0,0,2,7.257142857142857,0,0,1,0,0,2,0.11583011583011583
0,0,0,0,4,1,1,0,1,0,0,0,1,1,90.05,368.1,1,1,0,0,0,1,0,0,0,1,0,0,0.2439718233541045,1,1,1,4,18.009999999999998,1,0,1,1,1,4,0.043931905546403076
0,0,1,0,72,1,1,0,1,1,1,1,1,1,108.2,7840.6,0,0,0,1,0,1,0,0,0,1,0,3,0.0137982044480718,3,2,1,7,1.4821917808219178,0,2,1,0,1,7,0.6593406593406593
0,0,0,0,72,1,1,1,1,1,1,1,1,0,92.0,6632.75,0,0,0,1,1,0,0,1,0,0,0,3,0.0138684755982664,4,2,1,8,1.2602739726027397,0,2,1,0,0,8,0.7741935483870968
0,1,1,0,14,1,1,0,0,0,0,0,0,1,75.1,1013.35,0,1,0,0,0,1,0,0,0,1,0,1,0.0740375609996549,0,0,0,2,5.006666666666666,0,0,0,1,1,2,0.1839684625492773
0,0,0,0,7,1,1,0,0,0,0,0,0,1,25.05,152.95,0,1,0,0,0,0,1,1,0,0,0,0,0.1627151672620981,0,0,0,2,3.13125,0,0,0,0,0,2,0.2687140115163148
1,0,0,0,48,1,0,0,1,0,0,0,0,0,75.15,3772.65,0,0,1,0,0,1,0,0,0,1,0,2,0.0199144064764882,1,0,0,2,1.5336734693877552,0,1,1,0,1,2,0.6303348653972423
0,0,1,1,55,1,0,0,0,0,0,0,0,0,19.5,1026.35,0,0,1,0,0,0,1,0,0,0,1,3,0.0189808731201635,0,0,0,1,0.3482142857142857,0,1,0,0,0,1,2.682926829268293
0,0,0,0,1,1,0,0,0,0,0,0,0,0,19.3,19.3,0,1,0,0,0,0,1,0,1,0,0,0,0.9507389162561576,0,0,0,1,9.65,0,0,0,0,0,1,0.04926108374384236
0,0,0,0,45,1,0,1,1,1,1,1,1,0,112.2,5031.85,0,0,1,0,0,1,0,0,1,0,0,2,0.0222935314980577,4,2,1,7,2.4391304347826086,0,1,1,0,0,7,0.39752650176678445
0,0,0,0,3,1,0,0,0,0,0,0,0,1,70.3,220.4,0,1,0,0,0,1,0,0,0,0,1,0,0.3175248419150858,0,0,0,1,17.575,1,0,0,1,0,1,0.04207573632538569
1,0,1,0,71,1,0,0,0,0,0,0,0,0,19.6,1416.5,0,0,0,1,0,0,1,0,0,0,1,3,0.0138271604938271,0,0,0,1,0.27222222222222225,0,2,0,0,0,1,3.4466019417475726
0,0,1,0,8,1,0,0,0,0,0,0,0,0,20.25,158.35,0,1,0,0,0,0,1,0,0,0,1,0,0.1270787574521493,0,0,0,1,2.25,0,0,0,0,0,1,0.3764705882352941
1,0,1,0,3,1,1,0,0,0,0,0,0,1,75.85,256.6,1,1,0,0,0,1,0,0,0,1,0,0,0.2944487577639751,0,0,0,2,18.9625,1,0,0,1,1,2,0.03903708523096942
0,0,1,1,69,1,0,1,1,0,1,1,1,0,80.65,5542.55,0,0,0,1,1,0,0,1,0,0,0,3,0.0145484391770616,3,2,0,6,1.1521428571428571,0,2,1,0,0,6,0.8450704225352113
0,0,1,1,1,1,0,0,0,0,0,0,0,1,68.5,68.5,1,1,0,0,0,1,0,0,0,1,0,0,0.9856115107913668,0,0,0,1,34.25,0,0,0,1,1,1,0.014388489208633094
1,1,1,0,72,1,1,1,1,1,1,1,1,1,115.75,8443.7,0,0,0,1,0,1,0,0,1,0,0,3,0.0137068220303859,4,2,1,8,1.5856164383561644,0,2,1,0,0,8,0.6167023554603854
0,0,0,0,11,1,0,1,0,0,0,0,0,1,73.5,791.75,1,1,0,0,0,1,0,0,0,1,0,0,0.0927152317880794,1,0,0,2,6.125,1,0,1,1,0,2,0.1476510067114094
0,0,0,0,71,1,1,1,1,1,1,0,1,0,80.6,5708.2,0,0,0,1,1,0,0,1,0,0,0,3,0.0141175646325229,4,1,0,7,1.1194444444444445,0,2,1,0,0,7,0.8700980392156863
1,0,0,0,1,1,0,0,0,0,0,0,0,1,69.95,69.95,1,1,0,0,0,1,0,0,0,0,1,0,0.9859055673009162,0,0,0,1,34.975,0,0,0,1,0,1,0.01409443269908386
1,0,1,0,33,0,0,1,0,1,1,1,1,0,59.55,2016.3,0,0,0,1,1,0,0,1,0,0,0,2,0.029519654984385,3,2,0,5,1.7514705882352941,0,2,1,0,0,5,0.5450041288191577
1,0,0,0,16,1,0,0,0,0,0,0,0,0,19.05,326.65,0,0,1,0,0,0,1,0,0,0,1,1,0.0581413093239737,0,0,0,1,1.1205882352941177,0,1,0,0,0,1,0.798004987531172
1,1,1,0,56,1,1,1,1,1,1,0,0,0,95.65,5471.75,0,0,1,0,0,1,0,0,0,1,0,3,0.0174775021698414,4,0,1,6,1.6780701754385965,0,1,1,0,0,6,0.5794102431453698
1,0,0,0,1,1,0,0,0,0,0,0,0,0,19.95,19.95,0,1,0,0,0,0,1,0,1,0,0,0,0.9522673031026252,0,0,0,1,9.975,0,0,0,0,0,1,0.0477326968973747
0,0,0,0,5,1,0,0,0,1,0,1,1,1,70.05,346.4,1,1,0,0,1,0,0,0,0,1,0,0,0.2016407599309153,1,2,0,4,11.674999999999999,1,0,1,0,1,4,0.07037297677691767
0,0,1,1,57,1,0,0,0,0,0,0,0,0,19.4,1061.6,0,0,1,0,0,0,1,0,0,0,1,3,0.0182571052136269,0,0,0,1,0.33448275862068966,0,1,0,0,0,1,2.794117647058824
0,0,1,1,56,0,0,0,1,1,0,0,0,1,36.1,1971.5,0,0,1,0,1,0,0,0,1,0,0,3,0.0183016476552598,2,0,0,2,0.6333333333333333,0,1,1,0,0,2,1.5094339622641508
0,0,0,0,8,1,1,0,1,1,0,1,0,1,94.0,773.65,1,1,0,0,0,1,0,0,0,1,0,0,0.1213451236042083,2,1,1,5,10.444444444444445,1,0,1,1,1,5,0.08421052631578947
1,0,1,1,22,1,0,1,1,1,0,0,0,0,61.15,1422.05,1,1,0,0,1,0,0,0,0,0,1,1,0.0429710832367098,3,0,0,4,2.658695652173913,0,0,1,0,0,4,0.35398230088495575
1,0,0,0,1,1,0,0,0,0,0,0,0,0,19.75,19.75,0,1,0,0,0,0,1,0,0,0,1,0,0.9518072289156626,0,0,0,1,9.875,0,0,0,0,0,1,0.04819277108433735
1,0,0,1,40,1,0,1,0,0,1,1,0,1,64.1,2460.35,0,1,0,0,1,0,0,0,1,0,0,2,0.0260426188880086,2,1,0,4,1.5634146341463413,0,0,1,0,0,4,0.6144393241167435
0,0,1,1,46,1,0,0,0,0,0,0,0,0,19.75,856.5,0,0,0,1,0,0,1,0,1,0,0,2,0.0230320699708454,0,0,0,1,0.42021276595744683,0,2,0,0,0,1,2.216867469879518
0,0,1,1,63,1,0,0,0,0,0,0,0,0,19.7,1275.85,0,0,0,1,0,0,1,0,0,0,1,3,0.0154285938050671,0,0,0,1,0.3078125,0,2,0,0,0,1,3.0434782608695654
0,0,1,1,68,1,1,1,1,1,0,1,1,1,110.2,7467.5,0,0,0,1,0,1,0,0,0,1,0,3,0.0147553056169244,3,2,1,7,1.5971014492753624,0,2,1,0,0,7,0.6115107913669064
0,0,1,1,69,1,0,1,1,0,1,1,1,1,106.35,7261.75,0,0,0,1,0,1,0,0,1,0,0,3,0.014643213658738,3,2,1,6,1.5192857142857141,0,2,1,0,0,6,0.6427573358174197
1,0,1,0,56,1,1,0,1,1,1,0,0,0,90.55,5116.6,0,1,0,0,0,1,0,0,0,1,0,3,0.0176938408629044,3,0,1,5,1.5885964912280701,0,0,1,1,1,5,0.6116876024030584
1,0,1,1,10,1,0,0,1,1,0,0,1,1,65.9,660.05,0,0,1,0,1,0,0,0,0,0,1,0,0.0996898873005067,2,1,0,4,5.990909090909091,0,1,1,0,0,4,0.14947683109118085
0,0,0,0,63,1,1,1,1,1,1,1,0,0,104.5,6590.8,0,0,1,0,0,1,0,0,1,0,0,3,0.0158530295215267,4,1,1,7,1.6328125,0,1,1,0,0,7,0.5971563981042654
1,0,1,1,24,0,0,1,1,1,1,0,1,1,52.5,1208.15,0,0,0,1,1,0,0,0,0,0,1,1,0.043418930653765,4,1,0,5,2.1,0,2,1,0,0,5,0.4485981308411215
1,0,0,0,19,1,1,0,0,1,0,0,0,1,56.1,1033.9,0,1,0,0,1,0,0,0,0,0,1,1,0.0542081360517924,1,0,0,3,2.805,0,0,1,0,0,3,0.3327495621716287
0,0,1,1,22,1,1,0,0,1,0,1,0,1,88.75,1885.15,0,1,0,0,0,1,0,0,0,1,0,1,0.047053521724147,1,1,0,4,3.858695652173913,0,0,1,1,1,4,0.24512534818941503
0,0,1,0,29,1,1,1,1,0,0,0,0,1,84.45,2467.1,1,1,0,0,0,1,0,0,0,1,0,2,0.0342166038653215,2,0,0,4,2.815,0,0,1,1,0,4,0.3393797542422469
0,0,1,0,13,1,1,0,0,1,0,1,1,1,75.3,989.45,1,0,1,0,1,0,0,0,0,0,1,1,0.0760260487657125,1,2,0,5,5.378571428571428,0,1,1,0,0,5,0.17038007863695936
1,0,1,0,70,1,1,0,0,0,0,0,0,1,26.0,2006.95,0,0,0,1,0,0,1,1,0,0,0,3,0.0129485295948604,0,0,0,2,0.36619718309859156,0,2,0,0,0,2,2.5925925925925926
1,0,1,0,49,1,0,0,1,1,0,1,1,0,99.4,5025.0,0,1,0,0,0,1,0,0,0,1,0,3,0.0197771587743732,2,2,1,5,1.9880000000000002,0,0,1,1,1,5,0.4880478087649402
1,1,1,0,43,1,1,1,0,1,1,1,1,1,109.55,4830.25,1,0,1,0,0,1,0,0,0,0,1,2,0.0226752910737386,3,2,1,7,2.4897727272727272,0,1,1,0,0,7,0.3889642695612845
1,0,0,0,3,1,0,0,0,0,0,0,0,1,19.6,59.75,1,1,0,0,0,0,1,0,0,0,1,0,0.3226337448559671,0,0,0,1,4.9,0,0,0,0,0,1,0.14563106796116504
0,0,1,1,42,1,0,0,0,1,1,1,1,0,73.15,3088.25,0,0,1,0,1,0,0,0,0,1,0,2,0.0236788864611151,2,2,0,5,1.7011627906976745,0,1,1,0,1,5,0.5664194200944032
0,0,0,0,57,1,0,0,1,0,1,0,0,1,54.65,3134.7,0,0,1,0,1,0,0,0,0,0,1,3,0.0174283254137832,2,0,0,3,0.9422413793103448,0,1,1,0,0,3,1.0242587601078168
0,1,0,0,2,1,0,1,0,1,0,1,0,0,66.4,94.55,1,1,0,0,1,0,0,1,0,0,0,0,0.6949241234955521,2,1,0,4,22.133333333333336,0,0,1,0,0,4,0.029673590504451036
1,0,1,0,72,1,1,1,1,1,1,1,1,1,115.55,8312.4,0,0,0,1,0,1,0,0,1,0,0,3,0.0138992469988211,4,2,1,8,1.582876712328767,0,2,1,0,0,8,0.6177606177606177
1,1,0,0,46,1,1,0,1,1,0,1,1,1,104.45,4863.85,0,1,0,0,0,1,0,0,0,1,0,2,0.0214703433816047,2,2,1,6,2.222340425531915,0,0,1,1,1,6,0.4362256993835941
0,1,1,0,66,1,1,0,0,0,1,1,1,1,100.05,6871.9,1,1,0,0,0,1,0,0,1,0,0,3,0.0145571738276418,1,2,1,5,1.4932835820895523,0,0,1,1,0,5,0.653142008906482
0,0,0,0,62,1,1,1,1,0,1,0,1,0,102.0,6529.25,1,0,1,0,0,1,0,0,0,1,0,3,0.0156196164005972,3,1,1,6,1.619047619047619,0,1,1,0,0,6,0.6019417475728155
1,0,1,0,72,1,1,1,1,1,1,1,1,1,91.15,6637.9,0,0,0,1,1,0,0,1,0,0,0,3,0.0137296841344198,4,2,1,8,1.2486301369863015,0,2,1,0,0,8,0.781334780249593
0,0,1,1,35,1,0,0,1,0,1,1,0,1,89.7,3165.6,0,0,1,0,0,1,0,0,0,1,0,2,0.0283269121455188,2,1,0,4,2.4916666666666667,0,1,1,0,1,4,0.3858875413450937
0,0,1,0,17,1,1,1,1,1,0,0,0,0,90.2,1454.15,1,1,0,0,0,1,0,0,1,0,0,1,0.061986736762533,3,0,1,5,5.011111111111111,0,0,1,1,0,5,0.18640350877192982
1,0,1,0,72,1,1,1,1,1,1,1,1,1,92.4,6786.1,0,0,0,1,1,0,0,0,0,1,0,3,0.0136140619705028,4,2,1,8,1.2657534246575344,0,2,1,0,0,8,0.7708779443254817
1,0,1,1,28,1,0,0,0,0,0,0,0,0,19.9,543.0,0,0,1,0,0,0,1,0,0,0,1,2,0.0365808823529411,0,0,0,1,0.6862068965517241,0,1,0,0,0,1,1.3397129186602872
0,0,1,0,56,1,1,0,0,0,0,0,0,1,25.15,1327.15,1,0,0,1,0,0,1,0,1,0,0,3,0.0189361141437337,0,0,0,2,0.4412280701754386,0,2,0,0,0,2,2.141491395793499
1,0,0,0,31,1,1,0,0,0,1,0,0,1,79.85,2404.15,1,1,0,0,0,1,0,0,1,0,0,2,0.0331995925410057,1,0,0,3,2.4953125,0,0,1,1,0,3,0.383426097711812
0,0,0,0,45,1,0,0,0,0,0,0,0,0,18.85,867.3,0,0,1,0,0,0,1,1,0,0,0,2,0.0217090867211793,0,0,0,1,0.4097826086956522,0,1,0,0,0,1,2.2670025188916876
1,0,0,0,1,1,1,0,0,0,0,0,0,1,25.75,25.75,0,1,0,0,0,0,1,0,0,0,1,0,0.9626168224299064,0,0,0,2,12.875,0,0,0,0,0,2,0.037383177570093455
1,0,0,0,2,1,0,0,1,0,0,0,0,1,49.6,114.7,1,1,0,0,1,0,0,0,0,0,1,0,0.428694900605013,1,0,0,2,16.533333333333335,0,0,1,0,0,2,0.039525691699604744
1,0,0,0,6,1,0,0,0,0,0,0,0,1,20.95,109.5,0,1,0,0,0,0,1,0,0,0,1,0,0.1895927601809954,0,0,0,1,2.992857142857143,0,0,0,0,0,1,0.2733485193621868
1,0,1,0,48,1,0,0,1,1,0,1,1,1,97.05,4692.95,0,0,1,0,0,1,0,0,0,1,0,2,0.0206755504425909,2,2,1,5,1.980612244897959,0,1,1,0,1,5,0.4895461499235084
0,0,1,1,25,1,1,0,0,0,0,0,0,1,25.4,546.85,0,1,0,0,0,0,1,1,0,0,0,2,0.0463630555809071,0,0,0,2,0.9769230769230769,0,0,0,0,0,2,0.946969696969697
0,0,1,1,64,1,0,0,0,0,0,0,0,1,19.7,1274.05,0,0,0,1,0,0,1,1,0,0,0,3,0.0154503744951178,0,0,0,1,0.3030769230769231,0,2,0,0,0,1,3.0917874396135265
0,0,0,0,50,0,0,1,1,0,0,0,0,1,35.0,1782.4,0,1,0,0,1,0,0,0,0,0,1,3,0.0196254345631939,2,0,0,2,0.6862745098039216,0,0,1,0,0,2,1.3888888888888888
1,0,1,1,52,1,1,0,0,1,0,1,1,0,101.25,5301.1,0,0,1,0,0,1,0,1,0,0,0,3,0.0190962071631994,1,2,1,5,1.9103773584905661,0,1,1,0,0,5,0.508557457212714
0,1,1,0,4,1,0,0,0,0,0,0,0,1,70.2,280.35,0,1,0,0,0,1,0,0,0,1,0,0,0.2495112848764883,0,0,0,1,14.040000000000001,1,0,0,1,1,1,0.056179775280898875
1,1,0,0,32,1,0,0,0,0,0,1,1,0,90.95,2897.95,0,1,0,0,0,1,0,0,0,1,0,2,0.0313734283102502,0,2,1,3,2.7560606060606063,0,0,0,1,1,3,0.34801522566612286
0,0,1,1,45,1,1,1,1,0,1,1,0,0,73.85,3371.0,0,0,0,1,1,0,0,0,1,0,0,2,0.0219009489916963,3,1,0,6,1.6054347826086954,0,2,1,0,0,6,0.6012024048096193
0,0,1,0,9,1,1,1,0,0,0,0,1,1,88.05,801.3,0,1,0,0,0,1,0,0,0,1,0,0,0.1097469774398604,1,1,0,4,8.805,1,0,1,1,0,4,0.10106681639528355
1,1,1,0,66,1,1,0,0,1,1,1,1,1,105.95,6975.25,1,0,1,0,0,1,0,0,1,0,0,3,0.0151872424296721,2,2,1,6,1.5813432835820895,0,1,1,0,0,6,0.6171107994389902
0,0,0,1,3,1,1,0,0,1,0,0,1,0,91.85,257.05,1,1,0,0,0,1,0,0,0,1,0,0,0.3559387715559,1,1,1,4,22.9625,1,0,1,1,1,4,0.03231017770597738
1,0,0,0,54,1,0,0,0,0,0,0,0,0,20.1,1079.45,0,0,0,1,0,0,1,0,0,0,1,3,0.0186033597112314,0,0,0,1,0.3654545454545455,0,2,0,0,0,1,2.559241706161137
1,0,1,1,1,0,0,0,0,0,1,1,0,0,40.1,40.1,1,1,0,0,1,0,0,0,0,1,0,0,0.975669099756691,1,1,0,2,20.05,0,0,1,0,1,2,0.024330900243309
1,0,1,1,64,1,1,1,1,0,1,1,1,0,110.3,6997.3,0,0,0,1,0,1,0,1,0,0,0,3,0.0157609705214123,3,2,1,7,1.696923076923077,0,2,1,0,0,7,0.5750224618149147
1,1,0,0,31,1,1,0,0,0,0,0,0,1,73.9,2217.15,1,1,0,0,0,1,0,0,0,1,0,2,0.0333160516646755,0,0,0,2,2.309375,0,0,0,1,1,2,0.4138851802403204
1,0,0,0,14,1,0,0,0,0,0,1,1,1,89.8,1129.1,1,1,0,0,0,1,0,0,0,0,1,1,0.0794619945137598,0,2,0,3,5.986666666666666,0,0,0,1,0,3,0.15418502202643172
1,0,0,0,12,1,0,1,0,0,0,1,0,1,85.15,979.05,0,0,1,0,0,1,0,0,1,0,0,0,0.0868833222794755,1,1,0,3,6.550000000000001,0,1,1,0,0,3,0.13929193267556586
0,1,1,0,67,1,0,1,1,0,1,0,0,1,60.95,4119.4,0,0,1,0,1,0,0,1,0,0,0,3,0.0147922531793029,3,0,0,4,0.8963235294117647,0,1,1,0,0,4,1.0815173527037933
1,0,1,1,35,1,1,1,0,1,1,1,0,0,72.25,2568.55,1,1,0,0,1,0,0,0,0,1,0,2,0.0281177638107839,3,1,0,6,2.0069444444444446,0,0,1,0,0,6,0.4778156996587031
1,0,0,0,45,1,1,1,0,0,1,0,1,0,73.55,3349.1,0,0,0,1,1,0,0,0,0,0,1,2,0.0219545685203426,2,1,0,5,1.5989130434782608,0,2,1,0,0,5,0.6036217303822938
0,0,0,0,10,1,0,0,0,0,0,0,0,0,46.0,492.1,0,1,0,0,1,0,0,0,0,0,1,0,0.0932873656459136,0,0,0,1,4.181818181818182,0,0,0,0,0,1,0.2127659574468085
1,1,0,0,29,1,1,1,1,0,0,0,0,1,58.55,1718.95,0,1,0,0,1,0,0,1,0,0,0,2,0.0340416872583505,2,0,0,4,1.9516666666666667,0,0,1,0,0,4,0.4869857262804366
1,0,0,0,24,1,1,0,0,0,0,0,0,0,24.6,605.25,0,0,1,0,0,0,1,1,0,0,0,1,0.0405773195876288,0,0,0,2,0.9840000000000001,0,1,0,0,0,2,0.9375
0,0,1,1,66,1,0,0,0,0,0,0,0,1,19.75,1344.5,0,0,0,1,0,0,1,0,0,0,1,3,0.014678558156819,0,0,0,1,0.2947761194029851,0,2,0,0,0,1,3.180722891566265
0,0,0,0,51,1,0,1,0,0,0,1,0,0,86.35,4267.15,0,0,1,0,0,1,0,0,0,0,1,3,0.0202312477302812,1,1,0,3,1.660576923076923,0,1,1,0,0,3,0.5838580423583286
1,0,1,0,45,1,1,0,0,0,0,0,0,0,25.5,1121.05,0,0,0,1,0,0,1,0,0,0,1,2,0.0227262599705895,0,0,0,2,0.5543478260869565,0,2,0,0,0,2,1.6981132075471699
1,0,1,0,49,1,0,0,0,0,0,0,0,0,19.0,918.7,0,0,1,0,0,0,1,0,1,0,0,3,0.0206589105142981,0,0,0,1,0.38,0,1,0,0,0,1,2.45
1,0,1,0,29,1,0,0,0,0,0,0,0,1,19.55,521.8,0,0,0,1,0,0,1,0,0,0,1,2,0.0373947972456006,0,0,0,1,0.6516666666666667,0,2,0,0,0,1,1.4111922141119222
0,0,1,1,40,1,1,1,1,0,1,1,1,1,110.1,4469.1,0,1,0,0,0,1,0,0,1,0,0,2,0.0246303214693183,3,2,1,7,2.6853658536585363,0,0,1,1,0,7,0.36003600360036003
1,1,0,0,37,1,1,0,0,0,0,1,1,1,96.55,3580.3,1,1,0,0,0,1,0,0,0,1,0,2,0.0269594839862619,0,2,1,4,2.5407894736842103,0,0,0,1,1,4,0.37929267042542286
0,0,0,0,25,1,0,0,0,0,0,0,0,0,69.75,1729.35,0,1,0,0,0,1,0,0,0,1,0,2,0.0403097639205941,0,0,0,1,2.6826923076923075,0,0,0,1,1,1,0.35335689045936397
1,0,0,0,22,0,0,0,0,1,0,1,1,1,50.6,1073.3,0,1,0,0,1,0,0,0,0,1,0,1,0.0471004374941822,1,2,0,3,2.2,0,0,1,0,1,3,0.4263565891472868
0,0,0,0,72,0,0,1,1,1,1,1,1,1,65.6,4566.5,0,0,0,1,1,0,0,1,0,0,0,3,0.0143623426382047,4,2,0,6,0.8986301369863013,0,2,1,0,0,6,1.0810810810810811
1,0,0,0,7,0,0,0,1,0,0,0,1,1,40.1,293.3,1,1,0,0,1,0,0,0,1,0,0,0,0.1362555215766225,1,1,0,2,5.0125,0,0,1,0,0,2,0.170316301703163
0,0,1,1,33,1,0,0,1,1,1,1,1,0,82.1,2603.1,0,0,0,1,1,0,0,0,1,0,0,2,0.0315272070965016,3,2,0,6,2.414705882352941,0,2,1,0,0,6,0.39711191335740076
1,0,0,0,23,1,0,0,1,0,1,0,0,1,79.1,1783.75,0,1,0,0,0,1,0,0,0,0,1,1,0.0443199327636923,2,0,0,3,3.295833333333333,0,0,1,1,0,3,0.2871410736579276
0,1,0,0,24,1,1,0,1,0,0,1,1,1,101.25,2440.15,1,1,0,0,0,1,0,0,0,1,0,1,0.0414763533580484,1,2,1,5,4.05,0,0,1,1,1,5,0.23471882640586797
1,0,0,0,1,1,0,0,0,0,0,1,0,0,79.55,79.55,1,1,0,0,0,1,0,0,0,1,0,0,0.9875853507138423,0,1,0,2,39.775,1,0,0,1,1,2,0.012414649286157667
0,0,0,0,69,1,1,1,1,1,1,1,1,0,90.65,6322.1,0,0,0,1,1,0,0,0,0,0,1,3,0.0143363223735193,4,2,1,8,1.2950000000000002,0,2,1,0,0,8,0.7528641571194762
1,0,0,1,3,1,0,0,0,0,0,0,0,1,20.55,57.4,0,0,1,0,0,0,1,0,1,0,0,0,0.3518835616438356,0,0,0,1,5.1375,0,1,0,0,0,1,0.13921113689095127
0,0,0,0,56,1,0,0,1,0,1,1,1,1,75.75,4284.65,0,0,1,0,1,0,0,1,0,0,0,3,0.0176752651289769,2,2,0,5,1.3289473684210527,0,1,1,0,0,5,0.7296416938110749
0,0,0,0,65,1,1,1,0,1,1,1,1,1,110.0,7138.65,0,0,1,0,0,1,0,0,1,0,0,3,0.01540691770605,3,2,1,7,1.6666666666666667,0,1,1,0,0,7,0.5855855855855856
0,0,1,0,71,1,0,0,0,0,0,0,0,0,20.85,1539.75,0,0,1,0,0,0,1,0,0,1,0,3,0.0135323705987343,0,0,0,1,0.28958333333333336,0,1,0,0,1,1,3.249427917620137
1,1,0,0,14,1,1,0,0,1,0,0,0,1,80.35,1058.1,0,1,0,0,0,1,0,1,0,0,0,1,0.0758663015768105,1,0,0,3,5.3566666666666665,0,0,1,1,0,3,0.17209588199139522
1,0,0,0,2,1,0,0,0,0,0,0,0,1,70.15,123.8,0,1,0,0,0,1,0,0,0,1,0,0,0.562099358974359,0,0,0,1,23.383333333333336,1,0,0,1,1,1,0.028109627547434995
1,0,0,0,32,1,1,0,0,0,0,1,0,0,84.05,2781.85,1,0,1,0,0,1,0,0,0,1,0,2,0.0302028495966365,0,1,0,3,2.546969696969697,0,1,0,0,1,3,0.37624926513815404
0,0,0,0,40,1,0,1,0,1,0,0,1,0,67.45,2731.0,0,1,0,0,1,0,0,0,0,1,0,2,0.0246888726207906,2,1,0,4,1.6451219512195123,0,0,1,0,0,4,0.5843681519357194
0,0,0,0,1,1,0,0,0,0,0,0,0,0,20.75,20.75,0,1,0,0,0,0,1,0,1,0,0,0,0.9540229885057472,0,0,0,1,10.375,0,0,0,0,0,1,0.04597701149425287
0,0,0,0,1,1,0,0,0,0,0,1,1,1,89.1,89.1,1,1,0,0,0,1,0,0,0,1,0,0,0.9889012208657048,0,2,0,3,44.55,1,0,0,1,1,3,0.011098779134295229
1,0,0,0,7,1,0,0,0,0,0,0,0,1,69.9,497.3,0,1,0,0,0,1,0,0,0,0,1,0,0.1402769416014449,0,0,0,1,8.7375,0,0,0,1,0,1,0.09873060648801127
1,0,1,0,15,1,1,0,0,0,0,0,0,1,51.1,711.15,0,1,0,0,1,0,0,0,0,1,0,1,0.0717545460928175,0,0,0,2,3.19375,0,0,0,0,1,2,0.28790786948176583
1,0,1,1,17,1,1,1,0,1,0,1,0,0,94.4,1607.2,1,1,0,0,0,1,0,0,0,1,0,1,0.0586991667703022,2,1,1,5,5.2444444444444445,0,0,1,1,0,5,0.17819706498951782
0,0,0,0,19,1,0,0,1,1,0,0,0,1,78.25,1490.95,1,1,0,0,0,1,0,0,0,1,0,1,0.0524481383424377,2,0,0,3,3.9125,0,0,1,1,1,3,0.23974763406940064
0,0,0,0,71,1,1,0,0,0,0,0,0,0,25.55,1898.1,0,0,0,1,0,0,1,1,0,0,0,3,0.0134537412458533,0,0,0,2,0.3548611111111111,0,2,0,0,0,2,2.6741996233521657
1,0,1,1,54,1,1,1,0,0,1,0,0,0,60.0,3273.95,0,0,0,1,1,0,0,1,0,0,0,3,0.0183208903952732,2,0,0,4,1.0909090909090908,0,2,1,0,0,4,0.8852459016393442
0,0,1,0,31,1,1,1,1,0,1,0,0,1,90.55,2929.75,0,1,0,0,0,1,0,0,1,0,0,2,0.0308965281924422,3,0,1,5,2.8296875,0,0,1,1,0,5,0.3386127799016931
1,0,0,0,11,1,0,1,0,0,0,0,0,0,76.4,838.7,0,1,0,0,0,1,0,0,0,1,0,0,0.0909848755507919,1,0,0,2,6.366666666666667,1,0,1,1,0,2,0.1421188630490956
1,1,0,0,18,1,0,0,0,1,0,0,1,1,84.95,1443.65,0,1,0,0,0,1,0,0,0,1,0,1,0.0588031703180701,1,1,0,3,4.471052631578948,0,0,1,1,1,3,0.2094240837696335
1,1,0,0,72,1,1,1,1,0,1,1,1,1,110.1,7746.7,0,0,0,1,0,1,0,1,0,0,0,3,0.0142106689727273,3,2,1,7,1.5082191780821916,0,2,1,0,0,7,0.6480648064806481
1,1,0,0,71,1,1,0,1,0,0,1,1,1,99.65,6951.15,0,1,0,0,0,1,0,0,1,0,0,3,0.0143336953316599,1,2,1,5,1.3840277777777779,0,0,1,1,0,5,0.7054148037754595
0,1,0,0,5,0,0,0,0,1,1,1,0,0,45.4,214.75,0,1,0,0,1,0,0,0,1,0,0,0,0.2104287369640788,2,1,0,3,7.566666666666666,0,0,1,0,0,3,0.10775862068965518
0,0,1,0,38,1,1,0,0,1,1,0,1,0,69.0,2669.45,0,0,1,0,1,0,0,0,1,0,0,2,0.0258383418524967,2,1,0,5,1.7692307692307692,0,1,1,0,0,5,0.5428571428571428
0,0,0,1,5,1,0,0,0,0,1,0,0,1,48.65,235.2,0,1,0,0,1,0,0,1,0,0,0,0,0.205969517358171,1,0,0,2,8.108333333333333,0,0,1,0,0,2,0.10070493454179255
0,1,0,0,2,1,0,0,0,0,0,0,0,1,44.15,92.65,1,1,0,0,1,0,0,0,0,1,0,0,0.4714361986118526,0,0,0,1,14.716666666666667,0,0,0,0,1,1,0.044296788482835
1,1,0,0,52,1,1,1,0,1,0,0,0,0,59.85,3103.25,0,0,0,1,1,0,0,1,0,0,0,3,0.0192800193283401,2,0,0,4,1.129245283018868,0,2,1,0,0,4,0.8545603944124897
1,1,0,0,8,1,1,0,0,0,0,0,0,1,75.75,606.25,1,1,0,0,0,1,0,0,0,1,0,0,0.1247426924660354,0,0,0,2,8.416666666666666,1,0,0,1,1,2,0.10423452768729642
1,0,0,0,68,1,1,0,1,1,0,1,1,1,80.65,5330.2,0,0,0,1,1,0,0,0,0,1,0,3,0.0151279261704681,2,2,0,6,1.168840579710145,0,2,1,0,1,6,0.8328230251071647
0,0,1,1,69,1,0,0,0,0,0,0,0,1,20.55,1403.1,0,0,1,0,0,0,1,0,1,0,0,3,0.0146357097072858,0,0,0,1,0.2935714285714286,0,1,0,0,0,1,3.201856148491879
1,0,1,0,42,1,1,1,1,0,1,0,0,1,66.4,2727.8,0,1,0,0,1,0,0,0,1,0,0,2,0.0243330401641747,3,0,0,5,1.544186046511628,0,0,1,0,0,5,0.6231454005934718
1,0,0,0,50,1,0,0,1,0,1,1,1,1,100.2,5038.45,0,0,0,1,0,1,0,0,0,0,1,3,0.0198831221661093,2,2,1,5,1.9647058823529413,0,2,1,0,0,5,0.49407114624505927
1,0,0,0,1,1,0,0,0,0,0,0,0,1,19.1,19.1,1,1,0,0,0,0,1,0,0,0,1,0,0.9502487562189056,0,0,0,1,9.55,0,0,0,0,0,1,0.04975124378109452
0,1,1,0,1,1,1,1,0,0,0,0,0,1,80.3,80.3,1,1,0,0,0,1,0,0,0,1,0,0,0.98769987699877,1,0,0,3,40.15,1,0,1,1,0,3,0.012300123001230012
0,0,1,0,33,1,0,0,0,0,0,0,0,1,44.55,1462.6,0,1,0,0,1,0,0,0,1,0,0,2,0.0304386444383711,0,0,0,1,1.3102941176470588,0,0,0,0,0,1,0.7244785949506037
1,0,0,0,7,1,0,0,0,0,0,0,0,0,20.35,150.6,0,1,0,0,0,0,1,0,0,0,1,0,0.1342348284960422,0,0,0,1,2.54375,0,0,0,0,0,1,0.32786885245901637
0,0,1,1,64,1,1,1,1,1,0,0,0,1,91.8,5960.5,0,1,0,0,0,1,0,0,0,1,0,3,0.0153988090245743,3,0,1,5,1.4123076923076923,0,0,1,1,0,5,0.6896551724137931
1,0,0,0,1,1,0,0,0,1,0,0,0,1,74.9,74.9,1,1,0,0,0,1,0,0,0,1,0,0,0.9868247694334652,1,0,0,2,37.45,1,0,1,1,1,2,0.013175230566534914
0,0,0,0,59,1,0,0,0,0,0,0,0,1,20.2,1192.3,0,0,0,1,0,0,1,1,0,0,0,3,0.0169278471465683,0,0,0,1,0.33666666666666667,0,2,0,0,0,1,2.7830188679245285
1,0,1,0,6,1,1,0,0,0,0,0,0,0,50.35,314.55,0,1,0,0,1,0,0,0,0,1,0,0,0.1595626683568372,0,0,0,2,7.192857142857143,0,0,0,0,1,2,0.11684518013631938
1,0,0,0,3,1,0,0,0,0,0,0,0,0,18.8,56.0,0,1,0,0,0,0,1,0,0,0,1,0,0.3298245614035088,0,0,0,1,4.7,0,0,0,0,0,1,0.15151515151515152
1,0,1,0,15,1,0,0,0,0,0,0,0,0,20.45,330.8,0,1,0,0,0,0,1,0,1,0,0,1,0.0616335141651597,0,0,0,1,1.278125,0,0,0,0,0,1,0.6993006993006993
0,0,1,1,13,1,0,0,0,0,0,1,1,1,64.75,877.35,0,0,1,0,1,0,0,0,0,1,0,1,0.0737177662662947,0,2,0,3,4.625,0,1,0,0,1,3,0.19771863117870722
1,0,0,0,23,1,1,0,1,0,0,1,1,1,98.7,2249.1,0,1,0,0,0,1,0,0,1,0,0,1,0.0438647171236833,1,2,1,5,4.1125,0,0,1,1,0,5,0.23069207622868604
0,1,1,0,31,1,1,1,0,0,0,1,0,0,89.45,2807.65,0,1,0,0,0,1,0,0,0,1,0,2,0.0318480408737293,1,1,0,4,2.7953125,0,0,1,1,0,4,0.3427307904919845
0,0,0,0,29,1,0,1,1,0,1,0,0,1,58.75,1696.2,0,0,1,0,1,0,0,0,0,1,0,2,0.0346158378505774,3,0,0,4,1.9583333333333333,0,1,1,0,0,4,0.48535564853556484
1,0,1,0,49,1,0,0,0,0,0,0,0,0,20.7,1032.05,0,0,1,0,0,0,1,0,1,0,0,3,0.0200377522869173,0,0,0,1,0.414,0,1,0,0,0,1,2.2580645161290325
1,0,1,0,56,1,1,0,0,0,0,1,0,1,85.6,4902.8,0,1,0,0,0,1,0,1,0,0,0,3,0.017455850564868,0,1,0,3,1.5017543859649123,0,0,0,1,0,3,0.6466512702078523
1,0,0,0,63,1,1,1,1,1,1,0,1,1,80.3,4995.35,0,0,0,1,1,0,0,0,1,0,0,3,0.0160717323646261,4,1,0,7,1.2546875,0,2,1,0,0,7,0.7749077490774908
0,0,1,0,63,1,1,0,0,1,1,1,1,0,79.8,5034.05,0,0,0,1,1,0,0,0,1,0,0,3,0.0158488992164923,2,2,0,6,1.246875,0,2,1,0,0,6,0.7797029702970297
0,1,1,1,24,1,1,1,0,0,0,0,0,1,79.85,1857.75,0,1,0,0,0,1,0,0,0,1,0,1,0.0429589778076664,1,0,0,3,3.194,0,0,1,1,0,3,0.29684601113172543
0,1,1,0,36,1,0,0,0,1,1,0,0,0,54.1,1992.85,0,0,1,0,1,0,0,0,1,0,0,2,0.0271334353135892,2,0,0,3,1.462162162162162,0,1,1,0,0,3,0.6533575317604355
1,1,0,0,9,1,0,0,0,0,0,1,0,1,80.85,751.65,1,1,0,0,0,1,0,0,0,1,0,0,0.1074204477512788,0,1,0,2,8.084999999999999,1,0,0,1,1,2,0.10995723885155774
0,0,0,0,3,0,0,0,0,0,0,0,0,0,24.75,66.95,1,1,0,0,1,0,0,0,0,1,0,0,0.3642384105960264,0,0,0,0,6.1875,0,0,0,0,1,0,0.11650485436893204
1,0,1,0,21,1,0,1,0,1,1,1,1,0,80.9,1714.95,0,0,1,0,1,0,0,0,0,0,1,1,0.0471458958594364,3,2,0,6,3.6772727272727277,0,1,1,0,0,6,0.2564102564102564
0,0,1,1,13,1,1,0,0,0,0,0,0,0,24.5,343.6,0,0,1,0,0,0,1,1,0,0,0,1,0.07109692396982,0,0,0,2,1.75,0,1,0,0,0,2,0.5098039215686274
0,0,1,1,1,1,0,0,0,0,0,0,0,1,20.15,20.15,0,1,0,0,0,0,1,1,0,0,0,0,0.9527186761229316,0,0,0,1,10.075,0,0,0,0,0,1,0.047281323877068564
1,0,1,1,25,1,0,0,0,0,0,0,0,0,20.05,520.1,0,0,1,0,0,0,1,0,0,0,1,2,0.0384763001343312,0,0,0,1,0.7711538461538462,0,1,0,0,0,1,1.187648456057007
0,0,1,1,71,1,0,0,0,0,0,0,0,1,19.6,1387.45,0,0,0,1,0,0,1,1,0,0,0,3,0.0141164608016133,0,0,0,1,0.27222222222222225,0,2,0,0,0,1,3.4466019417475726
0,0,0,0,66,1,1,1,1,1,1,1,1,1,114.3,7383.7,0,0,1,0,0,1,0,1,0,0,0,3,0.0154779476485165,4,2,1,8,1.7059701492537314,0,1,1,0,0,8,0.572419774501301
1,0,0,0,45,1,0,1,1,0,0,1,1,1,100.3,4483.95,0,0,1,0,0,1,0,0,0,1,0,2,0.0223636829842027,2,2,1,5,2.1804347826086956,0,1,1,0,0,5,0.4442250740375124
1,0,1,0,22,1,0,0,0,0,0,1,0,1,80.0,1706.45,0,1,0,0,0,1,0,0,1,0,0,1,0.046853494977891,0,1,0,2,3.4782608695652173,0,0,0,1,0,2,0.2716049382716049
1,0,1,0,67,1,0,0,0,0,0,0,0,1,20.85,1327.4,0,0,1,0,0,0,1,1,0,0,0,3,0.0156955736224028,0,0,0,1,0.30661764705882355,0,1,0,0,0,1,3.066361556064073
1,0,1,0,68,1,1,0,0,1,0,1,0,1,89.95,5974.3,0,0,0,1,0,1,0,1,0,0,0,3,0.015053637474269,1,1,1,4,1.3036231884057972,0,2,1,0,0,4,0.7476635514018691
1,0,1,1,0,1,0,0,0,0,0,0,0,0,20.0,20.0,0,0,0,1,0,0,1,0,0,0,1,0,0.9523809523809524,0,0,0,1,20.0,0,2,0,0,0,1,0.0
1,1,0,0,49,1,1,0,0,1,0,0,1,1,90.85,4515.85,1,1,0,0,0,1,0,0,1,0,0,3,0.0201135747257491,1,1,1,4,1.817,0,0,1,1,0,4,0.5334784975503539
1,1,0,0,4,1,1,0,0,0,0,0,0,0,48.75,179.85,0,1,0,0,1,0,0,0,0,0,1,0,0.2695604091788775,0,0,0,2,9.75,0,0,0,0,0,2,0.08040201005025126
0,0,1,0,63,1,1,1,1,1,1,0,1,0,80.0,5040.2,0,0,1,0,1,0,0,0,1,0,0,3,0.0158692374831389,4,1,0,7,1.25,0,1,1,0,0,7,0.7777777777777778
1,0,1,0,2,1,0,0,1,1,0,0,0,0,79.7,165.0,1,1,0,0,0,1,0,1,0,0,0,0,0.4801204819277108,2,0,0,3,26.566666666666666,1,0,1,1,0,3,0.024783147459727383
0,0,0,0,21,1,0,0,0,0,0,0,0,1,20.35,422.7,0,0,1,0,0,0,1,0,0,0,1,1,0.0480292659900873,0,0,0,1,0.925,0,1,0,0,0,1,0.9836065573770492
0,0,1,1,55,1,0,1,1,0,1,0,0,0,57.55,3046.4,1,0,0,1,1,0,0,1,0,0,0,3,0.0188849511058607,3,0,0,4,1.0276785714285714,0,2,1,0,0,4,0.9393680614859096
0,0,0,1,1,1,0,0,0,0,0,0,0,1,20.25,20.25,0,1,0,0,0,0,1,0,0,0,1,0,0.9529411764705882,0,0,0,1,10.125,0,0,0,0,0,1,0.047058823529411764
1,0,0,0,17,1,0,0,0,0,0,0,0,0,19.4,358.05,0,0,0,1,0,0,1,0,0,0,1,1,0.0540314719398412,0,0,0,1,1.0777777777777777,0,2,0,0,0,1,0.8333333333333334
0,0,0,0,30,1,1,1,0,0,0,1,1,1,100.4,2936.25,0,1,0,0,0,1,0,1,0,0,0,2,0.0341816324793599,1,2,1,5,3.238709677419355,0,0,1,1,0,5,0.29585798816568043
0,0,1,1,22,1,0,1,1,0,1,0,0,1,57.95,1271.8,0,1,0,0,1,0,0,0,0,0,1,1,0.045529541169076,3,0,0,4,2.5195652173913046,0,0,1,0,0,4,0.37319762510602206
1,0,0,0,9,1,0,0,0,0,1,1,0,1,59.5,530.05,0,1,0,0,1,0,0,1,0,0,0,0,0.1120421805856322,1,1,0,3,5.95,0,0,1,0,0,3,0.1487603305785124
0,0,1,1,1,1,0,0,0,0,0,0,0,0,19.2,19.2,0,1,0,0,0,0,1,0,0,0,1,0,0.9504950495049505,0,0,0,1,9.6,0,0,0,0,0,1,0.04950495049504951
1,0,1,0,21,1,1,0,0,0,0,0,1,1,86.5,1808.7,1,1,0,0,0,1,0,0,0,1,0,1,0.0477979775653423,0,1,0,3,3.9318181818181817,0,0,0,1,1,3,0.24
0,0,0,0,19,1,1,0,0,1,1,0,0,0,59.55,1144.6,0,1,0,0,1,0,0,0,0,1,0,1,0.0519814944134078,2,0,0,4,2.9775,0,0,1,0,1,4,0.3137902559867878
1,0,1,1,69,1,1,0,1,1,0,1,1,1,103.95,7446.9,1,1,0,0,0,1,0,0,0,1,0,3,0.0139569543092683,2,2,1,6,1.485,0,0,1,1,1,6,0.6574559313959027
0,1,0,0,1,0,0,0,0,0,0,0,0,1,25.1,25.1,1,1,0,0,1,0,0,0,0,1,0,0,0.9616858237547892,0,0,0,0,12.55,0,0,0,0,1,0,0.038314176245210725
1,0,1,0,72,1,1,1,1,1,1,1,0,1,103.95,7556.9,0,0,0,1,0,1,0,1,0,0,0,3,0.013753820505696,4,1,1,7,1.4239726027397261,0,2,1,0,0,7,0.6860409718913768
0,0,1,1,70,1,1,1,0,1,0,1,0,0,68.95,4858.7,0,0,0,1,1,0,0,0,1,0,0,3,0.0141881186081445,2,1,0,5,0.9711267605633803,0,2,1,0,0,5,1.0007147962830594
1,0,0,0,66,1,1,1,1,1,1,0,1,1,103.1,6595.0,0,1,0,0,0,1,0,1,0,0,0,3,0.0156306852637962,4,1,1,7,1.5388059701492536,0,0,1,1,0,7,0.6340057636887608
1,0,1,1,7,0,0,0,0,0,0,0,0,1,24.7,149.05,0,1,0,0,1,0,0,0,0,1,0,0,0.1646117960679773,0,0,0,0,3.0875,0,0,0,0,1,0,0.27237354085603116
1,1,1,1,46,1,1,1,1,0,1,1,1,1,110.2,4972.1,0,1,0,0,0,1,0,0,0,1,0,2,0.0221592165852285,3,2,1,7,2.34468085106383,0,0,1,1,0,7,0.4136690647482014
0,0,0,0,39,0,0,1,1,0,1,1,0,1,48.95,1880.85,1,1,0,0,1,0,0,0,1,0,0,2,0.0260116374843903,3,1,0,4,1.2237500000000001,0,0,1,0,0,4,0.7807807807807807
1,0,1,1,32,1,1,0,1,1,0,0,0,0,62.45,2045.55,0,1,0,0,1,0,0,1,0,0,0,2,0.0305147687571767,2,0,0,4,1.8924242424242426,0,0,1,0,0,4,0.5043341213553979
0,0,0,0,24,1,0,0,1,1,0,0,1,1,89.55,2187.15,0,1,0,0,0,1,0,0,0,1,0,1,0.0409249822909763,2,1,0,4,3.582,0,0,1,1,1,4,0.2650469353948095
0,0,1,1,6,1,0,0,1,0,0,0,1,1,83.55,477.55,1,1,0,0,0,1,0,0,1,0,0,0,0.1745899070107616,1,1,0,3,11.935714285714285,1,0,1,1,0,3,0.0709639266706091
1,0,0,0,37,1,1,1,1,1,1,1,0,1,78.9,2976.95,0,1,0,0,1,0,0,0,1,0,0,2,0.0264947363118924,4,1,0,7,2.0763157894736843,0,0,1,0,0,7,0.46307884856070086
0,0,0,1,8,1,0,0,0,0,0,0,0,0,20.35,178.7,0,1,0,0,0,0,1,0,0,0,1,0,0.1132442960489705,0,0,0,1,2.261111111111111,0,0,0,0,0,1,0.37470725995316156
1,0,1,1,72,1,1,1,0,1,0,1,0,1,71.45,5025.85,0,0,0,1,1,0,0,1,0,0,0,3,0.0142136725782547,2,1,0,5,0.9787671232876712,0,2,1,0,0,5,0.9937888198757764
0,1,1,0,71,0,0,1,1,1,1,0,0,0,46.35,3353.4,0,0,0,1,1,0,0,0,1,0,0,3,0.0138176723109945,4,0,0,4,0.64375,0,2,1,0,0,4,1.4994720168954594
1,0,1,0,16,1,0,0,1,0,0,1,1,1,94.65,1461.15,0,1,0,0,0,1,0,1,0,0,0,1,0.0647334404814827,1,2,1,4,5.56764705882353,0,0,1,1,0,4,0.167276529012023
1,0,1,0,57,0,0,1,0,1,1,0,1,1,49.9,2782.4,0,1,0,0,1,0,0,1,0,0,0,3,0.0179277143062441,3,1,0,4,0.8603448275862069,0,0,1,0,0,4,1.119842829076621
0,0,0,0,66,1,1,0,0,0,0,0,0,0,25.45,1699.15,0,0,1,0,0,0,1,1,0,0,0,3,0.0149692674175808,0,0,0,2,0.3798507462686567,0,1,0,0,0,2,2.4952741020793954
1,1,0,0,17,1,0,0,1,1,0,1,0,1,89.15,1496.9,1,1,0,0,0,1,0,0,0,1,0,1,0.059516656652647,2,1,0,4,4.952777777777778,0,0,1,1,1,4,0.18857459789240155
1,0,0,1,21,1,0,0,0,0,0,0,0,0,20.75,452.2,0,1,0,0,0,0,1,0,0,0,1,1,0.0457855251544572,0,0,0,1,0.9431818181818182,0,0,0,0,0,1,0.9655172413793104
0,0,1,0,66,1,1,1,1,1,0,0,0,1,66.1,4428.45,0,0,0,1,1,0,0,0,1,0,0,3,0.0149228459515289,3,0,0,5,0.9865671641791044,0,2,1,0,0,5,0.9836065573770493
1,0,1,0,17,1,1,0,1,0,0,1,1,1,75.4,1322.55,0,1,0,0,1,0,0,1,0,0,0,1,0.0569680027199576,1,2,0,5,4.188888888888889,0,0,1,0,0,5,0.2225130890052356
0,0,0,1,1,1,0,0,0,0,0,0,0,1,70.45,70.45,1,1,0,0,0,1,0,0,0,0,1,0,0.986004198740378,0,0,0,1,35.225,1,0,0,1,0,1,0.013995801259622112
0,0,1,0,58,1,0,1,1,1,0,0,0,0,60.3,3563.8,1,0,1,0,1,0,0,0,1,0,0,3,0.01691539497307,3,0,0,4,1.0220338983050847,0,1,1,0,0,4,0.9461663947797717
1,0,1,1,8,1,0,0,0,0,0,0,0,0,21.05,139.75,0,1,0,0,0,0,1,0,1,0,0,0,0.1495559502664298,0,0,0,1,2.338888888888889,0,0,0,0,0,1,0.36281179138321995
0,0,0,0,27,1,0,1,0,1,1,1,0,0,69.35,1927.3,0,0,1,0,1,0,0,0,1,0,0,2,0.0359643209044235,3,1,0,5,2.476785714285714,0,1,1,0,0,5,0.3837953091684435
0,0,1,0,34,1,1,0,1,0,0,0,1,0,88.85,3000.25,0,1,0,0,0,1,0,0,0,0,1,2,0.0296043315285297,1,1,0,4,2.5385714285714283,0,0,1,1,0,4,0.3784084585420145
0,0,0,0,30,1,0,0,1,0,0,1,1,1,97.0,3021.3,0,0,1,0,0,1,0,1,0,0,0,2,0.0320947622671475,1,2,1,4,3.129032258064516,0,1,1,0,0,4,0.30612244897959184
0,0,0,0,33,1,0,0,1,1,0,1,0,1,66.4,2245.4,0,1,0,0,1,0,0,0,1,0,0,2,0.0295584045584045,2,1,0,4,1.9529411764705884,0,0,1,0,0,4,0.4896142433234421
0,0,0,1,1,0,0,0,0,0,0,0,0,0,24.75,24.75,1,1,0,0,1,0,0,0,0,1,0,0,0.9611650485436892,0,0,0,0,12.375,0,0,0,0,1,0,0.038834951456310676
0,0,1,1,14,1,1,1,1,0,0,0,1,0,69.2,944.65,0,1,0,0,1,0,0,0,0,0,1,1,0.0731771797176545,2,1,0,5,4.613333333333333,0,0,1,0,0,5,0.19943019943019943
1,0,0,1,16,1,1,0,0,0,1,0,0,1,79.5,1264.2,0,0,1,0,0,1,0,0,1,0,0,1,0.0628359152703129,1,0,0,3,4.676470588235294,0,1,1,0,0,3,0.19875776397515527
1,0,0,0,49,1,0,0,0,1,1,1,1,0,100.65,4917.75,0,0,0,1,0,1,0,0,1,0,0,3,0.0204625158831003,2,2,1,5,2.013,0,2,1,0,0,5,0.48204623708804717
0,0,1,1,19,1,1,0,0,1,1,1,1,0,103.3,2012.7,1,1,0,0,0,1,0,0,0,1,0,1,0.0512986045587724,2,2,1,6,5.165,0,0,1,1,1,6,0.18216682646212848
1,0,1,1,70,1,1,1,1,1,1,1,0,0,79.7,5743.3,0,0,0,1,1,0,0,1,0,0,0,3,0.0138746235398569,4,1,0,7,1.1225352112676057,0,2,1,0,0,7,0.8674101610904584
1,0,1,1,32,1,0,1,1,0,1,0,0,0,61.4,1864.65,0,1,0,0,1,0,0,1,0,0,0,2,0.0329107817650684,3,0,0,4,1.8606060606060606,0,0,1,0,0,4,0.5128205128205129
1,0,0,0,18,1,0,0,0,0,0,0,0,1,69.8,1221.65,0,1,0,0,0,1,0,0,0,1,0,1,0.0570891097206886,0,0,0,1,3.6736842105263157,0,0,0,1,1,1,0.2542372881355932
0,0,0,0,37,0,0,1,1,0,1,0,0,1,40.55,1390.85,0,0,0,1,1,0,0,0,0,0,1,2,0.0291338865538671,3,0,0,3,1.0671052631578946,0,2,1,0,0,3,0.8904933814681107
1,0,0,0,4,1,1,0,0,0,0,0,0,1,75.65,302.35,0,1,0,0,0,1,0,0,0,1,0,0,0.2493819020932915,0,0,0,2,15.13,1,0,0,1,1,2,0.05218525766470972
1,0,1,0,16,1,1,1,1,1,0,0,0,0,90.7,1374.9,0,1,0,0,0,1,0,0,0,1,0,1,0.0659204884075877,3,0,1,5,5.335294117647059,0,0,1,1,0,5,0.17448200654307525
0,0,1,0,17,1,1,0,1,0,0,0,0,1,80.5,1336.9,0,1,0,0,0,1,0,1,0,0,0,1,0.0601689214440541,1,0,0,3,4.472222222222222,0,0,1,1,0,3,0.2085889570552147
1,0,0,1,19,1,0,1,1,1,0,0,0,1,60.6,1297.8,0,1,0,0,1,0,0,0,0,1,0,1,0.0466584539574992,3,0,0,4,3.0300000000000002,0,0,1,0,0,4,0.30844155844155846
0,0,1,0,60,1,1,0,0,1,0,1,1,0,101.15,6067.4,0,0,0,1,0,1,0,0,1,0,0,3,0.0166683145474919,1,2,1,5,1.6581967213114754,0,2,1,0,0,5,0.5873715124816447
0,0,1,1,51,1,1,0,0,0,0,0,0,1,24.95,1222.25,0,0,0,1,0,0,1,0,0,0,1,3,0.0203964847741671,0,0,0,2,0.47980769230769227,0,2,0,0,0,2,1.9653179190751446
0,0,1,1,28,1,0,0,0,0,0,0,0,1,20.3,487.95,0,0,0,1,0,0,1,0,1,0,0,2,0.0415175375805297,0,0,0,1,0.7000000000000001,0,2,0,0,0,1,1.3145539906103285
0,0,0,0,43,1,0,0,1,0,0,0,1,1,60.0,2548.55,0,0,0,1,1,0,0,0,0,1,0,2,0.02353356474672,1,1,0,3,1.3636363636363635,0,2,1,0,1,3,0.7049180327868853
0,0,1,0,42,1,0,0,0,0,0,0,0,0,20.25,835.5,0,0,0,1,0,0,1,0,0,1,0,2,0.0242080095636581,0,0,0,1,0.47093023255813954,0,2,0,0,1,1,1.9764705882352942
0,0,0,0,3,1,0,0,0,0,0,1,0,1,78.5,242.05,1,1,0,0,0,1,0,0,0,1,0,0,0.3229788109442501,0,1,0,2,19.625,1,0,0,1,1,2,0.03773584905660377
1,0,0,0,1,1,0,0,0,0,0,0,0,0,44.75,44.75,0,1,0,0,1,0,0,0,0,0,1,0,0.9781420765027322,0,0,0,1,22.375,0,0,0,0,0,1,0.02185792349726776
1,0,0,0,3,1,0,0,0,0,0,0,0,0,19.85,63.75,1,1,0,0,0,0,1,0,0,0,1,0,0.3065637065637066,0,0,0,1,4.9625,0,0,0,0,0,1,0.14388489208633093
1,0,0,0,63,1,1,1,1,1,0,1,0,0,98.0,6218.45,0,0,0,1,0,1,0,0,1,0,0,3,0.0157570203153011,3,1,1,6,1.53125,0,2,1,0,0,6,0.6363636363636364
0,1,0,0,3,1,0,0,0,0,0,1,0,1,79.9,260.9,1,1,0,0,0,1,0,0,0,1,0,0,0.3050782741504391,0,1,0,2,19.975,1,0,0,1,1,2,0.037082818294190356
0,0,1,0,68,1,1,1,1,0,1,1,1,1,107.7,7320.9,0,1,0,0,0,1,0,0,0,1,0,3,0.0147092967672325,3,2,1,7,1.5608695652173914,0,0,1,1,0,7,0.6255749770009199
1,1,0,0,30,1,1,0,1,0,0,1,1,1,99.7,2967.35,1,1,0,0,0,1,0,0,0,1,0,2,0.0335876833931308,1,2,1,5,3.2161290322580647,0,0,1,1,1,5,0.29791459781529295
1,0,0,0,60,1,1,0,1,1,0,1,1,0,104.7,6333.8,0,0,0,1,0,1,0,0,0,1,0,3,0.016527751468081,2,2,1,6,1.7163934426229508,0,2,1,0,1,6,0.5676442762535477
0,0,0,0,15,1,1,0,1,0,1,0,0,1,58.6,939.7,1,1,0,0,1,0,0,0,1,0,0,1,0.0622940363559051,2,0,0,4,3.6625,0,0,1,0,0,4,0.25167785234899326
0,1,0,0,45,1,1,0,0,0,0,1,1,1,93.9,4200.25,0,1,0,0,0,1,0,1,0,0,0,2,0.0223504909253198,0,2,1,4,2.0413043478260873,0,0,0,1,0,4,0.47418335089567965
1,0,1,0,70,1,0,1,1,1,1,1,1,0,86.45,5950.2,0,0,0,1,1,0,0,0,1,0,0,3,0.0145264820540395,4,2,0,7,1.217605633802817,0,2,1,0,0,7,0.8004574042309891
0,0,1,0,10,1,1,0,0,1,0,1,1,1,98.5,1037.75,1,1,0,0,0,1,0,0,0,1,0,0,0.0948255114320096,1,2,1,5,8.954545454545455,1,0,1,1,1,5,0.10050251256281408
0,0,0,0,4,1,0,0,0,0,0,0,0,0,19.4,93.4,0,1,0,0,0,0,1,0,0,0,1,0,0.2055084745762711,0,0,0,1,3.88,0,0,0,0,0,1,0.19607843137254904
1,0,0,0,1,1,0,0,0,1,0,0,0,1,50.45,50.45,1,1,0,0,1,0,0,0,0,0,1,0,0.9805636540330418,1,0,0,2,25.225,0,0,1,0,0,2,0.019436345966958212
1,0,1,0,68,1,1,0,0,0,0,0,0,1,24.95,1614.9,0,0,0,1,0,0,1,0,1,0,0,3,0.0154403119004888,0,0,0,2,0.3615942028985507,0,2,0,0,0,2,2.6204238921001926
0,0,1,1,22,1,0,1,0,0,0,0,0,0,75.0,1573.95,0,1,0,0,0,1,0,1,0,0,0,1,0.0476205593828375,1,0,0,2,3.260869565217391,0,0,1,1,0,2,0.2894736842105263
0,0,1,1,38,1,1,0,1,1,0,1,0,1,94.65,3624.3,1,1,0,0,0,1,0,0,0,1,0,2,0.0261081841502772,2,1,1,5,2.426923076923077,0,0,1,1,1,5,0.3972817564035546
1,0,0,0,1,1,1,0,1,0,0,1,1,1,100.25,100.25,1,1,0,0,0,1,0,0,1,0,0,0,0.9901234567901236,1,2,1,5,50.125,1,0,1,1,0,5,0.009876543209876543
0,0,1,0,18,1,0,0,0,1,1,0,0,0,78.2,1468.75,0,1,0,0,0,1,0,0,0,1,0,1,0.0532063276067358,2,0,0,3,4.11578947368421,0,0,1,1,1,3,0.22727272727272727
0,0,0,0,29,1,0,0,0,0,1,1,1,1,94.2,2607.6,0,1,0,0,0,1,0,0,0,1,0,2,0.036111324081883,1,2,1,4,3.14,0,0,1,1,1,4,0.30462184873949577
1,0,0,0,16,1,1,0,0,1,0,0,1,1,88.45,1422.1,1,1,0,0,0,1,0,0,0,1,0,1,0.0621530461668189,1,1,0,4,5.202941176470588,0,0,1,1,1,4,0.17887087758524314
0,0,0,0,1,1,0,0,0,0,0,0,0,1,69.85,69.85,1,1,0,0,0,1,0,0,0,1,0,0,0.9858856739590685,0,0,0,1,34.925,0,0,0,1,1,1,0.014114326040931546
0,0,0,0,12,1,0,1,0,1,0,0,0,0,81.7,858.6,1,1,0,0,0,1,0,1,0,0,0,0,0.0950442066077245,2,0,0,3,6.2846153846153845,0,0,1,1,0,3,0.14510278113663844
0,0,0,0,31,0,0,0,0,1,0,1,1,1,50.05,1523.4,0,0,1,0,1,0,0,0,0,1,0,2,0.0328325898714248,1,2,0,3,1.5640625,0,1,1,0,1,3,0.6072477962781587
0,0,0,0,4,1,0,0,0,0,0,0,1,1,79.9,324.3,1,1,0,0,0,1,0,0,0,1,0,0,0.2456194282201045,0,1,0,2,15.98,1,0,0,1,1,2,0.049443757725587144
1,0,1,0,48,1,1,0,0,1,1,0,1,1,69.55,3435.6,0,0,1,0,1,0,0,0,0,0,1,2,0.0202380259558866,2,1,0,5,1.4193877551020408,0,1,1,0,0,5,0.6803685329553508
1,0,0,0,15,1,1,0,0,0,0,0,0,1,25.4,399.6,1,1,0,0,0,0,1,0,1,0,0,1,0.0634048926610084,0,0,0,2,1.5875,0,0,0,0,0,2,0.5681818181818182
0,0,0,0,50,1,0,1,1,1,1,0,0,1,90.1,4549.45,0,0,1,0,0,1,0,0,1,0,0,3,0.0198002395367491,4,0,1,5,1.7666666666666666,0,1,1,0,0,5,0.5488474204171241
0,0,0,0,7,1,0,0,0,0,0,0,0,1,44.65,322.5,0,1,0,0,1,0,0,1,0,0,0,0,0.1380216383307573,0,0,0,1,5.58125,0,0,0,0,0,1,0.15334063526834613
0,1,1,0,41,1,1,1,0,1,0,0,0,1,83.75,3273.55,1,1,0,0,0,1,0,1,0,0,0,2,0.0255760333480936,2,0,0,4,1.994047619047619,0,0,1,1,0,4,0.4837758112094395
0,0,1,1,68,1,0,1,0,1,0,0,0,0,80.35,5375.15,0,0,0,1,0,1,0,0,1,0,0,3,0.0149456395375873,2,0,0,3,1.1644927536231884,0,2,1,0,0,3,0.8358942839582053
1,1,1,0,26,1,1,0,0,1,0,1,1,1,98.1,2510.7,0,1,0,0,0,1,0,1,0,0,0,2,0.0390572122466855,1,2,1,5,3.6333333333333333,0,0,1,1,0,5,0.2623612512613522
0,0,0,0,57,0,0,0,0,1,1,1,1,0,53.35,3090.05,0,0,0,1,1,0,0,0,1,0,0,3,0.0172595072871677,2,2,0,4,0.9198275862068965,0,2,1,0,0,4,1.048758049678013
1,0,0,0,3,1,0,0,0,0,0,0,0,0,19.55,61.05,0,1,0,0,0,0,1,0,0,1,0,0,0.3150684931506849,0,0,0,1,4.8875,0,0,0,0,1,1,0.145985401459854
1,0,0,0,1,1,0,0,0,0,0,0,0,0,20.9,20.9,1,1,0,0,0,0,1,0,0,0,1,0,0.954337899543379,0,0,0,1,10.45,0,0,0,0,0,1,0.04566210045662101
0,0,1,1,19,1,0,1,0,0,0,0,0,1,48.95,955.6,0,0,1,0,1,0,0,1,0,0,0,1,0.0511708132970938,1,0,0,2,2.4475000000000002,0,1,1,0,0,2,0.38038038038038036
1,0,0,0,3,1,0,0,0,0,0,1,0,1,54.2,140.4,0,1,0,0,1,0,0,0,0,1,0,0,0.3833097595473833,0,1,0,2,13.55,0,0,0,0,1,2,0.05434782608695652
1,0,0,0,59,1,1,0,0,0,0,0,0,0,24.45,1493.1,0,0,0,1,0,0,1,0,0,1,0,3,0.0163643665082658,0,0,0,2,0.4075,0,2,0,0,1,2,2.318271119842829
1,0,1,0,1,1,0,0,0,0,0,0,0,1,69.4,69.4,1,1,0,0,0,1,0,0,0,0,1,0,0.9857954545454546,0,0,0,1,34.7,0,0,0,1,0,1,0.014204545454545454
0,0,1,0,42,0,0,1,0,0,0,1,0,1,40.15,1626.05,0,1,0,0,1,0,0,1,0,0,0,2,0.0246765618757874,1,1,0,2,0.9337209302325581,0,0,1,0,0,2,1.0206561360874848
1,0,0,0,7,1,1,0,0,0,0,0,0,1,74.9,541.15,1,1,0,0,0,1,0,0,0,1,0,0,0.1381536475145255,0,0,0,2,9.3625,1,0,0,1,1,2,0.0922266139657444
0,0,1,0,67,1,1,0,0,0,0,0,0,0,25.6,1784.9,0,0,0,1,0,0,1,0,1,0,0,3,0.014334509211042,0,0,0,2,0.3764705882352941,0,2,0,0,0,2,2.518796992481203
0,0,0,0,1,1,0,0,0,0,0,0,0,1,70.35,70.35,0,1,0,0,0,1,0,0,0,1,0,0,0.9859845830413456,0,0,0,1,35.175,1,0,0,1,1,1,0.014015416958654521
0,0,1,0,66,1,1,1,1,1,1,1,1,0,91.7,6075.9,0,0,0,1,1,0,0,1,0,0,0,3,0.0150899307212559,4,2,1,8,1.3686567164179104,0,2,1,0,0,8,0.7119741100323624
1,0,0,0,61,1,1,0,0,1,0,0,1,0,89.2,5500.6,0,1,0,0,0,1,0,0,0,0,1,3,0.0162134651737676,1,1,0,4,1.4387096774193548,0,0,1,1,0,4,0.6762749445676275
0,0,1,1,4,1,1,0,0,0,0,0,0,0,24.1,73.1,0,0,1,0,0,0,1,0,1,0,0,0,0.3252361673414305,0,0,0,2,4.82,0,1,0,0,0,2,0.1593625498007968
1,1,1,0,42,1,0,1,0,0,0,0,0,1,74.15,3229.4,1,1,0,0,0,1,0,0,1,0,0,2,0.0229538137691926,1,0,0,2,1.724418604651163,0,0,1,1,0,2,0.5588822355289421
1,0,1,1,64,1,1,0,1,0,0,0,0,1,53.85,3399.85,0,0,1,0,1,0,0,1,0,0,0,3,0.0158342767249364,1,0,0,3,0.8284615384615385,0,1,1,0,0,3,1.1668185961713764
1,1,1,0,54,1,1,1,1,1,1,1,1,1,115.6,6431.05,0,0,1,0,0,1,0,1,0,0,0,3,0.0179724971043446,4,2,1,8,2.1018181818181816,0,1,1,0,0,8,0.4631217838765009
0,0,0,0,1,1,0,0,0,0,0,0,0,1,19.75,19.75,0,1,0,0,0,0,1,0,1,0,0,0,0.9518072289156626,0,0,0,1,9.875,0,0,0,0,0,1,0.04819277108433735
0,0,1,1,54,1,1,0,0,0,0,0,0,1,24.05,1230.9,0,0,0,1,0,0,1,1,0,0,0,3,0.0195226885299131,0,0,0,2,0.4372727272727273,0,2,0,0,0,2,2.155688622754491
1,0,0,1,18,1,1,0,0,0,0,0,0,0,25.3,454.65,0,0,0,1,0,0,1,0,1,0,0,1,0.0555250740700098,0,0,0,2,1.3315789473684212,0,2,0,0,0,2,0.6844106463878327
0,0,0,0,3,1,0,0,1,0,0,0,1,0,84.3,235.05,0,1,0,0,0,1,0,0,0,1,0,0,0.3571277271764456,1,1,0,3,21.075,1,0,1,1,1,3,0.035169988276670575
1,0,0,0,1,1,0,0,0,0,0,0,0,1,70.1,70.1,1,1,0,0,0,1,0,0,0,1,0,0,0.9859353023909986,0,0,0,1,35.05,1,0,0,1,1,1,0.014064697609001408
1,0,1,1,72,1,1,1,1,1,1,1,1,0,89.75,6595.9,0,0,0,1,1,0,0,0,1,0,0,3,0.0136048750170534,4,2,0,8,1.2294520547945205,0,2,1,0,0,8,0.7933884297520661
0,1,1,0,60,1,0,0,1,1,0,1,1,1,97.95,5867.0,0,0,1,0,0,1,0,0,0,1,0,3,0.0166922290388548,2,2,1,5,1.6057377049180328,0,1,1,0,1,5,0.6063668519454269
1,0,1,1,11,1,0,0,0,0,0,0,0,1,20.0,196.35,0,0,1,0,0,0,1,0,0,0,1,0,0.1013427919939194,0,0,0,1,1.6666666666666667,0,1,0,0,0,1,0.5238095238095238
1,0,0,1,12,1,1,1,0,0,0,0,0,1,78.3,909.25,1,1,0,0,0,1,0,0,0,1,0,0,0.0860203240867893,1,0,0,3,6.023076923076923,0,0,1,1,0,3,0.15132408575031525
0,0,1,1,61,1,0,0,1,1,1,1,1,0,103.9,6449.15,0,0,1,0,0,1,0,0,1,0,0,3,0.0161081525235847,3,2,1,6,1.6758064516129034,0,1,1,0,0,6,0.5815061963775023
1,0,0,0,39,1,0,0,0,0,0,0,0,0,20.7,762.45,0,0,0,1,0,0,1,0,1,0,0,2,0.0271137599056912,0,0,0,1,0.5175,0,2,0,0,0,1,1.7972350230414746
0,0,0,0,55,1,1,0,0,0,0,1,1,1,96.8,5283.95,1,1,0,0,0,1,0,0,0,1,0,3,0.0183161619315225,0,2,1,4,1.7285714285714284,0,0,0,1,1,4,0.5623721881390593
1,0,0,0,17,1,1,1,1,0,0,1,0,1,94.4,1617.5,1,1,0,0,0,1,0,0,0,1,0,1,0.058325610132839,2,1,1,5,5.2444444444444445,0,0,1,1,0,5,0.17819706498951782
0,0,0,0,37,1,0,0,0,0,0,0,0,0,20.15,785.75,0,0,1,0,0,0,1,0,1,0,0,2,0.0256116936765173,0,0,0,1,0.5302631578947368,0,1,0,0,0,1,1.7494089834515367
1,0,1,0,72,1,1,0,0,0,0,0,0,1,26.0,1776.0,0,0,0,1,0,0,1,0,0,0,1,3,0.0146314012380416,0,0,0,2,0.3561643835616438,0,2,0,0,0,2,2.6666666666666665
0,1,1,0,72,1,1,0,1,1,1,1,0,0,77.35,5396.25,0,0,0,1,1,0,0,0,1,0,0,3,0.0143313724581963,3,1,0,6,1.0595890410958904,0,2,1,0,0,6,0.9189534141671986
1,0,0,0,8,1,0,1,0,0,1,0,1,0,66.05,574.5,0,1,0,0,1,0,0,1,0,0,0,0,0.1147697654213727,2,1,0,4,7.338888888888889,0,0,1,0,0,4,0.11931394481730052
1,0,1,1,22,1,0,0,0,0,0,0,0,0,19.9,400.3,0,1,0,0,0,0,1,0,0,0,1,1,0.0495888362820832,0,0,0,1,0.8652173913043477,0,0,0,0,0,1,1.0526315789473686
1,0,0,0,1,1,0,0,1,0,0,1,0,0,84.3,84.3,1,1,0,0,0,1,0,0,0,1,0,0,0.9882766705744432,1,1,0,3,42.15,1,0,1,1,1,3,0.011723329425556858
1,0,0,0,38,1,1,0,1,0,1,0,1,0,68.15,2656.3,0,1,0,0,1,0,0,0,1,0,0,2,0.0256463327437624,2,1,0,5,1.7474358974358977,0,0,1,0,0,5,0.5495300072306579
0,0,0,1,17,1,0,0,1,1,1,1,1,0,80.85,1445.95,0,0,1,0,1,0,0,0,0,1,0,1,0.0558761532879505,3,2,0,6,4.491666666666666,0,1,1,0,1,6,0.20769700671960906
1,1,0,0,70,1,1,0,1,1,1,1,0,1,75.5,5212.65,0,0,0,1,1,0,0,1,0,0,0,3,0.0144812175731013,3,1,0,6,1.0633802816901408,0,2,1,0,0,6,0.9150326797385621
1,1,1,1,72,1,1,1,1,1,1,1,1,0,92.45,6440.25,1,0,0,1,1,0,0,0,1,0,0,3,0.0143528041917329,4,2,1,8,1.2664383561643835,0,2,1,0,0,8,0.7704654895666131
1,0,0,0,28,1,0,0,0,0,0,0,1,1,80.6,2244.95,0,1,0,0,0,1,0,0,0,1,0,2,0.0358868184955141,0,1,0,2,2.779310344827586,0,0,0,1,1,2,0.3431372549019608
1,0,0,0,15,1,0,0,1,0,0,1,0,1,83.2,1130.0,0,1,0,0,0,1,0,1,0,0,0,1,0.0735632183908046,1,1,0,3,5.2,0,0,1,1,0,3,0.17814726840855105
0,0,1,1,72,1,1,1,1,1,1,1,1,1,87.55,6463.15,0,0,0,1,1,0,0,1,0,0,0,3,0.0135439307565573,4,2,0,8,1.1993150684931506,0,2,1,0,0,8,0.8130999435347261
1,1,1,0,11,1,1,0,0,1,0,1,1,1,99.55,1131.2,1,1,0,0,0,1,0,0,0,1,0,0,0.0879261614555732,1,2,1,5,8.295833333333333,1,0,1,1,1,5,0.1093983092988563
0,1,0,0,8,1,1,0,0,1,0,0,0,1,81.25,585.95,1,1,0,0,0,1,0,0,0,1,0,0,0.1384274640088593,1,0,0,3,9.027777777777779,1,0,1,1,1,3,0.0972644376899696
1,0,1,0,57,1,1,0,1,1,1,1,1,1,109.4,6252.7,0,0,1,0,0,1,0,1,0,0,0,3,0.0174936437628923,3,2,1,7,1.8862068965517242,0,1,1,0,0,7,0.5163043478260869
0,0,1,1,1,1,0,0,0,0,0,0,0,0,19.95,19.95,1,1,0,0,0,0,1,1,0,0,0,0,0.9522673031026252,0,0,0,1,9.975,0,0,0,0,0,1,0.0477326968973747
1,0,1,0,46,0,0,1,1,0,0,1,0,0,45.55,2062.15,0,1,0,0,1,0,0,0,0,1,0,2,0.0220778906041732,2,1,0,3,0.9691489361702127,0,0,1,0,0,3,0.9881847475832439
0,0,1,0,30,1,0,0,0,0,0,0,0,0,20.7,587.1,0,0,1,0,0,0,1,0,1,0,0,2,0.0351980955619792,0,0,0,1,0.667741935483871,0,1,0,0,0,1,1.3824884792626728
0,1,1,0,10,1,0,1,0,0,0,0,0,0,75.3,720.45,0,1,0,0,0,1,0,0,0,1,0,0,0.1043731374315614,1,0,0,2,6.845454545454545,1,0,1,1,0,2,0.1310615989515072
0,0,1,0,23,1,1,1,1,1,0,1,0,1,99.25,2186.4,1,1,0,0,0,1,0,0,0,1,0,1,0.0453735027886989,3,1,1,6,4.135416666666667,0,0,1,1,0,6,0.22942643391521197
0,0,0,0,32,1,0,1,1,1,0,0,1,1,93.4,2979.3,0,1,0,0,0,1,0,0,1,0,0,2,0.0313391269335301,3,1,1,5,2.8303030303030305,0,0,1,1,0,5,0.3389830508474576
0,0,0,0,13,1,0,1,0,0,0,0,0,1,73.75,956.65,0,1,0,0,0,1,0,0,1,0,0,1,0.0770114342400668,1,0,0,2,5.267857142857143,0,0,1,1,0,2,0.17391304347826086
1,0,0,0,39,1,0,0,0,1,1,0,0,1,80.45,3201.55,1,0,0,1,0,1,0,0,0,1,0,2,0.0251206070162838,2,0,0,3,2.01125,0,2,1,0,1,3,0.47882136279926335
1,0,0,0,44,1,0,0,1,1,0,1,0,1,88.15,3973.2,0,1,0,0,0,1,0,0,1,0,0,2,0.0221805646419405,2,1,0,4,1.9588888888888891,0,0,1,1,0,4,0.4935501962983735
0,1,0,0,9,1,0,0,0,0,1,0,0,0,49.2,447.9,0,1,0,0,1,0,0,0,0,0,1,0,0.1096012474938739,1,0,0,2,4.92,0,0,1,0,0,2,0.1792828685258964
1,0,1,0,67,1,0,0,0,0,0,0,0,0,19.65,1335.2,0,0,0,1,0,0,1,0,0,0,1,3,0.0147058823529411,0,0,0,1,0.2889705882352941,0,2,0,0,0,1,3.2445520581113803
0,0,1,1,9,1,1,0,0,1,0,0,0,1,79.35,661.25,1,1,0,0,0,1,0,1,0,0,0,0,0.1198187995469988,1,0,0,3,7.935,1,0,1,1,0,3,0.1120099564405725
1,0,0,0,15,1,1,0,1,0,0,0,0,1,79.75,1111.85,1,1,0,0,0,1,0,0,0,1,0,1,0.071662847643438,1,0,0,3,4.984375,0,0,1,1,1,3,0.18575851393188855
1,0,1,0,71,1,1,0,1,1,0,1,1,1,105.15,7555.0,0,0,0,1,0,1,0,1,0,0,0,3,0.0139160931709899,2,2,1,6,1.4604166666666667,0,2,1,0,0,6,0.6688648139425342
0,0,0,0,1,1,0,0,0,0,1,0,0,0,49.0,49.0,0,1,0,0,1,0,0,0,1,0,0,0,0.98,1,0,0,2,24.5,0,0,1,0,0,2,0.02
1,0,1,1,30,1,1,0,0,1,0,1,1,1,100.05,3046.15,1,1,0,0,0,1,0,0,0,1,0,2,0.0328339596015949,1,2,1,5,3.22741935483871,0,0,1,1,1,5,0.2968827313211282
0,0,0,0,1,1,0,0,0,0,0,0,0,1,69.35,69.35,1,1,0,0,0,1,0,0,0,1,0,0,0.9857853589196872,0,0,0,1,34.675,0,0,0,1,1,1,0.014214641080312724
0,0,1,0,17,0,0,0,1,0,0,1,1,1,49.8,836.35,0,1,0,0,1,0,0,0,0,0,1,1,0.0594733385083895,1,2,0,3,2.7666666666666666,0,0,1,0,0,3,0.3346456692913386
1,0,0,0,3,1,0,0,0,0,1,0,1,0,85.8,272.2,1,1,0,0,0,1,0,0,0,1,0,0,0.3140556368960469,1,1,0,3,21.45,1,0,1,1,1,3,0.03456221198156682
0,0,1,1,67,1,1,1,0,1,0,1,1,1,79.7,5293.4,1,0,0,1,1,0,0,0,0,1,0,3,0.0150536415835599,2,2,0,6,1.1720588235294118,0,2,1,0,0,6,0.8302354399008673
0,0,0,0,1,1,0,0,0,0,0,0,0,0,20.95,20.95,0,1,0,0,0,0,1,1,0,0,0,0,0.9544419134396356,0,0,0,1,10.475,0,0,0,0,0,1,0.04555808656036447
1,1,0,0,1,1,1,0,0,0,0,0,0,0,50.55,50.55,1,1,0,0,1,0,0,0,0,0,1,0,0.9806013579049466,0,0,0,2,25.275,0,0,0,0,0,2,0.019398642095053348
1,1,1,0,32,1,1,0,0,1,0,0,0,0,79.3,2570.0,0,1,0,0,0,1,0,0,0,0,1,2,0.0308440295604823,1,0,0,3,2.403030303030303,0,0,1,1,0,3,0.3985056039850561
0,0,1,1,41,1,0,0,0,0,0,0,0,0,19.5,798.2,0,0,1,0,0,0,1,1,0,0,0,2,0.0243993993993993,0,0,0,1,0.4642857142857143,0,1,0,0,0,1,2.0
0,0,1,0,1,1,0,0,0,0,0,1,0,1,80.55,80.55,1,1,0,0,0,1,0,0,0,1,0,0,0.987737584304108,0,1,0,2,40.275,1,0,0,1,1,2,0.012262415695892091
1,0,0,0,1,1,0,0,0,0,0,0,0,0,44.15,44.15,0,1,0,0,1,0,0,1,0,0,0,0,0.9778516057585824,0,0,0,1,22.075,0,0,0,0,0,1,0.0221483942414175
1,0,1,1,12,1,1,0,1,1,0,0,0,1,84.5,916.9,1,1,0,0,0,1,0,0,0,1,0,0,0.0920579583832661,2,0,0,4,6.5,0,0,1,1,1,4,0.14035087719298245
0,0,1,1,62,1,1,1,1,0,0,1,1,1,105.5,6487.2,0,1,0,0,0,1,0,0,0,1,0,3,0.0162602879072778,2,2,1,6,1.6746031746031746,0,0,1,1,0,6,0.5821596244131455
1,0,0,0,22,1,0,0,1,0,0,0,1,1,84.3,1855.65,1,1,0,0,0,1,0,0,0,0,1,1,0.0454043573102092,1,1,0,3,3.6652173913043478,0,0,1,1,0,3,0.2579132473622509
1,0,0,1,17,1,1,0,1,1,1,0,0,1,92.7,1556.85,0,1,0,0,0,1,0,0,1,0,0,1,0.0595050871393266,3,0,1,5,5.15,0,0,1,1,0,5,0.1814300960512273
1,0,1,1,72,1,1,0,0,0,0,0,0,1,26.25,1988.05,0,0,0,1,0,0,1,1,0,0,0,3,0.013197254970966,0,0,0,2,0.3595890410958904,0,2,0,0,0,2,2.6422018348623855
0,0,1,1,56,1,1,0,1,0,1,1,0,1,96.95,5432.2,0,1,0,0,0,1,0,0,1,0,0,3,0.0178439961716851,2,1,1,5,1.7008771929824562,0,0,1,1,0,5,0.5717202654415517
1,0,0,0,9,1,0,0,0,0,0,0,0,1,20.45,147.55,0,1,0,0,0,0,1,0,1,0,0,0,0.1376640861662739,0,0,0,1,2.045,0,0,0,0,0,1,0.4195804195804196
0,0,1,0,72,1,1,1,1,1,1,1,1,1,115.8,8424.9,0,0,0,1,0,1,0,1,0,0,0,3,0.0137433389904935,4,2,1,8,1.5863013698630137,0,2,1,0,0,8,0.6164383561643836
0,0,0,0,20,1,0,1,1,1,1,1,1,1,108.2,2203.7,0,1,0,0,0,1,0,1,0,0,0,1,0.0490769719236177,4,2,1,7,5.152380952380953,0,0,1,1,0,7,0.18315018315018314
0,0,1,1,19,1,0,0,0,0,0,0,0,0,20.2,387.4,0,0,0,1,0,0,1,0,0,0,1,1,0.0520082389289392,0,0,0,1,1.01,0,2,0,0,0,1,0.8962264150943396
0,0,0,0,2,1,0,0,0,0,0,0,0,1,67.75,116.65,1,1,0,0,0,1,0,0,0,1,0,0,0.5758606034849129,0,0,0,1,22.583333333333332,0,0,0,1,1,1,0.02909090909090909
0,0,0,0,53,0,0,0,0,1,1,1,1,0,54.9,3045.75,0,0,1,0,1,0,0,0,1,0,0,3,0.0180192007877246,2,2,0,4,1.0166666666666666,0,1,1,0,0,4,0.9481216457960644
1,1,0,0,27,1,1,0,0,0,0,0,1,1,85.25,2287.25,1,1,0,0,0,1,0,0,0,1,0,2,0.0372555446301759,0,1,0,3,3.044642857142857,0,0,0,1,1,3,0.3130434782608696
0,0,0,0,6,1,0,0,0,0,0,0,0,0,20.15,130.5,0,1,0,0,0,0,1,1,0,0,0,0,0.1532319391634981,0,0,0,1,2.8785714285714286,0,0,0,0,0,1,0.28368794326241137
0,0,1,1,9,1,1,0,0,1,0,1,0,1,90.35,767.9,0,0,1,0,0,1,0,0,0,1,0,0,0.117505527376772,1,1,1,4,9.035,1,1,1,0,1,4,0.09852216748768473
1,0,1,1,8,1,1,0,1,0,0,0,0,0,55.75,446.8,0,1,0,0,1,0,0,0,0,1,0,0,0.124497543546226,1,0,0,3,6.194444444444445,0,0,1,0,1,3,0.14096916299559473
1,0,1,1,71,1,1,1,1,1,1,1,1,0,114.6,8100.25,0,0,0,1,0,1,0,1,0,0,0,3,0.0141459651288381,4,2,1,8,1.5916666666666666,0,2,1,0,0,8,0.6141868512110727
1,0,0,0,10,1,1,0,1,0,0,0,0,1,80.05,830.7,1,1,0,0,0,1,0,1,0,0,0,0,0.0962486473488036,1,0,0,3,7.277272727272727,1,0,1,1,0,3,0.12338062924120913
0,0,0,0,1,1,0,0,0,0,0,0,0,0,20.0,20.0,1,1,0,0,0,0,1,0,0,0,1,0,0.9523809523809524,0,0,0,1,10.0,0,0,0,0,0,1,0.047619047619047616
1,0,1,0,71,0,0,1,1,1,1,1,1,0,66.8,4689.15,0,0,1,0,1,0,0,1,0,0,0,3,0.0142426148417428,4,2,0,6,0.9277777777777777,0,1,1,0,0,6,1.047197640117994
0,0,1,0,68,1,0,0,1,0,1,1,1,1,100.3,6754.35,0,0,1,0,0,1,0,0,0,1,0,3,0.0148474912476777,2,2,1,5,1.453623188405797,0,1,1,0,1,5,0.6712734452122409
0,0,0,0,34,1,1,0,1,0,1,1,1,1,105.35,3540.65,0,1,0,0,0,1,0,0,0,1,0,2,0.0297460223342227,2,2,1,6,3.01,0,0,1,1,1,6,0.31969910672308416
0,0,0,0,26,1,0,0,1,1,1,0,0,1,85.2,2184.6,0,0,1,0,0,1,0,0,0,1,0,2,0.0389824304538799,3,0,0,4,3.1555555555555554,0,1,1,0,1,4,0.30162412993039445
1,0,0,0,22,1,0,1,0,0,0,0,0,1,48.8,1054.6,1,1,0,0,1,0,0,0,1,0,0,1,0.0462296324365289,1,0,0,2,2.1217391304347823,0,0,1,0,0,2,0.44176706827309237
0,0,0,0,7,1,0,0,0,0,0,0,0,1,18.95,130.55,0,1,0,0,0,0,1,0,0,0,1,0,0.1440516913721018,0,0,0,1,2.36875,0,0,0,0,0,1,0.3508771929824562
1,0,1,0,20,1,0,0,0,0,0,0,0,1,69.8,1540.35,0,1,0,0,0,1,0,1,0,0,0,1,0.0452849774548285,0,0,0,1,3.3238095238095235,0,0,0,1,0,1,0.2824858757062147
1,0,1,0,60,1,1,0,1,1,0,1,1,1,106.15,6411.25,0,1,0,0,0,1,0,0,0,1,0,3,0.0165542516277437,2,2,1,6,1.7401639344262296,0,0,1,1,1,6,0.5599626691553896
0,0,1,1,72,1,0,0,0,0,0,0,0,0,20.55,1432.55,0,0,0,1,0,0,1,0,0,1,0,3,0.014335042377315,0,0,0,1,0.28150684931506853,0,2,0,0,1,1,3.3410672853828305
1,1,1,0,72,1,1,0,1,1,0,1,1,1,105.75,7629.85,0,0,1,0,0,1,0,0,1,0,0,3,0.0138582202506929,2,2,1,6,1.4486301369863013,0,1,1,0,0,6,0.6744730679156908
0,0,0,0,4,1,1,0,0,0,0,0,0,0,25.25,101.9,0,1,0,0,0,0,1,0,0,0,1,0,0.2453838678328474,0,0,0,2,5.05,0,0,0,0,0,2,0.1523809523809524
0,0,1,1,16,1,0,0,0,0,0,0,0,0,19.75,313.4,0,1,0,0,0,0,1,0,0,1,0,1,0.0628180661577608,0,0,0,1,1.161764705882353,0,0,0,0,1,1,0.7710843373493976
1,1,1,0,62,1,1,1,0,1,0,1,1,1,104.85,6312.9,0,0,1,0,0,1,0,0,0,1,0,3,0.016606218026893,2,2,1,6,1.6642857142857141,0,1,1,0,0,6,0.5857345299952764
1,0,0,0,10,1,0,0,0,0,1,0,1,1,60.95,629.55,0,1,0,0,1,0,0,0,0,0,1,0,0.0966616445959876,1,1,0,3,5.540909090909091,0,0,1,0,0,3,0.16142050040355124
0,0,0,0,31,1,1,0,1,0,0,0,0,1,81.15,2640.55,0,1,0,0,0,1,0,0,0,1,0,2,0.0307205996479339,1,0,0,3,2.5359375,0,0,1,1,1,3,0.3773584905660377
1,0,1,0,71,1,0,0,0,0,0,0,0,0,19.1,1372.45,0,0,0,1,0,0,1,0,1,0,0,3,0.0139065856055917,0,0,0,1,0.2652777777777778,0,2,0,0,0,1,3.532338308457711
0,0,0,0,58,1,0,0,0,0,0,0,0,0,20.8,1212.25,0,0,0,1,0,0,1,0,0,0,1,3,0.0171440346177622,0,0,0,1,0.3525423728813559,0,2,0,0,0,1,2.6605504587155964
0,0,1,1,70,1,1,1,1,1,1,1,1,1,90.15,6237.05,0,0,0,1,1,0,0,0,1,0,0,3,0.0144516315194652,4,2,1,8,1.269718309859155,0,2,1,0,0,8,0.7679648930334613
1,0,1,0,71,1,1,1,1,1,1,1,1,0,90.1,6310.9,0,0,0,1,1,0,0,0,0,1,0,3,0.0142746241226888,4,2,1,8,1.2513888888888889,0,2,1,0,0,8,0.7793633369923162
0,1,0,0,69,1,1,1,0,1,1,0,1,0,74.1,5031.0,0,0,0,1,1,0,0,0,1,0,0,3,0.0147257551669316,3,1,0,6,1.0585714285714285,0,2,1,0,0,6,0.918774966711052
1,1,0,0,1,1,1,0,0,0,0,0,1,1,85.05,85.05,1,1,0,0,0,1,0,0,0,1,0,0,0.9883788495061012,0,1,0,3,42.525,1,0,0,1,1,3,0.011621150493898896
1,0,1,1,72,1,1,1,1,1,1,1,1,1,118.75,8672.45,0,0,0,1,0,1,0,1,0,0,0,3,0.0136912070744628,4,2,1,8,1.6267123287671232,0,2,1,0,0,8,0.6012526096033403
1,0,1,0,26,1,0,0,0,0,1,0,1,0,85.9,2196.45,0,1,0,0,0,1,0,0,1,0,0,2,0.0390907642949782,1,1,0,3,3.1814814814814816,0,0,1,1,0,3,0.2991944764096663
1,0,1,0,33,1,1,0,0,1,1,0,1,1,95.0,3008.15,0,1,0,0,0,1,0,0,1,0,0,2,0.0315703770167655,2,1,1,5,2.7941176470588234,0,0,1,1,0,5,0.34375
1,0,1,1,10,1,0,0,0,0,0,0,0,0,20.15,220.8,0,0,0,1,0,0,1,0,0,0,1,0,0.0908476104598737,0,0,0,1,1.8318181818181818,0,2,0,0,0,1,0.4728132387706856
1,1,0,0,57,1,1,1,0,1,1,0,1,0,101.3,5779.6,0,0,0,1,0,1,0,0,1,0,0,3,0.0175241324429989,3,1,1,6,1.746551724137931,0,2,1,0,0,6,0.5571847507331379
1,0,0,0,10,1,0,0,0,0,0,0,0,1,21.2,222.65,0,1,0,0,0,0,1,0,0,1,0,0,0.0947909680304046,0,0,0,1,1.9272727272727272,0,0,0,0,1,1,0.45045045045045046
1,0,1,1,39,1,1,0,0,0,0,0,0,1,24.2,914.6,0,0,1,0,0,0,1,0,0,0,1,2,0.0264307557885539,0,0,0,2,0.605,0,1,0,0,0,2,1.5476190476190477
1,0,0,0,11,1,0,0,0,0,0,0,0,0,20.3,246.3,0,1,0,0,0,0,1,1,0,0,0,0,0.0820865345733926,0,0,0,1,1.6916666666666667,0,0,0,0,0,1,0.5164319248826291
1,0,1,1,21,1,0,0,1,1,1,1,1,1,102.8,2110.15,1,1,0,0,0,1,0,0,0,1,0,1,0.0486938398503185,3,2,1,6,4.672727272727273,0,0,1,1,1,6,0.2023121387283237
1,0,1,1,68,1,1,0,1,1,1,1,1,0,85.3,5560.0,0,0,0,1,1,0,0,1,0,0,0,3,0.0153389678115446,3,2,0,7,1.236231884057971,0,2,1,0,0,7,0.7879490150637312
0,0,0,0,18,1,1,0,0,1,0,1,0,1,89.6,1633.0,0,0,1,0,0,1,0,0,1,0,0,1,0.0548347613219094,1,1,0,4,4.71578947368421,0,1,1,0,0,4,0.19867549668874174
1,0,0,0,6,1,0,0,0,1,1,1,1,1,99.95,547.65,1,1,0,0,0,1,0,0,0,0,1,0,0.1821744281418026,2,2,1,5,14.278571428571428,1,0,1,1,0,5,0.05943536404160475
0,0,0,0,18,1,1,1,0,0,0,0,0,0,56.25,969.85,0,1,0,0,1,0,0,0,0,0,1,1,0.0579389195035278,1,0,0,3,2.960526315789474,0,0,1,0,0,3,0.314410480349345
1,0,1,1,52,1,0,0,0,1,0,0,0,1,50.95,2610.65,0,0,1,0,1,0,0,1,0,0,0,3,0.0195087396856393,1,0,0,2,0.9613207547169812,0,1,1,0,0,2,1.0009624639076034
0,0,1,1,56,1,1,1,1,1,1,1,1,0,115.85,6567.9,0,0,0,1,0,1,0,0,0,0,1,3,0.0176361339036977,4,2,1,8,2.032456140350877,0,2,1,0,0,8,0.47924689773213525
0,0,0,0,45,1,1,0,0,1,1,1,1,1,103.65,4747.85,0,1,0,0,0,1,0,1,0,0,0,2,0.0218263369026185,2,2,1,6,2.2532608695652177,0,0,1,1,0,6,0.43000477783086477
1,0,0,0,67,1,1,0,0,0,0,0,0,1,26.1,1759.55,0,0,0,1,0,0,1,0,0,0,1,3,0.0148249126693362,0,0,0,2,0.38382352941176473,0,2,0,0,0,2,2.4723247232472323
0,0,1,0,3,0,0,1,0,0,1,0,0,0,35.1,101.1,0,1,0,0,1,0,0,0,0,0,1,0,0.3437806072477963,2,0,0,2,8.775,0,0,1,0,0,2,0.08310249307479224
0,1,0,0,65,1,0,0,1,1,0,1,1,1,99.1,6496.15,0,1,0,0,0,1,0,1,0,0,0,3,0.015252841630561,2,2,1,5,1.5015151515151515,0,0,1,1,0,5,0.6493506493506493
0,0,1,0,63,1,1,0,1,0,1,0,1,0,67.25,4234.15,0,0,0,1,1,0,0,0,0,0,1,3,0.0158790125497325,2,1,0,5,1.05078125,0,2,1,0,0,5,0.9230769230769231
1,0,1,1,11,1,1,0,0,0,0,0,0,0,25.0,300.7,0,0,0,1,0,0,1,0,0,0,1,0,0.0828637719588995,0,0,0,2,2.0833333333333335,0,2,0,0,0,2,0.4230769230769231
0,0,0,1,1,1,0,0,0,0,1,0,1,1,59.55,59.55,0,1,0,0,1,0,0,0,0,0,1,0,0.9834847233691164,1,1,0,3,29.775,0,0,1,0,0,3,0.016515276630883566
0,0,0,0,55,1,1,0,0,1,0,1,1,1,77.8,4323.35,0,0,0,1,1,0,0,1,0,0,0,3,0.0179911431775873,1,2,0,5,1.3892857142857142,0,2,1,0,0,5,0.6979695431472082
0,0,1,1,25,1,1,0,0,0,1,0,0,1,55.1,1466.1,0,0,1,0,1,0,0,0,0,0,1,2,0.0375570854065844,1,0,0,3,2.1192307692307693,0,1,1,0,0,3,0.44563279857397503
0,0,1,0,72,1,1,1,1,1,1,1,1,1,117.8,8684.8,1,0,1,0,0,1,0,1,0,0,0,3,0.0135623661608602,4,2,1,8,1.6136986301369862,0,1,1,0,0,8,0.6060606060606061
1,0,1,0,72,1,1,0,0,0,0,0,0,1,24.15,1776.45,0,0,0,1,0,0,1,0,1,0,0,3,0.0135868800810149,0,0,0,2,0.3308219178082192,0,2,0,0,0,2,2.862823061630219
1,0,0,1,65,0,0,0,1,0,1,1,0,0,45.25,2933.95,0,0,0,1,1,0,0,0,0,0,1,3,0.0154176391420637,2,1,0,3,0.6856060606060606,0,2,1,0,0,3,1.4054054054054055
1,1,0,0,54,1,1,0,1,0,0,0,0,1,79.5,4370.25,1,1,0,0,0,1,0,0,0,1,0,3,0.018187017443523,1,0,0,3,1.4454545454545455,0,0,1,1,1,3,0.6708074534161491
0,0,1,1,7,1,0,0,0,0,0,0,0,0,20.25,144.35,0,1,0,0,0,0,1,0,0,0,1,0,0.1393188854489164,0,0,0,1,2.53125,0,0,0,0,0,1,0.32941176470588235
1,0,1,0,72,1,1,1,1,0,1,0,0,0,64.75,4804.75,0,0,0,1,1,0,0,1,0,0,0,3,0.0134734432710815,3,0,0,5,0.886986301369863,0,2,1,0,0,5,1.0950570342205324
0,0,1,0,21,1,0,0,0,0,0,1,0,0,54.6,1125.2,0,1,0,0,1,0,0,1,0,0,0,1,0.0484816196057538,0,1,0,2,2.481818181818182,0,0,0,0,0,2,0.3776978417266187
1,0,0,0,2,1,0,0,0,0,0,0,0,1,20.7,39.85,0,1,0,0,0,0,1,1,0,0,0,0,0.5067319461444308,0,0,0,1,6.8999999999999995,0,0,0,0,0,1,0.09216589861751152
0,1,0,0,4,1,0,0,0,1,0,1,1,1,94.75,422.4,0,1,0,0,0,1,0,0,0,1,0,0,0.2237836561171469,1,2,1,4,18.95,1,0,1,1,1,4,0.04177545691906005
0,0,1,0,3,1,1,0,0,0,1,0,0,1,79.65,251.75,1,1,0,0,0,1,0,1,0,0,0,0,0.31513353115727,1,0,0,3,19.9125,1,0,1,1,0,3,0.037197768133911964
0,0,1,0,72,1,1,1,1,1,1,1,1,0,115.8,8332.15,0,0,0,1,0,1,0,0,1,0,0,3,0.0138963057187258,4,2,1,8,1.5863013698630137,0,2,1,0,0,8,0.6164383561643836
1,0,0,0,6,1,0,1,0,0,0,0,0,1,49.45,314.6,0,1,0,0,1,0,0,0,0,1,0,0,0.1566856780735107,1,0,0,2,7.064285714285715,0,0,1,0,0,2,0.11892963330029732
0,0,0,0,52,1,0,0,0,1,0,0,1,1,83.8,4331.4,0,1,0,0,0,1,0,0,1,0,0,3,0.0193426276428769,1,1,0,3,1.581132075471698,0,0,1,1,0,3,0.6132075471698113
0,1,1,0,69,1,1,0,1,1,0,0,1,1,95.35,6382.0,0,1,0,0,0,1,0,1,0,0,0,3,0.0149381168729437,2,1,1,5,1.362142857142857,0,0,1,1,0,5,0.7161390762843799
0,0,0,0,8,1,0,0,0,1,0,1,1,1,94.7,740.3,1,1,0,0,0,1,0,0,0,1,0,0,0.1277485498448671,1,2,1,4,10.522222222222222,1,0,1,1,1,4,0.08359456635318704
1,1,0,0,8,1,0,0,0,1,0,0,0,1,74.05,600.15,0,1,0,0,0,1,0,1,0,0,0,0,0.1231805705730682,1,0,0,2,8.227777777777778,1,0,1,1,0,2,0.10659560293137908
1,1,0,0,63,1,1,0,0,1,0,0,1,1,89.6,5538.8,0,1,0,0,0,1,0,1,0,0,0,3,0.016173869092747,1,1,0,4,1.4,0,0,1,1,0,4,0.695364238410596
0,0,0,0,60,1,1,1,1,1,1,1,1,1,116.6,7049.5,0,0,1,0,0,1,0,0,1,0,0,3,0.0165378341961563,4,2,1,8,1.9114754098360656,0,1,1,0,0,8,0.5102040816326531
1,0,1,0,12,1,0,1,0,0,1,0,0,0,54.2,690.5,0,1,0,0,1,0,0,1,0,0,0,0,0.0783803326102675,2,0,0,3,4.1692307692307695,0,0,1,0,0,3,0.21739130434782608
1,0,0,0,13,1,0,0,0,0,0,0,0,1,19.3,279.3,0,1,0,0,0,0,1,0,0,0,1,1,0.0688547984302533,0,0,0,1,1.3785714285714286,0,0,0,0,0,1,0.6403940886699507
0,0,0,0,22,1,1,1,1,1,0,0,0,0,65.05,1427.55,0,1,0,0,1,0,0,0,0,0,1,1,0.0455356830352455,3,0,0,5,2.8282608695652174,0,0,1,0,0,5,0.3330809992429977
0,0,0,0,5,1,1,0,0,1,0,1,0,1,92.5,452.7,1,1,0,0,0,1,0,0,0,1,0,0,0.2038792153405334,1,1,1,4,15.416666666666666,1,0,1,1,1,4,0.053475935828877004
1,0,1,1,1,1,0,0,0,0,0,0,0,0,19.45,19.45,1,1,0,0,0,0,1,0,0,0,1,0,0.9511002444987776,0,0,0,1,9.725,0,0,0,0,0,1,0.0488997555012225
1,0,1,1,72,1,1,0,0,0,0,0,0,1,24.05,1709.15,0,0,0,1,0,0,1,1,0,0,0,3,0.0140630938806537,0,0,0,2,0.32945205479452055,0,2,0,0,0,2,2.874251497005988
1,0,0,0,2,1,0,0,0,0,0,0,0,0,18.75,53.15,0,1,0,0,0,0,1,1,0,0,0,0,0.3462603878116344,0,0,0,1,6.25,0,0,0,0,0,1,0.10126582278481013
1,0,1,1,40,1,0,0,0,0,0,0,0,0,20.15,777.35,0,0,0,1,0,0,1,1,0,0,0,2,0.0258880966146335,0,0,0,1,0.49146341463414633,0,2,0,0,0,1,1.8912529550827424
0,0,1,1,44,1,0,0,0,0,0,0,0,0,20.0,860.85,0,0,1,0,0,0,1,1,0,0,0,2,0.0232058942971514,0,0,0,1,0.4444444444444444,0,1,0,0,0,1,2.0952380952380953
0,1,1,0,71,1,0,1,1,0,1,1,0,1,71.0,5012.1,0,0,1,0,1,0,0,1,0,0,0,3,0.0141628932197642,3,1,0,5,0.9861111111111112,0,1,1,0,0,5,0.9861111111111112
1,0,0,0,2,1,1,0,0,0,0,0,0,1,75.55,166.3,1,1,0,0,0,1,0,0,0,1,0,0,0.4515839808726837,0,0,0,2,25.183333333333334,1,0,0,1,1,2,0.02612671456564337
0,1,0,0,26,1,1,0,0,0,0,1,1,1,93.6,2404.1,0,1,0,0,0,1,0,0,0,1,0,2,0.0389173007359361,0,2,1,4,3.4666666666666663,0,0,0,1,1,4,0.2748414376321353
0,0,1,1,1,1,0,0,0,0,0,0,0,1,70.0,70.0,1,1,0,0,0,1,0,0,0,1,0,0,0.9859154929577464,0,0,0,1,35.0,0,0,0,1,1,1,0.014084507042253521
1,0,0,0,1,0,0,0,0,0,0,0,0,0,24.4,24.4,0,1,0,0,1,0,0,0,0,0,1,0,0.9606299212598424,0,0,0,0,12.2,0,0,0,0,0,0,0.03937007874015748
0,0,1,1,65,1,0,1,0,0,1,1,1,1,74.8,4820.15,1,0,0,1,1,0,0,1,0,0,0,3,0.0155149704945915,2,2,0,5,1.1333333333333333,0,2,1,0,0,5,0.8575197889182058
0,0,0,0,3,1,1,0,0,0,1,1,0,1,65.25,209.9,0,1,0,0,1,0,0,0,0,0,1,0,0.3093883357041251,1,1,0,4,16.3125,0,0,1,0,0,4,0.045283018867924525
0,0,0,0,13,1,0,0,0,0,1,0,0,1,50.55,610.75,0,1,0,0,1,0,0,0,0,0,1,1,0.0826317940335104,1,0,0,2,3.6107142857142853,0,0,1,0,0,2,0.2521823472356935
1,0,1,0,33,1,1,0,1,1,0,1,1,1,104.4,3409.6,1,1,0,0,0,1,0,0,0,1,0,2,0.0306104497742332,2,2,1,6,3.070588235294118,0,0,1,1,1,6,0.3130929791271347
1,0,0,0,1,1,0,0,0,0,0,0,0,1,70.7,70.7,0,1,0,0,0,1,0,0,0,0,1,0,0.9860529986052998,0,0,0,1,35.35,1,0,0,1,0,1,0.01394700139470014
0,0,1,1,4,1,0,0,0,0,0,0,0,0,45.25,155.35,0,1,0,0,1,0,0,0,0,0,1,0,0.2894147745442916,0,0,0,1,9.05,0,0,0,0,0,1,0.08648648648648649
0,0,0,0,2,1,0,0,0,0,0,0,0,1,70.3,144.0,0,1,0,0,0,1,0,0,0,1,0,0,0.4848275862068965,0,0,0,1,23.433333333333334,1,0,0,1,1,1,0.028050490883590466
0,0,1,0,72,1,1,1,1,0,1,1,1,1,108.95,7875.0,0,0,0,1,0,1,0,0,1,0,0,3,0.0138331640426612,3,2,1,7,1.4924657534246575,0,2,1,0,0,7,0.6548431105047748
1,0,1,1,37,1,1,0,0,0,0,0,0,0,26.45,911.6,0,1,0,0,0,0,1,0,0,0,1,2,0.0289831251369712,0,0,0,2,0.6960526315789474,0,0,0,0,0,2,1.3479052823315119
1,0,0,0,15,1,0,1,0,0,0,1,0,0,86.2,1270.2,1,1,0,0,0,1,0,0,0,1,0,1,0.0678099433606041,1,1,0,3,5.3875,0,0,1,1,0,3,0.1720183486238532
1,0,0,0,23,1,0,0,0,0,0,0,0,1,19.65,478.1,0,0,1,0,0,0,1,0,1,0,0,1,0.041014402003757,0,0,0,1,0.81875,0,1,0,0,0,1,1.1138014527845037
1,0,1,1,30,0,0,0,0,0,1,1,1,0,51.2,1561.5,1,1,0,0,1,0,0,0,1,0,0,2,0.032768,1,2,0,3,1.6516129032258065,0,0,1,0,0,3,0.5747126436781609
1,0,1,1,42,1,0,0,0,0,0,0,0,1,19.05,761.85,0,0,1,0,0,0,1,0,0,1,0,2,0.0249721439339319,0,0,0,1,0.4430232558139535,0,1,0,0,1,1,2.0947630922693268
1,0,0,0,32,1,1,1,0,0,0,1,1,0,74.75,2282.95,0,0,1,0,1,0,0,0,0,0,1,2,0.0327283872238884,1,2,0,5,2.265151515151515,0,1,1,0,0,5,0.42244224422442245
1,0,1,1,22,1,1,0,0,0,0,0,0,1,75.8,1615.1,0,1,0,0,0,1,0,1,0,0,0,1,0.0469030381783305,0,0,0,2,3.2956521739130435,0,0,0,1,0,2,0.28645833333333337
0,0,1,0,42,0,0,0,0,0,0,0,0,1,25.1,1097.15,0,1,0,0,1,0,0,0,1,0,0,2,0.0228566225014797,0,0,0,0,0.5837209302325582,0,0,0,0,0,0,1.6091954022988504
1,0,0,0,8,1,0,0,0,0,0,0,0,0,44.45,369.3,0,1,0,0,1,0,0,0,0,0,1,0,0.1200378071833648,0,0,0,1,4.938888888888889,0,0,0,0,0,1,0.176017601760176
1,0,1,1,65,1,1,1,0,1,0,1,1,1,104.3,6725.3,0,0,0,1,0,1,0,0,1,0,0,3,0.0155062961806639,2,2,1,6,1.5803030303030303,0,2,1,0,0,6,0.6172839506172839
1,0,0,0,2,1,0,0,0,0,0,0,0,0,19.5,31.55,1,1,0,0,0,0,1,0,0,0,1,0,0.599078341013825,0,0,0,1,6.5,0,0,0,0,0,1,0.0975609756097561
1,0,1,1,70,1,1,1,1,1,1,1,1,1,89.0,6293.2,0,0,0,1,1,0,0,1,0,0,0,3,0.0141400019065171,4,2,0,8,1.2535211267605635,0,2,1,0,0,8,0.7777777777777778
0,0,0,1,22,1,0,0,0,0,0,0,0,0,20.15,432.5,0,1,0,0,0,0,1,0,1,0,0,1,0.0464821222606689,0,0,0,1,0.8760869565217391,0,0,0,0,0,1,1.0401891252955084
1,1,0,0,4,1,1,0,0,0,0,0,0,1,74.9,321.75,1,1,0,0,0,1,0,0,0,1,0,0,0.2320681642137878,0,0,0,2,14.98,1,0,0,1,1,2,0.052700922266139656
1,0,0,0,2,1,1,0,0,0,0,0,0,0,74.9,147.15,1,1,0,0,0,1,0,0,1,0,0,0,0.5055686803914952,0,0,0,2,24.96666666666667,1,0,0,1,0,2,0.026350461133069828
1,0,1,1,67,0,0,1,1,0,0,0,0,0,36.15,2434.45,0,0,0,1,1,0,0,1,0,0,0,3,0.0148432527869592,2,0,0,2,0.5316176470588235,0,2,1,0,0,2,1.80349932705249
1,0,0,0,25,1,0,0,0,0,0,0,0,1,19.2,532.1,0,1,0,0,0,0,1,0,1,0,0,2,0.0360157568936409,0,0,0,1,0.7384615384615384,0,0,0,0,0,1,1.2376237623762376
1,0,1,0,20,1,0,0,0,0,0,0,0,0,19.25,375.25,0,1,0,0,0,0,1,1,0,0,0,1,0.0511627906976744,0,0,0,1,0.9166666666666666,0,0,0,0,0,1,0.9876543209876543
1,0,0,1,2,1,0,1,0,0,0,0,1,1,61.2,125.95,0,1,0,0,1,0,0,0,1,0,0,0,0.4820795588814494,1,1,0,3,20.400000000000002,0,0,1,0,0,3,0.03215434083601286
0,0,0,0,51,1,0,0,0,0,0,0,0,0,20.45,1042.65,0,0,0,1,0,0,1,0,0,0,1,3,0.0195946917069898,0,0,0,1,0.39326923076923076,0,2,0,0,0,1,2.3776223776223775
1,0,1,1,46,0,0,1,1,0,0,0,0,0,35.05,1620.25,0,1,0,0,1,0,0,1,0,0,0,2,0.0216191210485736,2,0,0,2,0.7457446808510638,0,0,1,0,0,2,1.2760055478502081
1,0,0,0,25,1,1,0,1,0,0,1,1,1,100.25,2387.75,1,1,0,0,0,1,0,0,0,1,0,2,0.0419675562532705,1,2,1,5,3.855769230769231,0,0,1,1,1,5,0.24691358024691357
0,0,0,1,13,1,0,0,0,0,0,0,0,0,44.0,659.35,0,1,0,0,1,0,0,0,0,0,1,1,0.0666313318694631,0,0,0,1,3.142857142857143,0,0,0,0,0,1,0.28888888888888886
1,1,0,0,25,1,1,1,1,0,0,1,1,1,102.8,2660.2,1,1,0,0,0,1,0,0,0,0,1,2,0.0386291898391703,2,2,1,6,3.9538461538461536,0,0,1,1,0,6,0.24084778420038536
0,0,1,1,26,1,0,0,0,1,0,0,0,0,50.35,1285.8,0,0,1,0,1,0,0,0,0,0,1,2,0.0391280696300901,1,0,0,2,1.864814814814815,0,1,1,0,0,2,0.5063291139240507
0,0,0,0,43,1,1,0,0,0,1,1,1,1,100.0,4211.55,1,0,1,0,0,1,0,0,0,1,0,2,0.0237385906398737,1,2,1,5,2.272727272727273,0,1,1,0,1,5,0.42574257425742573
0,0,0,1,19,1,0,0,0,0,0,0,0,1,20.0,377.55,0,1,0,0,0,0,1,0,0,1,0,1,0.0528331792365605,0,0,0,1,1.0,0,0,0,0,1,1,0.9047619047619048
0,0,1,0,10,1,0,0,1,0,1,1,1,1,99.85,990.9,1,1,0,0,0,1,0,0,0,1,0,0,0.1006653896562153,2,2,1,5,9.077272727272726,1,0,1,1,1,5,0.0991571641051066
1,0,0,1,2,1,1,0,0,0,0,1,1,1,94.2,193.8,1,1,0,0,0,1,0,1,0,0,0,0,0.4835728952772073,0,2,1,4,31.400000000000002,1,0,0,1,0,4,0.021008403361344536
1,0,1,0,72,1,1,1,1,0,1,1,1,1,86.4,6058.95,0,0,0,1,1,0,0,1,0,0,0,3,0.0142575433790707,3,2,0,7,1.1835616438356165,0,2,1,0,0,7,0.8237986270022882
0,1,0,0,18,1,1,1,1,0,0,0,0,1,58.4,964.9,0,1,0,0,1,0,0,0,1,0,0,1,0.0604617455223107,2,0,0,4,3.0736842105263156,0,0,1,0,0,4,0.30303030303030304
0,1,0,0,9,1,1,0,0,0,0,0,1,1,83.85,790.15,1,1,0,0,0,1,0,0,0,1,0,0,0.1059849586045629,0,1,0,3,8.385,1,0,0,1,1,3,0.10606953447259872
1,1,0,0,27,1,1,0,0,1,0,0,1,0,88.3,2467.75,1,1,0,0,0,1,0,0,1,0,0,2,0.0357670886075949,1,1,0,4,3.1535714285714285,0,0,1,1,0,4,0.3023516237402016
0,0,0,0,24,1,1,0,0,0,0,1,1,1,94.1,2322.85,0,1,0,0,0,1,0,0,0,1,0,1,0.0404931471480517,0,2,1,4,3.764,0,0,0,1,1,4,0.2523659305993691
0,0,0,0,69,1,0,0,1,1,1,1,1,1,104.05,7262.0,1,0,1,0,0,1,0,1,0,0,0,3,0.0143260360732479,3,2,1,6,1.4864285714285714,0,1,1,0,0,6,0.6568300809138505
1,0,1,0,46,1,1,0,1,1,1,1,1,1,108.9,4854.3,0,0,0,1,0,1,0,0,1,0,0,2,0.0224290980989846,3,2,1,7,2.317021276595745,0,2,1,0,0,7,0.41856232939035487
1,1,0,0,72,1,1,1,1,1,1,0,1,1,107.4,7748.75,0,0,0,1,0,1,0,1,0,0,0,3,0.0138585115648891,4,1,1,7,1.4712328767123288,0,2,1,0,0,7,0.6642066420664207
0,0,1,0,22,1,0,0,0,1,0,1,1,1,94.7,1914.9,1,1,0,0,0,1,0,0,1,0,0,1,0.0494284670389895,1,2,1,4,4.1173913043478265,0,0,1,1,0,4,0.22988505747126436
1,1,1,0,70,1,1,1,0,0,0,0,1,1,90.85,6470.1,0,1,0,0,0,1,0,0,0,1,0,3,0.0140393441609618,1,1,1,4,1.2795774647887324,0,0,1,1,0,4,0.7621121393576484
1,0,0,0,2,1,0,0,0,0,0,0,0,0,19.9,57.4,0,1,0,0,0,0,1,0,0,1,0,0,0.3407534246575342,0,0,0,1,6.633333333333333,0,0,0,0,1,1,0.09569377990430622
0,0,1,0,31,1,0,0,0,1,1,0,1,1,66.4,2019.8,0,1,0,0,1,0,0,0,1,0,0,2,0.0328582739509105,2,1,0,4,2.075,0,0,1,0,0,4,0.45994065281899105
1,1,1,0,56,1,1,0,0,1,0,1,1,1,100.65,5688.05,1,1,0,0,0,1,0,1,0,0,0,3,0.0176918817728794,1,2,1,5,1.7657894736842106,0,0,1,1,0,5,0.5509099852434826
1,0,1,1,16,1,0,1,0,1,0,1,1,0,100.7,1522.7,0,1,0,0,0,1,0,1,0,0,0,1,0.0660891251558705,2,2,1,5,5.923529411764706,0,0,1,1,0,5,0.15732546705998032
0,0,0,1,52,1,1,0,0,0,0,0,0,0,25.6,1334.5,0,0,0,1,0,0,1,0,1,0,0,3,0.0191688506177461,0,0,0,2,0.4830188679245283,0,2,0,0,0,2,1.9548872180451127
0,0,1,1,13,1,0,0,0,0,0,0,0,1,19.85,252.0,0,1,0,0,0,0,1,0,0,0,1,1,0.0784584980237154,0,0,0,1,1.417857142857143,0,0,0,0,0,1,0.6235011990407674
1,0,0,0,35,1,0,0,0,0,0,0,0,0,20.75,700.45,0,0,1,0,0,0,1,0,0,0,1,2,0.0295815810107634,0,0,0,1,0.5763888888888888,0,1,0,0,0,1,1.6091954022988506
1,0,0,0,59,1,0,0,0,1,0,1,1,0,95.8,5655.45,0,0,0,1,0,1,0,0,0,1,0,3,0.0169364177178265,1,2,1,4,1.5966666666666667,0,2,1,0,1,4,0.609504132231405
0,0,1,0,72,1,0,0,0,1,0,1,1,1,94.65,6747.35,0,1,0,0,0,1,0,0,0,1,0,3,0.0140256507146191,1,2,1,4,1.2965753424657536,0,0,1,1,1,4,0.7527443805541034
1,1,1,0,66,1,1,0,1,1,0,1,1,1,80.55,5265.1,1,0,0,1,1,0,0,1,0,0,0,3,0.0152959495641936,2,2,0,6,1.2022388059701492,0,2,1,0,0,6,0.809319435928878
1,0,1,0,49,1,1,1,1,1,1,0,1,0,106.65,5174.35,0,0,0,1,0,1,0,0,1,0,0,3,0.0206073019216091,4,1,1,7,2.133,0,2,1,0,0,7,0.4551788202508128
1,0,0,0,2,1,0,0,0,0,0,0,0,1,45.85,105.6,0,1,0,0,1,0,0,0,0,0,1,0,0.4301125703564728,0,0,0,1,15.283333333333333,0,0,0,0,0,1,0.042689434364994665
0,1,0,0,21,1,1,0,1,1,0,1,1,1,104.35,2271.85,0,1,0,0,0,1,0,0,0,1,0,1,0.0459115207778779,2,2,1,6,4.743181818181818,0,0,1,1,1,6,0.19933554817275748
0,1,0,0,54,0,0,0,1,1,0,1,1,1,55.45,2966.95,0,0,1,0,1,0,0,0,0,1,0,3,0.0186829292946309,2,2,0,4,1.0081818181818183,0,1,1,0,1,4,0.9565987599645703
0,1,1,0,24,1,1,1,0,0,0,0,0,1,78.85,1772.25,1,1,0,0,0,1,0,0,0,1,0,1,0.0444663752995911,1,0,0,3,3.154,0,0,1,1,0,3,0.30056355666875395
0,0,0,0,1,1,1,1,1,0,0,0,0,0,61.15,61.15,0,1,0,0,1,0,0,0,0,1,0,0,0.9839098954143202,2,0,0,4,30.575,0,0,1,0,0,4,0.016090104585679808
0,0,0,0,6,1,0,1,1,0,0,0,0,1,78.95,494.95,0,1,0,0,0,1,0,0,0,1,0,0,0.1591894344187922,2,0,0,3,11.278571428571428,1,0,1,1,0,3,0.07504690431519699
1,0,0,0,1,1,0,0,0,0,0,0,0,1,44.45,44.45,1,1,0,0,1,0,0,0,0,0,1,0,0.977997799779978,0,0,0,1,22.225,0,0,0,0,0,1,0.022002200220022
0,0,0,1,49,1,1,1,1,1,0,1,1,1,109.2,5290.45,0,0,1,0,0,1,0,0,1,0,0,3,0.0206370654546485,3,2,1,7,2.184,0,1,1,0,0,7,0.44464609800362975
1,0,1,1,56,1,0,1,1,1,0,0,0,1,61.3,3346.8,0,0,0,1,1,0,0,0,1,0,0,3,0.0183105322898619,3,0,0,4,1.075438596491228,0,2,1,0,0,4,0.8988764044943821
1,1,0,0,56,1,1,1,1,0,0,0,1,1,96.85,5219.65,0,1,0,0,0,1,0,0,0,1,0,3,0.0185513298152528,2,1,1,5,1.6991228070175437,0,0,1,1,0,5,0.5723045477772101
1,0,1,1,6,0,0,0,1,1,1,0,0,0,40.55,217.5,0,0,0,1,1,0,0,0,0,0,1,0,0.1855835240274599,3,0,0,3,5.792857142857143,0,2,1,0,0,3,0.1444043321299639
0,0,0,0,32,1,0,0,0,0,0,0,0,0,19.8,607.7,0,0,1,0,0,0,1,0,0,0,1,2,0.0325283390832922,0,0,0,1,0.6,0,1,0,0,0,1,1.5384615384615383
0,0,1,1,50,1,1,1,1,1,0,1,1,1,108.25,5431.4,0,0,1,0,0,1,0,0,0,1,0,3,0.0199267358810102,3,2,1,7,2.122549019607843,0,1,1,0,0,7,0.4576659038901602
0,0,1,1,58,1,1,0,0,1,1,1,1,1,105.05,6004.85,0,0,1,0,0,1,0,1,0,0,0,3,0.0174912793359807,2,2,1,6,1.7805084745762711,0,1,1,0,0,6,0.5469118340405469
1,0,1,1,65,1,1,1,1,1,1,1,1,1,90.45,5957.9,0,0,0,1,1,0,0,0,0,0,1,3,0.0151789759855006,4,2,1,8,1.3704545454545456,0,2,1,0,0,8,0.7107709130672498
1,0,0,0,64,1,1,1,1,1,1,1,1,1,86.4,5442.05,0,0,0,1,1,0,0,0,1,0,0,3,0.0158734533028357,4,2,0,8,1.3292307692307692,0,2,1,0,0,8,0.7322654462242563
1,0,1,0,66,1,1,1,1,1,0,0,0,0,66.9,4370.25,0,0,0,1,1,0,0,1,0,0,0,3,0.0153045467543608,3,0,0,5,0.9985074626865672,0,2,1,0,0,5,0.9720176730486008
0,0,1,0,38,1,1,1,0,1,1,1,1,1,110.7,4428.6,0,0,1,0,0,1,0,0,0,1,0,2,0.0249909698392631,3,2,1,7,2.8384615384615386,0,1,1,0,0,7,0.34019695613249773
1,0,1,0,20,1,0,0,0,0,0,0,0,1,20.0,416.45,0,0,1,0,0,0,1,0,0,0,1,1,0.0479099293328542,0,0,0,1,0.9523809523809523,0,1,0,0,0,1,0.9523809523809523
0,0,0,0,36,1,1,0,0,0,0,0,1,1,84.9,3067.2,1,1,0,0,0,1,0,0,0,1,0,2,0.027670947135128,0,1,0,3,2.294594594594595,0,0,0,1,1,3,0.41909196740395804
0,1,0,0,64,1,1,0,0,1,1,1,1,0,102.1,6688.1,0,0,1,0,0,1,0,0,0,1,0,3,0.0152636378586057,2,2,1,6,1.5707692307692307,0,1,1,0,1,6,0.6207565470417071
0,0,0,0,1,1,0,0,0,0,0,0,0,0,20.25,20.25,1,1,0,0,0,0,1,0,0,0,1,0,0.9529411764705882,0,0,0,1,10.125,0,0,0,0,0,1,0.047058823529411764
1,0,0,0,60,1,0,0,1,1,1,1,0,1,70.15,4224.7,0,0,1,0,1,0,0,0,1,0,0,3,0.0166007998674775,3,1,0,5,1.1500000000000001,0,1,1,0,0,5,0.8432888264230498
0,0,0,0,1,1,0,0,1,0,0,0,0,1,74.35,74.35,1,1,0,0,0,1,0,0,0,1,0,0,0.986728599867286,1,0,0,2,37.175,1,0,1,1,1,2,0.013271400132714002
1,0,1,1,50,1,1,1,1,1,1,0,1,1,80.05,4042.2,0,0,1,0,1,0,0,1,0,0,0,3,0.0197986743173723,4,1,0,7,1.5696078431372549,0,1,1,0,0,7,0.6169031462060457
0,0,0,0,1,1,1,0,0,1,1,0,0,0,62.05,62.05,1,1,0,0,1,0,0,0,0,0,1,0,0.9841395717684376,2,0,0,4,31.025,0,0,1,0,0,4,0.01586042823156225
1,0,1,0,72,0,0,1,1,1,0,0,1,1,49.2,3580.95,0,0,0,1,1,0,0,0,0,1,0,3,0.0137355351135554,3,1,0,4,0.673972602739726,0,2,1,0,0,4,1.4342629482071712
0,0,1,0,60,1,0,0,0,0,0,0,0,1,20.5,1198.8,0,0,0,1,0,0,1,1,0,0,0,3,0.0170861810301716,0,0,0,1,0.3360655737704918,0,2,0,0,0,1,2.7906976744186047
0,0,0,0,46,0,0,1,0,1,1,0,0,0,38.25,1755.35,0,0,0,1,1,0,0,0,0,0,1,2,0.0217781193953369,3,0,0,3,0.8138297872340425,0,2,1,0,0,3,1.1719745222929936
1,0,1,1,69,0,0,0,1,1,0,1,1,1,54.95,3772.5,0,0,0,1,1,0,0,0,1,0,0,3,0.014562077646747,2,2,0,4,0.785,0,2,1,0,0,4,1.2332439678284182
0,1,0,0,31,1,1,0,0,1,1,1,0,1,96.6,2877.95,0,1,0,0,0,1,0,1,0,0,0,2,0.0335538998593237,2,1,1,5,3.01875,0,0,1,1,0,5,0.3176229508196721
0,0,1,1,19,1,0,0,0,0,0,0,0,0,19.9,357.7,0,0,1,0,0,0,1,0,0,0,1,1,0.0554781154167828,0,0,0,1,0.9949999999999999,0,1,0,0,0,1,0.9090909090909092
1,0,1,1,71,1,0,0,0,0,0,0,0,0,19.9,1397.3,0,0,0,1,0,0,1,0,1,0,0,3,0.0142315669026675,0,0,0,1,0.27638888888888885,0,2,0,0,0,1,3.397129186602871
0,0,1,0,12,1,0,1,1,1,0,0,0,1,84.6,959.9,0,1,0,0,0,1,0,0,0,1,0,0,0.0880424601935685,3,0,0,4,6.507692307692308,0,0,1,1,0,4,0.14018691588785048
0,0,1,1,39,1,0,1,0,1,1,1,1,0,80.0,3182.95,1,0,1,0,1,0,0,0,1,0,0,2,0.025126022707643,3,2,0,6,2.0,0,1,1,0,0,6,0.48148148148148145
0,0,0,0,44,1,1,0,1,1,1,1,1,1,85.25,3704.15,0,0,1,0,1,0,0,1,0,0,0,2,0.0230085151748242,3,2,0,7,1.8944444444444444,0,1,1,0,0,7,0.5101449275362319
1,0,1,1,56,1,1,1,1,1,1,1,0,0,81.25,4620.4,0,0,0,1,1,0,0,0,1,0,0,3,0.0175812524343272,4,1,0,7,1.4254385964912282,0,2,1,0,0,7,0.6808510638297872
1,0,1,0,72,1,1,1,1,1,1,1,1,1,115.5,8312.75,0,0,0,1,0,1,0,1,0,0,0,3,0.013892647722147,4,2,1,8,1.582191780821918,0,2,1,0,0,8,0.6180257510729614
0,0,0,0,5,1,1,0,1,1,0,1,1,0,104.1,541.9,1,1,0,0,0,1,0,0,0,0,1,0,0.1917480198931663,2,2,1,6,17.349999999999998,1,0,1,1,0,6,0.04757373929590866
1,0,0,0,11,1,1,1,0,0,0,0,0,1,79.0,929.3,0,1,0,0,0,1,0,1,0,0,0,0,0.0849188433838546,1,0,0,3,6.583333333333333,1,0,1,1,0,3,0.1375
0,1,1,0,24,0,0,1,0,0,0,0,1,0,39.1,971.3,1,1,0,0,1,0,0,1,0,0,0,1,0.0402139257430834,1,1,0,2,1.564,0,0,1,0,0,2,0.5985037406483791
1,1,1,0,15,1,0,0,1,0,0,1,1,1,94.65,1285.05,0,1,0,0,0,1,0,0,0,1,0,1,0.0735974495548384,1,2,1,4,5.915625,0,0,1,1,1,4,0.15682174594877155
0,0,0,0,72,1,0,0,0,0,0,0,0,1,20.8,1521.2,0,0,0,1,0,0,1,0,0,0,1,3,0.0136644330574168,0,0,0,1,0.28493150684931506,0,2,0,0,0,1,3.3027522935779814
0,0,1,0,56,1,1,0,1,1,0,0,0,0,59.5,3389.25,0,0,0,1,1,0,0,0,1,0,0,3,0.0175503281468918,2,0,0,4,1.043859649122807,0,2,1,0,0,4,0.9256198347107438
0,1,0,0,64,1,0,0,0,0,0,0,0,1,20.05,1198.05,0,0,0,1,0,0,1,1,0,0,0,3,0.0167215712439014,0,0,0,1,0.30846153846153845,0,2,0,0,0,1,3.040380047505938
1,0,1,0,34,1,1,0,0,1,0,1,1,1,100.45,3414.65,0,1,0,0,0,1,0,0,0,1,0,2,0.0294087508966082,1,2,1,5,2.87,0,0,1,1,1,5,0.3351404632824051
0,0,0,0,2,1,1,0,0,0,0,0,0,1,76.5,162.45,1,1,0,0,0,1,0,0,0,1,0,0,0.4680330376261854,0,0,0,2,25.5,1,0,0,1,1,2,0.025806451612903226
0,0,0,0,35,1,0,0,0,0,0,0,0,0,20.6,754.0,0,0,1,0,0,0,1,1,0,0,0,2,0.0272847682119205,0,0,0,1,0.5722222222222223,0,1,0,0,0,1,1.6203703703703702
0,0,0,0,22,1,0,0,0,0,0,0,0,0,20.3,467.15,0,0,1,0,0,0,1,0,1,0,0,1,0.0433621702445797,0,0,0,1,0.8826086956521739,0,1,0,0,0,1,1.0328638497652582
0,0,0,0,5,1,0,0,0,0,1,0,0,1,49.2,216.9,1,1,0,0,1,0,0,0,0,1,0,0,0.2257916475447453,1,0,0,2,8.200000000000001,0,0,1,0,1,2,0.099601593625498
0,0,0,0,9,0,0,1,1,1,0,0,0,0,39.55,373.0,0,0,1,0,1,0,0,0,0,0,1,0,0.1057486631016042,3,0,0,3,3.9549999999999996,0,1,1,0,0,3,0.22194821208384713
0,0,0,0,11,1,1,0,0,0,0,0,0,0,23.15,245.2,1,1,0,0,0,0,1,0,1,0,0,0,0.0940292445166531,0,0,0,2,1.9291666666666665,0,0,0,0,0,2,0.4554865424430642
0,0,0,0,23,1,0,0,0,0,0,0,0,0,20.45,481.1,0,0,1,0,0,0,1,0,0,0,1,1,0.0424185853557353,0,0,0,1,0.8520833333333333,0,1,0,0,0,1,1.0722610722610724
1,0,1,1,4,1,0,0,0,0,0,0,1,0,80.85,302.75,1,1,0,0,0,1,0,0,0,1,0,0,0.2661728395061728,0,1,0,2,16.169999999999998,1,0,0,1,1,2,0.04886988393402566
0,0,1,0,68,1,1,0,0,0,0,0,0,0,25.25,1728.2,0,0,0,1,0,0,1,1,0,0,0,3,0.0146021281517464,0,0,0,2,0.36594202898550726,0,2,0,0,0,2,2.5904761904761906
0,0,1,0,33,1,0,0,0,0,0,1,1,0,91.25,2964.05,0,1,0,0,0,1,0,0,0,1,0,2,0.0307751977201059,0,2,1,3,2.6838235294117645,0,0,0,1,1,3,0.35772357723577236
0,0,0,0,31,1,0,1,1,1,1,1,0,1,72.45,2156.25,0,1,0,0,1,0,0,1,0,0,0,2,0.0335844246146714,4,1,0,6,2.2640625,0,0,1,0,0,6,0.42205582028590877
0,0,0,0,1,1,1,0,1,0,1,0,0,0,60.1,60.1,1,1,0,0,1,0,0,0,0,0,1,0,0.983633387888707,2,0,0,4,30.05,0,0,1,0,0,4,0.016366612111292964
1,0,0,0,56,1,0,0,0,0,0,0,0,0,19.7,1051.9,0,0,0,1,0,0,1,1,0,0,0,3,0.0187102288916326,0,0,0,1,0.34561403508771926,0,2,0,0,0,1,2.7053140096618358
0,0,0,0,1,1,0,0,0,0,0,1,0,1,78.95,78.95,1,1,0,0,0,1,0,0,0,1,0,0,0.987492182614134,0,1,0,2,39.475,1,0,0,1,1,2,0.012507817385866166
0,0,1,1,66,1,0,1,1,1,1,1,0,1,75.1,5013.0,0,0,1,0,1,0,0,0,0,1,0,3,0.0149780614280015,4,1,0,6,1.1208955223880597,0,1,1,0,0,6,0.8672798948751643
0,0,1,1,72,1,1,0,0,0,0,0,0,0,25.0,1738.9,0,0,0,1,0,0,1,1,0,0,0,3,0.0143686418759698,0,0,0,2,0.3424657534246575,0,2,0,0,0,2,2.769230769230769
0,1,0,0,34,1,0,0,0,0,0,0,0,0,69.15,2275.1,0,1,0,0,0,1,0,0,1,0,0,2,0.0303809147225517,0,0,0,1,1.975714285714286,0,0,0,1,0,1,0.4846756949394155
1,0,1,1,58,1,0,0,1,1,0,1,0,1,91.55,5511.65,0,1,0,0,0,1,0,0,0,1,0,3,0.016607257852394,2,1,1,4,1.5516949152542372,0,0,1,1,1,4,0.6266882766072394
0,0,0,0,2,1,0,0,0,0,0,0,0,1,45.15,98.5,1,1,0,0,1,0,0,0,0,1,0,0,0.4537688442211055,0,0,0,1,15.049999999999999,0,0,0,0,1,1,0.04333694474539545
0,0,0,0,37,0,0,0,0,0,0,1,0,0,35.8,1316.9,0,0,0,1,1,0,0,0,1,0,0,2,0.0271644282570756,0,1,0,1,0.9421052631578947,0,2,0,0,0,1,1.0054347826086958
1,0,0,0,71,1,1,1,1,1,1,1,1,1,113.15,7993.3,0,0,0,1,0,1,0,0,1,0,0,3,0.0141538346071576,4,2,1,8,1.5715277777777779,0,2,1,0,0,8,0.6219886114761278
0,0,1,1,1,1,0,0,0,0,0,0,0,0,19.85,19.85,0,0,1,0,0,0,1,0,1,0,0,0,0.9520383693045564,0,0,0,1,9.925,0,1,0,0,0,1,0.047961630695443645
0,1,1,1,71,1,0,0,0,0,0,0,0,0,19.8,1388.45,0,0,0,1,0,0,1,0,1,0,0,3,0.0142502429018676,0,0,0,1,0.275,0,2,0,0,0,1,3.4134615384615383
0,0,1,1,35,1,0,0,0,0,0,0,0,0,19.9,666.0,0,0,1,0,0,0,1,0,0,1,0,2,0.0298350824587706,0,0,0,1,0.5527777777777777,0,1,0,0,1,1,1.674641148325359
1,0,1,1,6,1,0,0,0,0,0,0,0,0,19.7,94.45,0,0,1,0,0,0,1,0,0,0,1,0,0.2063907805133577,0,0,0,1,2.814285714285714,0,1,0,0,0,1,0.2898550724637681
1,0,0,0,3,1,0,0,0,0,0,1,0,1,79.4,244.65,1,1,0,0,0,1,0,0,0,1,0,0,0.3232240993283126,0,1,0,2,19.85,1,0,0,1,1,2,0.03731343283582089
1,0,1,1,69,1,0,0,1,1,1,0,0,0,59.1,4134.7,0,0,1,0,1,0,0,1,0,0,0,3,0.0142902048020891,3,0,0,4,0.8442857142857143,0,1,1,0,0,4,1.1480865224625623
0,0,0,0,44,0,0,0,1,1,0,1,1,1,53.95,2375.4,1,0,1,0,1,0,0,0,0,0,1,2,0.0227024070021881,2,2,0,4,1.198888888888889,0,1,1,0,0,4,0.8007279344858962
1,0,1,0,53,1,1,0,0,0,1,0,1,1,91.15,4862.5,0,0,1,0,0,1,0,0,0,1,0,3,0.0187416469620643,1,1,1,4,1.687962962962963,0,1,1,0,1,4,0.5751492132392837
1,0,1,0,24,1,0,0,1,1,0,1,1,1,99.3,2431.35,1,1,0,0,0,1,0,0,1,0,0,1,0.0408247168376261,2,2,1,5,3.972,0,0,1,1,0,5,0.23928215353938187
1,0,1,0,5,1,0,0,0,0,0,0,0,1,68.95,351.5,0,1,0,0,0,1,0,0,0,1,0,0,0.1956028368794326,0,0,0,1,11.491666666666667,0,0,0,1,1,1,0.07147962830593281
1,0,0,1,2,1,0,0,1,0,0,0,0,0,51.55,106.2,0,1,0,0,1,0,0,0,0,0,1,0,0.4808768656716417,1,0,0,2,17.183333333333334,0,0,1,0,0,2,0.038058991436726926
0,0,0,1,62,1,1,0,0,0,0,0,0,1,24.4,1413.0,0,0,0,1,0,0,1,0,0,0,1,3,0.0172560113154172,0,0,0,2,0.38730158730158726,0,2,0,0,0,2,2.440944881889764
1,0,1,0,19,1,0,0,0,1,0,1,1,1,96.8,1743.05,0,1,0,0,0,1,0,0,0,1,0,1,0.0555029959003468,1,2,1,4,4.84,0,0,1,1,1,4,0.19427402862985685
0,0,0,0,9,1,0,0,0,0,0,0,0,0,70.05,657.5,0,1,0,0,0,1,0,0,0,0,1,0,0.106378132118451,0,0,0,1,7.005,1,0,0,1,0,1,0.1266713581984518
0,0,0,0,53,1,0,0,0,0,0,0,0,0,19.5,1050.5,0,0,0,1,0,0,1,0,1,0,0,3,0.0185449358059914,0,0,0,1,0.3611111111111111,0,2,0,0,0,1,2.5853658536585367
0,0,0,0,5,1,0,0,0,0,0,0,1,0,78.75,426.35,0,1,0,0,0,1,0,0,0,0,1,0,0.1842751842751842,0,1,0,2,13.125,1,0,0,1,0,2,0.06269592476489028
1,1,1,1,71,1,1,1,1,0,0,1,0,0,69.2,4982.5,0,0,1,0,1,0,0,0,0,1,0,3,0.0138858232166148,2,1,0,5,0.9611111111111111,0,1,1,0,0,5,1.0113960113960114
1,0,0,0,1,1,0,0,0,0,0,0,0,1,19.55,19.55,0,1,0,0,0,0,1,0,0,0,1,0,0.951338199513382,0,0,0,1,9.775,0,0,0,0,0,1,0.048661800486618
0,0,0,0,18,1,1,0,1,0,0,0,0,1,80.65,1451.9,1,1,0,0,0,1,0,0,0,1,0,1,0.0555096703145433,1,0,0,3,4.244736842105263,0,0,1,1,1,3,0.2204531537048377
0,0,0,0,72,1,1,0,1,1,0,1,1,1,103.65,7634.8,0,0,0,1,0,1,0,0,0,1,0,3,0.0135742161921475,2,2,1,6,1.41986301369863,0,2,1,0,1,6,0.6880076445293837
1,0,1,0,4,1,0,1,1,0,0,0,0,0,54.7,235.05,0,1,0,0,1,0,0,0,0,0,1,0,0.2317305655581444,2,0,0,3,10.940000000000001,0,0,1,0,0,3,0.0718132854578097
0,0,0,0,59,1,1,0,0,1,0,0,0,0,54.15,3116.15,0,0,0,1,1,0,0,0,1,0,0,3,0.0173716375535344,1,0,0,3,0.9025,0,2,1,0,0,3,1.0698096101541252
1,0,0,0,1,1,0,0,0,0,0,0,0,0,71.1,71.1,1,1,0,0,0,1,0,0,0,0,1,0,0.986130374479889,0,0,0,1,35.55,1,0,0,1,0,1,0.013869625520110958
1,1,1,0,31,1,1,0,0,0,0,0,1,1,84.85,2633.4,0,1,0,0,0,1,0,0,0,1,0,2,0.0322084725174612,0,1,0,3,2.6515625,0,0,0,1,1,3,0.36109493302271406
0,0,1,0,3,1,0,0,0,0,0,0,0,0,20.0,49.65,0,1,0,0,0,0,1,1,0,0,0,0,0.3948667324777887,0,0,0,1,5.0,0,0,0,0,0,1,0.14285714285714285
1,1,1,0,65,1,1,0,1,1,0,1,1,1,106.25,6979.8,1,0,1,0,0,1,0,0,0,1,0,3,0.0152203185881274,2,2,1,6,1.6098484848484849,0,1,1,0,1,6,0.6060606060606061
0,0,1,0,49,1,0,0,0,1,1,1,1,1,99.25,4920.8,0,0,1,0,0,1,0,0,1,0,0,3,0.0201653866471616,2,2,1,5,1.985,0,1,1,0,0,5,0.48877805486284287
0,0,0,0,2,1,0,0,0,0,0,0,0,0,19.35,46.35,0,1,0,0,0,0,1,0,0,0,1,0,0.4086589229144667,0,0,0,1,6.45,0,0,0,0,0,1,0.09828009828009827
1,0,1,0,53,1,0,0,0,0,0,0,0,0,20.8,1021.8,1,0,1,0,0,0,1,1,0,0,0,3,0.020336331638639,0,0,0,1,0.3851851851851852,0,1,0,0,0,1,2.4311926605504586
1,0,1,0,55,1,0,1,0,0,0,1,1,1,94.75,5276.1,0,0,1,0,0,1,0,0,0,1,0,3,0.0179549373709044,1,2,1,4,1.6919642857142858,0,1,1,0,0,4,0.5744125326370757
0,0,1,1,72,1,1,1,1,1,1,1,1,1,114.05,8289.2,0,0,0,1,0,1,0,0,1,0,0,3,0.0137572073050107,4,2,1,8,1.5623287671232877,0,2,1,0,0,8,0.6258148631029987
1,1,0,0,36,1,1,0,0,0,0,0,0,1,74.9,2659.45,0,1,0,0,0,1,0,1,0,0,0,2,0.0281531319889492,0,0,0,2,2.0243243243243243,0,0,0,1,0,2,0.4743083003952569
1,0,1,1,10,1,0,0,0,0,0,0,0,1,19.8,196.75,0,1,0,0,0,0,1,1,0,0,0,0,0.100126422250316,0,0,0,1,1.8,0,0,0,0,0,1,0.4807692307692307
0,1,0,0,1,1,1,0,0,0,0,1,1,1,94.0,94.0,1,1,0,0,0,1,0,0,0,1,0,0,0.9894736842105264,0,2,1,4,47.0,1,0,0,1,1,4,0.010526315789473684
1,0,1,1,72,1,1,1,1,1,1,0,1,0,80.85,5824.75,0,0,0,1,1,0,0,1,0,0,0,3,0.01387804145389,4,1,0,7,1.1075342465753424,0,2,1,0,0,7,0.8796579108124619
1,0,0,0,28,1,0,0,1,0,1,0,0,0,54.65,1517.5,0,1,0,0,1,0,0,1,0,0,0,2,0.0359894632861376,2,0,0,3,1.8844827586206896,0,0,1,0,0,3,0.5031446540880503
0,0,1,0,38,1,1,1,0,0,0,1,0,0,91.7,3479.05,0,1,0,0,0,1,0,1,0,0,0,2,0.0263501961178718,1,1,1,4,2.3512820512820514,0,0,1,1,0,4,0.4099244875943905
1,0,0,0,61,1,1,1,1,1,1,1,1,1,118.6,7365.7,0,0,1,0,0,1,0,0,0,1,0,3,0.0160994746630105,4,2,1,8,1.9129032258064516,0,1,1,0,0,8,0.5100334448160535
0,0,1,1,52,1,1,0,0,0,0,0,0,0,24.55,1331.05,0,0,0,1,0,0,1,0,0,0,1,3,0.0184302391051386,0,0,0,2,0.46320754716981133,0,2,0,0,0,2,2.035225048923679
0,0,0,0,67,1,0,0,0,0,0,0,0,1,19.45,1195.95,0,0,1,0,0,0,1,0,0,0,1,3,0.0162496344876561,0,0,0,1,0.28602941176470587,0,1,0,0,0,1,3.2762836185819073
1,0,0,1,34,1,1,1,1,1,1,1,1,1,116.15,3946.9,0,0,0,1,0,1,0,0,1,0,0,2,0.0294207046784366,4,2,1,8,3.318571428571429,0,2,1,0,0,8,0.29022620571916347
1,0,0,0,54,1,0,1,0,1,1,1,1,0,80.6,4299.95,0,0,0,1,1,0,0,0,0,1,0,3,0.018740045803834,3,2,0,6,1.4654545454545453,0,2,1,0,0,6,0.661764705882353
1,0,1,0,1,1,0,0,0,0,0,0,0,1,20.3,20.3,0,1,0,0,0,0,1,1,0,0,0,0,0.9530516431924884,0,0,0,1,10.15,0,0,0,0,0,1,0.046948356807511735
1,1,0,0,15,1,1,0,1,0,0,0,1,0,89.85,1424.95,1,1,0,0,0,1,0,0,0,1,0,1,0.06301062449595,1,1,0,4,5.615625,0,0,1,1,1,4,0.1651073197578426
1,0,0,0,4,1,0,0,0,0,0,0,0,1,46.0,193.6,1,1,0,0,1,0,0,0,0,0,1,0,0.2363823227132579,0,0,0,1,9.2,0,0,0,0,0,1,0.0851063829787234
1,0,0,0,9,1,0,0,1,0,1,1,0,0,66.25,620.55,1,1,0,0,1,0,0,0,0,0,1,0,0.1065883677902019,2,1,0,4,6.625,0,0,1,0,0,4,0.13382899628252787
1,0,0,1,46,1,0,0,1,1,0,1,1,1,99.8,4391.25,0,1,0,0,0,1,0,0,0,1,0,2,0.0227218396038476,2,2,1,5,2.123404255319149,0,0,1,1,1,5,0.45634920634920634
1,0,0,0,22,1,1,0,0,0,1,1,0,1,90.0,1993.8,1,1,0,0,0,1,0,0,0,1,0,1,0.0451173049929817,1,1,1,4,3.9130434782608696,0,0,1,1,1,4,0.24175824175824176
0,0,0,0,38,1,0,0,0,0,0,0,0,1,70.45,2597.6,1,0,1,0,0,1,0,1,0,0,0,2,0.0271107519433541,0,0,0,1,1.8064102564102564,0,1,0,0,0,1,0.5318404478656403
1,0,1,1,55,1,1,1,1,0,1,1,0,1,75.0,4213.9,0,0,1,0,1,0,0,0,1,0,0,3,0.0177940164653965,3,1,0,6,1.3392857142857142,0,1,1,0,0,6,0.7236842105263158
1,0,0,0,1,1,0,0,0,0,0,0,0,0,19.9,19.9,0,1,0,0,0,0,1,0,0,0,1,0,0.9521531100478468,0,0,0,1,9.95,0,0,0,0,0,1,0.04784688995215311
0,1,1,0,64,1,0,1,0,1,0,0,0,0,80.3,5017.7,0,0,1,0,0,1,0,0,1,0,0,3,0.0160001594038296,2,0,0,3,1.2353846153846153,0,1,1,0,0,3,0.7872078720787208
0,0,0,1,53,1,0,0,0,0,0,0,0,0,19.75,1052.35,1,0,0,1,0,0,1,1,0,0,0,3,0.018749703327479,0,0,0,1,0.36574074074074076,0,2,0,0,0,1,2.5542168674698793
1,0,1,0,58,1,1,1,0,1,1,1,1,1,84.3,4916.4,0,0,0,1,1,0,0,0,0,1,0,3,0.017143205759141,3,2,0,7,1.428813559322034,0,2,1,0,0,7,0.6799531066822978
0,0,1,0,56,0,0,0,0,1,1,1,1,1,54.05,2959.8,0,0,1,0,1,0,0,1,0,0,0,3,0.0182552012969467,2,2,0,4,0.9482456140350877,0,1,1,0,0,4,1.0172570390554043
0,0,1,1,72,1,0,1,0,1,1,1,1,1,104.9,7559.55,0,0,0,1,0,1,0,0,1,0,0,3,0.0138746519763773,3,2,1,6,1.4369863013698632,0,2,1,0,0,6,0.6798866855524079
0,0,0,0,1,1,0,1,0,0,1,0,0,1,53.95,53.95,1,1,0,0,1,0,0,0,0,1,0,0,0.9818016378525932,2,0,0,3,26.975,0,0,1,0,0,3,0.018198362147406732
0,1,1,0,72,1,1,0,1,0,0,1,1,1,97.25,7133.1,0,0,1,0,0,1,0,0,1,0,0,3,0.0136317124794998,1,2,1,5,1.332191780821918,0,1,1,0,0,5,0.732824427480916
0,0,0,0,22,1,1,0,0,0,0,0,1,0,83.05,1799.3,0,1,0,0,0,1,0,0,0,1,0,1,0.0461312003554963,0,1,0,3,3.610869565217391,0,0,0,1,1,3,0.26174895895300415
1,1,0,0,8,1,1,0,1,1,0,1,1,1,105.5,829.55,1,1,0,0,0,1,0,0,0,1,0,0,0.1270242610318463,2,2,1,6,11.722222222222221,1,0,1,1,1,6,0.07511737089201878
1,0,0,1,16,1,0,0,0,0,0,1,0,1,81.0,1312.15,1,1,0,0,0,1,0,0,0,1,0,1,0.0616837375775806,0,1,0,2,4.764705882352941,0,0,0,1,1,2,0.1951219512195122
1,0,0,0,39,0,0,0,1,1,1,0,0,0,41.1,1597.05,0,1,0,0,1,0,0,1,0,0,0,2,0.0257188448421513,3,0,0,3,1.0275,0,0,1,0,0,3,0.9263657957244655
1,0,0,0,12,1,0,0,0,0,0,0,0,1,45.0,524.35,0,1,0,0,1,0,0,1,0,0,0,0,0.085657180927001,0,0,0,1,3.4615384615384617,0,0,0,0,0,1,0.2608695652173913
0,0,1,0,54,1,0,1,1,0,0,1,1,1,74.55,4191.45,0,0,0,1,1,0,0,1,0,0,0,3,0.0177819651993464,2,2,0,5,1.3554545454545455,0,2,1,0,0,5,0.71475843812045
1,0,0,0,18,0,0,1,1,0,1,0,0,1,40.2,711.95,0,0,1,0,1,0,0,0,0,0,1,1,0.0563854407742478,3,0,0,3,2.115789473684211,0,1,1,0,0,3,0.4368932038834951
0,0,1,0,32,1,0,1,1,0,1,0,1,0,70.5,2201.75,0,0,1,0,1,0,0,0,0,0,1,2,0.0320054477357848,3,1,0,5,2.1363636363636362,0,1,1,0,0,5,0.44755244755244755
1,0,0,0,41,1,0,0,0,0,0,0,0,1,19.75,806.95,0,0,1,0,0,0,1,0,0,0,1,2,0.0244445819667058,0,0,0,1,0.47023809523809523,0,1,0,0,0,1,1.9759036144578312
0,0,1,1,67,1,1,0,0,0,0,0,0,0,24.65,1620.45,0,0,0,1,0,0,1,1,0,0,0,3,0.0152024422584723,0,0,0,2,0.3625,0,2,0,0,0,2,2.612085769980507
0,0,1,0,65,1,1,1,0,1,0,1,1,1,104.25,6812.95,0,1,0,0,0,1,0,0,0,1,0,3,0.0152994958871139,2,2,1,6,1.5795454545454546,0,0,1,1,0,6,0.6175771971496437
1,0,0,0,25,1,1,1,1,1,1,1,0,1,78.35,1837.9,0,1,0,0,1,0,0,1,0,0,0,2,0.0426069933112186,4,1,0,7,3.0134615384615384,0,0,1,0,0,7,0.31505986137366104
1,0,1,1,1,1,0,0,0,0,0,0,0,1,69.8,69.8,1,1,0,0,0,1,0,0,0,1,0,0,0.9858757062146892,0,0,0,1,34.9,0,0,0,1,1,1,0.014124293785310734
1,0,1,0,67,1,1,0,1,1,1,1,1,1,109.7,7344.45,0,0,1,0,0,1,0,0,1,0,0,3,0.0149344151821876,3,2,1,7,1.613235294117647,0,1,1,0,0,7,0.6052393857271906
0,1,0,0,7,1,1,0,0,0,0,0,0,0,73.75,545.15,1,1,0,0,0,1,0,0,0,0,1,0,0.1350361622264945,0,0,0,2,9.21875,1,0,0,1,0,2,0.09364548494983277
1,1,0,0,43,0,0,1,1,0,0,0,0,1,33.45,1500.25,0,1,0,0,1,0,0,0,1,0,0,2,0.0222814321398834,2,0,0,2,0.7602272727272728,0,0,1,0,0,2,1.2481857764876632
1,0,0,0,24,1,0,1,0,0,0,1,1,1,94.6,2283.15,0,1,0,0,0,1,0,0,0,1,0,1,0.0414158439682157,1,2,1,4,3.784,0,0,1,1,0,4,0.2510460251046025
0,1,0,0,9,1,1,1,0,0,0,0,0,0,54.55,494.05,1,1,0,0,1,0,0,0,0,1,0,0,0.1101908898091101,1,0,0,3,5.455,0,0,1,0,0,3,0.16201620162016203
0,0,1,1,69,1,0,0,0,0,0,0,0,0,20.2,1376.5,0,0,0,1,0,0,1,1,0,0,0,3,0.0146642468239564,0,0,0,1,0.28857142857142853,0,2,0,0,0,1,3.2547169811320757
1,0,0,1,37,1,0,0,0,0,0,0,0,0,20.3,755.4,0,0,1,0,0,0,1,1,0,0,0,2,0.0268376520359598,0,0,0,1,0.5342105263157895,0,1,0,0,0,1,1.7370892018779343
0,0,1,1,20,0,0,1,0,1,1,0,0,1,39.4,825.4,0,0,0,1,1,0,0,0,1,0,0,1,0.047676669893514,3,0,0,3,1.8761904761904762,0,2,1,0,0,3,0.49504950495049505
0,0,0,0,7,1,0,0,0,0,0,0,0,0,69.15,488.65,0,1,0,0,0,1,0,1,0,0,0,0,0.1412233227815787,0,0,0,1,8.64375,0,0,0,1,0,1,0.09978617248752672
1,1,0,0,37,1,1,0,0,0,0,0,0,1,76.25,2841.55,1,1,0,0,0,1,0,0,0,1,0,2,0.0268245061652389,0,0,0,2,2.0065789473684212,0,0,0,1,1,2,0.47896440129449835
1,0,0,0,5,1,1,0,0,0,0,1,1,1,93.9,486.85,1,1,0,0,0,1,0,0,0,0,1,0,0.192477195859383,0,2,1,4,15.65,1,0,0,1,0,4,0.052687038988408846
0,0,0,0,41,0,0,0,0,1,0,1,1,1,51.35,2075.1,0,0,1,0,1,0,0,0,0,1,0,2,0.0247338760175328,1,2,0,3,1.2226190476190477,0,1,1,0,1,3,0.7831900668576887
1,0,0,0,54,1,0,1,1,0,0,1,1,1,100.05,5299.65,0,0,1,0,0,1,0,0,1,0,0,3,0.018875043626725,2,2,1,5,1.819090909090909,0,1,1,0,0,5,0.5343889163780307
1,1,0,0,3,1,0,0,0,0,0,0,0,1,70.4,204.7,1,1,0,0,0,1,0,0,0,1,0,0,0.3422459893048128,0,0,0,1,17.6,1,0,0,1,1,1,0.04201680672268907
0,1,0,0,69,1,0,0,0,0,0,0,0,0,20.3,1356.3,0,0,0,1,0,0,1,0,1,0,0,3,0.0149561629706034,0,0,0,1,0.29000000000000004,0,2,0,0,0,1,3.2394366197183095
1,0,0,0,53,1,0,0,1,1,1,0,1,1,94.45,5042.75,0,0,1,0,0,1,0,0,1,0,0,3,0.01872614622057,3,1,1,5,1.7490740740740742,0,1,1,0,0,5,0.5552645364064955
0,0,1,1,18,0,0,0,1,1,0,1,0,0,46.4,812.4,0,0,1,0,1,0,0,0,1,0,0,1,0.0570445045488074,2,1,0,3,2.442105263157895,0,1,1,0,0,3,0.379746835443038
0,0,1,0,64,1,0,1,1,0,1,1,1,1,104.05,6605.55,0,0,0,1,0,1,0,0,1,0,0,3,0.0157495213083984,3,2,1,6,1.6007692307692307,0,2,1,0,0,6,0.6092336982389338
1,0,1,1,31,1,1,0,1,0,0,0,1,1,91.15,2995.45,1,1,0,0,0,1,0,0,0,1,0,2,0.0304193295399556,1,1,1,4,2.8484375,0,0,1,1,1,4,0.3364080303852414
1,0,0,0,20,0,0,0,0,0,0,0,0,0,24.9,505.95,0,1,0,0,1,0,0,0,1,0,0,1,0.0491172699477266,0,0,0,0,1.1857142857142857,0,0,0,0,0,0,0.7722007722007722
0,0,1,1,57,1,0,1,1,0,1,0,0,0,59.6,3509.4,0,0,1,0,1,0,0,0,0,0,1,3,0.0169781221513217,3,0,0,4,1.0275862068965518,0,1,1,0,0,4,0.9405940594059405
0,1,1,0,63,1,1,1,1,1,0,1,1,0,108.5,6991.9,0,0,0,1,0,1,0,0,1,0,0,3,0.015515737390782,3,2,1,7,1.6953125,0,2,1,0,0,7,0.5753424657534246
0,0,1,1,13,0,0,1,1,0,1,0,0,0,40.55,590.35,0,0,0,1,1,0,0,0,0,0,1,1,0.0685719117274033,3,0,0,3,2.8964285714285714,0,2,1,0,0,3,0.31287605294825516
1,1,1,0,48,1,0,0,1,0,0,0,1,1,58.95,2789.7,0,0,1,0,1,0,0,1,0,0,0,2,0.0211237323968896,1,1,0,3,1.203061224489796,0,1,1,0,0,3,0.8006672226855712
1,0,0,0,2,1,0,0,0,0,0,0,0,1,70.95,137.95,1,1,0,0,0,1,0,0,0,1,0,0,0.5106153292551278,0,0,0,1,23.650000000000002,1,0,0,1,1,1,0.02779708130646282
0,0,1,1,57,1,0,0,0,0,0,0,0,0,20.75,1123.15,0,0,0,1,0,0,1,0,0,0,1,3,0.018458390784148,0,0,0,1,0.3577586206896552,0,2,0,0,0,1,2.6206896551724137
0,0,1,0,71,1,1,0,1,1,1,1,1,1,113.15,7953.25,0,0,1,0,0,1,0,1,0,0,0,3,0.0142250997894207,3,2,1,7,1.5715277777777779,0,1,1,0,0,7,0.6219886114761278
1,0,1,1,7,1,1,0,0,0,0,0,0,0,48.8,349.8,0,1,0,0,1,0,0,0,0,1,0,0,0.1391106043329532,0,0,0,2,6.1,0,0,0,0,1,2,0.14056224899598393
1,0,0,0,16,1,1,0,0,0,0,0,1,1,63.05,1067.05,0,1,0,0,1,0,0,1,0,0,0,1,0.0590328168156921,0,1,0,3,3.7088235294117644,0,0,0,0,0,3,0.2498048399687744
0,0,1,0,34,1,1,0,0,1,0,1,1,0,100.85,3527.3,0,1,0,0,0,1,0,0,0,1,0,2,0.0285831703653317,1,2,1,5,2.8814285714285712,0,0,1,1,1,5,0.3338242513500246
1,0,1,0,37,1,1,0,0,1,0,1,1,1,99.5,3762.0,1,1,0,0,0,1,0,0,0,1,0,2,0.0264416688812118,1,2,1,5,2.6184210526315788,0,0,1,1,1,5,0.3681592039800995
0,0,0,0,16,1,1,0,1,0,0,0,0,1,80.55,1248.9,0,1,0,0,0,1,0,0,0,0,1,1,0.0644451556124489,1,0,0,3,4.738235294117647,0,0,1,1,0,3,0.19619865113427346
0,0,0,1,48,1,1,1,1,1,0,0,0,1,64.4,3035.35,0,0,1,0,1,0,0,1,0,0,0,2,0.0212096760913596,3,0,0,5,1.3142857142857145,0,1,1,0,0,5,0.7339449541284403
0,0,1,1,58,1,0,0,1,0,1,1,1,1,75.2,4300.8,0,0,1,0,1,0,0,0,1,0,0,3,0.0174810544423264,2,2,0,5,1.2745762711864408,0,1,1,0,0,5,0.7611548556430446
1,0,1,0,72,1,1,1,0,1,1,1,1,1,84.9,6065.3,0,0,0,1,1,0,0,1,0,0,0,3,0.0139953513673903,3,2,0,7,1.1630136986301371,0,2,1,0,0,7,0.8381839348079161
1,0,0,0,7,1,0,0,0,0,0,0,0,0,19.3,144.95,0,1,0,0,0,0,1,0,0,0,1,0,0.132237067488866,0,0,0,1,2.4125,0,0,0,0,0,1,0.3448275862068965
1,0,0,0,38,1,0,1,1,1,0,0,0,1,83.9,3233.6,1,1,0,0,0,1,0,0,1,0,0,2,0.0259382922154207,3,0,0,4,2.1512820512820516,0,0,1,1,0,4,0.447585394581861
1,1,1,0,48,1,1,1,1,1,1,1,1,0,117.45,5438.9,1,1,0,0,0,1,0,0,0,1,0,2,0.021590470413059,4,2,1,8,2.396938775510204,0,0,1,1,0,8,0.40523427606585055
0,0,0,0,10,1,0,1,1,1,0,1,1,1,104.4,1081.45,1,1,0,0,0,1,0,0,0,1,0,0,0.0964478728809644,3,2,1,6,9.490909090909092,1,0,1,1,0,6,0.09487666034155597
1,0,0,0,30,1,0,1,1,1,1,1,0,0,74.65,2308.6,0,0,1,0,1,0,0,0,1,0,0,2,0.0323216141323172,4,1,0,6,2.4080645161290324,0,1,1,0,0,6,0.3965631196298744
0,0,1,0,31,1,1,0,0,0,0,1,0,1,59.05,1882.8,0,1,0,0,1,0,0,0,1,0,0,2,0.031346215097144,0,1,0,3,1.8453125,0,0,0,0,0,3,0.5162364696086594
1,1,0,0,46,1,1,0,0,1,1,0,1,1,69.1,3255.35,0,0,1,0,1,0,0,0,1,0,0,2,0.021220077694351,2,1,0,5,1.4702127659574467,0,1,1,0,0,5,0.6562054208273895
0,0,1,0,50,1,0,0,0,0,0,0,0,0,20.55,1067.65,0,0,0,1,0,0,1,0,0,0,1,3,0.01922986946147,0,0,0,1,0.40294117647058825,0,2,0,0,0,1,2.320185614849188
0,0,1,0,28,1,0,0,0,0,1,0,0,0,76.55,2065.4,0,1,0,0,0,1,0,1,0,0,0,2,0.037045102593883,1,0,0,2,2.639655172413793,0,0,1,1,0,2,0.3610573823339781
1,0,0,0,66,0,0,1,1,1,1,1,1,1,62.5,4136.4,0,0,0,1,1,0,0,1,0,0,0,3,0.0151061052835113,4,2,0,6,0.9328358208955224,0,2,1,0,0,6,1.0393700787401574
0,1,0,0,8,0,0,0,0,1,0,0,0,1,29.4,221.9,1,1,0,0,1,0,0,0,0,1,0,0,0.1318977119784656,1,0,0,1,3.2666666666666666,0,0,1,0,1,1,0.2631578947368421
1,0,1,1,41,1,0,0,0,1,0,1,1,1,94.9,3848.0,0,1,0,0,0,1,0,1,0,0,0,2,0.0246557547414912,1,2,1,4,2.2595238095238095,0,0,1,1,0,4,0.42752867570385816
0,1,1,0,72,1,1,0,1,1,1,1,1,1,111.65,8022.85,0,0,0,1,0,1,0,1,0,0,0,3,0.0139147666020675,3,2,1,7,1.5294520547945207,0,2,1,0,0,7,0.6391478029294274
1,0,0,0,7,1,0,0,0,0,0,0,0,0,19.9,173.15,0,0,1,0,0,0,1,0,0,0,1,0,0.1142693080677576,0,0,0,1,2.4875,0,1,0,0,0,1,0.3349282296650718
1,0,1,1,38,1,0,0,0,0,0,0,0,0,20.45,781.25,0,1,0,0,0,0,1,0,0,0,1,2,0.0261425375519335,0,0,0,1,0.5243589743589744,0,0,0,0,0,1,1.7715617715617715
0,0,0,0,44,1,0,1,1,1,0,1,1,1,106.05,4510.8,0,0,1,0,0,1,0,0,0,1,0,2,0.0235050312513852,3,2,1,6,2.3566666666666665,0,1,1,0,0,6,0.41102288650163477
0,0,1,1,47,1,1,1,1,1,1,1,1,1,113.45,5317.8,0,0,1,0,0,1,0,1,0,0,0,2,0.0213299992479506,4,2,1,8,2.363541666666667,0,1,1,0,0,8,0.4106596767147226
0,0,1,1,53,1,0,0,1,0,1,1,0,1,92.55,4779.45,0,1,0,0,0,1,0,0,0,1,0,3,0.0193601020824399,2,1,1,4,1.7138888888888888,0,0,1,1,1,4,0.5665419561731695
0,0,1,0,4,1,1,0,0,1,0,1,0,0,65.6,250.1,0,1,0,0,1,0,0,0,0,1,0,0,0.2612504978096376,1,1,0,4,13.12,0,0,1,0,1,4,0.060060060060060066
0,1,0,0,20,1,1,0,0,0,0,1,0,1,84.35,1745.2,0,1,0,0,0,1,0,0,0,1,0,1,0.0483048906196312,0,1,0,3,4.016666666666667,0,0,0,1,1,3,0.23432923257176333
0,0,0,0,2,1,0,0,0,0,0,0,0,0,44.65,74.9,1,1,0,0,1,0,0,0,0,0,1,0,0.5882740447957838,0,0,0,1,14.883333333333333,0,0,0,0,0,1,0.04381161007667032
0,1,1,0,57,1,1,0,1,1,0,1,0,1,71.1,4140.1,0,0,1,0,1,0,0,0,1,0,0,3,0.0171693511385863,2,1,0,5,1.225862068965517,0,1,1,0,0,5,0.7905686546463246
1,1,1,0,44,1,0,1,1,0,1,0,0,1,85.15,3670.5,0,1,0,0,0,1,0,0,0,1,0,2,0.0231921557946343,3,0,0,4,1.8922222222222222,0,0,1,1,0,4,0.5107370864770748
0,0,0,0,24,1,0,0,0,1,0,0,0,1,49.7,1167.8,0,1,0,0,1,0,0,0,0,0,1,1,0.0425222450376454,1,0,0,2,1.9880000000000002,0,0,1,0,0,2,0.47337278106508873
0,0,1,1,15,0,0,1,0,0,0,0,0,1,30.2,469.65,0,1,0,0,1,0,0,1,0,0,0,1,0.0641665781366195,1,0,0,1,1.8875,0,0,1,0,0,1,0.4807692307692308
1,0,0,0,3,0,0,0,0,0,0,0,0,0,25.25,58.9,1,1,0,0,1,0,0,0,0,1,0,0,0.4215358931552588,0,0,0,0,6.3125,0,0,0,0,1,0,0.11428571428571428
1,0,0,1,4,1,1,0,1,1,0,0,0,0,84.05,333.55,1,1,0,0,0,1,0,1,0,0,0,0,0.2512329995516365,2,0,0,4,16.81,1,0,1,1,0,4,0.047031158142269255
0,1,1,0,37,1,1,0,0,0,0,1,0,1,85.7,3171.15,1,1,0,0,0,1,0,0,0,1,0,2,0.0270163769052535,0,1,0,3,2.255263157894737,0,0,0,1,1,3,0.4267589388696655
1,0,0,0,1,1,0,0,1,0,0,0,0,1,74.7,74.7,1,1,0,0,0,1,0,0,0,1,0,0,0.9867899603698812,1,0,0,2,37.35,1,0,1,1,1,2,0.01321003963011889
1,0,0,0,24,1,0,1,0,0,1,0,0,0,56.35,1381.2,0,1,0,0,1,0,0,0,1,0,0,1,0.0407683403270149,2,0,0,3,2.254,0,0,1,0,0,3,0.4184829991281604
1,0,0,0,5,1,1,0,1,0,0,1,0,1,90.8,455.5,1,1,0,0,0,1,0,0,0,1,0,0,0.1989047097480832,1,1,1,4,15.133333333333333,1,0,1,1,1,4,0.054466230936819175
1,0,0,0,33,1,1,0,1,1,0,1,1,0,107.55,3645.5,0,1,0,0,0,1,0,0,0,1,0,2,0.0294940353763883,2,2,1,6,3.163235294117647,0,0,1,1,1,6,0.30400736987563337
1,0,1,1,58,1,0,0,0,0,0,0,0,1,19.85,1158.85,0,0,0,1,0,0,1,0,0,0,1,3,0.0171142820192266,0,0,0,1,0.3364406779661017,0,2,0,0,0,1,2.7817745803357314
1,0,1,1,72,1,1,1,1,0,0,1,0,1,95.9,6954.15,0,0,0,1,0,1,0,1,0,0,0,3,0.0137883438890606,2,1,1,5,1.3136986301369864,0,2,1,0,0,5,0.7430340557275541
1,0,1,0,71,1,1,0,0,0,0,0,0,0,23.85,1672.1,0,0,0,1,0,0,1,0,0,0,1,3,0.0142549757934373,0,0,0,2,0.33125000000000004,0,2,0,0,0,2,2.8571428571428568
1,1,0,0,28,1,1,0,1,1,0,1,1,1,106.15,3152.5,1,1,0,0,0,1,0,0,0,1,0,2,0.033661011574441,2,2,1,6,3.660344827586207,0,0,1,1,1,6,0.26131591227251516
0,0,1,0,51,1,0,1,1,1,1,1,1,1,83.85,4307.1,0,0,0,1,1,0,0,0,1,0,0,3,0.0194633365056521,4,2,0,7,1.6124999999999998,0,2,1,0,0,7,0.6010606953447261
1,0,0,0,30,1,0,1,1,1,1,1,1,0,85.35,2530.4,1,0,1,0,1,0,0,1,0,0,0,2,0.0337165205024887,4,2,0,7,2.7532258064516126,0,1,1,0,0,7,0.3474232773595831
0,1,1,0,72,1,0,1,1,0,1,0,0,1,84.8,6141.65,0,0,0,1,0,1,0,0,1,0,0,3,0.0138051166841672,3,0,0,4,1.1616438356164382,0,2,1,0,0,4,0.8391608391608392
0,1,0,0,36,1,1,1,0,0,0,1,0,1,90.85,3186.7,1,1,0,0,0,1,0,0,0,1,0,2,0.0285001725381936,1,1,1,4,2.455405405405405,0,0,1,1,0,4,0.39194338595536204
0,0,0,1,14,1,0,1,1,1,1,0,1,0,76.1,1054.8,0,0,0,1,1,0,0,1,0,0,0,1,0.0720780450842962,4,1,0,6,5.073333333333333,0,2,1,0,0,6,0.18158236057068744
1,0,1,1,72,1,1,1,1,0,1,1,0,0,74.55,5430.65,0,0,0,1,1,0,0,0,0,0,1,3,0.0137251111540692,3,1,0,6,1.0212328767123287,0,2,1,0,0,6,0.9530112508272668
1,0,1,1,22,0,0,0,1,0,0,1,0,0,39.2,849.9,0,1,0,0,1,0,0,0,0,1,0,1,0.0460688682571395,1,1,0,2,1.7043478260869567,0,0,1,0,1,2,0.5472636815920398
1,0,0,0,2,1,1,0,1,0,0,0,0,0,79.55,151.75,0,1,0,0,0,1,0,0,0,1,0,0,0.520785597381342,1,0,0,3,26.516666666666666,1,0,1,1,1,3,0.024829298572315334
1,0,0,0,15,1,0,0,0,0,0,0,0,0,19.6,299.4,0,1,0,0,0,0,1,0,0,0,1,1,0.0652463382157124,0,0,0,1,1.225,0,0,0,0,0,1,0.7281553398058251
0,0,1,1,51,1,0,0,0,0,0,0,0,0,19.55,1086.75,0,0,0,1,0,0,1,0,1,0,0,3,0.0179728797977476,0,0,0,1,0.37596153846153846,0,2,0,0,0,1,2.4817518248175183
0,0,1,0,70,0,0,1,0,1,1,0,0,1,39.15,2692.75,0,0,0,1,1,0,0,0,1,0,0,3,0.0145336426914153,3,0,0,3,0.5514084507042253,0,2,1,0,0,3,1.7434620174346203
1,0,1,1,71,1,0,0,0,0,0,0,0,0,20.1,1389.6,0,0,0,1,0,0,1,1,0,0,0,3,0.0144541924349201,0,0,0,1,0.2791666666666667,0,2,0,0,0,1,3.3649289099526065
1,0,1,1,39,1,1,0,0,0,1,1,1,1,99.95,3767.4,0,1,0,0,0,1,0,0,1,0,0,2,0.0265231928669992,1,2,1,5,2.4987500000000002,0,0,1,1,0,5,0.3863298662704309
1,0,1,1,61,1,1,1,1,0,0,0,0,0,59.8,3641.5,0,1,0,0,1,0,0,0,0,1,0,3,0.016417295813315,2,0,0,4,0.964516129032258,0,0,1,0,0,4,1.0032894736842106
1,0,0,0,52,1,0,1,0,0,0,0,0,1,49.75,2535.55,0,1,0,0,1,0,0,1,0,0,0,3,0.0196132542232559,1,0,0,2,0.9386792452830188,0,0,1,0,0,2,1.0246305418719213
1,0,0,0,1,0,0,0,0,0,0,1,0,1,35.75,35.75,1,1,0,0,1,0,0,0,0,1,0,0,0.9727891156462584,0,1,0,1,17.875,0,0,0,0,1,1,0.027210884353741496
0,0,1,0,64,1,1,1,0,1,1,1,1,1,108.5,6880.85,0,0,1,0,0,1,0,0,0,0,1,3,0.0157661094037213,3,2,1,7,1.6692307692307693,0,1,1,0,0,7,0.5844748858447488
0,0,1,0,62,1,0,0,1,1,1,0,0,1,60.15,3753.2,0,0,0,1,1,0,0,0,1,0,0,3,0.0160220552980661,3,0,0,4,0.9547619047619047,0,2,1,0,0,4,1.0139002452984465
0,0,1,0,30,1,0,0,0,0,0,0,0,0,19.05,637.55,0,0,0,1,0,0,1,0,0,0,1,2,0.0298332158797275,0,0,0,1,0.614516129032258,0,2,0,0,0,1,1.4962593516209475
1,1,1,1,4,1,0,0,0,0,0,0,0,0,46.0,181.6,1,1,0,0,1,0,0,0,0,1,0,0,0.2519167579408543,0,0,0,1,9.2,0,0,0,0,1,1,0.0851063829787234
0,1,1,0,63,1,0,1,1,1,1,1,1,1,84.0,5329.55,0,0,1,0,1,0,0,1,0,0,0,3,0.0157582238230576,4,2,0,7,1.3125,0,1,1,0,0,7,0.7411764705882353
1,0,0,0,1,1,0,0,0,0,0,0,0,1,44.55,44.55,0,1,0,0,1,0,0,0,1,0,0,0,0.9780461031833152,0,0,0,1,22.275,0,0,0,0,0,1,0.021953896816684963
0,0,1,0,15,1,1,0,0,1,1,1,1,1,103.45,1539.8,0,1,0,0,0,1,0,0,0,1,0,1,0.0671404465212876,2,2,1,6,6.465625,0,0,1,1,1,6,0.14360938247965532
0,0,1,1,27,1,0,1,1,0,0,0,0,1,80.65,2209.75,0,0,1,0,0,1,0,0,1,0,0,2,0.0364808322967318,2,0,0,3,2.880357142857143,0,1,1,0,0,3,0.3306797305572566
1,0,0,1,4,0,0,1,1,1,0,1,1,1,57.2,223.75,0,1,0,0,1,0,0,0,0,0,1,0,0.2545050055617353,3,2,0,5,11.440000000000001,0,0,1,0,0,5,0.06872852233676975
1,0,1,0,72,1,1,1,1,1,0,1,1,1,110.75,7751.7,0,0,0,1,0,1,0,0,0,1,0,3,0.0142853457505127,3,2,1,7,1.5171232876712328,0,2,1,0,0,7,0.6442953020134228
0,1,1,0,45,1,1,0,0,0,0,0,0,0,24.7,1174.35,0,0,1,0,0,0,1,0,1,0,0,2,0.0210150168035053,0,0,0,2,0.5369565217391304,0,1,0,0,0,2,1.7509727626459144
1,1,0,0,45,1,1,1,1,0,1,1,0,1,97.05,4385.05,0,1,0,0,0,1,0,0,0,1,0,2,0.0221269707367677,3,1,1,6,2.109782608695652,0,0,1,1,0,6,0.45894951555328917
1,0,0,0,36,1,0,1,1,1,1,1,0,1,76.35,2606.35,0,0,1,0,1,0,0,0,0,0,1,2,0.0292826049437168,4,1,0,6,2.0635135135135134,0,1,1,0,0,6,0.4654169360051713
0,0,1,1,17,1,0,1,0,1,0,1,0,1,89.4,1539.45,1,1,0,0,0,1,0,0,0,1,0,1,0.0580349897757148,2,1,0,4,4.966666666666667,0,0,1,1,0,4,0.18805309734513273
0,0,0,0,1,1,0,0,0,0,0,0,0,0,18.9,18.9,0,1,0,0,0,0,1,0,0,0,1,0,0.949748743718593,0,0,0,1,9.45,0,0,0,0,0,1,0.05025125628140704
0,1,0,0,16,1,1,0,0,0,0,0,0,1,74.45,1261.35,0,1,0,0,0,1,0,1,0,0,0,1,0.0589773042341664,0,0,0,2,4.379411764705883,0,0,0,1,0,2,0.21206096752816433
0,0,0,0,3,1,0,0,0,0,0,0,0,1,19.8,58.15,1,1,0,0,0,0,1,0,0,0,1,0,0.3347421808960271,0,0,0,1,4.95,0,0,0,0,0,1,0.14423076923076922
0,0,1,1,4,1,1,0,0,0,0,0,0,1,50.9,225.6,1,1,0,0,1,0,0,0,0,1,0,0,0.2246248896734333,0,0,0,2,10.18,0,0,0,0,1,2,0.07707129094412332
1,0,1,0,71,1,0,1,1,1,1,1,1,1,84.4,5969.3,0,0,0,1,1,0,0,0,1,0,0,3,0.0141366430497629,4,2,0,7,1.1722222222222223,0,2,1,0,0,7,0.8313817330210772
0,0,1,1,10,1,1,0,0,0,0,0,0,1,24.4,253.9,0,1,0,0,0,0,1,0,0,0,1,0,0.0957238132601019,0,0,0,2,2.2181818181818183,0,0,0,0,0,2,0.3937007874015748
0,0,1,1,20,1,0,0,0,0,0,0,0,0,20.05,400.0,0,0,0,1,0,0,1,0,0,0,1,1,0.05,0,0,0,1,0.9547619047619048,0,2,0,0,0,1,0.9501187648456056
0,0,0,0,4,1,0,0,0,0,0,1,0,1,81.0,340.85,1,1,0,0,0,1,0,0,0,1,0,0,0.2369460289600702,0,1,0,2,16.2,1,0,0,1,1,2,0.04878048780487805
0,0,0,0,26,1,1,0,0,1,0,1,1,1,98.35,2515.3,1,1,0,0,0,1,0,0,0,1,0,2,0.0390851647259865,1,2,1,5,3.6425925925925924,0,0,1,1,1,5,0.2617010568696528
1,0,0,0,4,1,0,0,0,0,0,1,0,0,55.5,227.35,0,1,0,0,1,0,0,0,1,0,0,0,0.2430479527041822,0,1,0,2,11.1,0,0,0,0,0,2,0.07079646017699115
0,0,0,0,5,0,0,0,1,0,0,1,1,1,51.0,305.95,1,1,0,0,1,0,0,0,0,0,1,0,0.1661508388988434,1,2,0,3,8.5,0,0,1,0,0,3,0.09615384615384616
1,0,1,0,4,1,1,0,1,0,0,1,0,1,91.65,365.4,1,1,0,0,0,1,0,0,0,1,0,0,0.2501364628820961,1,1,1,4,18.330000000000002,1,0,1,1,1,4,0.04317323259579061
0,1,1,0,29,1,1,0,0,0,0,0,1,1,84.3,2357.75,0,1,0,0,0,1,0,0,0,1,0,2,0.0357392686804451,0,1,0,3,2.81,0,0,0,1,1,3,0.3399765533411489
0,0,0,0,2,1,0,1,1,0,0,1,1,0,100.2,198.5,0,1,0,0,0,1,0,0,0,1,0,0,0.5022556390977444,2,2,1,5,33.4,1,0,1,1,0,5,0.019762845849802372
1,0,0,0,29,1,0,0,0,0,0,0,0,0,19.4,554.25,0,0,0,1,0,0,1,0,0,0,1,2,0.034939216569113,0,0,0,1,0.6466666666666666,0,2,0,0,0,1,1.4215686274509804
0,0,0,1,1,1,0,0,0,0,0,1,1,1,90.85,90.85,1,1,0,0,0,1,0,0,0,1,0,0,0.9891126837234622,0,2,1,3,45.425,1,0,0,1,1,3,0.010887316276537834
0,0,0,0,1,1,0,0,0,0,0,0,0,0,69.4,69.4,1,1,0,0,0,1,0,0,0,0,1,0,0.9857954545454546,0,0,0,1,34.7,0,0,0,1,0,1,0.014204545454545454
1,1,0,0,8,1,0,0,0,1,0,1,1,1,94.45,742.95,1,1,0,0,0,1,0,0,1,0,0,0,0.1269574568183345,1,2,1,4,10.494444444444445,1,0,1,1,0,4,0.08381351492928235
0,0,0,0,13,1,0,0,0,0,0,0,0,1,20.4,251.65,0,1,0,0,0,0,1,0,0,1,0,1,0.0807441124084702,0,0,0,1,1.457142857142857,0,0,0,0,1,1,0.6074766355140188
1,0,1,0,59,1,1,1,1,0,0,1,0,1,94.75,5597.65,0,1,0,0,0,1,0,0,0,1,0,3,0.0169237226831468,2,1,1,5,1.5791666666666666,0,0,1,1,0,5,0.6161879895561357
1,0,1,1,1,1,0,0,0,0,0,0,0,1,20.15,20.15,1,1,0,0,0,0,1,0,1,0,0,0,0.9527186761229316,0,0,0,1,10.075,0,0,0,0,0,1,0.047281323877068564
0,1,0,0,50,1,1,0,0,0,0,1,1,1,95.7,4816.7,1,1,0,0,0,1,0,0,0,1,0,3,0.0198642505760009,0,2,1,4,1.8764705882352941,0,0,0,1,1,4,0.5170630816959669
0,0,1,0,18,1,0,0,0,0,0,0,0,1,44.35,768.05,0,1,0,0,1,0,0,1,0,0,0,1,0.0576685521097457,0,0,0,1,2.3342105263157897,0,0,0,0,0,1,0.39691289966923926
1,0,1,1,17,1,0,1,1,0,0,1,1,0,74.55,1215.8,0,1,0,0,1,0,0,0,0,0,1,1,0.061267258382643,2,2,0,5,4.141666666666667,0,0,1,0,0,5,0.22501654533421575
0,0,1,0,47,1,0,0,1,1,0,1,1,0,73.6,3522.65,0,0,0,1,1,0,0,0,0,1,0,2,0.0208874320661813,2,2,0,5,1.5333333333333332,0,2,1,0,1,5,0.6300268096514746
1,0,0,0,26,1,1,0,0,0,0,0,0,1,74.95,1834.95,1,1,0,0,0,1,0,1,0,0,0,2,0.040823551839647,0,0,0,2,2.775925925925926,0,0,0,1,0,2,0.34233048057932847
1,0,0,0,6,0,0,0,0,1,0,1,1,1,47.95,305.1,1,1,0,0,1,0,0,0,0,1,0,0,0.1566481541979745,1,2,0,3,6.8500000000000005,0,0,1,0,1,3,0.12257405515832481
0,0,1,1,19,1,1,0,0,0,0,0,0,0,50.1,910.45,0,1,0,0,1,0,0,0,1,0,0,1,0.0549673597015744,0,0,0,2,2.505,0,0,0,0,0,2,0.37181996086105673
1,0,0,0,3,1,1,0,0,0,1,1,0,1,63.6,155.65,1,1,0,0,1,0,0,0,0,1,0,0,0.4060006383657836,1,1,0,4,15.9,0,0,1,0,1,4,0.04643962848297214
1,1,1,1,68,0,0,0,1,1,0,1,1,1,53.0,3656.25,0,0,0,1,1,0,0,0,0,1,0,3,0.0144917629366327,2,2,0,4,0.7681159420289855,0,2,1,0,1,4,1.2592592592592593
1,0,1,0,2,1,0,0,0,0,0,0,0,0,19.85,52.0,0,1,0,0,0,0,1,1,0,0,0,0,0.3745283018867925,0,0,0,1,6.616666666666667,0,0,0,0,0,1,0.09592326139088729
0,0,0,0,7,0,0,0,0,0,0,0,0,1,24.35,150.85,0,0,1,0,1,0,0,0,1,0,0,0,0.1603556140928548,0,0,0,0,3.04375,0,1,0,0,0,0,0.2761341222879684
1,0,0,0,18,1,0,0,0,0,0,0,0,1,19.55,389.25,0,1,0,0,0,0,1,0,0,0,1,1,0.0500960922485586,0,0,0,1,1.0289473684210526,0,0,0,0,0,1,0.875912408759124
1,0,1,0,71,1,1,0,0,0,0,0,0,0,25.05,1873.7,0,0,0,1,0,0,1,0,1,0,0,3,0.0133621379420707,0,0,0,2,0.34791666666666665,0,2,0,0,0,2,2.7255278310940496
0,1,1,0,13,1,1,1,1,0,0,0,1,0,93.8,1261.0,0,1,0,0,0,1,0,0,1,0,0,1,0.0743264659270998,2,1,1,5,6.7,0,0,1,1,0,5,0.1371308016877637
0,0,0,0,3,0,0,0,1,0,1,0,0,1,36.85,108.7,1,1,0,0,1,0,0,0,0,0,1,0,0.3359161349134001,2,0,0,2,9.2125,0,0,1,0,0,2,0.07926023778071334
0,0,1,0,72,1,1,0,1,1,0,1,1,1,103.75,7346.2,0,0,0,1,0,1,0,1,0,0,0,3,0.0141210256968641,2,2,1,6,1.4212328767123288,0,2,1,0,0,6,0.6873508353221957
0,0,1,1,66,0,0,0,1,1,0,1,1,1,56.75,3708.4,0,0,0,1,1,0,0,0,1,0,0,3,0.0152989701838572,2,2,0,4,0.8470149253731343,0,2,1,0,0,4,1.1428571428571428
0,0,1,1,24,1,0,0,0,0,0,0,0,1,20.8,469.65,0,0,1,0,0,0,1,0,1,0,0,1,0.0441941995113141,0,0,0,1,0.8320000000000001,0,1,0,0,0,1,1.1009174311926606
1,0,0,0,1,1,0,0,0,0,0,0,0,1,44.1,44.1,1,1,0,0,1,0,0,0,0,1,0,0,0.9778270509977828,0,0,0,1,22.05,0,0,0,0,1,1,0.022172949002217293
1,0,1,1,56,1,1,0,0,0,0,0,0,1,24.45,1385.85,0,0,0,1,0,0,1,0,0,0,1,3,0.0176298806648159,0,0,0,2,0.42894736842105263,0,2,0,0,0,2,2.200392927308448
1,1,1,0,22,1,1,0,0,0,0,0,0,0,25.6,548.8,0,0,1,0,0,0,1,1,0,0,0,1,0.046562386322299,0,0,0,2,1.1130434782608696,0,1,0,0,0,2,0.8270676691729323
0,0,0,0,14,0,0,0,0,1,0,1,1,1,50.75,712.75,1,1,0,0,1,0,0,0,0,1,0,1,0.0711033274956217,1,2,0,3,3.3833333333333333,0,0,1,0,1,3,0.27053140096618356
1,1,1,0,61,1,1,0,1,1,0,1,1,1,104.4,6405.0,1,0,1,0,0,1,0,0,1,0,0,3,0.0162972213549797,2,2,1,6,1.6838709677419357,0,1,1,0,0,6,0.5787476280834914
1,1,1,0,40,0,0,0,1,0,0,1,0,1,39.3,1637.4,1,1,0,0,1,0,0,0,0,1,0,2,0.0239868164062499,1,1,0,2,0.9585365853658536,0,0,1,0,1,2,0.9925558312655087
1,0,0,0,42,1,0,1,1,1,0,0,0,0,59.65,2536.55,0,1,0,0,1,0,0,1,0,0,0,2,0.023506925971902,3,0,0,4,1.3872093023255814,0,0,1,0,0,4,0.6924979389942292
1,0,1,1,72,1,1,1,0,1,1,1,1,1,83.3,6042.7,0,0,0,1,1,0,0,1,0,0,0,3,0.0137829475321409,3,2,0,7,1.141095890410959,0,2,1,0,0,7,0.8540925266903915
1,0,0,0,12,1,1,0,0,0,1,0,0,1,79.55,958.25,0,1,0,0,0,1,0,0,1,0,0,0,0.0829293719051342,1,0,0,3,6.119230769230769,0,0,1,1,0,3,0.148975791433892
0,0,1,0,71,1,1,0,0,0,0,0,0,0,24.45,1730.65,0,0,0,1,0,0,1,1,0,0,0,3,0.0141194814194554,0,0,0,2,0.33958333333333335,0,2,0,0,0,2,2.7897838899803538
1,0,1,0,26,1,0,0,0,0,0,0,0,0,19.2,459.6,0,0,1,0,0,0,1,0,0,0,1,2,0.0416847590099869,0,0,0,1,0.7111111111111111,0,1,0,0,0,1,1.2871287128712872
1,0,0,1,7,0,0,1,0,0,0,0,0,0,29.8,201.95,0,1,0,0,1,0,0,0,0,0,1,0,0.1468341956146834,1,0,0,1,3.725,0,0,1,0,0,1,0.22727272727272727
1,0,1,1,6,1,0,0,0,0,0,0,0,0,45.5,285.2,0,1,0,0,1,0,0,0,0,0,1,0,0.1589797344514325,0,0,0,1,6.5,0,0,0,0,0,1,0.12903225806451613
1,0,0,0,58,1,0,1,1,1,0,1,1,1,106.45,6145.85,1,0,1,0,0,1,0,0,0,1,0,3,0.017317813188869,3,2,1,6,1.8042372881355933,0,1,1,0,0,6,0.5397859469520707
0,0,1,0,51,0,0,0,1,0,0,0,0,1,30.05,1529.45,0,1,0,0,1,0,0,0,1,0,0,3,0.0196347479499493,1,0,0,1,0.5778846153846154,0,0,1,0,0,1,1.642512077294686
0,0,1,1,72,0,0,1,1,1,1,1,1,1,65.65,4664.5,0,0,0,1,1,0,0,1,0,0,0,3,0.0140713749866037,4,2,0,6,0.8993150684931508,0,2,1,0,0,6,1.080270067516879
1,0,0,0,18,1,0,1,0,0,0,1,1,1,96.05,1740.7,1,1,0,0,0,1,0,0,0,1,0,1,0.0551472699087098,1,2,1,4,5.0552631578947365,0,0,1,1,0,4,0.18547140649149924
1,0,0,0,7,1,1,0,0,0,0,0,0,1,75.1,552.95,1,1,0,0,0,1,0,1,0,0,0,0,0.1355718025092517,0,0,0,2,9.3875,1,0,0,1,0,2,0.09198423127463864
1,0,0,0,47,1,1,1,1,0,1,0,1,0,74.05,3496.3,0,0,0,1,1,0,0,0,0,0,1,2,0.0211734766820118,3,1,0,6,1.5427083333333333,0,2,1,0,0,6,0.6262491672218521
0,1,0,0,2,1,0,0,0,0,0,0,0,1,44.7,93.7,1,1,0,0,1,0,0,0,0,1,0,0,0.4720168954593453,0,0,0,1,14.9,0,0,0,0,1,1,0.0437636761487965
0,1,0,0,62,1,1,0,1,1,1,1,1,1,110.75,7053.35,0,0,1,0,0,1,0,1,0,0,0,3,0.0156995329123165,3,2,1,7,1.757936507936508,0,1,1,0,0,7,0.5548098434004475
1,0,1,1,16,1,0,0,0,0,0,0,0,0,19.7,301.55,0,0,0,1,0,0,1,0,0,0,1,1,0.06511320442902,0,0,0,1,1.1588235294117646,0,2,0,0,0,1,0.7729468599033816
0,0,0,0,6,1,0,0,0,0,1,0,0,1,49.5,312.7,0,1,0,0,1,0,0,0,1,0,0,0,0.1577940707682499,1,0,0,2,7.071428571428571,0,0,1,0,0,2,0.1188118811881188
0,0,0,0,19,1,0,0,0,1,1,0,0,1,55.0,1046.5,1,1,0,0,1,0,0,0,1,0,0,1,0.0525059665871121,2,0,0,3,2.75,0,0,1,0,0,3,0.3392857142857143
1,0,1,1,69,0,0,1,0,1,0,0,1,1,43.95,2960.1,0,0,0,1,1,0,0,0,1,0,0,3,0.0148424571949613,2,1,0,3,0.6278571428571429,0,2,1,0,0,3,1.5350389321468296
0,0,1,1,11,1,1,0,0,0,0,0,0,1,74.35,834.2,1,1,0,0,0,1,0,0,0,1,0,0,0.0890205938697318,0,0,0,2,6.195833333333333,1,0,0,1,1,2,0.14598540145985403
1,0,1,0,64,1,1,0,1,1,1,1,1,1,111.15,6953.4,0,1,0,0,0,1,0,0,0,1,0,3,0.0159826872196019,3,2,1,7,1.7100000000000002,0,0,1,1,1,7,0.5706642888987963
1,0,1,0,39,1,0,1,0,1,1,1,1,1,104.7,4134.85,1,0,1,0,0,1,0,0,1,0,0,2,0.0253152314518176,3,2,1,6,2.6175,0,1,1,0,0,6,0.36896877956480606
1,0,0,0,15,1,1,1,0,0,0,0,0,1,55.7,899.8,1,1,0,0,1,0,0,0,0,0,1,1,0.0618339253996447,1,0,0,3,3.48125,0,0,1,0,0,3,0.26455026455026454
0,0,0,0,25,1,0,0,0,0,0,0,0,0,20.6,541.5,0,1,0,0,0,0,1,0,0,0,1,2,0.0379723502304147,0,0,0,1,0.7923076923076924,0,0,0,0,0,1,1.1574074074074074
1,0,0,0,6,1,0,0,0,0,0,0,0,0,19.65,116.85,0,0,0,1,0,0,1,0,1,0,0,0,0.1667373780229104,0,0,0,1,2.807142857142857,0,2,0,0,0,1,0.2905569007263923
0,0,1,0,66,1,1,1,1,1,1,1,1,0,115.8,7942.15,0,0,1,0,0,1,0,1,0,0,0,3,0.0145785991703543,4,2,1,8,1.7283582089552239,0,1,1,0,0,8,0.565068493150685
1,0,0,0,61,1,1,0,1,1,1,1,1,0,88.65,5321.25,0,0,0,1,1,0,0,0,1,0,0,3,0.0166564892667574,3,2,0,7,1.4298387096774194,0,2,1,0,0,7,0.6804238706079196
1,1,1,0,43,1,1,1,1,0,0,1,0,1,94.5,4156.8,0,1,0,0,0,1,0,0,0,1,0,2,0.0227283659627687,2,1,1,5,2.147727272727273,0,0,1,1,0,5,0.450261780104712
1,0,0,0,12,1,0,0,0,0,0,0,0,0,20.1,223.6,0,1,0,0,0,0,1,0,0,0,1,0,0.0894924309884238,0,0,0,1,1.5461538461538462,0,0,0,0,0,1,0.5687203791469194
0,1,0,0,23,0,0,0,0,0,0,0,1,1,34.65,768.45,0,1,0,0,1,0,0,1,0,0,0,1,0.0450321658327376,0,1,0,1,1.4437499999999999,0,0,0,0,0,1,0.6451612903225806
0,1,1,0,71,0,0,0,1,1,0,1,1,1,52.3,3765.05,0,1,0,0,1,0,0,1,0,0,0,3,0.013887229325155,2,2,0,4,0.7263888888888889,0,0,1,0,0,4,1.3320825515947468
1,0,0,0,34,1,1,0,0,0,1,1,0,0,65.0,2157.5,0,1,0,0,1,0,0,0,0,0,1,2,0.030113504748668,1,1,0,4,1.8571428571428572,0,0,1,0,0,4,0.5151515151515151
1,0,0,0,5,1,0,0,0,0,0,0,0,0,19.85,108.05,1,1,0,0,0,0,1,0,1,0,0,0,0.182026593305823,0,0,0,1,3.3083333333333336,0,0,0,0,0,1,0.2398081534772182
1,0,1,0,41,0,0,0,1,0,1,0,0,0,35.45,1391.65,0,0,1,0,1,0,0,0,0,0,1,2,0.0254550676767314,2,0,0,2,0.8440476190476192,0,1,1,0,0,2,1.1248285322359395
1,0,1,1,72,1,0,0,0,0,0,0,0,0,19.7,1379.8,0,0,0,1,0,0,1,0,1,0,0,3,0.0142670915411355,0,0,0,1,0.26986301369863014,0,2,0,0,0,1,3.4782608695652173
0,1,0,0,14,1,1,0,0,0,0,1,1,1,95.6,1273.3,0,1,0,0,0,1,0,0,0,1,0,1,0.0750215804755552,0,2,1,4,6.373333333333333,0,0,0,1,1,4,0.14492753623188406
1,0,0,0,41,1,0,0,0,0,0,0,0,1,19.85,810.45,0,0,0,1,0,0,1,0,0,0,1,2,0.0244623821554008,0,0,0,1,0.47261904761904766,0,2,0,0,0,1,1.9664268585131892
1,0,1,1,23,1,1,1,0,0,0,0,0,0,81.85,1810.85,0,0,1,0,0,1,0,0,1,0,0,1,0.0451748213152302,1,0,0,3,3.4104166666666664,0,1,1,0,0,3,0.2776101388050694
0,0,1,1,71,1,0,1,1,1,1,1,1,0,109.3,7782.85,0,0,0,1,0,1,0,0,1,0,0,3,0.014041894435273,4,2,1,7,1.5180555555555555,0,2,1,0,0,7,0.6436990027198549
1,0,0,0,1,1,0,0,0,0,0,0,0,1,70.3,70.3,1,1,0,0,0,1,0,0,0,1,0,0,0.9859747545582048,0,0,0,1,35.15,1,0,0,1,1,1,0.014025245441795233
0,0,1,0,72,1,1,0,0,0,0,0,0,0,25.4,1797.1,0,0,0,1,0,0,1,0,0,0,1,3,0.0141260219120182,0,0,0,2,0.347945205479452,0,2,0,0,0,2,2.7272727272727275
0,0,1,1,6,1,0,0,0,0,0,0,0,1,69.8,377.85,0,1,0,0,0,1,0,0,0,1,0,0,0.184241784347367,0,0,0,1,9.971428571428572,0,0,0,1,1,1,0.08474576271186442
0,0,1,1,23,1,0,0,0,0,0,0,0,1,20.0,445.3,0,0,1,0,0,0,1,0,1,0,0,1,0.0448129061169616,0,0,0,1,0.8333333333333334,0,1,0,0,0,1,1.0952380952380953
0,1,1,0,10,1,1,0,0,0,0,0,1,0,85.55,851.75,1,1,0,0,0,1,0,0,0,1,0,0,0.1003224860744649,0,1,0,3,7.777272727272727,1,0,0,1,1,3,0.11554015020219527
1,0,0,0,72,1,0,1,1,1,1,1,1,1,109.9,7624.2,0,0,0,1,0,1,0,0,0,1,0,3,0.0144127367151025,4,2,1,7,1.5054794520547945,0,2,1,0,0,7,0.6492335437330928
1,0,1,0,7,1,0,1,0,0,0,0,0,1,50.3,355.1,0,1,0,0,1,0,0,1,0,0,0,0,0.1412524571749508,1,0,0,2,6.2875,0,0,1,0,0,2,0.13645224171539963
0,0,0,1,6,1,0,0,0,1,0,1,1,0,94.5,575.45,1,1,0,0,0,1,0,0,0,0,1,0,0.1639344262295081,1,2,1,4,13.5,1,0,1,1,0,4,0.06282722513089005
0,0,1,1,9,1,0,0,1,0,1,1,1,1,101.5,906.85,0,1,0,0,0,1,0,0,0,1,0,0,0.111802610563419,2,2,1,5,10.15,1,0,1,1,1,5,0.08780487804878048
1,0,0,0,12,1,1,0,1,0,0,0,1,1,89.15,1057.55,0,1,0,0,0,1,0,0,0,1,0,0,0.0842189787917434,1,1,0,4,6.857692307692308,0,0,1,1,1,4,0.13311148086522462
1,0,0,0,1,1,0,0,0,0,0,0,0,1,19.4,19.4,0,1,0,0,0,0,1,0,0,0,1,0,0.9509803921568628,0,0,0,1,9.7,0,0,0,0,0,1,0.04901960784313726
1,1,1,1,48,0,0,0,1,0,0,0,0,0,29.9,1388.75,0,0,1,0,1,0,0,1,0,0,0,2,0.0215146609102356,1,0,0,1,0.610204081632653,0,1,1,0,0,1,1.5533980582524272
0,0,0,0,20,1,0,0,0,0,0,1,0,0,78.8,1641.3,0,1,0,0,0,1,0,0,0,1,0,1,0.0479814893746574,0,1,0,2,3.7523809523809524,0,0,0,1,1,2,0.2506265664160401
1,1,1,0,16,1,1,0,0,0,0,0,1,1,85.35,1375.15,1,1,0,0,0,1,0,0,1,0,0,1,0.0620208552846709,0,1,0,3,5.020588235294118,0,0,0,1,0,3,0.18529241459177767
1,0,0,0,2,1,0,0,0,0,0,1,0,1,79.65,152.7,1,1,0,0,0,1,0,0,0,0,1,0,0.5182173064411192,0,1,0,2,26.55,1,0,0,1,0,2,0.02479851208927464
1,0,0,0,10,1,0,0,0,0,0,0,0,1,19.3,185.2,0,0,1,0,0,0,1,0,0,0,1,0,0.1036519871106337,0,0,0,1,1.7545454545454546,0,1,0,0,0,1,0.49261083743842365
1,1,0,0,2,1,0,0,0,0,0,0,1,1,79.6,195.05,1,1,0,0,0,1,0,0,0,1,0,0,0.4060188727365467,0,1,0,2,26.53333333333333,1,0,0,1,1,2,0.02481389578163772
0,0,1,1,20,1,1,0,1,0,1,1,0,0,96.8,1826.7,0,1,0,0,0,1,0,0,0,0,1,1,0.0529627400558078,2,1,1,5,4.609523809523809,0,0,1,1,0,5,0.20449897750511248
0,0,1,0,20,1,0,0,0,0,0,0,0,0,20.65,417.5,0,0,1,0,0,0,1,0,0,0,1,1,0.0493428912783751,0,0,0,1,0.9833333333333333,0,1,0,0,0,1,0.9237875288683604
0,0,1,1,19,1,0,0,0,0,0,0,0,0,19.8,344.5,0,0,1,0,0,0,1,0,0,0,1,1,0.0573082489146165,0,0,0,1,0.99,0,1,0,0,0,1,0.9134615384615384
0,1,0,0,19,1,1,1,0,0,0,1,0,1,90.6,1660.0,1,1,0,0,0,1,0,0,0,1,0,1,0.0545454545454545,1,1,1,4,4.529999999999999,0,0,1,1,0,4,0.2074235807860262
0,0,1,0,22,1,0,1,1,0,1,1,1,1,104.6,2180.55,0,1,0,0,0,1,0,0,0,1,0,1,0.0479475602209438,3,2,1,6,4.547826086956522,0,0,1,1,0,6,0.20833333333333334
1,0,0,0,35,1,1,0,0,0,1,0,0,0,80.05,2835.9,0,1,0,0,0,1,0,0,1,0,0,2,0.0282174204237019,1,0,0,3,2.223611111111111,0,0,1,1,0,3,0.431832202344232
1,0,0,0,1,1,0,0,0,0,0,0,0,0,45.15,45.15,0,1,0,0,1,0,0,0,0,0,1,0,0.9783315276273022,0,0,0,1,22.575,0,0,0,0,0,1,0.021668472372697724
0,0,0,0,39,1,1,0,0,0,0,0,0,1,73.15,2730.85,0,1,0,0,0,1,0,0,1,0,0,2,0.0267767263942017,0,0,0,2,1.82875,0,0,0,1,0,2,0.5259608900876601
1,1,1,0,54,1,0,0,0,1,1,1,1,1,99.1,5437.1,0,0,1,0,0,1,0,0,0,1,0,3,0.018223276512017,2,2,1,5,1.8018181818181818,0,1,1,0,1,5,0.5394605394605395
1,0,0,0,1,1,0,0,0,0,0,0,0,1,20.2,20.2,1,1,0,0,0,0,1,1,0,0,0,0,0.9528301886792452,0,0,0,1,10.1,0,0,0,0,0,1,0.04716981132075472
0,0,1,0,66,1,1,1,0,1,0,1,1,1,106.05,6981.35,1,0,0,1,0,1,0,0,1,0,0,3,0.015188296204,2,2,1,6,1.5828358208955224,0,2,1,0,0,6,0.6165343297524521
0,0,0,0,56,1,1,1,0,0,1,1,1,1,105.35,5794.45,0,1,0,0,0,1,0,0,0,0,1,3,0.0181780534729831,2,2,1,6,1.8482456140350876,0,0,1,1,0,6,0.5265632346027269
0,0,0,1,18,1,0,0,0,0,0,0,0,1,45.65,747.2,0,1,0,0,1,0,0,0,1,0,0,1,0.0610130981021117,0,0,0,1,2.4026315789473682,0,0,0,0,0,1,0.38585209003215437
1,0,1,1,16,1,1,0,1,0,0,0,0,1,79.95,1267.95,0,1,0,0,0,1,0,0,1,0,0,1,0.0630048465266559,1,0,0,3,4.702941176470588,0,0,1,1,0,3,0.19765287214329832
1,0,0,0,68,1,0,1,0,1,0,0,0,1,54.45,3674.95,0,0,1,0,1,0,0,0,1,0,0,3,0.0148124974496388,2,0,0,3,0.7891304347826087,0,1,1,0,0,3,1.2263300270513975
1,1,1,0,53,1,1,0,0,0,0,0,0,0,25.1,1275.6,0,0,0,1,0,0,1,0,1,0,0,3,0.0196616011279962,0,0,0,2,0.46481481481481485,0,2,0,0,0,2,2.0306513409961684
1,0,1,1,72,1,1,1,0,1,1,1,1,0,84.7,5893.9,0,0,0,1,1,0,0,0,1,0,0,3,0.0143683523045344,3,2,0,7,1.1602739726027398,0,2,1,0,0,7,0.8401400233372228
0,0,0,0,9,1,1,0,0,0,0,0,0,1,75.85,724.65,0,1,0,0,0,1,0,0,0,1,0,0,0.1045269758147867,0,0,0,2,7.584999999999999,1,0,0,1,1,2,0.11711125569290827
1,0,0,0,30,1,0,1,0,0,0,0,0,1,48.8,1536.75,0,1,0,0,1,0,0,0,0,0,1,2,0.0317346772882458,1,0,0,2,1.5741935483870966,0,0,1,0,0,2,0.6024096385542169
1,0,0,0,36,1,1,0,1,0,0,1,1,1,99.15,3615.6,1,1,0,0,0,1,0,0,0,1,0,2,0.0274152518940441,1,2,1,5,2.67972972972973,0,0,1,1,1,5,0.35946080878681974
1,0,0,0,18,0,0,0,0,1,1,0,0,1,35.2,607.3,0,1,0,0,1,0,0,0,0,1,0,1,0.0578661844484629,2,0,0,2,1.8526315789473686,0,0,1,0,1,2,0.49723756906077343
1,1,1,1,55,1,1,1,0,1,1,1,0,0,76.25,4154.55,0,0,1,0,1,0,0,0,0,1,0,3,0.0183489550119719,3,1,0,6,1.3616071428571428,0,1,1,0,0,6,0.7119741100323624
1,0,1,0,39,0,0,1,0,1,0,1,1,0,55.9,2184.35,1,1,0,0,1,0,0,0,0,1,0,2,0.0255794266364655,2,2,0,4,1.3975,0,0,1,0,0,4,0.6854130052724078
0,0,0,0,21,1,1,0,1,0,0,0,0,1,82.35,1852.85,1,1,0,0,0,1,0,0,0,1,0,1,0.0444210696658305,1,0,0,3,3.7431818181818177,0,0,1,1,1,3,0.25194961007798444
0,0,0,0,2,0,0,0,1,1,1,0,0,1,40.4,77.15,1,1,0,0,1,0,0,0,1,0,0,0,0.5169545745361483,3,0,0,3,13.466666666666667,0,0,1,0,0,3,0.04830917874396135
0,1,0,0,33,1,1,0,0,0,0,0,0,1,24.9,847.8,0,0,1,0,0,0,1,1,0,0,0,2,0.0293355325164938,0,0,0,2,0.7323529411764705,0,1,0,0,0,2,1.2741312741312742
0,0,1,0,44,0,0,0,1,1,0,1,1,0,54.3,2390.45,0,0,0,1,1,0,0,1,0,0,0,2,0.0227058897321708,2,2,0,4,1.2066666666666666,0,2,1,0,0,4,0.7956600361663653
1,0,1,1,30,1,0,1,0,0,1,0,1,0,66.3,1923.5,0,1,0,0,1,0,0,1,0,0,0,2,0.0344505066250974,2,1,0,4,2.138709677419355,0,0,1,0,0,4,0.4457652303120357
1,0,1,0,71,1,0,0,0,0,0,0,0,1,20.9,1493.2,0,0,0,1,0,0,1,1,0,0,0,3,0.0139874180163298,0,0,0,1,0.29027777777777775,0,2,0,0,0,1,3.2420091324200917
1,0,0,0,4,1,1,0,0,0,0,0,0,0,75.35,338.1,1,1,0,0,0,1,0,0,0,1,0,0,0.2222058389855499,0,0,0,2,15.069999999999999,1,0,0,1,1,2,0.05239030779305829
0,0,0,1,35,1,0,0,0,1,0,1,0,1,85.15,3030.6,1,0,1,0,0,1,0,0,0,1,0,2,0.0280874785591766,1,1,0,3,2.365277777777778,0,1,1,0,1,3,0.40626813697040043
0,0,1,0,1,1,0,0,0,1,0,0,0,0,75.35,75.35,0,1,0,0,0,1,0,0,1,0,0,0,0.9869024230517356,1,0,0,2,37.675,1,0,1,1,0,2,0.013097576948264572
0,1,1,0,23,1,1,0,1,1,0,1,1,1,104.45,2184.85,0,1,0,0,0,1,0,0,0,1,0,1,0.0477846146807878,2,2,1,6,4.352083333333334,0,0,1,1,1,6,0.21811284969179706
1,0,0,1,22,0,0,0,0,1,0,1,1,1,49.45,1031.4,0,0,1,0,1,0,0,0,1,0,0,1,0.0478981015110422,1,2,0,3,2.15,0,1,1,0,0,3,0.4360753221010902
1,0,0,1,49,1,0,0,0,0,0,0,0,0,19.45,921.3,0,0,1,0,0,0,1,0,1,0,0,3,0.0210885828905995,0,0,0,1,0.389,0,1,0,0,0,1,2.3960880195599024
1,0,1,1,42,1,0,0,0,1,0,1,1,1,92.15,3875.4,0,1,0,0,0,1,0,0,0,1,0,2,0.0237720565473119,1,2,1,4,2.1430232558139535,0,0,1,1,1,4,0.4508856682769726
1,0,1,1,33,1,0,0,0,1,0,1,1,1,93.8,3124.5,1,0,1,0,0,1,0,0,0,1,0,2,0.0300111982082866,1,2,1,4,2.7588235294117647,0,1,1,0,1,4,0.34810126582278483
1,0,1,1,7,1,0,0,0,0,0,0,0,0,19.85,144.15,0,0,0,1,0,0,1,0,0,0,1,0,0.1367550809507406,0,0,0,1,2.48125,0,2,0,0,0,1,0.3357314148681055
1,0,1,1,67,1,1,1,0,1,1,0,1,1,100.25,6689.0,0,0,1,0,0,1,0,1,0,0,0,3,0.0149850523168908,3,1,1,6,1.474264705882353,0,1,1,0,0,6,0.6617283950617284
0,0,0,0,15,1,1,0,1,0,1,0,1,0,95.7,1451.1,0,1,0,0,0,1,0,0,0,1,0,1,0.0659045520280972,2,1,1,5,5.98125,0,0,1,1,1,5,0.15511892450879006
0,0,1,0,67,1,1,0,1,1,0,0,1,1,93.15,6368.2,0,0,0,1,0,1,0,0,0,1,0,3,0.0146250706525152,2,1,1,5,1.3698529411764706,0,2,1,0,1,5,0.7116303770578863
0,0,1,1,53,1,0,1,1,0,1,1,0,1,69.7,3729.6,0,0,0,1,1,0,0,0,0,0,1,3,0.0186833217176861,3,1,0,5,1.2907407407407407,0,2,1,0,0,5,0.7496463932107497
0,0,1,1,21,1,0,0,0,0,0,0,0,0,19.8,350.1,0,0,1,0,0,0,1,0,0,0,1,1,0.0563941896895471,0,0,0,1,0.9,0,1,0,0,0,1,1.0096153846153846
1,0,1,1,40,1,0,1,1,0,1,0,1,1,71.35,2847.2,0,1,0,0,1,0,0,0,0,0,1,2,0.0250509093462537,3,1,0,5,1.7402439024390242,0,0,1,0,0,5,0.55286800276434
1,0,1,1,22,1,0,0,0,0,0,0,0,0,20.75,452.35,0,0,1,0,0,0,1,1,0,0,0,1,0.0457703760891143,0,0,0,1,0.9021739130434783,0,1,0,0,0,1,1.0114942528735633
0,0,0,0,39,0,0,0,0,0,1,0,1,1,40.6,1494.5,0,1,0,0,1,0,0,0,0,1,0,2,0.0271481109996656,1,1,0,2,1.0150000000000001,0,0,1,0,1,2,0.9375
0,0,0,0,45,1,0,0,0,0,0,0,0,1,20.4,930.45,1,0,1,0,0,0,1,0,0,1,0,2,0.0219013366256911,0,0,0,1,0.4434782608695652,0,1,0,0,1,1,2.1028037383177574
1,0,1,0,2,1,0,0,0,0,0,0,0,0,20.35,41.85,0,1,0,0,0,0,1,0,0,0,1,0,0.4749124854142357,0,0,0,1,6.783333333333334,0,0,0,0,0,1,0.09367681498829039
1,0,1,1,57,1,0,0,0,0,0,0,0,0,19.75,1272.05,0,0,0,1,0,0,1,1,0,0,0,3,0.0155139232551745,0,0,0,1,0.34051724137931033,0,2,0,0,0,1,2.746987951807229
0,0,1,1,8,1,0,0,0,0,0,1,0,1,54.4,475.1,0,1,0,0,1,0,0,0,0,1,0,0,0.1142617097248477,0,1,0,2,6.044444444444444,0,0,0,0,1,2,0.1444043321299639
0,1,1,0,7,1,1,1,1,0,0,0,1,1,94.7,673.1,1,1,0,0,0,1,0,0,1,0,0,0,0.1404836077733274,2,1,1,5,11.8375,1,0,1,1,0,5,0.07314524555903866
0,0,0,0,6,0,0,0,1,0,0,0,0,1,30.5,208.7,1,1,0,0,1,0,0,0,1,0,0,0,0.145445875059609,1,0,0,1,4.357142857142857,0,0,1,0,0,1,0.19047619047619047
1,0,1,1,7,1,0,0,0,0,0,0,0,0,20.45,150.75,0,1,0,0,0,0,1,0,0,0,1,0,0.1347611202635914,0,0,0,1,2.55625,0,0,0,0,0,1,0.32634032634032634
0,0,0,0,49,1,1,0,0,0,1,1,0,1,66.15,3199.0,0,0,0,1,1,0,0,1,0,0,0,3,0.020671875,1,1,0,4,1.3230000000000002,0,2,1,0,0,4,0.7297096053611317
1,0,0,0,65,1,1,1,1,0,1,0,0,1,89.85,5844.65,0,0,1,0,0,1,0,0,0,1,0,3,0.015370403633471,3,0,0,5,1.3613636363636363,0,1,1,0,0,5,0.7154650522839846
1,0,0,0,55,1,0,0,0,0,0,0,0,0,45.05,2462.6,0,0,1,0,1,0,0,1,0,0,0,3,0.0182862477674947,0,0,0,1,0.8044642857142856,0,1,0,0,0,1,1.1943539630836049
0,0,1,1,71,1,1,1,1,1,1,1,1,0,86.85,6263.8,0,0,0,1,1,0,0,1,0,0,0,3,0.0138631720086834,4,2,0,8,1.2062499999999998,0,2,1,0,0,8,0.8081957882754696
0,0,0,0,35,1,1,1,1,1,1,0,0,1,96.75,3403.4,0,1,0,0,0,1,0,0,0,0,1,2,0.0284191046880507,4,0,1,6,2.6875,0,0,1,1,0,6,0.35805626598465473
0,1,0,0,3,1,1,0,0,0,0,0,0,1,77.0,237.75,1,1,0,0,0,1,0,0,0,1,0,0,0.3225130890052356,0,0,0,2,19.25,1,0,0,1,1,2,0.038461538461538464
1,0,0,1,11,1,0,0,0,0,0,0,0,0,20.1,221.35,1,1,0,0,0,0,1,0,1,0,0,0,0.0903980211378457,0,0,0,1,1.675,0,0,0,0,0,1,0.5213270142180094
1,0,0,0,1,1,0,0,0,1,0,0,0,0,75.3,75.3,1,1,0,0,0,1,0,0,0,1,0,0,0.9868938401048492,1,0,0,2,37.65,1,0,1,1,1,2,0.013106159895150722
0,0,0,0,17,1,1,1,1,1,1,1,0,1,106.65,1672.1,0,1,0,0,0,1,0,1,0,0,0,1,0.0637439483593329,4,1,1,7,5.925000000000001,0,0,1,1,0,7,0.15791918253599627
1,0,1,0,72,1,1,1,0,1,1,1,1,1,110.15,7881.2,0,0,0,1,0,1,0,0,1,0,0,3,0.0139745248788409,3,2,1,7,1.5089041095890412,0,2,1,0,0,7,0.6477732793522267
1,0,1,1,28,1,0,1,0,0,0,0,1,1,82.85,2320.8,0,0,1,0,0,1,0,1,0,0,0,2,0.0356835214058058,1,1,0,3,2.856896551724138,0,1,1,0,0,3,0.33392963625521765
1,0,1,0,18,1,0,0,0,0,0,0,0,0,20.1,370.5,0,0,0,1,0,0,1,0,0,0,1,1,0.0541049798115747,0,0,0,1,1.0578947368421054,0,2,0,0,0,1,0.8530805687203791
1,1,1,0,40,1,0,0,1,0,1,1,1,1,99.2,4062.2,1,0,1,0,0,1,0,0,1,0,0,2,0.0244142547745619,2,2,1,5,2.419512195121951,0,1,1,0,0,5,0.3992015968063872
1,0,0,0,52,1,0,0,0,1,0,0,1,1,59.45,3043.7,0,1,0,0,1,0,0,0,0,1,0,3,0.0195257332413702,1,1,0,3,1.1216981132075472,0,0,1,0,1,3,0.8602150537634409
1,0,1,0,47,1,0,0,1,0,0,1,0,1,58.6,2723.4,0,1,0,0,1,0,0,1,0,0,0,2,0.0215093231537219,1,1,0,3,1.2208333333333334,0,0,1,0,0,3,0.7885906040268457
1,0,0,0,23,1,0,0,0,1,0,0,0,0,49.7,1081.25,0,1,0,0,1,0,0,0,1,0,0,1,0.0459228459228459,1,0,0,2,2.0708333333333333,0,0,1,0,0,2,0.4536489151873767
0,0,1,1,66,1,0,1,1,1,1,0,0,0,65.85,4097.05,0,0,0,1,1,0,0,0,0,0,1,3,0.0160686180012444,4,0,0,5,0.9828358208955223,0,2,1,0,0,5,0.987284966342558
1,0,0,0,8,1,1,0,0,0,0,0,0,1,73.5,632.2,0,1,0,0,0,1,0,0,0,1,0,0,0.1160770688566013,0,0,0,2,8.166666666666666,1,0,0,1,1,2,0.10738255033557047
0,1,0,0,47,1,0,1,0,0,0,0,1,0,85.5,4042.3,1,1,0,0,0,1,0,0,0,0,1,2,0.021146093537457,1,1,0,3,1.78125,0,0,1,1,0,3,0.5433526011560693
1,0,0,0,7,1,0,0,0,0,0,0,0,0,20.05,164.85,1,1,0,0,0,0,1,0,0,0,1,0,0.1208923726258667,0,0,0,1,2.50625,0,0,0,0,0,1,0.332541567695962
1,0,1,1,71,1,1,1,1,1,1,1,1,0,113.65,8166.8,0,0,0,1,0,1,0,0,1,0,0,3,0.0139143955532701,4,2,1,8,1.5784722222222223,0,2,1,0,0,8,0.6192760575665067
1,1,0,0,50,1,1,1,1,0,0,0,0,1,83.4,4113.7,0,1,0,0,0,1,0,0,0,1,0,3,0.0202687923785452,2,0,0,4,1.635294117647059,0,0,1,1,0,4,0.5924170616113744
0,0,1,0,46,1,0,1,1,1,1,0,0,0,65.65,3047.15,0,0,0,1,1,0,0,0,0,0,1,2,0.0215376539868444,4,0,0,5,1.396808510638298,0,2,1,0,0,5,0.6901725431357839
0,0,0,0,1,1,0,0,0,0,0,0,0,0,70.4,70.4,1,1,0,0,0,1,0,0,0,1,0,0,0.9859943977591036,0,0,0,1,35.2,1,0,0,1,1,1,0.014005602240896357
1,0,0,0,66,0,0,1,0,1,1,1,1,1,61.35,4193.4,0,0,0,1,1,0,0,1,0,0,0,3,0.0146266450505435,3,2,0,5,0.9156716417910448,0,2,1,0,0,5,1.0585404971932637
1,0,1,0,42,1,1,0,0,1,1,0,0,1,85.9,3729.75,0,1,0,0,0,1,0,0,1,0,0,2,0.0230248609528915,2,0,0,4,1.9976744186046513,0,0,1,1,0,4,0.4833141542002301
1,0,0,0,5,1,0,0,0,0,1,0,0,1,75.65,399.45,0,1,0,0,0,1,0,0,0,0,1,0,0.1889124734673492,1,0,0,2,12.608333333333334,1,0,1,1,0,2,0.06523157208088715
0,0,1,1,7,1,0,1,0,0,0,0,0,1,49.75,331.3,1,0,1,0,1,0,0,0,0,1,0,0,0.1497141137526331,1,0,0,2,6.21875,0,1,1,0,0,2,0.13793103448275862
0,0,0,0,29,1,1,0,1,1,0,0,1,0,70.9,1964.6,0,0,1,0,1,0,0,0,1,0,0,2,0.036070411070411,2,1,0,5,2.3633333333333337,0,1,1,0,0,5,0.4033379694019471
1,0,1,1,27,1,0,0,1,0,0,0,0,0,49.85,1336.15,0,1,0,0,1,0,0,0,0,0,1,2,0.037280783756497,1,0,0,2,1.780357142857143,0,0,1,0,0,2,0.5309734513274336
1,1,0,0,15,1,0,0,1,0,0,0,0,1,75.3,1147.45,1,1,0,0,0,1,0,0,1,0,0,1,0.0655666332883451,1,0,0,2,4.70625,0,0,1,1,0,2,0.1965923984272608
1,0,1,1,25,1,0,0,0,0,0,0,0,0,20.1,486.05,0,0,0,1,0,0,1,0,0,0,1,2,0.0412688635663689,0,0,0,1,0.7730769230769231,0,2,0,0,0,1,1.1848341232227488
1,0,1,0,11,1,1,0,0,0,0,1,1,1,94.0,1078.9,1,1,0,0,0,1,0,0,0,1,0,0,0.0870450967682192,0,2,1,4,7.833333333333333,1,0,0,1,1,4,0.11578947368421053
0,0,1,0,57,1,1,1,1,1,1,1,0,1,103.05,5925.75,0,1,0,0,0,1,0,0,0,1,0,3,0.0173872695828236,4,1,1,7,1.7767241379310343,0,0,1,1,0,7,0.5478135511773186
0,0,0,0,67,1,1,1,1,1,1,1,1,1,118.35,7804.15,1,0,1,0,0,1,0,1,0,0,0,3,0.0151630654119395,4,2,1,8,1.740441176470588,0,1,1,0,0,8,0.5613741097612066
1,1,1,0,47,1,1,0,0,1,0,1,1,0,99.7,4747.2,0,1,0,0,0,1,0,0,0,1,0,2,0.020997430605282,1,2,1,5,2.0770833333333334,0,0,1,1,1,5,0.4667328699106256
1,0,0,0,13,1,0,0,0,0,0,1,0,1,81.9,1028.9,0,1,0,0,0,1,0,0,0,0,1,1,0.0795222837168657,0,1,0,2,5.8500000000000005,0,0,0,1,0,2,0.15681544028950542
0,0,0,0,8,0,0,1,0,0,0,0,0,1,30.45,226.45,1,1,0,0,1,0,0,0,0,1,0,0,0.133875577049901,1,0,0,1,3.3833333333333333,0,0,1,0,0,1,0.2543720190779014
1,0,1,0,44,1,1,0,0,0,0,1,1,1,96.1,4364.1,1,1,0,0,0,1,0,0,0,1,0,2,0.0220155322902109,0,2,1,4,2.1355555555555554,0,0,0,1,1,4,0.45314109165808447
0,0,1,1,71,1,1,1,0,0,0,1,0,1,66.2,4692.55,0,0,1,0,1,0,0,0,0,1,0,3,0.0141044625070575,1,1,0,4,0.9194444444444445,0,1,1,0,0,4,1.056547619047619
0,1,1,0,24,1,1,0,1,1,0,1,1,1,104.25,2433.9,1,1,0,0,0,1,0,0,0,1,0,1,0.042814899995893,2,2,1,6,4.17,0,0,1,1,1,6,0.22802850356294538
0,1,0,0,15,1,1,0,1,0,0,0,0,1,80.2,1217.25,1,1,0,0,0,1,0,0,0,1,0,1,0.0658321362610301,1,0,0,3,5.0125,0,0,1,1,1,3,0.18472906403940886
1,0,0,0,1,1,0,0,0,0,0,0,0,0,19.75,19.75,0,1,0,0,0,0,1,0,0,1,0,0,0.9518072289156626,0,0,0,1,9.875,0,0,0,0,1,1,0.04819277108433735
0,1,0,0,2,1,1,0,0,0,0,0,0,1,72.6,154.3,0,1,0,0,0,1,0,0,0,0,1,0,0.4674822923374114,0,0,0,2,24.2,1,0,0,1,0,2,0.027173913043478264
0,1,0,0,55,1,1,1,1,1,1,1,1,1,116.5,6382.55,0,1,0,0,0,1,0,0,0,1,0,3,0.0182500332886873,4,2,1,8,2.080357142857143,0,0,1,1,0,8,0.46808510638297873
0,1,0,0,71,1,1,0,1,0,1,1,1,1,106.8,7623.2,0,0,0,1,0,1,0,0,0,1,0,3,0.0140080270716927,2,2,1,6,1.4833333333333334,0,2,1,0,1,6,0.6586270871985158
0,0,1,1,50,1,1,0,0,0,0,0,0,0,24.95,1261.45,0,0,0,1,0,0,1,0,0,0,1,3,0.0197631589369876,0,0,0,2,0.4892156862745098,0,2,0,0,0,2,1.9267822736030829
0,0,0,0,1,1,0,0,0,0,0,1,1,1,89.25,89.25,0,1,0,0,0,1,0,0,0,1,0,0,0.9889196675900276,0,2,0,3,44.625,1,0,0,1,1,3,0.0110803324099723
0,0,0,0,5,1,0,0,0,0,0,0,0,1,19.25,86.05,0,1,0,0,0,0,1,0,0,0,1,0,0.2211372774267662,0,0,0,1,3.2083333333333335,0,0,0,0,0,1,0.24691358024691357
1,0,0,0,66,1,1,1,1,1,1,1,0,1,104.55,6779.05,0,0,1,0,0,1,0,1,0,0,0,3,0.0154202402637148,4,1,1,7,1.5604477611940297,0,1,1,0,0,7,0.6252960682141165
1,0,1,1,49,1,0,1,1,1,1,1,1,1,87.2,4345.0,0,0,1,0,1,0,0,0,0,0,1,3,0.0200644270593649,4,2,0,7,1.744,0,1,1,0,0,7,0.5555555555555556
1,1,1,0,3,0,0,0,1,0,0,0,0,1,30.75,82.85,0,1,0,0,1,0,0,0,0,1,0,0,0.3667262969588551,1,0,0,1,7.6875,0,0,1,0,1,1,0.09448818897637795
0,0,1,1,66,1,1,0,0,0,0,0,0,1,25.7,1714.55,0,0,1,0,0,0,1,0,1,0,0,3,0.014980618460552,0,0,0,2,0.38358208955223877,0,1,0,0,0,2,2.471910112359551
0,0,0,1,11,1,1,0,0,0,0,0,1,0,86.2,893.2,0,1,0,0,0,1,0,0,0,1,0,0,0.0963990158801163,0,1,0,3,7.183333333333334,1,0,0,1,1,3,0.12614678899082568
0,0,0,0,28,0,0,0,0,0,1,0,0,1,30.1,810.85,0,1,0,0,1,0,0,0,1,0,0,2,0.037075814497752,1,0,0,1,1.0379310344827586,0,0,1,0,0,1,0.9003215434083601
0,0,1,0,65,1,1,1,1,1,0,1,0,1,99.35,6347.55,0,0,0,1,0,1,0,0,0,1,0,3,0.0156492427404682,3,1,1,6,1.5053030303030301,0,2,1,0,0,6,0.6477329347284505
1,0,0,0,62,1,0,0,0,0,0,0,0,1,19.2,1123.65,0,0,0,1,0,0,1,0,1,0,0,3,0.0170719779486951,0,0,0,1,0.30476190476190473,0,2,0,0,0,1,3.0693069306930694
1,0,1,0,2,1,0,0,0,0,0,0,0,0,20.1,43.15,0,1,0,0,0,0,1,1,0,0,0,0,0.4552661381653454,0,0,0,1,6.7,0,0,0,0,0,1,0.0947867298578199
1,0,0,0,2,1,0,0,0,0,0,0,0,0,20.35,35.1,0,1,0,0,0,0,1,0,1,0,0,0,0.5637119113573408,0,0,0,1,6.783333333333334,0,0,0,0,0,1,0.09367681498829039
1,0,1,1,55,1,1,0,0,0,0,0,0,1,25.65,1388.0,0,0,0,1,0,0,1,0,1,0,0,3,0.0184665226781857,0,0,0,2,0.45803571428571427,0,2,0,0,0,2,2.0637898686679175
0,1,1,0,41,1,0,0,1,0,0,1,1,1,94.55,3851.45,0,1,0,0,0,1,0,0,0,1,0,2,0.0245428233980973,1,2,1,4,2.251190476190476,0,0,1,1,1,4,0.4290947148090005
1,0,1,1,17,1,1,1,0,1,0,1,1,1,104.2,1743.5,1,1,0,0,0,1,0,0,0,1,0,1,0.0597305818286041,2,2,1,6,5.788888888888889,0,0,1,1,0,6,0.16159695817490494
1,0,0,0,30,1,0,0,0,0,1,1,1,1,94.4,2638.1,0,0,1,0,0,1,0,1,0,0,0,2,0.0357697699973475,1,2,1,4,3.045161290322581,0,1,1,0,0,4,0.31446540880503143
0,0,0,0,17,1,0,1,1,0,0,0,0,0,56.1,946.95,0,0,1,0,1,0,0,0,0,0,1,1,0.059180336515639,2,0,0,3,3.1166666666666667,0,1,1,0,0,3,0.29772329246935203
1,0,1,1,16,1,0,1,1,0,1,0,1,0,68.25,1114.85,0,0,0,1,1,0,0,1,0,0,0,1,0.0611641349643769,3,1,0,5,4.014705882352941,0,2,1,0,0,5,0.23104693140794225
0,0,0,0,72,1,1,0,0,0,0,0,0,0,24.75,1777.6,0,0,0,1,0,0,1,1,0,0,0,3,0.0139154391094118,0,0,0,2,0.339041095890411,0,2,0,0,0,2,2.796116504854369
0,0,0,0,9,1,1,0,0,0,0,0,0,1,76.25,684.85,0,1,0,0,0,1,0,0,0,1,0,0,0.1111759131005321,0,0,0,2,7.625,1,0,0,1,1,2,0.11650485436893204
1,0,0,0,1,1,0,0,1,0,0,0,0,0,74.35,74.35,0,1,0,0,0,1,0,0,0,1,0,0,0.986728599867286,1,0,0,2,37.175,1,0,1,1,1,2,0.013271400132714002
0,0,0,1,23,1,0,0,1,0,1,0,0,0,54.15,1312.45,0,1,0,0,1,0,0,0,0,1,0,1,0.0412273021432106,2,0,0,3,2.25625,0,0,1,0,1,3,0.4170444242973708
0,0,0,1,8,1,0,0,0,0,0,0,0,0,19.45,159.2,0,1,0,0,0,0,1,1,0,0,0,0,0.1214107365792759,0,0,0,1,2.161111111111111,0,0,0,0,0,1,0.39119804400978
0,0,1,1,19,0,0,1,1,0,0,0,0,1,34.95,610.2,0,1,0,0,1,0,0,0,0,0,1,1,0.0571825916230366,2,0,0,2,1.7475,0,0,1,0,0,2,0.5285118219749652
1,0,0,0,7,1,1,1,0,0,0,0,0,1,53.65,404.35,0,1,0,0,1,0,0,0,0,1,0,0,0.1323547551498704,1,0,0,3,6.70625,0,0,1,0,0,3,0.1280878316559927
0,1,0,0,1,1,0,0,0,0,0,0,0,1,69.65,69.65,1,1,0,0,0,1,0,0,0,1,0,0,0.9858457183297948,0,0,0,1,34.825,0,0,0,1,1,1,0.014154281670205236
0,0,0,0,61,1,1,1,0,1,0,1,1,0,104.0,6363.45,0,0,1,0,0,1,0,0,0,1,0,3,0.0163407678589666,2,2,1,6,1.6774193548387097,0,1,1,0,0,6,0.580952380952381
1,0,1,0,57,1,0,1,1,0,1,1,0,1,70.35,4124.65,0,0,0,1,1,0,0,0,1,0,0,3,0.017051858495025,3,1,0,5,1.2129310344827586,0,2,1,0,0,5,0.7988787666433077
0,0,0,0,9,1,0,0,0,0,0,0,1,1,80.8,713.1,1,1,0,0,0,1,0,0,0,1,0,0,0.1131494188489007,0,1,0,2,8.08,1,0,0,1,1,2,0.11002444987775062
0,0,0,1,15,1,0,1,0,1,0,0,1,0,64.85,950.75,0,0,1,0,1,0,0,0,0,0,1,1,0.0681376411872865,2,1,0,4,4.053125,0,1,1,0,0,4,0.22779043280182235
1,0,0,0,1,1,0,0,0,0,0,0,0,0,19.65,19.65,0,1,0,0,0,0,1,0,0,0,1,0,0.9515738498789348,0,0,0,1,9.825,0,0,0,0,0,1,0.04842615012106538
1,0,1,0,12,1,0,0,0,0,0,0,0,0,45.9,505.95,0,1,0,0,1,0,0,1,0,0,0,0,0.0905414735180984,0,0,0,1,3.5307692307692307,0,0,0,0,0,1,0.255863539445629
0,0,0,0,54,1,0,0,0,0,0,0,0,0,20.0,1149.65,0,0,0,1,0,0,1,0,0,0,1,3,0.0173814800330248,0,0,0,1,0.36363636363636365,0,2,0,0,0,1,2.5714285714285716
0,0,1,1,4,1,0,0,0,0,0,0,0,0,44.8,169.65,0,1,0,0,1,0,0,0,0,1,0,0,0.2625256372692645,0,0,0,1,8.959999999999999,0,0,0,0,1,1,0.08733624454148473
1,0,0,0,7,1,0,0,0,0,0,1,0,1,80.3,526.7,1,1,0,0,0,1,0,0,0,0,1,0,0.1521697934432442,0,1,0,2,10.0375,1,0,0,1,0,2,0.08610086100861009
1,0,1,0,20,1,0,0,0,0,0,0,0,0,20.35,393.15,0,0,1,0,0,0,1,0,0,0,1,1,0.0516300900672332,0,0,0,1,0.9690476190476192,0,1,0,0,0,1,0.9367681498829039
1,0,0,1,26,0,0,1,0,0,1,0,1,0,45.8,1147.0,0,1,0,0,1,0,0,0,0,0,1,2,0.0398954703832752,2,1,0,3,1.6962962962962962,0,0,1,0,0,3,0.5555555555555556
0,1,1,0,36,1,1,0,0,0,0,0,1,1,84.1,3021.6,1,1,0,0,0,1,0,0,0,1,0,2,0.0278237279163633,0,1,0,3,2.2729729729729726,0,0,0,1,1,3,0.42303172737955347
1,0,1,0,53,1,1,0,1,1,1,1,1,1,108.95,5718.2,0,0,1,0,0,1,0,1,0,0,0,3,0.0190498671142817,3,2,1,7,2.017592592592593,0,1,1,0,0,7,0.48203728967712595
0,0,0,0,3,1,0,0,0,0,1,1,1,1,69.35,191.35,1,1,0,0,1,0,0,0,0,1,0,0,0.3605406810501689,1,2,0,4,17.3375,0,0,1,0,1,4,0.04264392324093817
1,0,0,0,68,0,0,1,1,1,1,1,1,0,64.35,4539.6,0,0,0,1,1,0,0,0,1,0,0,3,0.0141721358410782,4,2,0,6,0.9326086956521739,0,2,1,0,0,6,1.0405508798775824
0,0,1,1,72,1,1,1,1,1,1,1,1,1,90.8,6397.6,0,0,0,1,1,0,0,0,1,0,0,3,0.0141906041946675,4,2,1,8,1.2438356164383562,0,2,1,0,0,8,0.7843137254901961
0,0,0,0,12,1,1,0,0,0,0,0,0,0,24.95,280.4,0,0,1,0,0,0,1,0,1,0,0,0,0.0886638237384506,0,0,0,2,1.919230769230769,0,1,0,0,0,2,0.4624277456647399
1,1,1,1,34,1,1,0,1,0,0,0,0,1,79.6,2718.3,1,1,0,0,0,1,0,0,0,0,1,2,0.0292722391792005,1,0,0,3,2.274285714285714,0,0,1,1,0,3,0.42183622828784123
1,0,1,0,68,1,1,1,1,0,0,0,0,1,84.7,5711.05,0,0,0,1,0,1,0,1,0,0,0,3,0.0148283015729904,2,0,0,4,1.227536231884058,0,2,1,0,0,4,0.793465577596266
1,0,0,1,50,1,0,1,0,1,1,1,0,1,70.8,3478.15,0,0,1,0,1,0,0,0,1,0,0,3,0.020349798082865,3,1,0,5,1.388235294117647,0,1,1,0,0,5,0.6963788300835655
1,1,0,0,1,0,0,0,0,0,0,1,0,1,36.45,36.45,1,1,0,0,1,0,0,0,0,1,0,0,0.973297730307076,0,1,0,1,18.225,0,0,0,0,1,1,0.026702269692923896
1,1,0,0,41,1,1,0,1,1,0,1,1,1,104.4,4133.95,0,1,0,0,0,1,0,0,0,1,0,2,0.0252481892163145,2,2,1,6,2.4857142857142858,0,0,1,1,1,6,0.3889943074003795
0,1,1,0,30,1,1,0,0,0,1,1,1,1,101.5,2917.65,0,1,0,0,0,1,0,0,0,1,0,2,0.0347763520805852,1,2,1,5,3.274193548387097,0,0,1,1,1,5,0.2926829268292683
0,0,0,0,1,1,1,0,1,0,0,0,0,0,54.3,54.3,0,1,0,0,1,0,0,0,0,1,0,0,0.9819168173598554,1,0,0,3,27.15,0,0,1,0,1,3,0.018083182640144666
0,1,1,1,29,1,1,0,0,1,0,1,1,1,103.95,2964.8,0,1,0,0,0,1,0,0,0,1,0,2,0.0350495650414727,1,2,1,5,3.4650000000000003,0,0,1,1,1,5,0.27632205812291566
1,0,1,1,23,1,1,1,1,1,1,1,1,1,91.1,2198.3,0,0,0,1,1,0,0,0,1,0,0,1,0.0414222707225026,4,2,1,8,3.795833333333333,0,2,1,0,0,8,0.24972855591748103
0,0,0,1,60,1,0,0,0,0,0,0,0,0,19.95,1189.9,0,0,0,1,0,0,1,0,0,0,1,3,0.016752036275086,0,0,0,1,0.32704918032786884,0,2,0,0,0,1,2.863961813842482
1,0,1,0,72,1,1,0,0,0,0,0,0,0,26.45,1914.5,0,0,0,1,0,0,1,0,1,0,0,3,0.0138084051161576,0,0,0,2,0.36232876712328765,0,2,0,0,0,2,2.6229508196721314
0,0,0,1,22,1,0,0,1,1,0,1,0,1,89.4,2001.5,1,1,0,0,0,1,0,0,0,1,0,1,0.0446441947565543,2,1,0,4,3.8869565217391306,0,0,1,1,1,4,0.24336283185840707
0,0,0,0,72,1,0,1,1,1,1,1,0,1,75.1,5336.35,0,0,0,1,1,0,0,1,0,0,0,3,0.0140706530394296,4,1,0,6,1.0287671232876712,0,2,1,0,0,6,0.9461235216819974
1,1,0,0,66,1,1,0,1,1,0,1,1,0,108.1,7238.6,0,0,1,0,0,1,0,1,0,0,0,3,0.0149317641858666,2,2,1,6,1.6134328358208954,0,1,1,0,0,6,0.6049495875343721
1,0,1,0,72,1,1,0,1,1,1,1,1,1,110.15,7998.8,0,0,0,1,0,1,0,0,0,1,0,3,0.0137690942273556,3,2,1,7,1.5089041095890412,0,2,1,0,1,7,0.6477732793522267
1,1,1,0,47,1,1,1,0,0,0,0,0,0,80.35,3825.85,1,1,0,0,0,1,0,0,0,1,0,2,0.0209963808354129,1,0,0,3,1.6739583333333332,0,0,1,1,0,3,0.5777504609711125
1,0,0,0,51,1,1,0,1,1,1,1,1,1,111.5,5703.25,0,0,1,0,0,1,0,0,0,1,0,3,0.0195468291186396,3,2,1,7,2.144230769230769,0,1,1,0,1,7,0.4533333333333333
1,0,1,1,70,1,1,0,1,1,0,1,1,1,106.5,7397.0,0,0,1,0,0,1,0,0,0,1,0,3,0.0143957826439578,2,2,1,6,1.5,0,1,1,0,1,6,0.6511627906976745
0,0,0,0,9,1,0,0,0,0,0,0,0,1,19.9,164.6,0,0,1,0,0,0,1,0,0,1,0,0,0.1201690821256038,0,0,0,1,1.9899999999999998,0,1,0,0,1,1,0.430622009569378
0,0,1,1,59,1,1,1,1,0,1,1,1,1,111.1,6555.2,0,0,0,1,0,1,0,0,0,0,1,3,0.0169457917696226,3,2,1,7,1.8516666666666666,0,2,1,0,0,7,0.5263157894736843
0,0,0,1,3,1,0,0,0,0,1,1,1,0,70.7,225.65,0,1,0,0,1,0,0,0,0,0,1,0,0.3119347010809618,1,2,0,4,17.675,1,0,1,0,0,4,0.04184100418410042
0,1,1,0,38,0,0,0,0,0,0,0,0,1,24.85,955.75,0,1,0,0,1,0,0,0,0,1,0,2,0.0259733472694016,0,0,0,0,0.6371794871794872,0,0,0,0,1,0,1.4700193423597678
1,0,0,0,37,1,1,1,1,1,0,0,0,0,91.2,3382.3,0,1,0,0,0,1,0,1,0,0,0,2,0.0269559306003014,3,0,1,5,2.4,0,0,1,1,0,5,0.40130151843817785
0,0,0,0,37,1,0,1,1,1,1,0,0,0,65.6,2313.8,0,0,0,1,1,0,0,1,0,0,0,2,0.0283393813720407,4,0,0,5,1.726315789473684,0,2,1,0,0,5,0.5555555555555556
1,1,1,0,24,0,0,0,0,1,0,0,1,1,40.65,933.3,1,1,0,0,1,0,0,0,1,0,0,1,0.0435085090442042,1,1,0,2,1.626,0,0,1,0,0,2,0.5762304921968787
1,0,1,1,14,1,0,1,1,0,1,0,0,0,59.45,780.85,0,1,0,0,1,0,0,1,0,0,0,1,0.0760376031208032,3,0,0,4,3.9633333333333334,0,0,1,0,0,4,0.23159636062861869
0,0,1,0,72,1,1,1,1,0,1,1,1,1,109.95,7852.4,0,0,0,1,0,1,0,0,1,0,0,3,0.0140003056001222,3,2,1,7,1.5061643835616438,0,2,1,0,0,7,0.6489409643983777
0,0,1,0,53,0,0,0,1,1,1,1,1,1,60.45,3184.25,1,0,1,0,1,0,0,0,0,1,0,3,0.018978102189781,3,2,0,5,1.1194444444444445,0,1,1,0,1,5,0.8624898291293734
1,0,1,0,8,1,1,0,0,0,0,0,1,1,84.9,764.95,1,1,0,0,0,1,0,0,0,1,0,0,0.1108427443044585,0,1,0,3,9.433333333333334,1,0,0,1,1,3,0.09313154831199068
0,0,1,1,72,0,0,1,1,1,0,0,0,0,38.5,2763.0,0,0,0,1,1,0,0,0,1,0,0,3,0.0139290882778581,3,0,0,3,0.5273972602739726,0,2,1,0,0,3,1.8227848101265822
1,1,1,0,17,1,1,0,0,0,0,1,1,1,92.55,1614.7,0,1,0,0,0,1,0,0,0,1,0,1,0.0572816735780157,0,2,1,4,5.141666666666667,0,0,0,1,1,4,0.1817210048102619
1,0,1,1,2,1,0,0,1,0,0,0,0,1,73.55,145.4,1,1,0,0,0,1,0,1,0,0,0,0,0.5023907103825136,1,0,0,2,24.516666666666666,1,0,1,1,0,2,0.02682763246143528
1,0,1,0,8,1,0,0,0,0,0,0,0,0,20.15,156.25,1,1,0,0,0,0,1,1,0,0,0,0,0.1281399046104928,0,0,0,1,2.238888888888889,0,0,0,0,0,1,0.3782505910165485
1,0,1,0,48,0,0,0,1,1,0,0,0,0,34.7,1604.5,1,0,1,0,1,0,0,0,0,0,1,2,0.021613204609156,2,0,0,2,0.7081632653061225,0,1,1,0,0,2,1.3445378151260503
1,0,0,0,10,1,1,0,0,0,0,0,0,1,24.5,270.15,0,1,0,0,0,0,1,0,0,0,1,0,0.0903558915729301,0,0,0,2,2.227272727272727,0,0,0,0,0,2,0.39215686274509803
0,0,1,1,0,1,0,0,0,0,0,0,0,1,19.7,19.7,0,0,1,0,0,0,1,0,0,0,1,0,0.9516908212560388,0,0,0,1,19.7,0,1,0,0,0,1,0.0
0,0,0,0,1,1,0,0,0,0,0,0,0,0,20.6,20.6,0,1,0,0,0,0,1,0,0,0,1,0,0.9537037037037036,0,0,0,1,10.3,0,0,0,0,0,1,0.046296296296296294
1,0,0,0,29,1,0,1,0,1,1,0,0,0,58.0,1734.5,0,0,1,0,1,0,0,0,1,0,0,2,0.0334197637568424,3,0,0,4,1.9333333333333333,0,1,1,0,0,4,0.4915254237288136
1,1,1,1,65,1,1,0,1,1,0,1,1,1,107.45,7047.5,0,0,1,0,0,1,0,0,0,1,0,3,0.0152443782365042,2,2,1,6,1.6280303030303032,0,1,1,0,1,6,0.5993545412632549
1,0,0,0,8,1,1,1,1,1,0,0,0,1,65.5,573.15,0,1,0,0,1,0,0,1,0,0,0,0,0.1140816859705651,3,0,0,5,7.277777777777778,0,0,1,0,0,5,0.12030075187969924
0,0,1,0,61,1,1,0,0,0,0,0,0,0,25.45,1538.6,0,0,0,1,0,0,1,1,0,0,0,3,0.0165302676019745,0,0,0,2,0.4104838709677419,0,2,0,0,0,2,2.3062381852551987
1,1,0,0,45,1,1,0,0,1,0,1,1,1,100.15,4459.8,0,0,1,0,0,1,0,1,0,0,0,2,0.0224511298421807,1,2,1,5,2.1771739130434784,0,1,1,0,0,5,0.4448838358872961
0,0,1,1,72,1,1,0,1,1,0,1,1,1,104.45,7459.0,0,0,1,0,0,1,0,0,1,0,0,3,0.0140013404825737,2,2,1,6,1.4308219178082193,0,1,1,0,0,6,0.6827880512091038
0,0,1,1,12,1,0,0,0,0,0,0,0,1,21.15,306.05,0,1,0,0,0,0,1,0,0,1,0,0,0.0688812896922325,0,0,0,1,1.626923076923077,0,0,0,0,1,1,0.5417607223476298
0,0,0,0,7,1,1,0,0,0,0,1,1,0,96.2,639.7,0,1,0,0,0,1,0,0,0,1,0,0,0.1501482753238645,0,2,1,4,12.025,1,0,0,1,1,4,0.07201646090534979
0,0,0,0,9,1,0,0,0,0,0,0,0,1,44.4,348.15,0,1,0,0,1,0,0,0,0,0,1,0,0.1271659745095231,0,0,0,1,4.4399999999999995,0,0,0,0,0,1,0.19823788546255508
1,1,1,0,43,1,1,0,0,1,1,1,1,1,107.55,4533.9,1,0,1,0,0,1,0,0,0,1,0,2,0.0237160687115482,2,2,1,6,2.444318181818182,0,1,1,0,1,6,0.39613081529249194
0,0,1,1,58,1,1,0,0,1,1,0,1,0,94.35,5563.65,0,0,0,1,0,1,0,1,0,0,0,3,0.0169552442651379,2,1,1,5,1.5991525423728812,0,2,1,0,0,5,0.6082852648138438
0,1,1,0,16,1,1,0,0,1,0,1,1,1,98.75,1587.55,1,1,0,0,0,1,0,0,0,1,0,1,0.0621636083220547,1,2,1,5,5.8088235294117645,0,0,1,1,1,5,0.16040100250626566
0,0,1,1,2,1,0,0,0,0,0,0,0,0,20.3,40.25,0,1,0,0,0,0,1,0,0,0,1,0,0.4921212121212121,0,0,0,1,6.766666666666667,0,0,0,0,0,1,0.09389671361502347
1,0,1,0,8,1,0,0,1,1,0,1,1,0,101.15,842.9,1,1,0,0,0,1,0,0,0,1,0,0,0.1198601730062803,2,2,1,5,11.238888888888889,1,0,1,1,1,5,0.07831620166421928
1,0,1,0,40,1,1,1,0,1,0,1,1,0,105.75,4228.55,0,0,1,0,0,1,0,1,0,0,0,2,0.0250026598574316,2,2,1,6,2.5792682926829267,0,1,1,0,0,6,0.3747072599531616
0,0,0,0,9,1,1,1,0,0,0,0,0,1,81.15,784.45,0,1,0,0,0,1,0,0,0,1,0,0,0.10331657011904,1,0,0,3,8.115,1,0,1,1,0,3,0.10955569080949482
0,0,0,0,41,1,0,0,1,0,1,1,0,1,89.55,3729.75,0,0,1,0,0,1,0,0,0,1,0,2,0.0240032165114253,2,1,0,4,2.132142857142857,0,1,1,0,1,4,0.45278851463279957
1,0,0,0,26,1,0,0,1,1,0,0,0,1,54.75,1406.9,0,1,0,0,1,0,0,0,1,0,0,2,0.0388877050926912,2,0,0,3,2.0277777777777777,0,0,1,0,0,3,0.4663677130044843
1,0,1,0,33,1,0,0,1,0,1,0,0,1,53.75,1857.3,0,0,1,0,1,0,0,0,1,0,0,2,0.0289242856374105,2,0,0,3,1.5808823529411764,0,1,1,0,0,3,0.6027397260273972
0,0,1,1,68,1,0,0,1,1,1,1,1,0,105.75,7322.5,0,0,1,0,0,1,0,0,1,0,0,3,0.0144398170273776,3,2,1,6,1.5326086956521738,0,1,1,0,0,6,0.6370023419203747
1,1,1,0,65,1,0,0,1,1,1,1,1,1,105.85,6725.5,0,0,0,1,0,1,0,0,1,0,0,3,0.0157362670036423,3,2,1,6,1.6037878787878788,0,2,1,0,0,6,0.6083294337856809
0,0,0,0,55,1,0,0,1,0,1,0,1,1,64.2,3627.3,0,0,1,0,1,0,0,0,0,1,0,3,0.017694236970482,2,1,0,4,1.1464285714285716,0,1,1,0,1,4,0.843558282208589
0,0,0,0,20,1,1,0,0,1,0,1,0,1,88.7,1761.45,1,1,0,0,0,1,0,0,0,1,0,1,0.0503276688700388,1,1,0,4,4.223809523809524,0,0,1,1,1,4,0.2229654403567447
0,0,0,0,19,1,0,0,0,0,1,0,1,1,87.7,1725.95,0,0,1,0,0,1,0,0,1,0,0,1,0.0507831726454153,1,1,0,3,4.385,0,1,1,0,0,3,0.21420518602029312
1,0,0,0,45,1,1,0,0,1,0,0,1,1,89.3,4192.15,0,1,0,0,0,1,0,0,1,0,0,2,0.021296638565279,1,1,0,4,1.941304347826087,0,0,1,1,0,4,0.4983388704318937
1,0,1,1,70,1,0,0,0,0,0,0,0,1,20.15,1411.2,0,0,0,1,0,0,1,0,1,0,0,3,0.0142685172071944,0,0,0,1,0.2838028169014084,0,2,0,0,0,1,3.3096926713947994
1,0,0,0,2,1,0,0,0,0,0,1,0,1,79.75,164.5,1,1,0,0,0,1,0,0,0,1,0,0,0.4818731117824773,0,1,0,2,26.583333333333332,1,0,0,1,1,2,0.02476780185758514
1,0,0,0,27,1,1,0,0,0,0,1,1,1,94.55,2724.6,1,1,0,0,0,1,0,0,0,0,1,2,0.034689609627238,0,2,1,4,3.376785714285714,0,0,0,1,0,4,0.282574568288854
1,0,1,0,12,1,0,0,0,0,0,0,0,1,20.05,264.55,0,0,0,1,0,0,1,0,0,1,0,0,0.0755036716249294,0,0,0,1,1.5423076923076924,0,2,0,0,1,1,0.5700712589073634
0,0,0,1,72,0,0,1,1,1,1,1,1,0,67.2,4671.7,0,0,0,1,1,0,0,0,1,0,0,3,0.0143814068953709,4,2,0,6,0.9205479452054794,0,2,1,0,0,6,1.0557184750733137
0,0,0,0,12,1,1,0,0,0,0,1,1,0,94.55,1173.55,0,1,0,0,0,1,0,0,0,1,0,0,0.0804989144778851,0,2,1,4,7.273076923076923,0,0,0,1,1,4,0.12558869701726844
1,1,0,0,5,1,0,0,0,0,0,0,0,1,69.05,318.5,1,1,0,0,0,1,0,0,0,0,1,0,0.2161189358372456,0,0,0,1,11.508333333333333,0,0,0,1,0,1,0.07137758743754462
0,1,1,0,71,1,1,1,1,1,0,1,1,1,107.5,7713.55,0,1,0,0,0,1,0,0,0,1,0,3,0.0139347077924182,3,2,1,7,1.4930555555555556,0,0,1,1,0,7,0.6543778801843319
0,1,0,0,35,1,0,0,0,1,1,1,1,1,73.0,2471.25,0,0,1,0,1,0,0,0,0,1,0,2,0.0295277581150773,2,2,0,5,2.0277777777777777,0,1,1,0,1,5,0.47297297297297297
0,0,1,1,70,1,1,1,1,1,1,1,1,0,114.75,7842.3,0,0,0,1,0,1,0,0,1,0,0,3,0.0146303214208305,4,2,1,8,1.6161971830985915,0,2,1,0,0,8,0.6047516198704104
1,0,0,0,31,1,1,0,0,0,0,0,0,1,76.05,2227.8,0,1,0,0,0,1,0,0,0,1,0,2,0.0341215003589375,0,0,0,2,2.3765625,0,0,0,1,1,2,0.4023361453601558
0,0,1,1,52,1,1,0,0,1,1,0,1,1,96.25,4990.25,1,0,0,1,0,1,0,1,0,0,0,3,0.0192837465564738,2,1,1,5,1.8160377358490567,0,2,1,0,0,5,0.5347043701799485
0,1,0,0,37,1,1,0,0,1,0,1,1,1,101.1,3744.05,1,1,0,0,0,1,0,0,0,1,0,2,0.026995634237193,1,2,1,5,2.6605263157894736,0,0,1,1,1,5,0.3623898139079334
0,0,0,0,69,1,1,0,1,0,1,1,1,1,104.7,7220.35,1,0,1,0,0,1,0,1,0,0,0,3,0.0144986740706377,2,2,1,6,1.4957142857142858,0,1,1,0,0,6,0.6527909176915799
0,1,1,0,30,1,1,0,0,0,0,0,0,0,77.9,2351.45,0,1,0,0,0,1,0,0,0,0,1,2,0.0331144126336372,0,0,0,2,2.512903225806452,0,0,0,1,0,2,0.38022813688212925
1,0,0,0,33,1,1,1,0,0,0,0,1,1,90.65,2989.6,0,1,0,0,0,1,0,0,0,1,0,2,0.030311643148532,1,1,1,4,2.6661764705882356,0,0,1,1,0,4,0.36006546644844517
0,1,1,0,54,1,1,0,1,1,1,1,1,1,110.45,6077.75,0,0,0,1,0,1,0,0,0,1,0,3,0.0181698539995887,3,2,1,7,2.0081818181818183,0,2,1,0,1,7,0.48452220726783307
1,0,0,0,59,1,1,1,0,0,1,0,1,0,68.7,4070.95,0,0,1,0,1,0,0,1,0,0,0,3,0.0168715234715554,2,1,0,5,1.145,0,1,1,0,0,5,0.8464849354375896
0,1,0,0,55,0,0,1,1,0,0,1,0,1,44.85,2479.05,0,1,0,0,1,0,0,0,0,1,0,3,0.0180843128162738,2,1,0,3,0.8008928571428572,0,0,1,0,0,3,1.1995637949836422
0,1,1,0,69,0,0,0,0,1,0,0,0,1,29.8,2134.3,0,0,1,0,1,0,0,0,1,0,0,3,0.0139558844190511,1,0,0,1,0.4257142857142857,0,1,1,0,0,1,2.24025974025974
1,0,0,0,66,1,1,0,1,0,0,1,0,1,88.9,6000.1,0,0,1,0,0,1,0,1,0,0,0,3,0.0148139507756911,1,1,0,4,1.326865671641791,0,1,1,0,0,4,0.7341490545050056
0,0,1,1,37,1,0,1,0,1,1,0,0,1,58.75,2203.1,0,0,1,0,1,0,0,0,0,0,1,2,0.026654870468672,3,0,0,4,1.5460526315789473,0,1,1,0,0,4,0.6192468619246861
0,1,1,0,9,1,0,0,0,0,0,0,0,0,19.85,183.15,0,0,1,0,0,0,1,0,1,0,0,0,0.107792560412707,0,0,0,1,1.985,0,1,0,0,0,1,0.4316546762589928
0,0,1,1,69,1,1,1,0,1,1,1,1,0,86.9,6194.1,0,0,0,1,1,0,0,1,0,0,0,3,0.0140272150570612,3,2,0,7,1.2414285714285715,0,2,1,0,0,7,0.7849829351535835
0,0,0,0,10,1,0,0,1,0,0,1,0,1,59.65,638.95,0,1,0,0,1,0,0,0,0,0,1,0,0.0932104070630518,1,1,0,3,5.422727272727273,0,0,1,0,0,3,0.16488046166529266
0,0,0,1,40,1,0,1,1,0,0,0,0,1,55.25,2139.2,1,1,0,0,1,0,0,0,0,0,1,2,0.0258153443603401,2,0,0,3,1.3475609756097562,0,0,1,0,0,3,0.7111111111111111
0,0,0,1,13,1,0,0,0,0,0,1,1,0,66.4,831.75,0,1,0,0,1,0,0,0,1,0,0,1,0.0797358150705493,0,2,0,3,4.742857142857143,0,0,0,0,0,3,0.19287833827893172
1,0,0,0,6,1,1,0,1,0,0,1,0,1,90.1,521.3,1,1,0,0,0,1,0,0,0,1,0,0,0.1725062224775033,1,1,1,4,12.87142857142857,1,0,1,1,1,4,0.06586169045005488
1,0,1,1,69,1,0,0,0,0,0,0,0,0,20.15,1337.5,0,0,0,1,0,0,1,1,0,0,0,3,0.0150541651101979,0,0,0,1,0.2878571428571428,0,2,0,0,0,1,3.2624113475177308
1,1,1,0,66,1,1,0,1,1,1,1,1,1,108.1,7181.95,0,0,1,0,0,1,0,0,1,0,0,3,0.0150495270049213,3,2,1,7,1.6134328358208954,0,1,1,0,0,7,0.6049495875343721
0,0,0,0,11,1,1,0,0,1,0,0,0,0,53.75,608.0,1,1,0,0,1,0,0,0,0,1,0,0,0.0882594417077175,1,0,0,3,4.479166666666667,0,0,1,0,1,3,0.2009132420091324
0,0,1,1,46,1,0,1,0,1,1,0,0,0,56.9,2560.1,0,0,1,0,1,0,0,0,0,0,1,2,0.0222170161258834,3,0,0,4,1.2106382978723405,0,1,1,0,0,4,0.7944732297063903
1,0,0,0,6,1,0,0,0,0,0,1,1,0,89.3,577.6,1,1,0,0,0,1,0,0,0,1,0,0,0.1543380573798824,0,2,0,3,12.757142857142856,1,0,0,1,1,3,0.0664451827242525
1,0,1,1,56,1,1,1,0,1,1,1,1,1,109.6,5953.0,0,1,0,0,0,1,0,0,0,0,1,3,0.0184077930802821,3,2,1,7,1.9228070175438596,0,0,1,1,0,7,0.5063291139240507
0,0,1,1,70,1,1,0,0,0,0,0,0,0,25.15,1790.15,0,0,0,1,0,0,1,0,1,0,0,3,0.0140412584094017,0,0,0,2,0.35422535211267603,0,2,0,0,0,2,2.676864244741874
1,0,1,1,33,1,1,0,0,1,1,1,1,1,79.15,2531.4,0,0,1,0,1,0,0,0,0,1,0,2,0.0312549360290633,2,2,0,6,2.3279411764705884,0,1,1,0,1,6,0.41172800998128506
1,0,1,1,72,1,1,1,1,0,1,0,0,0,66.75,4760.3,0,0,0,1,1,0,0,0,1,0,0,3,0.0140192804486169,3,0,0,5,0.9143835616438356,0,2,1,0,0,5,1.062730627306273
1,0,1,0,3,1,1,0,0,0,0,1,1,1,95.2,292.85,1,1,0,0,0,1,0,0,0,1,0,0,0.323974817083546,0,2,1,4,23.8,1,0,0,1,1,4,0.031185031185031183
1,0,0,1,19,1,0,0,0,0,1,0,0,0,48.8,953.65,0,1,0,0,1,0,0,0,0,0,1,1,0.0511182108626198,1,0,0,2,2.44,0,0,1,0,0,2,0.3815261044176707
1,1,0,0,5,0,0,0,0,0,0,1,1,0,45.7,198.0,1,1,0,0,1,0,0,0,0,1,0,0,0.2296482412060301,0,2,0,2,7.616666666666667,0,0,0,0,1,2,0.1070663811563169
1,0,1,0,71,1,0,0,1,1,1,1,1,1,80.7,5705.05,0,0,0,1,1,0,0,0,1,0,0,3,0.0141428834307445,3,2,0,6,1.1208333333333333,0,2,1,0,0,6,0.8690330477356181
0,0,1,0,8,1,0,1,0,0,0,0,0,1,74.5,609.9,1,1,0,0,0,1,0,0,0,1,0,0,0.1219512195121951,1,0,0,2,8.277777777777779,1,0,1,1,0,2,0.10596026490066225
0,0,0,0,1,1,0,0,0,0,0,0,0,0,20.55,20.55,0,1,0,0,0,0,1,0,1,0,0,0,0.9535962877030162,0,0,0,1,10.275,0,0,0,0,0,1,0.04640371229698376
1,0,0,0,1,1,0,0,0,0,0,1,0,1,79.65,79.65,1,1,0,0,0,1,0,0,0,1,0,0,0.9876007439553628,0,1,0,2,39.825,1,0,0,1,1,2,0.01239925604463732
1,0,0,0,61,1,1,1,1,1,1,1,1,1,115.1,6993.65,0,0,1,0,0,1,0,0,0,0,1,3,0.0164554337958296,4,2,1,8,1.8564516129032258,0,1,1,0,0,8,0.5254091300602929
1,0,1,1,71,0,0,1,1,0,1,1,1,0,59.7,4122.65,0,0,0,1,1,0,0,1,0,0,0,3,0.0144774653522971,3,2,0,5,0.8291666666666667,0,2,1,0,0,5,1.1696869851729819
1,0,1,0,68,1,1,0,1,1,0,0,0,0,86.45,5762.95,0,0,1,0,0,1,0,0,1,0,0,3,0.0149983951977376,2,0,0,4,1.2528985507246377,0,1,1,0,0,4,0.7775871926815323
0,0,0,0,46,0,0,0,0,1,1,0,0,0,33.7,1537.85,0,0,1,0,1,0,0,0,1,0,0,2,0.0218994703837281,2,0,0,2,0.7170212765957448,0,1,1,0,0,2,1.3256484149855907
0,0,0,0,33,1,1,1,0,0,0,0,0,0,80.1,2603.3,0,0,1,0,0,1,0,1,0,0,0,2,0.0307568252505471,1,0,0,3,2.355882352941176,0,1,1,0,0,3,0.406905055487053
1,0,1,1,53,1,1,1,1,1,1,0,1,1,104.05,5566.4,0,0,0,1,0,1,0,1,0,0,0,3,0.0186891547221324,4,1,1,7,1.9268518518518518,0,2,1,0,0,7,0.504521656354117
1,1,1,0,50,1,1,1,1,1,0,1,1,0,108.75,5431.9,0,1,0,0,0,1,0,1,0,0,0,3,0.0200169338658911,3,2,1,7,2.1323529411764706,0,0,1,1,0,7,0.45558086560364464
1,0,0,0,57,0,0,1,0,1,1,0,0,1,41.1,2258.25,0,0,1,0,1,0,0,0,1,0,0,3,0.0181918778355649,3,0,0,3,0.7086206896551724,0,1,1,0,0,3,1.353919239904988
1,0,1,1,54,1,0,0,0,0,0,0,0,1,20.35,1092.35,0,0,0,1,0,0,1,1,0,0,0,3,0.0186125211505922,0,0,0,1,0.37000000000000005,0,2,0,0,0,1,2.5292740046838404
1,1,1,0,60,1,1,0,1,1,0,1,1,1,105.9,6401.25,0,1,0,0,0,1,0,0,0,1,0,3,0.0165410597836698,2,2,1,6,1.736065573770492,0,0,1,1,1,6,0.5612722170252572
1,1,1,0,28,1,1,0,0,0,1,1,1,1,101.3,2812.2,1,1,0,0,0,1,0,0,1,0,0,2,0.0360088155836769,1,2,1,5,3.493103448275862,0,0,1,1,0,5,0.2737047898338221
1,0,1,1,1,1,0,0,0,0,0,1,0,1,80.05,80.05,1,1,0,0,0,1,0,0,0,0,1,0,0.9876619370758792,0,1,0,2,40.025,1,0,0,1,0,2,0.012338062924120914
0,0,1,1,29,1,1,0,0,1,0,0,1,1,89.2,2698.35,1,1,0,0,0,1,0,0,0,1,0,2,0.0330449923129642,1,1,0,4,2.9733333333333336,0,0,1,1,1,4,0.32150776053215074
1,0,1,1,10,1,0,0,1,0,1,0,1,1,65.5,616.9,0,1,0,0,1,0,0,0,0,1,0,0,0.106004207800615,2,1,0,4,5.954545454545454,0,0,1,0,1,4,0.15037593984962405
0,0,0,1,43,0,0,1,1,1,0,0,0,1,40.45,1912.85,0,1,0,0,1,0,0,0,0,1,0,2,0.0211354076860778,3,0,0,3,0.9193181818181819,0,0,1,0,0,3,1.037394451145959
0,1,1,0,13,1,0,0,0,0,0,0,0,0,70.45,849.1,0,1,0,0,0,1,0,1,0,0,0,1,0.0828726032231502,0,0,0,1,5.0321428571428575,0,0,0,1,0,1,0.18194541637508746
1,0,1,0,43,1,0,1,0,1,1,1,1,1,78.8,3460.3,0,0,0,1,1,0,0,0,0,1,0,2,0.0227660127697685,3,2,0,6,1.7909090909090908,0,2,1,0,0,6,0.5388471177944862
0,0,1,1,19,1,1,0,0,0,0,0,1,1,83.65,1465.75,1,1,0,0,0,1,0,0,0,1,0,1,0.0570308505198568,0,1,0,3,4.1825,0,0,0,1,1,3,0.22445363260484347
0,0,1,1,1,1,0,0,0,0,0,1,1,1,90.1,90.1,0,1,0,0,0,1,0,0,0,1,0,0,0.9890230515916576,0,2,1,3,45.05,1,0,0,1,1,3,0.010976948408342482
1,0,0,0,69,1,0,1,0,1,1,1,1,1,82.45,5555.3,0,0,0,1,1,0,0,0,1,0,0,3,0.0148390115724492,3,2,0,6,1.177857142857143,0,2,1,0,0,6,0.8268424206111443
1,0,1,0,61,1,0,0,0,0,0,0,0,0,20.25,1278.8,0,0,0,1,0,0,1,0,1,0,0,3,0.0158227848101265,0,0,0,1,0.32661290322580644,0,2,0,0,0,1,2.8705882352941177
0,0,1,0,43,1,1,1,1,0,1,0,0,0,66.25,2907.35,0,1,0,0,1,0,0,1,0,0,0,2,0.022779239087455,3,0,0,5,1.5056818181818181,0,0,1,0,0,5,0.6394052044609665
1,0,1,0,6,1,0,0,0,0,0,0,0,0,19.5,146.3,1,1,0,0,0,0,1,1,0,0,0,0,0.1323828920570264,0,0,0,1,2.7857142857142856,0,0,0,0,0,1,0.2926829268292683
0,0,0,0,1,1,0,0,0,0,1,0,0,0,51.25,51.25,1,1,0,0,1,0,0,0,0,0,1,0,0.9808612440191388,1,0,0,2,25.625,0,0,1,0,0,2,0.019138755980861243
0,0,1,0,56,1,0,0,0,0,0,1,1,0,89.7,4952.95,0,1,0,0,0,1,0,0,0,0,1,3,0.0181067632898999,0,2,0,3,1.5736842105263158,0,0,0,1,0,3,0.61742006615215
1,0,1,0,70,0,0,1,1,1,1,1,1,0,64.55,4504.9,0,0,0,1,1,0,0,1,0,0,0,3,0.0143256619099403,4,2,0,6,0.9091549295774648,0,2,1,0,0,6,1.0678871090770405
0,0,0,0,1,1,0,0,0,0,0,0,0,1,45.6,45.6,1,1,0,0,1,0,0,0,0,1,0,0,0.9785407725321889,0,0,0,1,22.8,0,0,0,0,1,1,0.02145922746781116
0,0,1,1,49,1,1,0,1,1,0,1,0,1,93.65,4520.15,0,0,1,0,0,1,0,0,0,1,0,3,0.020713756455769,2,1,1,5,1.8730000000000002,0,1,1,0,1,5,0.5176967776016904
1,0,0,0,6,1,0,0,0,0,1,0,0,1,49.65,267.35,1,1,0,0,1,0,0,1,0,0,0,0,0.1850195640022358,1,0,0,2,7.0928571428571425,0,0,1,0,0,2,0.11846001974333663
1,0,1,1,32,1,0,1,1,1,1,0,1,0,73.6,2316.85,0,0,0,1,1,0,0,0,0,0,1,2,0.0317535647259313,4,1,0,6,2.23030303030303,0,2,1,0,0,6,0.4289544235924933
1,1,1,0,72,1,1,1,0,1,1,1,1,1,109.75,8075.35,0,0,0,1,0,1,0,0,0,0,1,3,0.0135890594142155,3,2,1,7,1.5034246575342465,0,2,1,0,0,7,0.6501128668171557
0,0,0,1,37,1,0,1,1,0,1,0,0,0,61.45,2302.35,0,0,0,1,1,0,0,0,1,0,0,2,0.0266785334404237,3,0,0,4,1.6171052631578948,0,2,1,0,0,4,0.5924739791833467
1,0,1,0,69,1,0,1,1,0,1,1,1,1,106.4,7251.9,0,0,1,0,0,1,0,0,1,0,0,3,0.0146699940713369,3,2,1,6,1.52,0,1,1,0,0,6,0.6424581005586592
1,0,1,0,26,1,0,0,1,1,1,1,1,0,81.9,2078.55,0,1,0,0,1,0,0,1,0,0,0,2,0.0393835204731792,3,2,0,6,3.0333333333333337,0,0,1,0,0,6,0.31363088057901084
1,0,1,1,58,1,1,0,1,1,0,1,1,1,105.2,6225.4,0,0,1,0,0,1,0,0,1,0,0,3,0.0168957985352691,2,2,1,6,1.7830508474576272,0,1,1,0,0,6,0.5461393596986818
0,0,0,0,24,1,1,0,0,0,1,0,0,0,54.6,1242.25,0,0,1,0,1,0,0,1,0,0,0,1,0.0439171526241705,1,0,0,3,2.184,0,1,1,0,0,3,0.4316546762589928
0,0,1,1,5,1,0,0,0,0,0,0,0,0,20.55,99.45,0,0,1,0,0,0,1,0,0,1,0,0,0.2045793927327028,0,0,0,1,3.4250000000000003,0,1,0,0,1,1,0.23201856148491878
0,0,1,1,15,1,0,0,0,0,0,0,0,1,20.0,288.05,1,1,0,0,0,0,1,0,0,1,0,1,0.0691921812835149,0,0,0,1,1.25,0,0,0,0,1,1,0.7142857142857143
1,0,1,1,30,1,0,0,0,0,0,0,0,0,19.7,599.25,0,0,0,1,0,0,1,0,0,0,1,2,0.0328196584756351,0,0,0,1,0.635483870967742,0,2,0,0,0,1,1.4492753623188406
1,0,1,0,55,1,1,1,1,0,1,0,0,1,66.05,3462.1,0,0,1,0,1,0,0,0,1,0,0,3,0.0190725072911553,3,0,0,5,1.1794642857142856,0,1,1,0,0,5,0.8202833706189411
1,0,1,0,25,0,0,0,0,0,0,1,0,1,34.0,853.0,1,1,0,0,1,0,0,1,0,0,0,2,0.0398126463700234,0,1,0,1,1.3076923076923077,0,0,0,0,0,1,0.7142857142857143
0,1,1,0,10,1,0,0,1,1,1,1,0,1,92.5,934.1,1,1,0,0,0,1,0,0,0,0,1,0,0.0989199016148005,3,1,1,5,8.409090909090908,1,0,1,1,0,5,0.10695187165775401
0,0,1,1,44,0,0,1,1,1,1,0,1,1,54.05,2375.2,0,0,0,1,1,0,0,0,1,0,0,2,0.0227464018180287,4,1,0,5,1.201111111111111,0,2,1,0,0,5,0.7992733878292462
1,0,0,0,47,1,0,1,1,0,1,0,0,1,58.9,2813.05,0,0,1,0,1,0,0,0,0,0,1,2,0.0209306870880048,3,0,0,4,1.2270833333333333,0,1,1,0,0,4,0.7846410684474123
1,0,1,1,13,1,0,0,0,0,0,1,1,0,88.35,1222.8,1,1,0,0,0,1,0,0,0,1,0,1,0.0721931688184343,0,2,0,3,6.310714285714285,0,0,0,1,1,3,0.1454952434247342
1,0,1,1,49,1,1,0,1,1,1,1,1,1,107.95,5293.2,1,0,0,1,0,1,0,1,0,0,0,3,0.0203902383740697,3,2,1,7,2.1590000000000003,0,2,1,0,0,7,0.44974759063790726
1,0,1,0,64,1,0,1,0,0,1,1,1,1,96.9,6314.35,0,0,1,0,0,1,0,0,0,0,1,3,0.0153435676565827,2,2,1,5,1.4907692307692308,0,1,1,0,0,5,0.6537282941777324
0,0,0,0,1,1,0,0,0,0,0,0,0,0,19.1,19.1,0,1,0,0,0,0,1,0,0,0,1,0,0.9502487562189056,0,0,0,1,9.55,0,0,0,0,0,1,0.04975124378109452
0,0,0,0,20,1,0,0,0,0,1,0,0,0,50.0,1003.05,0,1,0,0,1,0,0,0,0,0,1,1,0.0497983168168915,1,0,0,2,2.380952380952381,0,0,1,0,0,2,0.39215686274509803
1,0,1,0,37,0,0,1,0,0,1,1,0,0,45.4,1593.1,0,0,0,1,1,0,0,0,0,1,0,2,0.0284800200740229,2,1,0,3,1.194736842105263,0,2,1,0,0,3,0.7974137931034483
0,0,1,1,30,1,1,0,0,0,0,1,0,0,85.45,2509.95,0,1,0,0,0,1,0,0,0,1,0,2,0.0340309444632509,0,1,0,3,2.7564516129032257,0,0,0,1,1,3,0.34702139965297857
1,0,0,0,38,1,1,1,1,1,0,1,1,0,84.1,3187.65,0,0,1,0,1,0,0,1,0,0,0,2,0.0263747981120536,3,2,0,7,2.1564102564102563,0,1,1,0,0,7,0.4465334900117509
1,1,0,0,1,1,1,0,0,0,0,0,0,1,74.45,74.45,1,1,0,0,0,1,0,0,0,0,1,0,0.9867461895294898,0,0,0,2,37.225,1,0,0,1,0,2,0.013253810470510271
1,0,0,0,37,1,0,0,0,0,0,1,1,1,64.75,2345.2,1,1,0,0,1,0,0,0,0,1,0,2,0.0275978177478475,0,2,0,3,1.7039473684210527,0,0,0,0,1,3,0.5627376425855514
1,0,1,0,52,0,0,1,1,1,1,1,1,0,66.25,3330.1,0,0,0,1,1,0,0,0,1,0,0,3,0.0198883251778691,4,2,0,6,1.25,0,2,1,0,0,6,0.7732342007434945
0,0,0,1,71,1,0,1,1,1,1,1,0,1,76.9,5522.7,0,0,0,1,1,0,0,0,1,0,0,3,0.013921827760378,4,1,0,6,1.0680555555555555,0,2,1,0,0,6,0.9114249037227213
0,0,0,0,26,1,0,0,1,1,0,1,0,0,89.8,2335.3,1,1,0,0,0,1,0,0,0,1,0,2,0.0384368445833155,2,1,0,4,3.325925925925926,0,0,1,1,1,4,0.28634361233480177
0,0,0,0,66,1,1,1,1,1,0,0,1,1,74.6,4798.4,0,0,0,1,1,0,0,0,1,0,0,3,0.0155436096178689,3,1,0,6,1.1134328358208954,0,2,1,0,0,6,0.8730158730158731
0,0,1,0,72,1,1,1,1,1,1,1,1,1,116.95,8594.4,0,0,0,1,0,1,0,0,1,0,0,3,0.0136061148986667,4,2,1,8,1.6020547945205479,0,2,1,0,0,8,0.6104281475201356
0,0,0,1,25,0,0,1,0,0,0,1,0,1,40.65,970.55,0,0,1,0,1,0,0,0,1,0,0,2,0.0418403581905203,1,1,0,2,1.5634615384615385,0,1,1,0,0,2,0.6002400960384154
0,0,1,1,69,1,1,1,1,1,1,1,1,1,114.35,7665.8,0,0,0,1,0,1,0,1,0,0,0,3,0.0149149580007304,4,2,1,8,1.6335714285714285,0,2,1,0,0,8,0.5981794538361509
0,0,1,1,53,1,1,1,1,0,0,0,1,0,69.7,3686.05,0,0,0,1,1,0,0,1,0,0,0,3,0.0189040018442928,2,1,0,5,1.2907407407407407,0,2,1,0,0,5,0.7496463932107497
1,0,0,0,12,1,0,0,0,1,0,1,1,0,95.5,1115.15,1,0,1,0,0,1,0,0,0,0,1,0,0.0855619764368588,1,2,1,4,7.346153846153846,0,1,1,0,0,4,0.12435233160621761
0,0,0,0,26,1,0,0,0,1,1,1,1,1,98.65,2537.0,0,1,0,0,0,1,0,0,0,1,0,2,0.0388691883372734,2,2,1,5,3.653703703703704,0,0,1,1,1,5,0.26091319618665326
0,0,0,0,21,1,0,0,0,1,0,0,1,0,61.65,1393.6,0,1,0,0,1,0,0,0,0,0,1,1,0.0442062240068837,1,1,0,3,2.8022727272727272,0,0,1,0,0,3,0.335195530726257
1,0,0,1,1,1,0,0,0,0,0,1,1,1,89.35,89.35,0,1,0,0,0,1,0,0,0,1,0,0,0.9889319313779744,0,2,0,3,44.675,1,0,0,1,1,3,0.011068068622025458
0,0,0,0,48,1,1,1,0,0,1,0,1,1,95.4,4445.3,0,1,0,0,0,1,0,0,0,1,0,2,0.0214560421024222,2,1,1,5,1.9469387755102041,0,0,1,1,0,5,0.49792531120331945
1,0,1,0,26,0,0,1,0,1,0,0,0,0,35.4,978.6,0,0,1,0,1,0,0,0,1,0,0,2,0.0361371988566761,2,0,0,2,1.3111111111111111,0,1,1,0,0,2,0.7142857142857143
0,0,1,0,60,1,0,0,0,0,0,0,0,0,19.95,1258.15,0,0,0,1,0,0,1,0,0,0,1,3,0.0158440217607115,0,0,0,1,0.32704918032786884,0,2,0,0,0,1,2.863961813842482
0,0,0,0,18,1,0,0,0,0,0,0,0,0,19.25,331.35,0,1,0,0,0,0,1,0,0,0,1,1,0.0579208665563412,0,0,0,1,1.013157894736842,0,0,0,0,0,1,0.8888888888888888
1,1,0,0,10,0,0,0,0,0,1,0,0,1,29.65,291.4,1,1,0,0,1,0,0,0,0,1,0,0,0.1014021887824897,1,0,0,1,2.6954545454545453,0,0,1,0,1,1,0.3262642740619902
0,0,1,1,5,1,1,1,0,1,0,0,0,1,84.5,453.75,1,1,0,0,0,1,0,0,0,1,0,0,0.1858163826278175,2,0,0,4,14.083333333333334,1,0,1,1,0,4,0.05847953216374269
1,0,0,1,4,1,0,0,0,0,0,0,0,1,20.4,84.75,0,0,1,0,0,0,1,0,0,0,1,0,0.2379008746355685,0,0,0,1,4.08,0,1,0,0,0,1,0.1869158878504673
0,0,1,1,65,1,1,0,0,0,0,0,0,0,24.75,1715.1,0,0,0,1,0,0,1,0,1,0,0,3,0.0144222364664063,0,0,0,2,0.375,0,2,0,0,0,2,2.5242718446601944
0,0,1,1,70,1,1,0,0,0,0,0,0,0,25.35,1715.15,0,0,0,1,0,0,1,0,0,0,1,3,0.0147714360632811,0,0,0,2,0.3570422535211268,0,2,0,0,0,2,2.656546489563567
0,0,0,0,18,1,1,0,0,1,0,0,1,1,90.7,1597.25,1,1,0,0,0,1,0,0,1,0,0,1,0.0567495698420147,1,1,1,4,4.773684210526316,0,0,1,1,0,4,0.19629225736095965
0,0,0,1,62,1,0,0,0,0,0,0,0,0,20.0,1250.1,0,0,0,1,0,0,1,1,0,0,0,3,0.015985932379506,0,0,0,1,0.31746031746031744,0,2,0,0,0,1,2.9523809523809526
1,0,1,1,66,1,0,1,0,0,0,1,0,1,59.75,3996.8,0,0,0,1,1,0,0,0,0,1,0,3,0.0149457201460803,1,1,0,3,0.8917910447761194,0,2,1,0,0,3,1.0864197530864197
1,0,1,1,65,1,1,1,1,0,1,1,1,1,82.5,5215.1,0,0,0,1,1,0,0,1,0,0,0,3,0.0158164145626042,3,2,0,7,1.25,0,2,1,0,0,7,0.7784431137724551
1,1,0,0,3,1,0,0,0,0,0,0,0,1,70.3,235.5,1,1,0,0,0,1,0,0,0,1,0,0,0.2972515856236786,0,0,0,1,17.575,1,0,0,1,1,1,0.04207573632538569
1,0,0,0,34,1,0,0,0,0,0,0,0,0,20.35,673.2,0,1,0,0,0,0,1,0,0,0,1,2,0.0301839216849599,0,0,0,1,0.5814285714285715,0,0,0,0,0,1,1.5925058548009368
0,0,1,1,16,1,1,0,0,1,0,1,0,1,90.8,1442.2,0,1,0,0,0,1,0,1,0,0,0,1,0.0629157427937915,1,1,1,4,5.341176470588235,0,0,1,1,0,4,0.17429193899782136
1,0,0,0,54,1,1,1,0,1,0,1,1,1,103.95,5639.05,1,0,1,0,0,1,0,1,0,0,0,3,0.0184306876712085,2,2,1,6,1.8900000000000001,0,1,1,0,0,6,0.5145307289185326
1,1,0,0,50,1,1,0,0,1,1,1,1,1,104.95,5222.35,0,1,0,0,0,1,0,0,0,1,0,3,0.0200924693922482,2,2,1,6,2.057843137254902,0,0,1,1,1,6,0.4719207173194903
0,0,1,0,71,1,0,0,1,1,1,1,1,1,105.25,7291.75,0,0,0,1,0,1,0,0,0,1,0,3,0.0144321415104041,3,2,1,6,1.4618055555555556,0,2,1,0,1,6,0.668235294117647
1,0,0,0,10,1,1,0,0,0,0,0,0,1,74.75,799.65,1,1,0,0,0,1,0,0,0,1,0,0,0.0933616436645225,0,0,0,2,6.795454545454546,1,0,0,1,1,2,0.132013201320132
1,0,0,0,1,1,0,0,0,0,1,0,0,1,50.8,50.8,1,1,0,0,1,0,0,0,0,1,0,0,0.9806949806949808,1,0,0,2,25.4,0,0,1,0,1,2,0.019305019305019305
0,0,0,0,18,1,1,0,0,0,0,0,0,0,23.75,424.5,0,0,1,0,0,0,1,0,0,0,1,1,0.0558166862514688,0,0,0,2,1.25,0,1,0,0,0,2,0.7272727272727273
0,0,0,0,4,1,0,0,0,0,1,1,0,1,61.3,249.4,0,1,0,0,1,0,0,0,0,1,0,0,0.2448083067092651,1,1,0,3,12.26,0,0,1,0,1,3,0.06420545746388444
1,0,1,1,58,1,1,1,0,1,1,1,0,0,75.8,4415.75,0,0,0,1,1,0,0,0,0,0,1,3,0.0171619403407482,3,1,0,6,1.2847457627118644,0,2,1,0,0,6,0.7552083333333334
1,0,1,0,56,1,1,1,0,0,0,1,1,1,98.0,5270.6,0,0,1,0,0,1,0,0,0,1,0,3,0.018590181349116,1,2,1,5,1.719298245614035,0,1,1,0,0,5,0.5656565656565656
0,0,0,0,2,1,0,0,0,0,0,1,0,1,80.25,144.55,1,1,0,0,0,1,0,0,0,1,0,0,0.5513569220199244,0,1,0,2,26.75,1,0,0,1,1,2,0.024615384615384615
0,0,1,0,32,1,1,0,0,1,0,0,0,1,78.9,2447.95,1,1,0,0,0,1,0,0,0,1,0,2,0.0322178892994957,1,0,0,3,2.390909090909091,0,0,1,1,1,3,0.4005006257822278
0,0,1,1,56,0,0,1,1,0,1,1,0,1,52.0,2884.9,0,0,1,0,1,0,0,0,0,0,1,3,0.0180186423646002,3,1,0,4,0.9122807017543859,0,1,1,0,0,4,1.0566037735849056
0,0,0,0,36,1,1,0,0,0,0,0,1,1,84.75,3050.15,1,1,0,0,0,1,0,0,0,1,0,2,0.0277764121724595,0,1,0,3,2.2905405405405403,0,0,0,1,1,3,0.4198250728862974
1,0,0,0,4,1,1,0,0,0,1,1,0,1,64.4,253.0,0,1,0,0,1,0,0,0,0,0,1,0,0.2535433070866142,1,1,0,4,12.88,0,0,1,0,0,4,0.061162079510703356
0,0,0,0,53,1,1,0,0,0,0,1,0,0,85.45,4517.25,1,1,0,0,0,1,0,1,0,0,0,3,0.0189121894538814,0,1,0,3,1.5824074074074075,0,0,0,1,0,3,0.6130711393869288
0,0,0,0,10,1,0,0,0,0,0,0,0,1,45.8,436.2,0,1,0,0,1,0,0,0,1,0,0,0,0.1047575480329368,0,0,0,1,4.163636363636363,0,0,0,0,0,1,0.2136752136752137
0,0,0,0,4,0,0,0,0,0,1,0,0,0,30.5,118.4,0,1,0,0,1,0,0,0,0,1,0,0,0.2554438860971524,1,0,0,1,6.1,0,0,1,0,1,1,0.12698412698412698
0,0,1,1,1,1,0,0,0,0,0,0,0,0,19.9,19.9,1,1,0,0,0,0,1,0,0,0,1,0,0.9521531100478468,0,0,0,1,9.95,0,0,0,0,0,1,0.04784688995215311
1,0,1,0,51,1,0,0,0,0,0,0,0,0,69.15,3649.6,0,1,0,0,0,1,0,0,0,0,1,3,0.0189420917109516,0,0,0,1,1.3298076923076925,0,0,0,1,0,1,0.7270135424091233
0,1,0,0,12,1,1,0,0,1,0,1,1,1,99.45,1200.15,1,1,0,0,0,1,0,0,0,1,0,0,0.0827956541647587,1,2,1,5,7.65,0,0,1,1,1,5,0.11946241911398706
1,0,0,0,6,0,0,0,0,0,1,1,1,1,49.25,255.6,0,0,1,0,1,0,0,0,0,0,1,0,0.1919329696024941,1,2,0,3,7.035714285714286,0,1,1,0,0,3,0.11940298507462686
0,0,1,1,63,0,0,0,1,1,1,0,0,0,39.35,2395.05,0,0,0,1,1,0,0,1,0,0,0,3,0.0164228626280753,3,0,0,3,0.61484375,0,2,1,0,0,3,1.5613382899628252
1,0,0,0,1,1,0,0,0,0,0,0,0,1,70.6,70.6,1,1,0,0,0,1,0,0,0,1,0,0,0.9860335195530726,0,0,0,1,35.3,1,0,0,1,1,1,0.013966480446927375
1,0,1,0,48,1,1,0,1,0,1,1,1,1,105.1,5083.55,0,1,0,0,0,1,0,0,1,0,0,2,0.0206704624794721,2,2,1,6,2.144897959183673,0,0,1,1,0,6,0.45240339302544774
1,0,0,0,5,1,0,0,0,0,0,1,0,1,81.0,389.6,1,1,0,0,0,1,0,0,1,0,0,0,0.2073732718894009,0,1,0,2,13.5,1,0,0,1,0,2,0.06097560975609756
1,0,0,1,35,1,0,0,0,0,0,0,0,1,20.1,644.5,0,0,1,0,0,0,1,0,1,0,0,2,0.031138652207591,0,0,0,1,0.5583333333333333,0,1,0,0,0,1,1.6587677725118481
0,0,0,0,6,1,0,0,1,0,0,1,0,1,84.85,523.5,1,1,0,0,0,1,0,0,0,1,0,0,0.1617731172545281,1,1,0,3,12.12142857142857,1,0,1,1,1,3,0.06988934187536401
0,0,0,0,2,1,0,0,0,0,0,0,0,0,19.75,39.3,0,1,0,0,0,0,1,0,0,0,1,0,0.4900744416873449,0,0,0,1,6.583333333333333,0,0,0,0,0,1,0.0963855421686747
1,0,0,0,50,1,0,0,0,0,0,0,0,0,19.75,989.05,0,0,1,0,0,0,1,1,0,0,0,3,0.0199484874501287,0,0,0,1,0.3872549019607843,0,1,0,0,0,1,2.4096385542168677
1,0,0,0,33,1,0,0,0,0,0,0,0,1,70.4,2406.1,0,1,0,0,0,1,0,1,0,0,0,2,0.029246811515932,0,0,0,1,2.070588235294118,0,0,0,1,0,1,0.4621848739495798
0,0,0,0,31,1,0,0,0,0,0,0,0,0,20.45,638.55,0,0,0,1,0,0,1,0,0,0,1,2,0.031975607849269,0,0,0,1,0.6390625,0,2,0,0,0,1,1.4452214452214454
1,0,1,1,9,1,0,0,0,0,0,0,0,0,20.35,191.1,0,0,0,1,0,0,1,0,0,0,1,0,0.1059344091618948,0,0,0,1,2.035,0,2,0,0,0,1,0.42154566744730676
1,0,1,1,54,1,1,0,1,1,1,1,1,1,86.2,4524.05,0,1,0,0,1,0,0,0,0,1,0,3,0.0190495132650467,3,2,0,7,1.5672727272727274,0,0,1,0,1,7,0.6192660550458715
1,0,0,0,46,1,0,1,1,1,0,1,0,1,95.65,4664.2,0,0,1,0,0,1,0,0,1,0,0,2,0.0205028723313041,3,1,1,5,2.0351063829787237,0,1,1,0,0,5,0.4759441282979824
0,0,0,1,34,1,1,1,1,0,0,1,1,1,103.8,3470.8,0,0,1,0,0,1,0,0,0,1,0,2,0.029898035601129,2,2,1,6,2.9657142857142857,0,1,1,0,0,6,0.3244274809160305
0,0,1,1,71,1,1,1,0,0,0,1,1,1,97.2,6910.3,0,0,0,1,0,1,0,0,0,1,0,3,0.0140639242978889,1,2,1,5,1.35,0,2,1,0,0,5,0.7230142566191445
1,0,1,1,63,1,0,1,1,1,1,0,0,0,63.55,4014.2,0,0,0,1,1,0,0,0,0,0,1,3,0.0158273560470213,4,0,0,5,0.99296875,0,2,1,0,0,5,0.9759876065065841
1,0,0,0,51,1,1,0,0,0,0,0,0,0,24.95,1288.0,0,0,0,1,0,0,1,1,0,0,0,3,0.019356089992242,0,0,0,2,0.47980769230769227,0,2,0,0,0,2,1.9653179190751446
1,1,0,0,26,1,1,0,1,0,0,1,0,1,89.15,2277.65,1,1,0,0,0,1,0,0,0,1,0,2,0.0391240427446075,1,1,0,4,3.3018518518518523,0,0,1,1,1,4,0.28840820854132
1,0,1,0,64,1,0,1,0,1,0,1,1,1,99.0,6375.8,0,0,0,1,0,1,0,1,0,0,0,3,0.015525028227324,2,2,1,5,1.523076923076923,0,2,1,0,0,5,0.64
1,1,1,0,1,0,0,0,0,0,0,0,0,1,24.8,24.8,1,1,0,0,1,0,0,0,0,1,0,0,0.9612403100775194,0,0,0,0,12.4,0,0,0,0,1,0,0.03875968992248062
0,1,1,0,61,1,1,0,1,0,1,0,0,1,85.55,5251.75,0,0,1,0,0,1,0,1,0,0,0,3,0.0162867069630193,2,0,0,4,1.3798387096774194,0,1,1,0,0,4,0.7047949162333911
1,0,0,0,15,1,0,0,0,1,0,1,1,1,94.0,1505.45,0,1,0,0,0,1,0,0,1,0,0,1,0.0623983537455607,1,2,1,4,5.875,0,0,1,1,0,4,0.15789473684210525
0,0,0,0,64,1,1,0,1,0,1,1,1,1,105.65,6903.1,1,0,1,0,0,1,0,0,1,0,0,3,0.0153025014122043,2,2,1,6,1.6253846153846154,0,1,1,0,0,6,0.6000937646507266
1,0,0,0,18,1,1,0,0,0,0,0,0,1,50.3,913.3,0,1,0,0,1,0,0,0,0,1,0,1,0.0550147653942907,0,0,0,2,2.6473684210526316,0,0,0,0,1,2,0.3508771929824562
1,0,1,1,57,1,0,0,1,0,0,1,1,1,95.0,5535.8,0,0,1,0,0,1,0,0,0,1,0,3,0.0171579251553243,1,2,1,4,1.6379310344827587,0,1,1,0,1,4,0.59375
0,0,1,1,14,1,0,1,1,0,0,0,1,1,61.4,815.55,0,0,0,1,1,0,0,1,0,0,0,1,0.075194415528749,2,1,0,4,4.093333333333333,0,2,1,0,0,4,0.22435897435897437
0,1,0,0,18,1,1,0,1,0,0,0,0,1,80.55,1411.65,0,1,0,0,0,1,0,0,1,0,0,1,0.057020493398931,1,0,0,3,4.239473684210526,0,0,1,1,0,3,0.22072348252605764
1,1,1,0,72,1,1,1,0,0,0,0,0,0,78.5,5602.25,0,0,0,1,0,1,0,1,0,0,0,3,0.0140097264980145,1,0,0,3,1.0753424657534247,0,2,1,0,0,3,0.9056603773584906
0,0,1,0,70,1,1,1,1,1,1,1,1,0,114.3,8244.3,0,0,0,1,0,1,0,0,1,0,0,3,0.0138624428462275,4,2,1,8,1.6098591549295773,0,2,1,0,0,8,0.6071118820468343
1,0,0,0,38,1,0,0,0,0,0,0,0,0,20.05,741.5,0,0,0,1,0,0,1,0,0,0,1,2,0.027003367003367,0,0,0,1,0.5141025641025642,0,2,0,0,0,1,1.8052256532066508
0,0,1,1,68,1,0,1,1,1,1,0,0,0,62.65,4375.8,0,0,0,1,1,0,0,0,1,0,0,3,0.0143141107658563,4,0,0,5,0.9079710144927536,0,2,1,0,0,5,1.0683424980361351
0,0,0,0,13,1,0,0,0,0,0,0,1,1,80.85,1008.7,1,1,0,0,0,1,0,0,0,1,0,1,0.080073289095771,0,1,0,2,5.7749999999999995,0,0,0,1,1,2,0.1588271227855834
0,1,1,0,65,1,1,1,1,0,0,1,0,1,92.7,5968.4,0,0,0,1,0,1,0,0,1,0,0,3,0.0155291989144637,2,1,1,5,1.4045454545454545,0,2,1,0,0,5,0.6937033084311632
1,0,0,0,30,1,1,0,0,1,0,1,1,0,100.45,3096.9,0,1,0,0,0,1,0,0,0,1,0,2,0.0324251912585945,1,2,1,5,3.240322580645161,0,0,1,1,1,5,0.2957121734844751
0,0,1,0,51,1,1,0,0,0,1,1,1,1,75.2,3901.25,0,0,0,1,1,0,0,1,0,0,0,3,0.0192709334358383,1,2,0,5,1.4461538461538461,0,2,1,0,0,5,0.6692913385826771
1,0,0,0,31,1,1,1,0,1,0,0,0,1,84.75,2613.4,0,1,0,0,0,1,0,0,1,0,0,2,0.0324166156670746,2,0,0,4,2.6484375,0,0,1,1,0,4,0.36151603498542273
1,0,1,0,9,1,0,0,0,0,0,1,1,0,89.45,853.1,1,1,0,0,0,1,0,0,0,1,0,0,0.1047301252780704,0,2,0,3,8.945,1,0,0,1,1,3,0.09950248756218905
1,0,1,1,72,1,1,1,1,1,1,0,1,1,79.5,5661.7,0,0,0,1,1,0,0,1,0,0,0,3,0.0140392392321684,4,1,0,7,1.0890410958904109,0,2,1,0,0,7,0.8944099378881988
0,0,0,0,10,1,1,0,0,0,0,1,1,1,72.15,794.25,1,1,0,0,1,0,0,0,1,0,0,0,0.0907261867337315,0,2,0,4,6.5590909090909095,1,0,0,0,0,4,0.13670539986329458
1,0,0,0,37,1,0,0,0,0,0,0,0,1,19.8,695.05,0,0,1,0,0,0,1,0,0,1,0,2,0.0284462323108972,0,0,0,1,0.5210526315789474,0,1,0,0,1,1,1.7788461538461537
1,0,0,0,2,1,0,0,0,1,1,1,1,0,76.4,160.8,1,1,0,0,1,0,0,0,0,1,0,0,0.4721878862793572,2,2,0,5,25.46666666666667,1,0,1,0,1,5,0.025839793281653745
0,0,0,0,55,1,0,1,1,0,0,1,1,1,100.9,5552.05,0,0,1,0,0,1,0,0,0,0,1,3,0.0181701947578357,2,2,1,5,1.8017857142857143,0,1,1,0,0,5,0.5397448478900883
0,0,0,1,33,1,1,1,0,1,0,0,1,1,95.3,3275.15,0,1,0,0,0,1,0,1,0,0,0,2,0.0290890221754193,2,1,1,5,2.802941176470588,0,0,1,1,0,5,0.3426791277258567
1,0,1,1,46,1,0,0,0,1,1,0,1,0,90.95,4236.6,0,0,1,0,0,1,0,1,0,0,0,2,0.0214626203511421,2,1,1,4,1.9351063829787234,0,1,1,0,0,4,0.5002718868950516
1,0,0,1,1,1,0,1,0,0,1,0,0,0,54.5,54.5,0,1,0,0,1,0,0,0,0,1,0,0,0.981981981981982,2,0,0,3,27.25,0,0,1,0,0,3,0.018018018018018018
1,1,0,0,20,1,1,0,0,0,0,0,1,1,61.6,1174.35,1,1,0,0,1,0,0,0,0,0,1,1,0.0524099204492279,0,1,0,3,2.9333333333333336,0,0,0,0,0,3,0.3194888178913738
0,0,1,0,9,1,0,0,1,1,0,0,0,1,79.9,741.7,1,1,0,0,0,1,0,0,0,1,0,0,0.1075804497105156,2,0,0,3,7.99,1,0,1,1,1,3,0.11124845488257107
0,1,0,0,32,1,1,0,0,0,0,1,1,1,96.15,3019.25,1,1,0,0,0,1,0,0,1,0,0,2,0.0318351129873354,0,2,1,4,2.913636363636364,0,0,0,1,0,4,0.3293875450334534
1,0,1,1,19,1,0,0,0,1,0,0,0,1,49.6,962.9,0,1,0,0,1,0,0,1,0,0,0,1,0.051457620085071,1,0,0,2,2.48,0,0,1,0,0,2,0.37549407114624506
1,0,1,0,70,1,1,1,0,1,1,0,0,0,65.3,4759.75,1,0,0,1,1,0,0,0,1,0,0,3,0.0137163262091057,3,0,0,5,0.9197183098591549,0,2,1,0,0,5,1.0558069381598794
1,0,0,1,61,1,1,0,0,0,0,0,0,1,25.0,1498.35,0,0,0,1,0,0,1,0,1,0,0,3,0.0166738920198752,0,0,0,2,0.4032258064516129,0,2,0,0,0,2,2.3461538461538463
0,0,0,0,26,1,0,0,0,0,0,0,0,0,45.45,1233.15,0,1,0,0,1,0,0,0,0,1,0,2,0.0368269659279666,0,0,0,1,1.6833333333333333,0,0,0,0,1,1,0.5597416576964478
0,0,1,0,45,1,1,0,1,1,0,1,1,1,107.75,4882.8,0,1,0,0,0,1,0,1,0,0,0,2,0.0220627380318604,2,2,1,6,2.342391304347826,0,0,1,1,0,6,0.41379310344827586
0,0,1,1,62,1,1,0,0,1,0,1,0,1,89.1,5411.65,0,0,0,1,0,1,0,0,1,0,0,3,0.0164614375583124,1,1,0,4,1.4142857142857141,0,2,1,0,0,4,0.6881243063263042
0,0,0,0,1,1,0,0,0,0,0,0,0,0,19.65,19.65,1,1,0,0,0,0,1,0,0,0,1,0,0.9515738498789348,0,0,0,1,9.825,0,0,0,0,0,1,0.04842615012106538
1,0,0,0,3,1,0,0,0,0,0,0,0,0,44.75,148.05,0,1,0,0,1,0,0,0,0,0,1,0,0.3002348205300235,0,0,0,1,11.1875,0,0,0,0,0,1,0.06557377049180328
1,0,1,1,41,1,1,1,1,1,0,0,1,1,101.6,3930.55,0,0,1,0,0,1,0,1,0,0,0,2,0.0258422250766237,3,1,1,6,2.419047619047619,0,1,1,0,0,6,0.39961013645224175
0,0,1,1,67,1,0,0,1,1,1,1,1,0,103.15,6895.5,0,0,0,1,0,1,0,1,0,0,0,3,0.0149568621764663,3,2,1,6,1.5169117647058825,0,2,1,0,0,6,0.643302928468555
0,0,0,0,1,1,1,0,0,0,0,1,0,1,84.65,84.65,1,1,0,0,0,1,0,0,0,0,1,0,0.9883245767659078,0,1,0,3,42.325,1,0,0,1,0,3,0.011675423234092236
1,0,1,0,71,1,1,1,1,0,0,1,0,0,95.65,6856.95,0,0,1,0,0,1,0,0,0,0,1,3,0.0139473166179397,2,1,1,5,1.3284722222222223,0,1,1,0,0,5,0.7346094154164511
1,0,1,1,37,1,0,1,1,0,0,1,1,0,75.1,2658.8,0,0,1,0,1,0,0,1,0,0,0,2,0.0282352056545604,2,2,0,5,1.976315789473684,0,1,1,0,0,5,0.48620236530880423
0,0,1,0,60,1,0,1,1,0,1,0,0,1,61.35,3766.2,0,0,0,1,1,0,0,0,0,0,1,3,0.0162853047356126,3,0,0,4,1.0057377049180327,0,2,1,0,0,4,0.9623095429029671
1,1,1,0,1,1,0,0,0,0,0,0,0,1,69.55,69.55,1,1,0,0,0,1,0,0,0,1,0,0,0.9858256555634302,0,0,0,1,34.775,0,0,0,1,1,1,0.01417434443656981
1,0,0,0,6,1,0,0,0,0,0,0,0,0,19.7,129.55,0,1,0,0,0,0,1,0,1,0,0,0,0.150900038299502,0,0,0,1,2.814285714285714,0,0,0,0,0,1,0.2898550724637681
1,0,0,0,13,0,0,0,1,0,0,0,0,1,31.05,347.25,1,1,0,0,1,0,0,0,0,1,0,1,0.0891600861450107,1,0,0,1,2.217857142857143,0,0,1,0,1,1,0.405616224648986
1,0,1,1,11,1,0,1,0,0,0,0,0,0,51.0,581.7,0,1,0,0,1,0,0,1,0,0,0,0,0.0875235970482237,1,0,0,2,4.25,0,0,1,0,0,2,0.21153846153846154
0,0,0,0,7,1,0,1,0,0,0,0,0,1,51.0,354.05,1,1,0,0,1,0,0,0,0,0,1,0,0.1436417405999155,1,0,0,2,6.375,0,0,1,0,0,2,0.1346153846153846
1,0,1,1,10,1,0,0,0,0,0,1,1,1,88.85,929.45,0,1,0,0,0,1,0,0,0,1,0,0,0.0954914288784996,0,2,0,3,8.077272727272726,1,0,0,1,1,3,0.11129660545353368
0,0,1,0,34,1,0,0,0,0,0,0,0,0,20.05,679.0,0,0,0,1,0,0,1,0,1,0,0,2,0.029485294117647,0,0,0,1,0.5728571428571428,0,2,0,0,0,1,1.6152019002375297
1,0,0,0,62,1,0,1,0,0,1,0,1,1,65.1,3846.75,0,0,0,1,1,0,0,0,0,0,1,3,0.016918978623871,2,1,0,4,1.0333333333333332,0,2,1,0,0,4,0.9379727685325265
0,0,1,0,64,1,1,0,1,0,1,0,1,1,70.15,4480.7,0,0,1,0,1,0,0,0,0,0,1,3,0.0156525425619742,2,1,0,5,1.0792307692307692,0,1,1,0,0,5,0.8995080815179198
1,0,1,1,1,1,0,0,0,0,0,0,0,1,44.35,44.35,1,1,0,0,1,0,0,1,0,0,0,0,0.9779492833517088,0,0,0,1,22.175,0,0,0,0,0,1,0.022050716648291068
0,0,0,0,25,1,0,0,0,0,0,0,0,1,20.75,499.4,0,0,0,1,0,0,1,0,0,0,1,2,0.0414668265387689,0,0,0,1,0.7980769230769231,0,2,0,0,0,1,1.1494252873563218
1,0,0,0,26,1,0,0,1,1,0,0,0,1,56.05,1553.2,0,0,1,0,1,0,0,0,0,0,1,2,0.0360635696821515,2,0,0,3,2.075925925925926,0,1,1,0,0,3,0.45574057843996496
0,0,0,1,10,1,0,0,0,0,0,0,0,1,19.95,219.5,0,0,1,0,0,0,1,1,0,0,0,0,0.0904761904761904,0,0,0,1,1.8136363636363635,0,1,0,0,0,1,0.47732696897374705
1,0,0,0,53,1,1,1,1,1,0,1,0,0,98.6,5311.85,0,0,1,0,0,1,0,0,0,0,1,3,0.0185587773040834,3,1,1,6,1.8259259259259257,0,1,1,0,0,6,0.532128514056225
1,0,0,0,7,1,0,0,0,0,0,1,0,1,79.7,586.05,1,1,0,0,0,1,0,0,0,1,0,0,0.1357635635806149,0,1,0,2,9.9625,1,0,0,1,1,2,0.08674101610904585
0,0,0,0,33,1,0,0,1,1,0,0,0,1,79.0,2576.8,0,1,0,0,0,1,0,0,1,0,0,2,0.030646287532004,2,0,0,3,2.323529411764706,0,0,1,1,0,3,0.4125
1,1,1,0,71,1,0,0,1,1,0,0,1,0,89.45,6435.25,0,0,0,1,0,1,0,0,1,0,0,3,0.0138978442416003,2,1,0,4,1.2423611111111112,0,2,1,0,0,4,0.7849640685461581
1,0,0,0,29,1,1,0,0,0,0,0,0,1,74.2,1993.25,0,1,0,0,0,1,0,0,0,1,0,2,0.0372069700388617,0,0,0,2,2.4733333333333336,0,0,0,1,1,2,0.3856382978723404
0,0,1,1,24,1,1,1,0,0,1,1,1,0,81.0,1923.85,0,1,0,0,1,0,0,1,0,0,0,1,0.0420812011325557,2,2,0,6,3.24,0,0,1,0,0,6,0.2926829268292683
0,0,1,1,20,1,0,0,0,1,0,0,0,1,49.6,939.8,0,1,0,0,1,0,0,0,0,1,0,1,0.0527210884353741,1,0,0,2,2.361904761904762,0,0,1,0,1,2,0.3952569169960474
1,0,0,0,1,1,1,0,0,0,0,1,0,1,84.6,84.6,0,1,0,0,0,1,0,0,0,1,0,0,0.9883177570093458,0,1,0,3,42.3,1,0,0,1,1,3,0.011682242990654207
0,0,0,1,54,1,1,0,1,0,0,0,0,1,55.0,3092.65,1,1,0,0,1,0,0,0,1,0,0,3,0.0177783524315937,1,0,0,3,1.0,0,0,1,0,0,3,0.9642857142857143
1,1,0,0,5,1,0,0,0,1,0,1,0,1,84.85,415.55,1,1,0,0,0,1,0,0,0,0,1,0,0.2036970351698475,1,1,0,3,14.141666666666666,1,0,1,1,0,3,0.05824111822947001
1,0,1,1,72,1,1,1,0,1,1,1,1,1,84.2,5986.55,0,0,0,1,1,0,0,1,0,0,0,3,0.0140625130479077,3,2,0,7,1.1534246575342466,0,2,1,0,0,7,0.8450704225352113
0,0,1,0,52,1,0,1,1,1,1,1,1,1,106.3,5487.0,0,0,0,1,0,1,0,0,0,1,0,3,0.0193695335276967,4,2,1,7,2.0056603773584905,0,2,1,0,0,7,0.4846225535880708
1,0,0,0,9,1,0,0,0,0,0,0,0,0,69.05,651.5,0,1,0,0,0,1,0,0,0,1,0,0,0.105823754789272,0,0,0,1,6.904999999999999,0,0,0,1,1,1,0.1284796573875803
1,0,0,0,1,1,0,0,0,0,0,0,0,1,45.4,45.4,0,1,0,0,1,0,0,0,0,0,1,0,0.978448275862069,0,0,0,1,22.7,0,0,0,0,0,1,0.021551724137931036
0,1,0,0,1,1,1,0,0,0,0,0,0,1,73.65,73.65,1,1,0,0,0,1,0,0,0,1,0,0,0.9866041527126592,0,0,0,2,36.825,1,0,0,1,1,2,0.013395847287340923
0,0,1,1,33,1,0,0,0,1,1,1,1,1,73.9,2405.05,1,0,1,0,1,0,0,0,0,0,1,2,0.0307142411836828,2,2,0,5,2.173529411764706,0,1,1,0,0,5,0.4405874499332443
1,0,1,0,55,1,1,0,0,1,0,0,0,1,77.75,4458.15,1,1,0,0,0,1,0,0,0,1,0,3,0.0174360584416312,1,0,0,3,1.3883928571428572,0,0,1,1,1,3,0.6984126984126984
0,0,1,1,69,1,1,0,0,0,1,1,1,1,99.35,6856.45,0,0,0,1,0,1,0,0,0,1,0,3,0.0144878927298048,1,2,1,5,1.4192857142857143,0,2,1,0,1,5,0.687593423019432
0,0,0,0,1,1,0,1,0,0,0,0,0,1,50.75,50.75,0,1,0,0,1,0,0,0,0,0,1,0,0.9806763285024156,1,0,0,2,25.375,0,0,1,0,0,2,0.01932367149758454
0,0,0,0,54,1,1,1,0,1,1,1,1,0,87.1,4735.2,0,0,0,1,1,0,0,1,0,0,0,3,0.0183902706811367,3,2,0,7,1.5836363636363635,0,2,1,0,0,7,0.6129398410896709
0,0,0,1,33,1,0,0,0,0,0,0,0,1,20.15,682.15,0,0,1,0,0,0,1,0,0,0,1,2,0.0294957183634633,0,0,0,1,0.5926470588235294,0,1,0,0,0,1,1.5602836879432624
0,1,1,0,45,1,1,0,1,1,1,1,0,1,98.7,4525.8,0,0,1,0,0,1,0,1,0,0,0,2,0.0218034814880268,3,1,1,6,2.1456521739130436,0,1,1,0,0,6,0.45135406218655966
1,0,0,1,11,0,0,0,0,0,0,0,0,0,25.2,321.05,0,1,0,0,1,0,0,0,0,1,0,0,0.0782487191429902,0,0,0,0,2.1,0,0,0,0,1,0,0.41984732824427484
0,0,0,0,6,1,0,1,1,0,0,0,0,1,55.7,335.65,0,1,0,0,1,0,0,1,0,0,0,0,0.1654537353334323,2,0,0,3,7.957142857142857,0,0,1,0,0,3,0.10582010582010581
0,0,0,0,21,1,0,1,0,1,0,1,0,0,65.35,1424.4,0,1,0,0,1,0,0,1,0,0,0,1,0.0458467798512698,2,1,0,4,2.9704545454545452,0,0,1,0,0,4,0.3165033911077619
1,0,1,1,65,1,1,0,0,0,0,0,0,1,25.3,1748.55,0,0,0,1,0,0,1,1,0,0,0,3,0.0144608613643508,0,0,0,2,0.38333333333333336,0,2,0,0,0,2,2.4714828897338403
1,1,1,0,6,1,1,0,0,0,0,0,1,1,84.35,474.9,1,1,0,0,0,1,0,0,0,1,0,0,0.1772431183021643,0,1,0,3,12.049999999999999,1,0,0,1,1,3,0.070298769771529
1,0,0,0,8,1,0,1,0,0,0,1,0,0,84.95,668.4,1,1,0,0,0,1,0,0,0,1,0,0,0.1269046907678518,1,1,0,3,9.43888888888889,1,0,1,1,0,3,0.09307737056428156
0,0,0,0,11,1,0,0,0,0,1,0,0,1,73.85,926.25,1,1,0,0,0,1,0,0,0,1,0,0,0.0796441089242383,1,0,0,2,6.154166666666666,1,0,1,1,1,2,0.1469605878423514
0,0,1,1,43,1,1,0,0,0,0,0,0,0,24.25,1077.95,0,0,0,1,0,0,1,0,0,0,1,2,0.0224755549376708,0,0,0,2,0.5511363636363636,0,2,0,0,0,2,1.702970297029703
0,0,1,1,49,0,0,0,1,0,0,1,1,1,51.8,2541.25,1,0,1,0,1,0,0,1,0,0,0,3,0.020375651489822,1,2,0,3,1.036,0,1,1,0,0,3,0.9280303030303031
1,1,1,0,1,1,0,0,0,0,0,0,0,0,46.0,46.0,1,1,0,0,1,0,0,0,0,1,0,0,0.9787234042553192,0,0,0,1,23.0,0,0,0,0,1,1,0.02127659574468085
0,1,0,0,15,1,0,0,0,0,0,0,1,1,79.4,1156.1,1,1,0,0,0,1,0,0,0,1,0,1,0.068619825425633,0,1,0,2,4.9625,0,0,0,1,1,2,0.18656716417910446
0,0,1,1,60,1,0,1,1,1,0,0,0,0,60.5,3694.45,0,0,0,1,1,0,0,1,0,0,0,3,0.0163714838517636,3,0,0,4,0.9918032786885246,0,2,1,0,0,4,0.975609756097561
0,0,0,0,17,0,0,0,0,0,0,0,0,0,25.1,382.8,0,1,0,0,1,0,0,0,1,0,0,1,0.0653986451276706,0,0,0,0,1.3944444444444446,0,0,0,0,0,0,0.6513409961685823
0,1,1,0,16,1,0,0,0,0,0,0,0,1,71.8,1167.8,1,1,0,0,0,1,0,1,0,0,0,1,0.0614305270362765,0,0,0,1,4.223529411764706,0,0,0,1,0,1,0.21978021978021978
0,0,1,1,35,1,0,0,0,0,0,0,0,0,20.05,746.75,0,0,1,0,0,0,1,1,0,0,0,2,0.0268137746573052,0,0,0,1,0.5569444444444445,0,1,0,0,0,1,1.66270783847981
0,1,1,0,44,1,1,0,1,0,0,0,1,0,88.4,3912.9,1,0,1,0,0,1,0,0,0,0,1,2,0.0225861672500574,1,1,0,4,1.9644444444444447,0,1,1,0,0,4,0.49217002237136465
1,0,1,1,12,0,0,0,0,0,1,0,0,0,30.25,368.85,0,0,1,0,1,0,0,0,1,0,0,0,0.0817899148303366,1,0,0,1,2.326923076923077,0,1,1,0,0,1,0.384
0,0,0,0,1,1,0,0,0,0,0,0,0,0,20.2,20.2,0,1,0,0,0,0,1,0,0,0,1,0,0.9528301886792452,0,0,0,1,10.1,0,0,0,0,0,1,0.04716981132075472
1,0,0,0,28,1,0,1,1,0,1,0,0,1,59.9,1654.7,0,0,1,0,1,0,0,0,0,1,0,2,0.0361780515793924,3,0,0,4,2.06551724137931,0,1,1,0,0,4,0.45977011494252873
0,0,1,0,70,1,1,0,0,0,0,0,0,0,25.15,1940.85,0,0,0,1,0,0,1,1,0,0,0,3,0.012951566804851,0,0,0,2,0.35422535211267603,0,2,0,0,0,2,2.676864244741874
1,0,0,1,5,1,0,0,0,0,0,0,0,0,46.0,221.7,1,1,0,0,1,0,0,0,0,0,1,0,0.2065559048046699,0,0,0,1,7.666666666666667,0,0,0,0,0,1,0.10638297872340426
0,0,0,0,18,1,0,0,1,1,0,1,1,0,101.3,1794.65,0,1,0,0,0,1,0,0,1,0,0,1,0.0564141118814913,2,2,1,5,5.3315789473684205,0,0,1,1,0,5,0.17595307917888564
0,0,1,0,70,1,1,1,0,0,1,1,1,1,76.95,5289.8,0,0,0,1,1,0,0,0,1,0,0,3,0.0145441143116352,2,2,0,6,1.0838028169014085,0,2,1,0,0,6,0.8980115458627325
1,0,1,1,9,1,1,0,1,0,0,0,0,1,55.3,501.2,0,1,0,0,1,0,0,0,0,0,1,0,0.1101154918359219,1,0,0,3,5.529999999999999,0,0,1,0,0,3,0.15985790408525755
1,1,0,0,67,1,0,1,1,0,1,1,0,1,92.45,6140.85,0,0,0,1,0,1,0,1,0,0,0,3,0.0150524679046215,3,1,1,5,1.3595588235294118,0,2,1,0,0,5,0.7169609416800428
1,0,0,0,1,1,0,1,0,0,0,0,0,1,48.45,48.45,0,1,0,0,1,0,0,1,0,0,0,0,0.9797775530839232,1,0,0,2,24.225,0,0,1,0,0,2,0.020222446916076844
1,0,1,1,18,1,0,0,0,0,0,0,0,0,19.35,309.25,0,0,0,1,0,0,1,0,0,0,1,1,0.0623690572119258,0,0,0,1,1.0184210526315791,0,2,0,0,0,1,0.8845208845208845
0,0,0,0,4,1,1,0,0,0,0,0,0,0,51.75,201.1,1,1,0,0,1,0,0,0,1,0,0,0,0.256061355764473,0,0,0,2,10.35,0,0,0,0,0,2,0.07582938388625593
0,1,1,1,71,1,0,1,1,1,0,0,0,1,86.7,6179.35,0,0,1,0,0,1,0,1,0,0,0,3,0.0140283317287855,3,0,0,4,1.2041666666666666,0,1,1,0,0,4,0.8095781071835804
0,0,1,1,30,1,1,1,1,0,0,1,0,1,94.4,2838.7,1,1,0,0,0,1,0,0,0,1,0,2,0.0332429481987534,2,1,1,5,3.045161290322581,0,0,1,1,0,5,0.31446540880503143
0,0,1,0,1,1,0,1,0,1,0,0,0,0,55.7,55.7,0,1,0,0,1,0,0,0,0,0,1,0,0.982363315696649,2,0,0,3,27.85,0,0,1,0,0,3,0.01763668430335097
1,0,0,0,55,1,1,1,0,1,0,0,0,1,84.25,4589.85,0,0,1,0,0,1,0,0,1,0,0,3,0.0183517213587897,2,0,0,4,1.5044642857142858,0,1,1,0,0,4,0.6451612903225806
0,0,0,0,59,1,0,0,0,1,1,1,0,1,64.65,3735.45,0,1,0,0,1,0,0,0,0,1,0,3,0.0173025197714408,2,1,0,4,1.0775000000000001,0,0,1,0,1,4,0.8987052551408986
1,0,0,0,1,1,0,0,0,0,0,0,0,1,70.15,70.15,1,1,0,0,0,1,0,0,0,0,1,0,0.9859451862262824,0,0,0,1,35.075,1,0,0,1,0,1,0.014054813773717497
1,0,1,0,7,1,0,0,0,0,0,0,0,1,69.2,477.55,0,1,0,0,0,1,0,1,0,0,0,0,0.1446034897084944,0,0,0,1,8.65,0,0,0,1,0,1,0.09971509971509972
0,0,1,1,45,1,0,1,0,0,1,0,0,0,54.65,2553.7,0,0,0,1,1,0,0,1,0,0,0,2,0.0213919442595999,2,0,0,3,1.1880434782608695,0,2,1,0,0,3,0.8086253369272237
1,0,1,1,54,1,1,0,0,0,0,0,0,1,24.75,1342.15,0,0,1,0,0,0,1,1,0,0,0,3,0.0184268324461154,0,0,0,2,0.45,0,1,0,0,0,2,2.0970873786407767
0,0,1,1,51,1,1,0,0,0,0,0,0,1,23.95,1216.35,0,0,1,0,0,0,1,0,0,0,1,3,0.0196738817924179,0,0,0,2,0.46057692307692305,0,1,0,0,0,2,2.0440881763527057
1,1,1,0,72,1,1,0,1,1,0,1,1,0,105.0,7578.05,0,0,1,0,0,1,0,0,1,0,0,3,0.0138539790607002,2,2,1,6,1.4383561643835616,0,1,1,0,0,6,0.6792452830188679
0,0,1,0,44,1,0,1,1,0,1,0,0,1,59.85,2603.95,0,0,1,0,1,0,0,1,0,0,0,2,0.0229754889729169,3,0,0,4,1.33,0,1,1,0,0,4,0.7230895645028759
0,0,0,0,2,1,0,0,0,0,0,0,0,0,20.05,42.7,0,1,0,0,0,0,1,0,0,0,1,0,0.4588100686498855,0,0,0,1,6.683333333333334,0,0,0,0,0,1,0.09501187648456057
1,0,0,0,66,1,1,0,0,1,0,1,0,1,92.15,6056.9,0,0,1,0,0,1,0,1,0,0,0,3,0.0152115419534822,1,1,1,4,1.3753731343283584,0,1,1,0,0,4,0.7085346215780998
0,0,1,1,68,0,0,1,1,0,0,1,0,0,44.8,2983.65,0,0,1,0,1,0,0,0,0,0,1,3,0.015010135191731,2,1,0,3,0.6492753623188405,0,1,1,0,0,3,1.4847161572052403
1,0,0,0,31,1,0,0,0,0,0,0,0,0,20.9,689.35,0,0,0,1,0,0,1,0,1,0,0,2,0.0302744984428188,0,0,0,1,0.653125,0,2,0,0,0,1,1.4155251141552512
1,1,0,0,21,1,1,0,0,0,0,1,1,1,95.4,2025.1,0,1,0,0,0,1,0,1,0,0,0,1,0.0470855337841172,0,2,1,4,4.336363636363637,0,0,0,1,0,4,0.21784232365145226
0,0,0,1,21,1,1,1,0,0,0,0,0,0,80.35,1747.2,0,1,0,0,0,1,0,0,0,1,0,1,0.0459615604621896,1,0,0,3,3.652272727272727,0,0,1,1,0,3,0.2581438229870928
1,0,1,1,55,1,1,1,0,1,1,1,1,1,85.1,4657.95,0,0,0,1,1,0,0,1,0,0,0,3,0.0182659182863091,3,2,0,7,1.519642857142857,0,2,1,0,0,7,0.6387921022067364
0,0,0,0,9,0,0,0,0,0,0,1,0,1,34.7,296.1,1,1,0,0,1,0,0,0,1,0,0,0,0.1167956916863009,0,1,0,1,3.47,0,0,0,0,0,1,0.25210084033613445
0,1,1,0,71,1,1,1,1,1,1,1,1,1,115.05,8016.6,0,0,0,1,0,1,0,1,0,0,0,3,0.0143496807024545,4,2,1,8,1.5979166666666667,0,2,1,0,0,8,0.6118052563550194
1,0,0,0,1,1,0,0,0,0,0,0,1,1,81.1,81.1,1,1,0,0,0,1,0,0,0,1,0,0,0.9878197320341048,0,1,0,2,40.55,1,0,0,1,1,2,0.01218026796589525
0,0,1,1,22,1,0,0,0,0,0,0,0,0,19.95,433.5,0,0,1,0,0,0,1,0,0,0,1,1,0.0459148446490218,0,0,0,1,0.8673913043478261,0,1,0,0,0,1,1.0501193317422435
1,0,1,1,1,1,0,0,0,0,0,0,0,0,20.55,20.55,1,1,0,0,0,0,1,0,0,0,1,0,0.9535962877030162,0,0,0,1,10.275,0,0,0,0,0,1,0.04640371229698376
1,0,0,0,61,1,1,0,0,1,1,1,1,1,106.6,6428.4,1,0,0,1,0,1,0,0,0,1,0,3,0.0165800852334588,2,2,1,6,1.7193548387096773,0,2,1,0,1,6,0.5669144981412639
1,0,1,0,67,1,1,0,1,1,1,1,1,0,86.15,5883.85,0,0,0,1,1,0,0,1,0,0,0,3,0.0146392856232529,3,2,0,7,1.2669117647058825,0,2,1,0,0,7,0.7687894434882386
1,1,0,0,14,1,0,1,1,0,0,0,0,0,78.85,1043.8,0,1,0,0,0,1,0,0,0,1,0,1,0.075468989280245,2,0,0,3,5.256666666666666,0,0,1,1,0,3,0.17532874139010646
0,0,1,0,59,1,1,1,1,1,1,1,0,1,106.75,6252.9,1,1,0,0,0,1,0,0,0,1,0,3,0.0170693487263947,4,1,1,7,1.7791666666666666,0,0,1,1,0,7,0.5475638051044084
0,1,1,0,21,1,0,0,0,1,0,1,0,0,86.55,1857.25,0,1,0,0,0,1,0,1,0,0,0,1,0.0465760796448271,1,1,0,3,3.934090909090909,0,0,1,1,0,3,0.23986293546544832
0,0,0,0,4,0,0,1,1,0,1,0,0,0,42.4,146.4,0,1,0,0,1,0,0,0,0,0,1,0,0.287652645861601,3,0,0,3,8.48,0,0,1,0,0,3,0.09216589861751152
1,0,0,0,3,1,0,0,0,0,0,1,1,1,89.45,240.45,1,1,0,0,0,1,0,0,0,1,0,0,0.3704700766204183,0,2,0,3,22.3625,1,0,0,1,1,3,0.03316749585406302
0,0,1,0,70,1,1,0,0,0,0,0,0,0,24.25,1724.15,0,0,0,1,0,0,1,1,0,0,0,3,0.0140567486885198,0,0,0,2,0.3415492957746479,0,2,0,0,0,2,2.772277227722772
1,0,0,0,3,1,0,0,1,0,1,1,1,1,97.9,315.3,1,1,0,0,0,1,0,0,0,1,0,0,0.3095162820107493,2,2,1,5,24.475,1,0,1,1,1,5,0.030333670374115267
0,1,0,0,21,1,0,0,0,0,0,0,0,0,20.5,429.55,0,0,1,0,0,0,1,1,0,0,0,1,0.0476135175937754,0,0,0,1,0.9318181818181818,0,1,0,0,0,1,0.9767441860465116
0,0,0,0,20,1,0,0,0,0,0,0,0,1,19.6,356.15,0,1,0,0,0,0,1,0,1,0,0,1,0.0548789024219515,0,0,0,1,0.9333333333333333,0,0,0,0,0,1,0.9708737864077669
0,0,1,1,22,1,0,0,0,0,0,0,0,0,20.25,488.25,0,0,1,0,0,0,1,1,0,0,0,1,0.0413898824731732,0,0,0,1,0.8804347826086957,0,1,0,0,0,1,1.035294117647059
0,0,0,0,1,1,0,0,0,0,0,0,1,1,55.7,55.7,1,1,0,0,1,0,0,0,0,0,1,0,0.982363315696649,0,1,0,2,27.85,0,0,0,0,0,2,0.01763668430335097
1,0,0,0,63,1,0,0,0,0,0,0,0,1,20.6,1298.7,0,0,0,1,0,0,1,0,0,0,1,3,0.0158498114949603,0,0,0,1,0.321875,0,2,0,0,0,1,2.9166666666666665
1,0,1,1,70,1,0,0,0,0,0,0,0,0,19.8,1378.75,0,0,0,1,0,0,1,1,0,0,0,3,0.0143504258017756,0,0,0,1,0.27887323943661974,0,2,0,0,0,1,3.3653846153846154
0,0,0,0,13,1,0,0,1,1,0,0,0,1,79.8,973.45,1,1,0,0,0,1,0,0,0,1,0,1,0.0818923495305043,2,0,0,3,5.7,0,0,1,1,1,3,0.1608910891089109
1,0,0,0,5,1,0,0,0,0,0,1,0,0,80.2,384.25,0,1,0,0,0,1,0,0,0,1,0,0,0.2081765087605451,0,1,0,2,13.366666666666667,1,0,0,1,1,2,0.06157635467980296
1,0,1,1,72,1,1,1,1,1,1,1,1,1,116.4,8543.25,0,0,0,1,0,1,0,0,1,0,0,3,0.0136231968867952,4,2,1,8,1.5945205479452056,0,2,1,0,0,8,0.6132879045996592
1,0,0,0,13,0,0,0,1,0,0,0,0,1,31.65,389.95,0,1,0,0,1,0,0,0,0,1,0,1,0.0809566440721319,1,0,0,1,2.2607142857142857,0,0,1,0,1,1,0.3981623277182236
0,0,1,0,61,1,0,0,1,1,1,0,1,0,94.15,5731.85,0,1,0,0,0,1,0,0,1,0,0,3,0.0164228961162423,3,1,1,5,1.5185483870967742,0,0,1,1,0,5,0.6410930110352075
0,0,0,0,1,1,0,0,0,0,0,0,0,0,20.65,20.65,0,1,0,0,0,0,1,0,0,1,0,0,0.953810623556582,0,0,0,1,10.325,0,0,0,0,1,1,0.046189376443418015
1,1,1,0,56,1,1,0,0,0,1,0,0,1,76.85,4275.75,0,1,0,0,0,1,0,1,0,0,0,3,0.017969252352838,1,0,0,3,1.3482456140350876,0,0,1,1,0,3,0.7193320488118177
1,0,0,0,4,1,0,0,0,0,0,0,0,0,20.15,84.5,0,1,0,0,0,0,1,0,0,0,1,0,0.235672514619883,0,0,0,1,4.029999999999999,0,0,0,0,0,1,0.18912529550827425
0,0,0,0,35,1,1,1,0,0,0,0,0,0,55.25,1924.1,0,0,0,1,1,0,0,0,0,0,1,2,0.028699807802192,1,0,0,3,1.5347222222222223,0,2,1,0,0,3,0.6222222222222222
1,0,1,0,18,0,0,0,0,1,0,1,0,1,39.05,669.85,1,1,0,0,1,0,0,0,0,1,0,1,0.0582097339196541,1,1,0,2,2.055263157894737,0,0,1,0,1,2,0.44943820224719105
0,0,1,0,72,1,1,0,1,1,0,1,1,0,82.15,5784.3,0,0,0,1,1,0,0,1,0,0,0,3,0.0141997822066271,2,2,0,6,1.1253424657534248,0,2,1,0,0,6,0.8659049909801563
1,1,0,0,49,1,1,1,1,1,1,0,1,0,103.0,5166.2,0,0,1,0,0,1,0,1,0,0,0,3,0.0199334262269701,4,1,1,7,2.06,0,1,1,0,0,7,0.47115384615384615
1,0,1,0,44,1,1,1,1,1,1,0,0,1,95.1,4060.55,0,1,0,0,0,1,0,0,1,0,0,2,0.0234147062082209,4,0,1,6,2.1133333333333333,0,0,1,1,0,6,0.45785639958376695
1,1,1,0,3,1,0,0,0,0,1,1,0,1,83.9,267.4,1,1,0,0,0,1,0,0,0,0,1,0,0.3125931445603577,1,1,0,3,20.975,1,0,1,1,0,3,0.03533568904593639
1,0,1,1,37,1,1,0,1,1,0,0,1,1,95.15,3532.85,0,1,0,0,0,1,0,0,0,1,0,2,0.0269253080917413,2,1,1,5,2.503947368421053,0,0,1,1,1,5,0.38481539261570463
0,0,1,0,61,1,1,0,1,1,0,1,1,1,79.8,4914.8,0,0,1,0,1,0,0,0,0,1,0,3,0.0162333699499572,2,2,0,6,1.2870967741935484,0,1,1,0,1,6,0.754950495049505
0,0,1,0,70,1,1,1,0,1,1,0,1,1,74.8,5315.8,0,0,0,1,1,0,0,0,1,0,0,3,0.014068612699368,3,1,0,6,1.0535211267605633,0,2,1,0,0,6,0.9234828496042217
1,1,0,0,1,1,0,0,0,0,0,0,0,1,69.85,69.85,1,1,0,0,0,1,0,0,0,1,0,0,0.9858856739590685,0,0,0,1,34.925,0,0,0,1,1,1,0.014114326040931546
1,0,0,0,41,1,0,0,0,0,0,0,0,0,20.45,775.6,0,1,0,0,0,0,1,0,0,1,0,2,0.0263327324233839,0,0,0,1,0.4869047619047619,0,0,0,0,1,1,1.9114219114219115
0,0,1,1,70,1,1,1,1,1,1,0,1,0,78.35,5445.95,0,0,1,0,1,0,0,1,0,0,0,3,0.0143841966605164,4,1,0,7,1.1035211267605634,0,1,1,0,0,7,0.8821676118462508
1,0,0,0,1,1,0,0,0,0,0,1,0,1,53.55,53.55,1,1,0,0,1,0,0,0,0,0,1,0,0.9816681943171404,0,1,0,2,26.775,0,0,0,0,0,2,0.01833180568285976
0,0,0,0,51,1,0,0,0,0,0,0,0,0,19.1,1007.8,0,0,1,0,0,0,1,0,0,1,0,3,0.0189333862014274,0,0,0,1,0.36730769230769234,0,1,0,0,1,1,2.5373134328358207
1,0,1,1,42,1,0,0,0,0,0,0,0,0,20.0,833.55,0,0,0,1,0,0,1,0,0,0,1,2,0.0239650110838176,0,0,0,1,0.46511627906976744,0,2,0,0,0,1,2.0
1,0,1,1,70,1,1,1,1,1,1,0,0,0,93.9,6579.05,1,0,0,1,0,1,0,1,0,0,0,3,0.0142704082795723,4,0,1,6,1.3225352112676056,0,2,1,0,0,6,0.7376185458377239
0,0,0,0,48,1,0,0,0,0,0,0,0,0,19.95,1004.5,0,0,1,0,0,0,1,1,0,0,0,2,0.0198408751864743,0,0,0,1,0.40714285714285714,0,1,0,0,0,1,2.2911694510739857
0,0,1,1,68,1,1,1,1,1,1,1,1,1,113.15,7856.0,1,0,0,1,0,1,0,0,0,1,0,3,0.0144011709303805,4,2,1,8,1.6398550724637682,0,2,1,0,0,8,0.5957074025405168
1,0,0,0,48,1,1,0,0,0,0,0,0,0,24.0,1183.05,0,0,0,1,0,0,1,0,1,0,0,2,0.0202694142983826,0,0,0,2,0.4897959183673469,0,2,0,0,0,2,1.92
1,1,1,0,26,1,0,0,1,0,0,0,1,0,84.95,2169.75,1,1,0,0,0,1,0,0,0,1,0,2,0.039133939882529,1,1,0,3,3.1462962962962964,0,0,1,1,1,3,0.30250145433391507
0,0,1,0,11,1,1,0,1,0,0,0,0,1,80.5,896.9,1,1,0,0,0,1,0,1,0,0,0,0,0.08965363626239,1,0,0,3,6.708333333333333,1,0,1,1,0,3,0.13496932515337423
0,0,0,0,1,1,0,0,0,0,0,0,0,1,19.3,19.3,1,1,0,0,0,0,1,0,0,0,1,0,0.9507389162561576,0,0,0,1,9.65,0,0,0,0,0,1,0.04926108374384236
1,0,0,0,27,1,0,0,0,0,0,0,0,0,19.15,501.35,0,0,1,0,0,0,1,0,0,0,1,2,0.0381208320891808,0,0,0,1,0.6839285714285713,0,1,0,0,0,1,1.3399503722084367
1,1,0,0,46,1,0,0,1,1,0,1,0,1,91.3,4126.35,0,0,1,0,0,1,0,1,0,0,0,2,0.0221207312197899,2,1,1,4,1.9425531914893617,0,1,1,0,0,4,0.49837486457204766
0,0,0,0,1,1,0,0,0,1,0,0,0,1,49.65,49.65,1,1,0,0,1,0,0,0,0,0,1,0,0.9802566633761106,1,0,0,2,24.825,0,0,1,0,0,2,0.019743336623889437
1,0,0,0,46,1,0,0,0,1,1,0,0,0,54.35,2460.15,1,0,0,1,1,0,0,0,1,0,0,2,0.0220831725006602,2,0,0,3,1.1563829787234043,0,2,1,0,0,3,0.8310749774164408
0,0,1,1,25,1,0,0,0,0,0,0,0,1,19.15,477.6,0,1,0,0,0,0,1,0,0,0,1,2,0.0400125365649811,0,0,0,1,0.7365384615384615,0,0,0,0,0,1,1.240694789081886
0,0,0,0,4,1,0,0,0,0,0,1,1,1,88.45,370.65,1,1,0,0,0,1,0,0,0,1,0,0,0.2379927351002287,0,2,0,3,17.69,1,0,0,1,1,3,0.044717719396310786
0,0,0,0,13,1,0,0,0,0,0,0,0,0,19.75,265.75,0,0,0,1,0,0,1,0,0,0,1,1,0.0740393626991565,0,0,0,1,1.4107142857142858,0,2,0,0,0,1,0.6265060240963856
0,0,1,0,31,1,0,1,1,1,1,0,1,1,75.5,2424.45,0,0,1,0,1,0,0,0,1,0,0,2,0.0311282442433362,4,1,0,6,2.359375,0,1,1,0,0,6,0.40522875816993464
1,0,1,1,23,1,1,0,0,0,0,1,0,1,83.75,1849.95,0,1,0,0,0,1,0,0,0,1,0,1,0.0452470353061941,0,1,0,3,3.4895833333333335,0,0,0,1,1,3,0.2713864306784661
1,0,0,0,2,1,0,0,0,0,0,0,0,0,19.4,61.05,0,1,0,0,0,0,1,0,0,0,1,0,0.3126510878323932,0,0,0,1,6.466666666666666,0,0,0,0,0,1,0.09803921568627452
1,0,0,0,65,1,1,0,0,0,0,0,0,0,26.5,1698.55,0,0,0,1,0,0,1,1,0,0,0,3,0.0155923626842399,0,0,0,2,0.4015151515151515,0,2,0,0,0,2,2.3636363636363638
0,1,0,0,22,1,1,0,0,0,1,1,0,1,90.5,1910.6,1,1,0,0,0,1,0,1,0,0,0,1,0.0473425402803933,1,1,1,4,3.9347826086956523,0,0,1,1,0,4,0.24043715846994534
1,0,1,1,55,1,0,0,0,0,0,0,0,0,19.15,998.1,0,0,1,0,0,0,1,0,1,0,0,3,0.0191672505254729,0,0,0,1,0.34196428571428567,0,1,0,0,0,1,2.729528535980149
0,0,1,0,9,1,0,0,1,1,1,1,0,1,94.85,890.6,1,1,0,0,0,1,0,0,0,0,1,0,0.1063817855540601,3,1,1,5,9.485,1,0,1,1,0,5,0.09389671361502348
0,0,1,1,7,1,0,0,0,0,0,0,0,1,69.95,529.5,1,1,0,0,0,1,0,1,0,0,0,0,0.1318567389255419,0,0,0,1,8.74375,0,0,0,1,0,1,0.09866102889358704
1,0,1,1,35,0,0,0,0,0,1,1,0,0,40.9,1383.6,0,0,1,0,1,0,0,0,0,0,1,2,0.0295392171024122,1,1,0,2,1.136111111111111,0,1,1,0,0,2,0.8353221957040573
0,0,0,0,6,1,0,1,0,1,1,1,1,1,80.25,493.4,0,0,0,1,1,0,0,0,0,0,1,0,0.1623179611650485,3,2,0,6,11.464285714285714,1,2,1,0,0,6,0.07384615384615385
1,0,0,0,1,1,0,1,0,0,0,0,0,1,48.6,48.6,1,1,0,0,1,0,0,0,1,0,0,0,0.9798387096774194,1,0,0,2,24.3,0,0,1,0,0,2,0.020161290322580645
0,0,0,0,17,1,0,0,0,0,0,0,0,1,70.8,1207.0,0,1,0,0,0,1,0,0,0,1,0,1,0.0586092715231788,0,0,0,1,3.933333333333333,0,0,0,1,1,1,0.23676880222841226
0,0,1,1,10,1,0,0,0,1,0,1,0,0,60.2,563.5,0,1,0,0,1,0,0,0,0,0,1,0,0.1066430469441984,1,1,0,3,5.472727272727273,0,0,1,0,0,3,0.16339869281045752
0,0,0,1,15,1,0,0,0,1,1,0,0,0,55.2,864.55,0,0,1,0,1,0,0,0,1,0,0,1,0.0637744786551903,2,0,0,3,3.45,0,1,1,0,0,3,0.2669039145907473
1,1,0,0,40,0,0,1,1,0,0,1,1,1,55.8,2109.35,1,1,0,0,1,0,0,0,0,1,0,2,0.026441111663942,2,2,0,4,1.3609756097560974,0,0,1,0,0,4,0.7042253521126761
1,0,1,1,13,1,0,1,0,0,1,0,0,0,54.15,701.05,0,0,1,0,1,0,0,1,0,0,0,1,0.0771312584573748,2,0,0,3,3.867857142857143,0,1,1,0,0,3,0.2357207615593835
0,0,1,0,29,1,1,0,1,0,0,0,0,1,80.15,2265.25,1,1,0,0,0,1,0,1,0,0,0,2,0.0353667953667953,1,0,0,3,2.671666666666667,0,0,1,1,0,3,0.3573629081947011
1,0,0,0,3,1,1,0,0,0,0,0,0,1,75.5,220.6,1,1,0,0,0,1,0,0,0,1,0,0,0.3407039711191336,0,0,0,2,18.875,1,0,0,1,1,2,0.0392156862745098
1,1,1,0,58,1,1,0,0,0,1,1,1,1,100.4,5749.8,0,1,0,0,0,1,0,1,0,0,0,3,0.0174584405647909,1,2,1,5,1.7016949152542373,0,0,1,1,0,5,0.5719921104536488
1,0,0,0,45,1,0,1,1,0,1,0,0,1,62.55,2796.45,0,0,1,0,1,0,0,0,1,0,0,2,0.0223596489660226,3,0,0,4,1.3597826086956522,0,1,1,0,0,4,0.7081038552321007
1,0,1,1,72,1,1,1,1,1,1,0,0,1,70.45,5165.7,0,0,0,1,1,0,0,1,0,0,0,3,0.0136353959006716,4,0,0,6,0.965068493150685,0,2,1,0,0,6,1.0076976906927921
0,0,1,1,68,1,1,1,1,0,0,0,0,1,85.5,5696.6,0,0,1,0,0,1,0,1,0,0,0,3,0.0150063184498736,2,0,0,4,1.2391304347826086,0,1,1,0,0,4,0.7861271676300579
0,0,0,0,1,1,0,0,0,0,0,0,0,1,20.2,20.2,1,1,0,0,0,0,1,1,0,0,0,0,0.9528301886792452,0,0,0,1,10.1,0,0,0,0,0,1,0.04716981132075472
1,0,1,1,38,1,0,1,1,0,0,0,0,0,54.5,2076.05,0,1,0,0,1,0,0,0,0,1,0,2,0.0262391372379095,2,0,0,3,1.3974358974358974,0,0,1,0,0,3,0.6846846846846847
0,0,0,0,2,1,0,0,0,0,0,0,0,0,20.75,44.2,0,1,0,0,0,0,1,0,0,0,1,0,0.4590707964601769,0,0,0,1,6.916666666666667,0,0,0,0,0,1,0.09195402298850575
0,0,0,0,11,1,0,0,0,0,0,0,0,0,20.35,215.25,0,1,0,0,0,0,1,0,0,0,1,0,0.0941040462427745,0,0,0,1,1.6958333333333335,0,0,0,0,0,1,0.5152224824355972
1,1,1,0,20,1,0,0,0,0,0,1,1,1,91.0,1859.5,0,0,1,0,0,1,0,1,0,0,0,1,0.0489115829078204,0,2,1,3,4.333333333333333,0,1,0,0,0,3,0.21739130434782608
0,0,1,0,72,1,1,0,1,1,0,1,1,1,104.8,7470.1,0,0,0,1,0,1,0,1,0,0,0,3,0.0140273855255584,2,2,1,6,1.4356164383561643,0,2,1,0,0,6,0.6805293005671078
1,0,1,0,3,1,1,0,0,0,0,0,0,1,74.75,229.5,1,1,0,0,0,1,0,0,1,0,0,0,0.324295010845987,0,0,0,2,18.6875,1,0,0,1,0,2,0.039603960396039604
0,0,0,0,23,1,1,0,0,1,1,1,1,1,104.05,2470.1,1,1,0,0,0,1,0,0,0,0,1,1,0.0421067540771316,2,2,1,6,4.335416666666666,0,0,1,1,0,6,0.21894336030461686
0,0,0,0,40,1,0,0,0,0,1,0,0,1,51.1,2092.9,0,1,0,0,1,0,0,0,0,1,0,2,0.0244042217870958,1,0,0,2,1.2463414634146341,0,0,1,0,1,2,0.7677543186180422
0,1,1,0,62,1,1,0,1,0,0,0,1,1,89.8,5629.55,0,1,0,0,0,1,0,1,0,0,0,3,0.015948708385504,1,1,0,4,1.4253968253968254,0,0,1,1,0,4,0.6828193832599119
1,0,0,1,22,1,0,0,0,0,0,0,0,1,20.55,469.85,0,1,0,0,0,0,1,0,0,1,0,1,0.0436444727620261,0,0,0,1,0.8934782608695653,0,0,0,0,1,1,1.0208816705336428
1,0,0,0,11,1,0,1,0,1,0,0,1,0,64.05,733.95,0,1,0,0,1,0,0,1,0,0,0,0,0.0871487856316756,2,1,0,4,5.3374999999999995,0,0,1,0,0,4,0.16910069177555728
0,1,1,0,7,1,1,0,0,0,0,0,0,1,74.85,485.25,0,1,0,0,0,1,0,0,0,1,0,0,0.1539331619537275,0,0,0,2,9.35625,1,0,0,1,1,2,0.0922874093605801
1,0,0,0,13,1,1,1,1,0,0,1,0,1,96.65,1244.5,1,1,0,0,0,1,0,0,0,1,0,1,0.0775993576876756,2,1,1,5,6.903571428571429,0,0,1,1,0,5,0.13312852022529442
0,1,0,0,1,1,0,0,0,0,0,0,0,0,20.05,20.05,1,1,0,0,0,0,1,0,0,0,1,0,0.9524940617577196,0,0,0,1,10.025,0,0,0,0,0,1,0.047505938242280284
1,0,0,0,39,1,1,0,1,1,0,1,1,1,103.45,3994.45,1,1,0,0,0,1,0,0,0,1,0,2,0.0258919520955086,2,2,1,6,2.58625,0,0,1,1,1,6,0.37338439444710386
0,0,1,0,3,0,0,0,0,0,0,0,0,0,25.0,78.25,0,1,0,0,1,0,0,0,0,0,1,0,0.3154574132492113,0,0,0,0,6.25,0,0,0,0,0,0,0.11538461538461539
0,0,0,0,58,1,0,0,0,0,0,0,0,0,20.3,1131.5,0,0,0,1,0,0,1,0,1,0,0,3,0.017924944812362,0,0,0,1,0.3440677966101695,0,2,0,0,0,1,2.7230046948356805
0,0,0,1,6,1,1,0,0,0,0,0,0,0,26.35,184.05,0,1,0,0,0,0,1,0,0,0,1,0,0.1423939475817346,0,0,0,2,3.7642857142857147,0,0,0,0,0,2,0.21937842778793418
1,0,1,1,1,1,0,0,0,0,0,0,0,1,19.9,19.9,1,1,0,0,0,0,1,0,0,1,0,0,0.9521531100478468,0,0,0,1,9.95,0,0,0,0,1,1,0.04784688995215311
1,0,1,0,22,1,0,0,1,1,0,0,0,1,54.7,1178.75,0,1,0,0,1,0,0,0,0,0,1,1,0.0463657554566645,2,0,0,3,2.3782608695652177,0,0,1,0,0,3,0.3949730700179533
0,0,1,0,14,0,0,0,0,0,0,1,1,0,46.35,667.7,1,1,0,0,1,0,0,0,0,1,0,1,0.0693135935397039,0,2,0,2,3.0900000000000003,0,0,0,0,1,2,0.29567053854276665
0,0,1,1,64,1,1,0,0,1,0,0,1,0,90.25,5629.15,0,0,1,0,0,1,0,0,1,0,0,3,0.0160297683010221,1,1,1,4,1.3884615384615384,0,1,1,0,0,4,0.7013698630136986
0,0,0,0,1,1,0,0,0,0,0,0,0,0,19.95,19.95,1,1,0,0,0,0,1,0,0,1,0,0,0.9522673031026252,0,0,0,1,9.975,0,0,0,0,1,1,0.0477326968973747
0,0,0,0,6,1,0,0,0,0,0,0,0,0,20.65,109.3,0,1,0,0,0,0,1,0,0,0,1,0,0.1872166817769719,0,0,0,1,2.9499999999999997,0,0,0,0,0,1,0.2771362586605081
0,0,0,0,1,1,0,0,0,0,0,0,1,0,79.6,79.6,1,1,0,0,0,1,0,0,0,1,0,0,0.9875930521091812,0,1,0,2,39.8,1,0,0,1,1,2,0.01240694789081886
0,0,0,1,39,1,1,0,0,0,0,0,0,0,25.45,958.45,0,0,1,0,0,0,1,1,0,0,0,2,0.0265256136328104,0,0,0,2,0.63625,0,1,0,0,0,2,1.4744801512287335
1,0,0,0,20,1,0,0,0,0,0,0,0,0,19.5,403.15,0,0,1,0,0,0,1,0,0,0,1,1,0.0482494123469009,0,0,0,1,0.9285714285714286,0,1,0,0,0,1,0.975609756097561
0,0,0,0,1,1,0,0,0,0,1,0,0,1,75.9,75.9,1,1,0,0,0,1,0,0,0,1,0,0,0.9869960988296488,1,0,0,2,37.95,1,0,1,1,1,2,0.013003901170351105
0,0,1,0,1,1,0,0,0,1,0,0,0,0,76.2,76.2,1,1,0,0,0,1,0,0,0,1,0,0,0.9870466321243524,1,0,0,2,38.1,1,0,1,1,1,2,0.012953367875647668
0,0,1,0,64,1,1,1,0,0,0,1,0,1,66.15,4392.5,0,0,1,0,1,0,0,0,1,0,0,3,0.0150563332195288,1,1,0,4,1.0176923076923077,0,1,1,0,0,4,0.9530900967982129
0,0,0,1,1,1,0,0,0,0,0,0,0,0,19.25,19.25,1,1,0,0,0,0,1,0,0,0,1,0,0.9506172839506172,0,0,0,1,9.625,0,0,0,0,0,1,0.04938271604938271
1,0,1,0,46,1,0,0,1,0,0,1,1,1,69.1,3168.0,0,1,0,0,1,0,0,0,1,0,0,2,0.0218049857999368,1,2,0,4,1.4702127659574467,0,0,1,0,0,4,0.6562054208273895
1,1,1,1,28,0,0,0,1,0,0,0,1,1,39.1,1096.6,0,0,1,0,1,0,0,0,0,1,0,2,0.0356231778425656,1,1,0,2,1.3482758620689657,0,1,1,0,1,2,0.6982543640897755
1,0,1,0,33,1,0,0,0,0,0,0,0,0,20.05,669.45,0,1,0,0,0,0,1,0,0,0,1,2,0.0299052874934745,0,0,0,1,0.5897058823529412,0,0,0,0,0,1,1.5676959619952493
0,0,1,1,39,1,0,1,1,1,0,0,0,0,59.8,2343.85,0,0,1,0,1,0,0,0,0,1,0,2,0.0255026974006866,3,0,0,4,1.4949999999999999,0,1,1,0,0,4,0.6414473684210527
1,0,1,0,42,1,1,0,0,1,1,0,0,1,84.3,3588.4,1,1,0,0,0,1,0,0,0,1,0,2,0.0234858193569955,2,0,0,4,1.9604651162790696,0,0,1,1,1,4,0.49237983587338807
1,0,0,0,1,1,0,0,1,0,0,0,0,1,48.6,48.6,0,1,0,0,1,0,0,0,0,1,0,0,0.9798387096774194,1,0,0,2,24.3,0,0,1,0,1,2,0.020161290322580645
1,0,0,0,7,1,0,0,0,0,0,1,0,1,79.0,522.95,1,1,0,0,0,1,0,0,0,1,0,0,0.1507777459681267,0,1,0,2,9.875,1,0,0,1,1,2,0.0875
0,1,1,0,70,1,0,1,1,1,0,1,1,0,105.35,7511.9,0,0,0,1,0,1,0,0,1,0,0,3,0.0140225478843056,3,2,1,6,1.4838028169014084,0,2,1,0,0,6,0.6582040432534086
0,0,0,0,65,1,1,0,0,0,0,0,0,1,25.1,1725.0,0,0,0,1,0,0,1,1,0,0,0,3,0.014542294322132,0,0,0,2,0.3803030303030303,0,2,0,0,0,2,2.490421455938697
0,0,0,0,1,1,0,1,0,0,0,0,0,0,49.75,49.75,0,1,0,0,1,0,0,0,0,1,0,0,0.9802955665024632,1,0,0,2,24.875,0,0,1,0,0,2,0.019704433497536946
0,0,1,0,18,1,1,0,0,0,0,1,1,1,94.75,1691.9,0,1,0,0,0,1,0,0,0,1,0,1,0.0559690471971173,0,2,1,4,4.9868421052631575,0,0,0,1,1,4,0.18798955613577023
0,0,1,0,24,1,1,0,0,0,0,1,1,1,93.0,2248.05,0,1,0,0,0,1,0,0,0,1,0,1,0.0413507925568573,0,2,1,4,3.72,0,0,0,1,1,4,0.2553191489361702
0,0,0,0,63,1,1,1,0,1,1,0,1,1,71.9,4479.2,0,0,0,1,1,0,0,1,0,0,0,3,0.0160483906968438,3,1,0,6,1.1234375,0,2,1,0,0,6,0.8641975308641975
1,0,0,1,44,1,1,0,1,0,0,1,1,1,77.55,3471.1,0,0,1,0,1,0,0,0,0,0,1,2,0.0223351861985541,1,2,0,5,1.7233333333333332,0,1,1,0,0,5,0.5601527689369828
0,0,0,0,4,1,0,0,0,0,0,0,0,1,19.85,63.0,0,1,0,0,0,0,1,0,0,1,0,0,0.31015625,0,0,0,1,3.97,0,0,0,0,1,1,0.19184652278177458
1,0,0,0,1,1,0,0,0,0,0,0,0,1,70.25,70.25,1,1,0,0,0,1,0,0,0,1,0,0,0.9859649122807016,0,0,0,1,35.125,1,0,0,1,1,1,0.014035087719298246
1,0,1,1,37,1,1,0,0,0,0,1,1,1,95.25,3314.15,0,1,0,0,0,1,0,0,0,1,0,2,0.0287317315958553,0,2,1,4,2.5065789473684212,0,0,0,1,1,4,0.38441558441558443
1,1,0,0,10,1,0,0,0,1,0,0,1,1,84.6,865.55,1,1,0,0,0,1,0,0,1,0,0,0,0.0976285269170849,1,1,0,3,7.6909090909090905,1,0,1,1,0,3,0.11682242990654207
0,0,0,0,34,0,0,0,0,0,0,0,0,1,25.05,852.7,0,1,0,0,1,0,0,1,0,0,0,2,0.0293428604896333,0,0,0,0,0.7157142857142857,0,0,0,0,0,0,1.3051823416506718
0,0,1,0,35,0,0,1,0,1,0,1,1,0,53.15,1930.9,0,0,1,0,1,0,0,0,1,0,0,2,0.0275117759718411,2,2,0,4,1.4763888888888888,0,1,1,0,0,4,0.6463527239150508
1,0,1,0,4,1,0,0,0,0,0,0,0,0,20.15,91.4,0,1,0,0,0,0,1,0,0,1,0,0,0.218073593073593,0,0,0,1,4.029999999999999,0,0,0,0,1,1,0.18912529550827425
1,1,1,0,39,1,1,0,0,0,1,1,1,1,101.25,3949.15,0,1,0,0,0,1,0,0,0,1,0,2,0.0256319380276698,1,2,1,5,2.53125,0,0,1,1,1,5,0.38141809290953543
0,1,1,0,43,1,0,0,1,1,0,1,1,1,100.55,4304.0,0,0,1,0,0,1,0,1,0,0,0,2,0.0233565621370499,2,2,1,5,2.2852272727272727,0,1,1,0,0,5,0.42343673067454457
1,0,1,1,17,1,1,0,0,0,0,0,0,0,24.1,409.9,1,1,0,0,0,0,1,0,0,0,1,1,0.0586517400827452,0,0,0,2,1.338888888888889,0,0,0,0,0,2,0.6772908366533864
1,0,1,0,61,1,1,0,0,0,0,0,0,0,25.3,1554.9,0,0,0,1,0,0,1,1,0,0,0,3,0.016260685134006,0,0,0,2,0.4080645161290323,0,2,0,0,0,2,2.3193916349809887
1,0,1,0,49,1,1,1,1,1,0,0,1,0,71.8,3472.05,0,0,1,0,1,0,0,0,0,1,0,3,0.0206734714444076,3,1,0,6,1.436,0,1,1,0,0,6,0.6730769230769231
0,0,0,0,4,1,0,0,0,0,0,0,0,0,19.7,117.8,0,0,1,0,0,0,1,0,0,0,1,0,0.1658249158249158,0,0,0,1,3.94,0,1,0,0,0,1,0.1932367149758454
1,0,1,1,64,0,0,0,1,1,1,0,1,0,49.85,3210.35,0,0,0,1,1,0,0,0,0,1,0,3,0.0155230666230712,3,1,0,4,0.7669230769230769,0,2,1,0,1,4,1.2586037364798426
0,0,0,0,3,1,0,0,0,0,0,0,0,1,69.6,207.4,0,1,0,0,0,1,0,0,0,0,1,0,0.3339731285988483,0,0,0,1,17.4,0,0,0,1,0,1,0.042492917847025496
0,0,1,1,1,1,0,0,0,0,0,0,0,0,19.75,19.75,0,1,0,0,0,0,1,0,0,1,0,0,0.9518072289156626,0,0,0,1,9.875,0,0,0,0,1,1,0.04819277108433735
0,0,1,0,40,1,0,0,1,1,0,0,0,0,80.8,3132.75,0,0,1,0,0,1,0,0,0,1,0,2,0.0257838053450339,2,0,0,3,1.9707317073170731,0,1,1,0,1,3,0.48899755501222497
1,0,0,1,1,1,0,1,1,0,1,0,0,1,60.0,60.0,1,1,0,0,1,0,0,0,0,1,0,0,0.9836065573770492,3,0,0,4,30.0,0,0,1,0,0,4,0.01639344262295082
0,0,0,0,8,1,1,0,0,0,0,0,1,1,86.55,649.65,1,1,0,0,0,1,0,0,0,1,0,0,0.1330208253285176,0,1,0,3,9.616666666666667,1,0,0,1,1,3,0.09137635636778983
1,1,1,0,1,1,0,0,0,0,0,0,0,1,20.85,20.85,1,1,0,0,0,0,1,0,0,0,1,0,0.954233409610984,0,0,0,1,10.425,0,0,0,0,0,1,0.04576659038901602
1,1,1,0,34,1,0,0,0,1,1,1,0,0,64.2,2106.3,0,0,1,0,1,0,0,1,0,0,0,2,0.0304655246049447,2,1,0,4,1.8342857142857143,0,1,1,0,0,4,0.5214723926380368
1,0,1,0,1,0,0,0,0,0,0,0,1,0,35.0,35.0,0,1,0,0,1,0,0,0,0,1,0,0,0.9722222222222222,0,1,0,1,17.5,0,0,0,0,1,1,0.027777777777777776
1,0,0,0,39,0,0,0,0,1,0,1,1,1,50.75,2011.4,1,1,0,0,1,0,0,0,0,1,0,2,0.0252186444046909,1,2,0,3,1.26875,0,0,1,0,1,3,0.7536231884057971
1,1,1,0,58,1,0,1,1,0,1,1,1,1,105.5,6205.5,1,0,1,0,0,1,0,0,1,0,0,3,0.0169983082252477,3,2,1,6,1.7881355932203389,0,1,1,0,0,6,0.5446009389671361
0,0,1,1,45,1,0,0,0,0,0,0,0,0,19.2,903.7,0,0,0,1,0,0,1,0,0,1,0,2,0.0212225046976898,0,0,0,1,0.41739130434782606,0,2,0,0,1,1,2.227722772277228
0,1,0,0,6,1,0,1,0,0,0,1,0,1,85.15,503.6,1,1,0,0,0,1,0,1,0,0,0,0,0.1687475227903289,1,1,0,3,12.164285714285715,1,0,1,1,0,3,0.06964596633778293
0,0,0,0,43,1,0,1,1,1,1,0,0,1,90.65,3882.3,0,0,1,0,0,1,0,0,1,0,0,2,0.0233435480132876,4,0,1,5,2.060227272727273,0,1,1,0,0,5,0.46917621385706487
0,0,1,1,41,1,0,0,0,0,0,0,0,1,20.0,879.8,0,0,0,1,0,0,1,0,0,0,1,2,0.0227066303360581,0,0,0,1,0.47619047619047616,0,2,0,0,0,1,1.9523809523809523
0,0,0,0,5,1,0,0,1,0,0,0,0,1,74.65,383.65,0,1,0,0,0,1,0,0,0,1,0,0,0.1940725334719875,1,0,0,2,12.441666666666668,1,0,1,1,1,2,0.06609385327164573
0,0,0,0,72,0,0,1,0,1,1,1,1,1,61.2,4390.25,0,0,0,1,1,0,0,0,1,0,0,3,0.0139368061485909,3,2,0,5,0.8383561643835616,0,2,1,0,0,5,1.157556270096463
0,0,0,0,4,1,0,0,0,0,0,0,0,0,19.95,68.2,0,0,1,0,0,0,1,0,0,0,1,0,0.2882947976878612,0,0,0,1,3.9899999999999998,0,1,0,0,0,1,0.1909307875894988
0,0,1,1,9,1,0,0,1,0,1,0,0,0,54.8,452.8,0,1,0,0,1,0,0,0,0,0,1,0,0.1207580431908329,2,0,0,3,5.4799999999999995,0,0,1,0,0,3,0.16129032258064516
0,1,1,0,72,1,1,0,0,1,0,1,1,1,73.45,5329.0,0,0,0,1,1,0,0,0,1,0,0,3,0.013780487804878,1,2,0,5,1.0061643835616438,0,2,1,0,0,5,0.9670920080591
1,0,1,0,33,1,0,0,0,0,1,0,0,1,51.45,1758.9,0,0,1,0,1,0,0,0,0,0,1,2,0.0292346156031592,1,0,0,2,1.5132352941176472,0,1,1,0,0,2,0.6291706387035272
1,0,1,0,72,1,1,1,0,0,0,0,0,0,80.45,5737.6,0,0,0,1,0,1,0,1,0,0,0,3,0.014019098734883,1,0,0,3,1.1020547945205479,0,2,1,0,0,3,0.8839779005524862
0,0,1,0,22,1,0,1,0,0,1,0,0,1,54.2,1152.7,1,1,0,0,1,0,0,0,0,1,0,1,0.0469792840426454,2,0,0,3,2.356521739130435,0,0,1,0,0,3,0.39855072463768115
1,0,1,0,70,1,1,0,1,1,1,1,1,1,109.5,7674.55,1,0,1,0,0,1,0,0,0,1,0,3,0.0142660786523441,3,2,1,7,1.5422535211267605,0,1,1,0,1,7,0.6334841628959276
0,0,1,1,21,1,1,0,1,1,0,1,1,0,104.4,2157.95,1,1,0,0,0,1,0,0,0,1,0,1,0.048356840130619,2,2,1,6,4.745454545454546,0,0,1,1,1,6,0.19924098671726753
0,0,0,0,15,1,0,0,0,1,0,1,0,0,85.3,1219.85,0,1,0,0,0,1,0,0,0,1,0,1,0.0698693533194086,1,1,0,3,5.33125,0,0,1,1,1,3,0.17381228273464658
0,1,1,0,29,1,1,0,0,0,1,0,0,1,79.3,2414.55,0,1,0,0,0,1,0,0,0,1,0,2,0.0328289623481194,1,0,0,3,2.643333333333333,0,0,1,1,1,3,0.36114570361145704
1,0,1,1,15,1,0,0,1,1,1,1,1,0,76.5,1155.6,0,1,0,0,1,0,0,1,0,0,0,1,0.0661421407573923,3,2,0,6,4.78125,0,0,1,0,0,6,0.1935483870967742
0,1,1,1,71,1,1,1,1,0,0,1,1,1,105.1,7548.1,1,1,0,0,0,1,0,0,1,0,0,3,0.0139221894000609,2,2,1,6,1.4597222222222221,0,0,1,1,0,6,0.6691800188501414
0,1,0,0,72,1,1,0,0,0,0,0,0,0,25.4,1809.35,0,0,0,1,0,0,1,1,0,0,0,3,0.0140304361035158,0,0,0,2,0.347945205479452,0,2,0,0,0,2,2.7272727272727275
1,0,1,0,19,1,1,0,0,0,0,1,0,1,86.85,1564.4,0,1,0,0,0,1,0,0,0,1,0,1,0.0554810272134917,0,1,0,3,4.342499999999999,0,0,0,1,1,3,0.21627774615822426
0,0,0,0,1,1,0,0,0,0,0,0,0,0,19.65,19.65,0,1,0,0,0,0,1,0,0,0,1,0,0.9515738498789348,0,0,0,1,9.825,0,0,0,0,0,1,0.04842615012106538
1,0,0,0,1,1,0,0,1,0,0,0,0,1,75.7,75.7,1,1,0,0,0,1,0,0,0,1,0,0,0.9869621903520208,1,0,0,2,37.85,1,0,1,1,1,2,0.013037809647979138
1,0,0,0,2,1,0,0,0,0,0,0,0,0,45.55,84.4,0,1,0,0,1,0,0,0,0,1,0,0,0.5333723653395784,0,0,0,1,15.183333333333332,0,0,0,0,1,1,0.04296455424274973
1,1,1,1,11,1,1,0,0,1,0,0,0,1,78.1,864.85,0,1,0,0,0,1,0,0,1,0,0,0,0.0902003811283709,1,0,0,3,6.508333333333333,1,0,1,1,0,3,0.1390644753476612
1,0,0,0,12,1,0,0,0,0,0,0,0,0,19.3,228.75,0,0,1,0,0,0,1,0,0,0,1,0,0.0840043525571273,0,0,0,1,1.4846153846153847,0,1,0,0,0,1,0.5911330049261083
1,0,1,0,70,1,1,0,1,1,1,1,1,1,110.5,7752.05,0,0,0,1,0,1,0,0,0,1,0,3,0.0142524554852606,3,2,1,7,1.556338028169014,0,2,1,0,1,7,0.6278026905829597
1,1,1,0,20,1,1,0,0,1,0,1,0,0,90.8,1951.0,1,1,0,0,0,1,0,0,0,1,0,1,0.0465163934426229,1,1,1,4,4.3238095238095235,0,0,1,1,1,4,0.2178649237472767
1,0,0,0,23,1,0,0,0,0,0,0,0,1,20.3,470.6,0,1,0,0,0,0,1,1,0,0,0,1,0.0430449533502968,0,0,0,1,0.8458333333333333,0,0,0,0,0,1,1.07981220657277
0,1,0,0,49,1,1,1,1,1,1,0,1,0,81.35,4060.9,0,0,0,1,1,0,0,0,1,0,0,3,0.020027573303134,4,1,0,7,1.6269999999999998,0,2,1,0,0,7,0.5950212507589557
1,0,1,1,4,1,1,0,1,0,0,1,1,1,97.95,384.5,1,1,0,0,0,1,0,0,0,1,0,0,0.2540856031128404,1,2,1,5,19.59,1,0,1,1,1,5,0.0404244567963618
0,0,0,0,32,1,1,1,1,0,1,1,1,1,108.15,3432.9,1,1,0,0,0,1,0,0,1,0,0,2,0.0314948018288243,3,2,1,7,3.2772727272727273,0,0,1,1,0,7,0.29317453046266606
0,0,0,1,2,1,0,0,0,0,0,0,1,1,55.3,108.65,0,1,0,0,1,0,0,0,0,1,0,0,0.5043319653442772,0,1,0,2,18.433333333333334,0,0,0,0,1,2,0.03552397868561279
0,1,1,0,69,0,0,1,1,0,0,1,1,0,56.55,3952.65,0,0,0,1,1,0,0,0,1,0,0,3,0.0143032387793557,2,2,0,4,0.8078571428571428,0,2,1,0,0,4,1.1989574283231972
0,0,0,0,6,1,0,0,0,0,0,1,0,1,80.5,463.05,1,1,0,0,0,1,0,0,1,0,0,0,0.1734726861329598,0,1,0,2,11.5,1,0,0,1,0,2,0.0736196319018405
1,0,1,1,24,1,0,0,0,0,0,0,0,1,19.7,494.05,0,0,0,1,0,0,1,0,0,0,1,1,0.0397939602060397,0,0,0,1,0.7879999999999999,0,2,0,0,0,1,1.1594202898550725
1,0,0,0,32,1,1,0,1,1,0,1,1,1,104.05,3416.85,0,0,1,0,0,1,0,0,1,0,0,2,0.0304431148236464,2,2,1,6,3.153030303030303,0,1,1,0,0,6,0.3046168491194669
1,0,0,0,27,1,0,1,1,0,0,0,0,0,52.85,1498.65,0,0,0,1,1,0,0,1,0,0,0,2,0.0352415563631514,2,0,0,3,1.8875,0,2,1,0,0,3,0.5013927576601671
1,1,1,0,27,1,1,1,0,0,1,1,1,1,104.3,2867.75,1,1,0,0,0,1,0,1,0,0,0,2,0.0363572984749455,2,2,1,6,3.725,0,0,1,1,0,6,0.25641025641025644
0,0,0,0,58,1,1,0,0,0,1,0,0,0,80.65,4807.35,0,1,0,0,0,1,0,1,0,0,0,3,0.0167729054665321,1,0,0,3,1.366949152542373,0,0,1,1,0,3,0.7103490508266993
0,0,0,0,1,1,0,0,0,0,0,0,0,1,71.35,71.35,1,1,0,0,0,1,0,0,0,0,1,0,0.9861782999308916,0,0,0,1,35.675,1,0,0,1,0,1,0.013821700069108501
1,0,1,1,18,1,1,0,0,0,0,0,0,1,24.65,471.35,0,0,0,1,0,0,1,0,1,0,0,1,0.0521858791150629,0,0,0,2,1.2973684210526315,0,2,0,0,0,2,0.7017543859649124
1,0,1,1,47,1,0,0,0,0,0,0,0,1,21.3,1041.8,0,0,0,1,0,0,1,1,0,0,0,2,0.0204257767548906,0,0,0,1,0.44375000000000003,0,2,0,0,0,1,2.10762331838565
1,0,1,1,70,1,1,0,1,1,1,1,1,1,110.2,7689.8,0,0,0,1,0,1,0,0,0,1,0,3,0.0143288084464555,3,2,1,7,1.552112676056338,0,2,1,0,1,7,0.6294964028776978
1,0,0,0,13,1,1,0,1,1,1,0,0,0,89.4,1132.35,1,1,0,0,0,1,0,0,0,1,0,1,0.0788811929236334,3,0,0,5,6.385714285714286,0,0,1,1,1,5,0.14380530973451328
1,0,1,1,36,1,0,1,0,0,0,0,0,0,51.05,1815.0,0,1,0,0,1,0,0,0,1,0,0,2,0.0281112334801762,1,0,0,2,1.3797297297297297,0,0,1,0,0,2,0.69164265129683
0,0,0,0,67,1,0,0,0,0,0,0,0,1,19.8,1311.3,0,0,0,1,0,0,1,0,0,0,1,3,0.0150880134115674,0,0,0,1,0.2911764705882353,0,2,0,0,0,1,3.2211538461538463
1,0,0,0,10,1,0,0,0,0,0,0,0,1,19.9,199.45,0,1,0,0,0,0,1,0,0,0,1,0,0.0992766275879271,0,0,0,1,1.8090909090909089,0,0,0,0,0,1,0.47846889952153115
0,1,0,0,19,1,0,1,0,0,0,0,1,1,87.3,1637.3,0,1,0,0,0,1,0,0,0,1,0,1,0.0532869437831898,1,1,0,3,4.365,0,0,1,1,0,3,0.21517553793884486
1,0,1,1,71,1,0,0,0,0,0,0,0,0,19.85,1326.35,0,0,0,1,0,0,1,1,0,0,0,3,0.0149546088070215,0,0,0,1,0.27569444444444446,0,2,0,0,0,1,3.4052757793764985
0,0,1,1,72,1,1,1,1,1,1,1,1,1,89.4,6376.55,0,0,0,1,1,0,0,0,0,0,1,3,0.0140179222428675,4,2,0,8,1.2246575342465755,0,2,1,0,0,8,0.7964601769911503
1,0,1,1,48,1,0,0,0,0,0,0,0,0,20.0,935.9,0,0,0,1,0,0,1,0,0,0,1,2,0.0213469954103959,0,0,0,1,0.40816326530612246,0,2,0,0,0,1,2.2857142857142856
0,0,0,0,1,1,0,0,0,0,0,0,0,0,20.05,20.05,0,1,0,0,0,0,1,0,0,0,1,0,0.9524940617577196,0,0,0,1,10.025,0,0,0,0,0,1,0.047505938242280284
0,0,1,1,18,1,0,1,0,1,1,1,1,0,83.25,1611.15,0,1,0,0,1,0,0,0,0,1,0,1,0.051639115466923,3,2,0,6,4.381578947368421,0,0,1,0,0,6,0.21364985163204747
0,0,0,0,1,1,0,0,0,0,0,0,0,0,20.6,20.6,1,1,0,0,0,0,1,0,0,0,1,0,0.9537037037037036,0,0,0,1,10.3,0,0,0,0,0,1,0.046296296296296294
0,1,1,0,67,1,1,0,1,0,1,1,1,0,102.9,6989.7,0,0,0,1,0,1,0,1,0,0,0,3,0.0147195559815183,2,2,1,6,1.5132352941176472,0,2,1,0,0,6,0.6448508180943214
0,0,1,1,69,0,0,1,0,1,1,0,0,0,39.1,2779.5,0,0,0,1,1,0,0,0,0,0,1,3,0.0140622190253551,3,0,0,3,0.5585714285714286,0,2,1,0,0,3,1.7206982543640896
0,0,0,0,19,1,1,0,1,0,0,1,1,1,99.95,1931.75,1,1,0,0,0,1,0,0,0,1,0,1,0.0517138791876859,1,2,1,5,4.9975000000000005,0,0,1,1,1,5,0.1882119861317484
0,1,1,0,72,1,1,1,1,1,1,1,1,1,114.5,8331.95,0,0,0,1,0,1,0,0,0,0,1,3,0.0137406320690751,4,2,1,8,1.5684931506849316,0,2,1,0,0,8,0.6233766233766234
1,1,0,0,38,1,0,0,0,0,0,0,0,0,20.2,735.9,0,0,0,1,0,0,1,0,0,0,1,2,0.0274121319039218,0,0,0,1,0.5179487179487179,0,2,0,0,0,1,1.7924528301886793
0,1,1,0,40,1,0,0,0,0,0,0,1,0,55.8,2283.3,0,0,1,0,1,0,0,0,0,1,0,2,0.0244276145865254,0,1,0,2,1.3609756097560974,0,1,0,0,1,2,0.7042253521126761
1,0,1,1,61,1,1,0,0,0,0,0,0,1,24.2,1445.2,0,0,0,1,0,0,1,0,0,0,1,3,0.0167335085050477,0,0,0,2,0.3903225806451613,0,2,0,0,0,2,2.420634920634921
1,0,0,0,10,1,1,0,1,0,0,0,0,1,81.0,818.05,1,1,0,0,0,1,0,0,1,0,0,0,0.0988950613515658,1,0,0,3,7.363636363636363,1,0,1,1,0,3,0.12195121951219512
0,0,1,0,32,1,1,1,0,0,1,1,0,1,72.8,2333.05,0,0,1,0,1,0,0,0,1,0,0,2,0.0311904200852595,2,1,0,5,2.206060606060606,0,1,1,0,0,5,0.43360433604336046
1,0,0,0,21,1,1,0,1,0,0,1,1,1,99.85,1992.55,0,1,0,0,0,1,0,0,1,0,0,1,0.0500865290562062,1,2,1,5,4.538636363636363,0,0,1,1,0,5,0.20823004462072386
1,1,0,0,59,1,1,0,0,1,0,1,1,1,99.5,5890.0,0,0,1,0,0,1,0,0,0,1,0,3,0.0168901714479714,1,2,1,5,1.6583333333333334,0,1,1,0,1,5,0.5870646766169154
1,1,1,0,13,1,0,0,0,0,0,0,0,1,70.15,916.75,1,1,0,0,0,1,0,0,0,1,0,1,0.076436938163988,0,0,0,1,5.010714285714286,0,0,0,1,1,1,0.18271257905832747
1,0,0,0,47,1,0,0,0,0,0,0,0,0,20.25,1029.8,0,0,0,1,0,0,1,0,1,0,0,2,0.0196449359720605,0,0,0,1,0.421875,0,2,0,0,0,1,2.211764705882353
0,0,1,1,69,1,1,0,0,0,0,0,0,1,26.0,1796.55,0,0,0,1,0,0,1,1,0,0,0,3,0.0144641317348613,0,0,0,2,0.37142857142857144,0,2,0,0,0,2,2.5555555555555554
0,0,0,0,2,1,0,0,0,0,0,0,0,1,19.9,33.7,0,1,0,0,0,0,1,0,1,0,0,0,0.5734870317002881,0,0,0,1,6.633333333333333,0,0,0,0,0,1,0.09569377990430622
1,0,1,1,22,1,0,0,0,0,0,0,0,0,19.05,454.05,0,1,0,0,0,0,1,1,0,0,0,1,0.0418635314800571,0,0,0,1,0.8282608695652174,0,0,0,0,0,1,1.0972568578553616
0,1,1,0,15,1,1,1,0,1,0,1,0,1,96.5,1392.25,0,1,0,0,0,1,0,0,0,1,0,1,0.0692625157006998,2,1,1,5,6.03125,0,0,1,1,0,5,0.15384615384615385
1,0,0,0,53,1,0,0,0,0,0,0,0,0,19.85,1049.6,0,0,0,1,0,0,1,0,1,0,0,3,0.0188939653531315,0,0,0,1,0.36759259259259264,0,2,0,0,0,1,2.541966426858513
1,1,1,0,28,1,1,0,0,0,0,0,0,0,25.7,734.6,0,1,0,0,0,0,1,0,0,0,1,2,0.0349374660141381,0,0,0,2,0.8862068965517241,0,0,0,0,0,2,1.0486891385767791
0,0,0,0,22,1,0,0,0,0,0,0,0,0,20.3,475.1,0,0,1,0,0,0,1,0,0,0,1,1,0.0426381012392354,0,0,0,1,0.8826086956521739,0,1,0,0,0,1,1.0328638497652582
1,0,0,0,1,1,0,0,0,0,0,0,0,1,70.15,70.15,1,1,0,0,0,1,0,0,0,0,1,0,0.9859451862262824,0,0,0,1,35.075,1,0,0,1,0,1,0.014054813773717497
0,1,1,0,16,1,0,0,0,1,1,0,1,1,91.55,1540.05,0,1,0,0,0,1,0,0,0,1,0,1,0.0594075468025047,2,1,1,4,5.385294117647058,0,0,1,1,1,4,0.1728795245813074
1,0,1,1,48,0,0,1,1,0,1,0,0,0,39.4,1978.65,0,0,0,1,1,0,0,0,0,0,1,2,0.0199025080190942,3,0,0,3,0.8040816326530612,0,2,1,0,0,3,1.188118811881188
0,1,1,0,30,1,1,1,1,1,1,1,0,1,105.7,3181.8,0,1,0,0,0,1,0,1,0,0,0,2,0.0332097524192534,4,1,1,7,3.4096774193548387,0,0,1,1,0,7,0.2811621368322399
1,0,0,0,3,1,0,0,0,0,0,0,0,1,70.25,229.7,0,1,0,0,0,1,0,0,0,1,0,0,0.3045080190723884,0,0,0,1,17.5625,1,0,0,1,1,1,0.042105263157894736
0,1,0,0,57,1,1,1,0,0,1,0,1,0,93.75,5625.55,0,0,0,1,0,1,0,0,0,1,0,3,0.0166620753392398,2,1,1,5,1.6163793103448276,0,2,1,0,0,5,0.6015831134564644
1,1,1,0,68,1,1,1,1,0,0,0,1,1,96.55,6581.9,1,0,1,0,0,1,0,0,1,0,0,3,0.0146667881936532,2,1,1,5,1.3992753623188405,0,1,1,0,0,5,0.6970784213223988
1,0,1,0,23,1,0,0,0,0,1,1,0,0,60.0,1347.15,0,0,1,0,1,0,0,1,0,0,0,1,0.0445054333716574,1,1,0,3,2.5,0,1,1,0,0,3,0.3770491803278688
1,0,1,0,65,1,0,0,0,0,1,1,0,1,59.8,3808.2,0,0,0,1,1,0,0,0,1,0,0,3,0.015698834400924,1,1,0,3,0.906060606060606,0,2,1,0,0,3,1.069078947368421
0,0,1,0,44,1,0,0,0,0,0,1,1,1,90.65,3974.15,0,0,1,0,0,1,0,1,0,0,0,2,0.0228041709117894,0,2,1,3,2.0144444444444445,0,1,0,0,0,3,0.4800872885979269
1,0,1,1,71,1,1,1,1,1,0,1,1,1,109.0,7661.8,0,0,0,1,0,1,0,1,0,0,0,3,0.0142245654330009,3,2,1,7,1.5138888888888888,0,2,1,0,0,7,0.6454545454545455
1,0,1,0,37,1,1,1,0,1,1,0,0,0,68.1,2479.25,0,0,1,0,1,0,0,0,1,0,0,2,0.0274569095857272,3,0,0,5,1.7921052631578946,0,1,1,0,0,5,0.5354558610709118
1,0,0,0,12,1,0,0,0,0,0,0,0,0,20.4,266.6,0,1,0,0,0,0,1,0,0,0,1,0,0.0762331838565022,0,0,0,1,1.5692307692307692,0,0,0,0,0,1,0.5607476635514019
0,0,1,1,69,1,1,0,1,1,1,1,1,1,81.95,5601.4,0,0,0,1,1,0,0,1,0,0,0,3,0.014627659574468,3,2,0,7,1.1707142857142858,0,2,1,0,0,7,0.8318264014466545
1,0,0,0,35,1,0,1,1,1,0,0,0,0,60.55,1982.6,0,1,0,0,1,0,0,0,0,1,0,2,0.0305253075216777,3,0,0,4,1.6819444444444445,0,0,1,0,0,4,0.5686433793663689
0,0,0,0,5,1,0,0,1,0,1,0,1,1,65.6,339.9,0,1,0,0,1,0,0,1,0,0,0,0,0.1924317981812848,2,1,0,4,10.933333333333332,0,0,1,0,0,4,0.07507507507507508
0,0,1,1,58,1,1,0,0,0,0,1,0,0,82.5,4828.05,0,0,0,1,0,1,0,1,0,0,0,3,0.0170841055694184,0,1,0,3,1.3983050847457628,0,2,0,0,0,3,0.6946107784431138
0,0,1,0,72,1,1,1,1,1,1,0,1,1,82.3,5980.55,0,0,0,1,1,0,0,1,0,0,0,3,0.0137589755163795,4,1,0,7,1.1273972602739726,0,2,1,0,0,7,0.8643457382953181
0,0,1,0,72,1,1,1,1,1,1,0,0,0,68.15,4808.7,0,0,0,1,1,0,0,0,0,0,1,3,0.0141692829074578,4,0,0,6,0.9335616438356165,0,2,1,0,0,6,1.0412147505422993
1,0,0,0,1,1,0,0,0,0,0,0,0,0,20.3,20.3,0,1,0,0,0,0,1,0,1,0,0,0,0.9530516431924884,0,0,0,1,10.15,0,0,0,0,0,1,0.046948356807511735
1,0,0,0,39,1,0,1,0,1,1,1,0,1,95.55,3692.85,1,0,1,0,0,1,0,0,0,1,0,2,0.0258673200048729,3,1,1,5,2.38875,0,1,1,0,0,5,0.40393578456758156
0,0,1,1,53,1,0,0,0,0,0,0,0,0,20.2,1068.15,0,0,1,0,0,0,1,0,1,0,0,3,0.0188935135387924,0,0,0,1,0.37407407407407406,0,1,0,0,0,1,2.5
1,0,0,0,27,1,0,0,0,1,1,0,1,1,89.2,2383.6,0,1,0,0,0,1,0,0,0,1,0,2,0.0374066929464061,2,1,0,4,3.185714285714286,0,0,1,1,1,4,0.29933481152993346
1,1,0,0,1,1,0,0,0,0,0,0,0,1,69.65,69.65,1,1,0,0,0,1,0,0,0,1,0,0,0.9858457183297948,0,0,0,1,34.825,0,0,0,1,1,1,0.014154281670205236
1,1,0,0,1,1,0,0,0,0,0,1,1,1,89.3,89.3,1,1,0,0,0,1,0,0,0,1,0,0,0.9889258028792912,0,2,0,3,44.65,1,0,0,1,1,3,0.01107419712070875
1,0,1,0,18,1,0,1,0,0,0,0,0,0,74.8,1438.05,0,1,0,0,0,1,0,0,0,1,0,1,0.0519787359716479,1,0,0,2,3.9368421052631577,0,0,1,1,0,2,0.237467018469657
0,0,1,1,46,1,0,0,0,0,0,0,0,1,20.2,917.45,0,0,0,1,0,0,1,0,0,0,1,2,0.0219935761337035,0,0,0,1,0.4297872340425532,0,2,0,0,0,1,2.169811320754717
1,0,1,0,72,1,1,1,0,1,1,1,1,1,84.4,6096.45,0,0,0,1,1,0,0,0,1,0,0,3,0.0138418519217049,3,2,0,7,1.156164383561644,0,2,1,0,0,7,0.8430913348946135
1,0,0,0,36,1,0,0,0,1,1,0,1,1,87.55,3078.1,1,1,0,0,0,1,0,0,0,1,0,2,0.0284336332045078,2,1,0,4,2.366216216216216,0,0,1,1,1,4,0.40654997176736307
1,0,1,0,4,0,0,0,0,0,0,0,0,1,25.15,99.95,0,1,0,0,1,0,0,0,0,1,0,0,0.2491332342743932,0,0,0,0,5.029999999999999,0,0,0,0,1,0,0.15296367112810708
1,0,0,0,25,1,0,0,0,0,0,0,0,0,19.8,475.2,0,0,0,1,0,0,1,0,1,0,0,2,0.0415791684166316,0,0,0,1,0.7615384615384616,0,2,0,0,0,1,1.2019230769230769
1,0,1,1,40,0,0,0,1,0,0,1,1,1,50.85,2036.55,0,1,0,0,1,0,0,0,0,1,0,2,0.02495644278668,1,2,0,3,1.2402439024390244,0,0,1,0,1,3,0.7714561234329798
0,0,1,0,63,1,1,0,1,1,0,1,1,1,102.4,6444.05,0,1,0,0,0,1,0,0,0,1,0,3,0.0158881622330315,2,2,1,6,1.6,0,0,1,1,1,6,0.609284332688588
1,1,0,0,15,1,0,1,0,1,1,0,1,1,96.3,1426.75,1,1,0,0,0,1,0,0,0,0,1,1,0.0674487830502539,3,1,1,5,6.01875,0,0,1,1,0,5,0.15416238437821173
0,0,0,0,14,1,1,0,1,0,0,0,0,1,55.5,767.55,0,1,0,0,1,0,0,0,1,0,0,1,0.0722139093097391,1,0,0,3,3.7,0,0,1,0,0,3,0.24778761061946902
0,1,1,0,72,1,1,0,1,1,1,1,1,1,109.75,7932.5,0,0,0,1,0,1,0,1,0,0,0,3,0.0138337429885926,3,2,1,7,1.5034246575342465,0,2,1,0,0,7,0.6501128668171557
0,0,0,0,39,1,1,1,1,0,0,1,1,1,106.4,4040.65,0,1,0,0,0,1,0,0,0,1,0,2,0.0263258817562134,2,2,1,6,2.66,0,0,1,1,0,6,0.36312849162011174
1,0,1,1,47,0,0,1,1,1,0,1,1,1,60.0,2768.65,0,0,0,1,1,0,0,0,1,0,0,2,0.0216633870705684,3,2,0,5,1.25,0,2,1,0,0,5,0.7704918032786885
0,0,1,0,19,1,1,1,1,0,1,0,0,1,88.8,1672.35,0,1,0,0,0,1,0,0,1,0,0,1,0.0530672005258911,3,0,0,5,4.4399999999999995,0,0,1,1,0,5,0.2115812917594655
1,0,0,0,5,1,1,0,0,0,0,1,0,1,85.2,474.8,1,1,0,0,0,1,0,0,0,1,0,0,0.1790668348045397,0,1,0,3,14.200000000000001,1,0,0,1,1,3,0.058004640371229696
1,0,0,0,13,0,0,0,0,0,0,0,1,1,35.1,446.1,1,1,0,0,1,0,0,0,0,1,0,1,0.0785059270856631,0,1,0,1,2.507142857142857,0,0,0,0,1,1,0.3601108033240997
1,0,0,0,17,1,1,0,0,1,0,0,0,0,80.05,1345.65,0,1,0,0,0,1,0,1,0,0,0,1,0.0594438049975866,1,0,0,3,4.447222222222222,0,0,1,1,0,3,0.20974706971005552
0,1,1,0,34,1,1,0,0,0,0,0,0,1,75.55,2425.4,0,1,0,0,0,1,0,0,0,1,0,2,0.031136663369601,0,0,0,2,2.1585714285714284,0,0,0,1,1,2,0.4441541476159373
1,0,0,0,42,1,0,0,1,0,0,0,0,1,49.55,2077.95,0,1,0,0,1,0,0,0,0,1,0,2,0.0238341470453834,1,0,0,2,1.1523255813953488,0,0,1,0,1,2,0.8308605341246291
0,0,1,0,5,1,1,0,1,0,0,0,0,1,81.3,416.3,1,1,0,0,0,1,0,0,0,1,0,0,0.1948238677210639,1,0,0,3,13.549999999999999,1,0,1,1,1,3,0.06075334143377886
1,0,1,1,71,1,1,0,0,0,0,0,0,0,23.9,1663.5,0,0,0,1,0,0,1,0,1,0,0,3,0.0143586662661459,0,0,0,2,0.33194444444444443,0,2,0,0,0,2,2.85140562248996
0,1,1,0,19,1,0,1,0,1,0,1,0,0,66.4,1286.05,0,1,0,0,1,0,0,1,0,0,0,1,0.0515908472864302,2,1,0,4,3.3200000000000003,0,0,1,0,0,4,0.28189910979228483
1,0,0,1,2,1,0,0,0,0,0,0,0,1,19.6,35.85,1,1,0,0,0,0,1,0,0,1,0,0,0.5318860244233379,0,0,0,1,6.533333333333334,0,0,0,0,1,1,0.0970873786407767
0,0,0,0,57,1,0,0,0,0,0,0,0,0,18.8,1094.35,0,0,0,1,0,0,1,0,1,0,0,3,0.0171634637330533,0,0,0,1,0.3241379310344828,0,2,0,0,0,1,2.878787878787879
0,0,1,0,72,1,1,0,1,1,1,1,1,1,108.4,7719.5,0,0,0,1,0,1,0,0,0,1,0,3,0.0140405414157114,3,2,1,7,1.4849315068493152,0,2,1,0,1,7,0.6581352833638026
1,0,0,0,6,1,0,0,1,0,0,0,1,1,85.95,514.6,0,1,0,0,0,1,0,0,0,0,1,0,0.1666989914662529,1,1,0,3,12.278571428571428,1,0,1,1,0,3,0.06900517538815411
1,0,1,1,17,1,1,0,0,0,0,0,1,1,85.45,1451.6,1,1,0,0,0,1,0,0,0,1,0,1,0.058825554178714,0,1,0,3,4.747222222222223,0,0,0,1,1,3,0.19664545980335454
0,0,1,0,61,1,1,0,1,1,0,1,1,0,80.9,4932.5,0,0,0,1,1,0,0,1,0,0,0,3,0.0163980946589642,2,2,0,6,1.3048387096774194,0,2,1,0,0,6,0.7448107448107447
0,0,1,1,1,1,0,0,0,0,0,0,0,1,71.0,71.0,1,1,0,0,0,1,0,0,0,1,0,0,0.9861111111111112,0,0,0,1,35.5,1,0,0,1,1,1,0.013888888888888888
0,0,1,1,48,1,1,1,1,1,1,1,1,0,111.8,5443.65,0,0,0,1,0,1,0,0,1,0,0,2,0.0205339186173583,4,2,1,8,2.2816326530612243,0,2,1,0,0,8,0.425531914893617
0,0,0,0,16,1,0,0,0,0,0,0,0,1,20.6,330.25,0,1,0,0,0,0,1,0,1,0,0,1,0.062188679245283,0,0,0,1,1.211764705882353,0,0,0,0,0,1,0.7407407407407407
0,1,0,0,9,1,1,0,0,0,0,0,1,1,85.05,746.5,1,1,0,0,0,1,0,0,0,1,0,0,0.1137792642140468,0,1,0,3,8.504999999999999,1,0,0,1,1,3,0.10459035444509007
1,0,0,0,3,1,0,0,0,0,0,0,0,0,44.6,122.7,0,1,0,0,1,0,0,0,0,1,0,0,0.3605497170573969,0,0,0,1,11.15,0,0,0,0,1,1,0.06578947368421052
0,0,0,1,1,1,0,0,0,0,0,0,0,1,44.4,44.4,1,1,0,0,1,0,0,0,0,1,0,0,0.9779735682819384,0,0,0,1,22.2,0,0,0,0,1,1,0.022026431718061675
0,0,0,0,65,1,1,0,1,1,0,1,1,0,105.1,6631.85,0,0,0,1,0,1,0,0,1,0,0,3,0.0158453756680763,2,2,1,6,1.5924242424242423,0,2,1,0,0,6,0.6126295947219604
1,0,1,1,70,1,1,1,1,1,1,1,1,1,115.15,8250.0,0,0,0,1,0,1,0,0,1,0,0,3,0.0139558841352563,4,2,1,8,1.6218309859154931,0,2,1,0,0,8,0.6026689625484287
0,0,1,0,60,1,0,1,0,0,0,1,0,1,59.8,3561.15,0,0,1,0,1,0,0,0,0,0,1,3,0.0167876142217481,1,1,0,3,0.9803278688524589,0,1,1,0,0,3,0.986842105263158
1,0,1,0,69,1,1,0,0,0,0,0,0,1,26.3,1763.55,0,0,1,0,0,0,1,0,0,1,0,3,0.0149046499107421,0,0,0,2,0.3757142857142857,0,1,0,0,1,2,2.5274725274725274
1,1,0,0,35,1,0,0,0,0,0,0,0,0,70.55,2419.0,0,1,0,0,0,1,0,0,0,1,0,2,0.0291528925619834,0,0,0,1,1.9597222222222221,0,0,0,1,1,1,0.4891684136967156
1,0,0,0,22,1,0,0,0,0,0,0,0,1,20.05,470.2,0,1,0,0,0,0,1,0,0,0,1,1,0.0425509337860781,0,0,0,1,0.8717391304347827,0,0,0,0,0,1,1.0451306413301662
0,0,1,1,66,1,1,0,1,1,0,1,1,0,79.85,5234.95,0,0,0,1,1,0,0,1,0,0,0,3,0.0152503366151319,2,2,0,6,1.1917910447761193,0,2,1,0,0,6,0.8163265306122449
0,1,1,0,1,1,0,0,0,0,0,0,0,1,70.3,70.3,1,1,0,0,0,1,0,0,0,1,0,0,0.9859747545582048,0,0,0,1,35.15,1,0,0,1,1,1,0.014025245441795233
1,0,1,0,1,1,0,0,0,0,0,1,0,1,79.35,79.35,1,1,0,0,0,1,0,1,0,0,0,0,0.9875544492843809,0,1,0,2,39.675,1,0,0,1,0,2,0.012445550715619168
0,0,1,1,34,1,1,0,0,1,0,0,1,1,90.05,3097.0,0,1,0,0,0,1,0,0,1,0,0,2,0.0290671400903808,1,1,1,4,2.572857142857143,0,0,1,1,0,4,0.3734211971444262
1,0,1,1,72,1,1,0,0,0,0,0,0,0,24.45,1709.1,0,0,0,1,0,0,1,1,0,0,0,3,0.0142974095082158,0,0,0,2,0.33493150684931505,0,2,0,0,0,2,2.8290766208251474
0,0,1,1,31,0,0,1,0,1,1,1,1,0,59.95,1848.8,0,0,1,0,1,0,0,0,0,1,0,2,0.0324089090712509,3,2,0,5,1.8734375,0,1,1,0,0,5,0.5086136177194421
0,0,0,1,30,1,1,0,0,0,0,0,0,0,25.35,723.3,0,0,1,0,0,0,1,1,0,0,0,2,0.03499930967831,0,0,0,2,0.817741935483871,0,1,0,0,0,2,1.1385199240986716
1,0,0,0,9,1,0,0,0,0,0,1,1,1,90.8,809.75,1,1,0,0,0,1,0,1,0,0,0,0,0.1119950662966389,0,2,1,3,9.08,1,0,0,1,0,3,0.09803921568627451
0,0,1,1,20,1,0,0,0,0,0,0,0,1,70.45,1470.95,1,1,0,0,0,1,0,0,0,1,0,1,0.0478616800842419,0,0,0,1,3.354761904761905,0,0,0,1,1,1,0.27991602519244224
0,1,1,0,19,0,0,0,1,1,0,0,0,1,34.3,577.15,0,1,0,0,1,0,0,0,1,0,0,1,0.0593271642307359,2,0,0,2,1.7149999999999999,0,0,1,0,0,2,0.538243626062323
1,0,1,0,65,1,1,1,0,1,0,1,1,1,105.05,6914.95,0,1,0,0,0,1,0,0,0,1,0,3,0.015189525661695,2,2,1,6,1.5916666666666666,0,0,1,1,0,6,0.6129184347006129
1,0,1,1,30,1,0,0,0,0,0,0,0,0,19.3,602.9,0,0,0,1,0,0,1,0,0,0,1,2,0.0319589335982778,0,0,0,1,0.6225806451612903,0,2,0,0,0,1,1.477832512315271
0,0,0,0,6,1,0,0,0,0,0,0,0,0,19.15,124.4,0,0,1,0,0,0,1,0,0,0,1,0,0.1527113237639553,0,0,0,1,2.7357142857142853,0,1,0,0,0,1,0.29776674937965264
1,0,0,0,2,0,0,0,1,0,0,1,1,0,51.4,96.8,0,1,0,0,1,0,0,0,0,1,0,0,0.5255623721881391,1,2,0,3,17.133333333333333,0,0,1,0,1,3,0.03816793893129771
0,0,1,1,53,1,1,1,0,0,1,0,1,0,71.85,3827.9,0,1,0,0,1,0,0,0,0,1,0,3,0.0187651806001723,2,1,0,5,1.3305555555555555,0,0,1,0,0,5,0.727522306108442
0,1,1,0,7,1,1,0,0,0,0,0,0,1,75.4,533.05,0,1,0,0,0,1,0,0,0,1,0,0,0.1411852822769403,0,0,0,2,9.425,1,0,0,1,1,2,0.09162303664921466
1,0,1,1,61,1,0,1,0,0,0,0,0,1,49.7,2961.4,0,0,1,0,1,0,0,1,0,0,0,3,0.0167769376181474,1,0,0,2,0.8016129032258065,0,1,1,0,0,2,1.2031558185404339
0,1,0,0,70,0,0,0,0,0,0,1,1,1,45.25,3264.45,1,0,1,0,1,0,0,0,0,1,0,3,0.0138572019170405,0,2,0,2,0.6373239436619719,0,1,0,0,1,2,1.5135135135135136
1,0,0,0,13,1,1,1,0,1,0,1,1,1,78.75,995.35,0,1,0,0,1,0,0,0,0,1,0,1,0.0790384904902895,2,2,0,6,5.625,0,0,1,0,0,6,0.16300940438871472
0,1,1,0,35,1,1,0,0,1,0,0,0,1,81.6,2815.25,0,0,1,0,0,1,0,1,0,0,0,2,0.0289747003994673,1,0,0,3,2.2666666666666666,0,1,1,0,0,3,0.42372881355932207
1,0,1,0,2,1,0,0,0,0,0,0,0,1,70.4,154.8,0,1,0,0,0,1,0,0,1,0,0,0,0.4518613607188703,0,0,0,1,23.46666666666667,1,0,0,1,0,1,0.028011204481792715
1,0,0,0,3,1,1,0,0,0,0,0,0,1,75.8,246.3,1,1,0,0,0,1,0,0,0,1,0,0,0.3065103113627173,0,0,0,2,18.95,1,0,0,1,1,2,0.0390625
1,0,0,0,3,1,1,0,0,0,0,0,0,0,76.1,257.6,0,1,0,0,0,1,0,0,0,1,0,0,0.2942768754833719,0,0,0,2,19.025,1,0,0,1,1,2,0.038910505836575876
1,0,0,0,62,1,1,0,0,0,0,1,1,1,94.0,5757.2,0,0,1,0,0,1,0,1,0,0,0,3,0.0163245458650272,0,2,1,4,1.492063492063492,0,1,0,0,0,4,0.6526315789473685
0,0,1,1,72,1,1,1,1,1,1,0,1,0,103.95,7517.7,0,0,0,1,0,1,0,0,1,0,0,3,0.0138255283493157,4,1,1,7,1.4239726027397261,0,2,1,0,0,7,0.6860409718913768
0,0,1,0,63,1,0,0,0,0,0,0,0,1,19.95,1234.8,0,0,0,1,0,0,1,1,0,0,0,3,0.0161433888978799,0,0,0,1,0.31171875,0,2,0,0,0,1,3.0071599045346065
0,1,0,0,20,1,0,0,0,0,0,0,0,0,71.3,1389.2,1,1,0,0,0,1,0,0,1,0,0,1,0.0512875845202129,0,0,0,1,3.395238095238095,0,0,0,1,0,1,0.2766251728907331
1,1,0,0,35,1,1,1,1,1,1,1,1,1,110.8,3836.3,0,0,1,0,0,1,0,1,0,0,0,2,0.0288744690277017,4,2,1,8,3.0777777777777775,0,1,1,0,0,8,0.31305903398926654
0,1,1,0,21,1,0,0,0,0,0,0,0,1,69.1,1474.75,1,1,0,0,0,1,0,0,0,1,0,1,0.0468236489920379,0,0,0,1,3.1409090909090907,0,0,0,1,1,1,0.2995720399429387
0,0,1,0,62,1,1,1,1,0,0,0,1,0,96.1,6001.45,0,0,1,0,0,1,0,0,0,1,0,3,0.0160101291972444,2,1,1,5,1.5253968253968253,0,1,1,0,0,5,0.6385169927909372
1,0,0,0,15,1,1,0,0,0,0,0,0,1,48.8,720.1,0,1,0,0,1,0,0,0,0,0,1,1,0.0676743863541811,0,0,0,2,3.05,0,0,0,0,0,2,0.30120481927710846
1,0,0,0,55,1,0,1,0,0,0,0,0,1,50.55,2832.75,0,1,0,0,1,0,0,0,1,0,0,3,0.0178385531539479,1,0,0,2,0.9026785714285713,0,0,1,0,0,2,1.066925315227934
1,0,0,0,11,1,0,0,0,0,0,0,0,1,44.65,472.25,0,1,0,0,1,0,0,0,0,0,1,0,0.0943475964078182,0,0,0,1,3.720833333333333,0,0,0,0,0,1,0.24096385542168675
1,0,1,1,17,1,1,0,0,1,0,1,0,0,88.25,1460.65,1,1,0,0,0,1,0,0,0,1,0,1,0.0603769712311428,1,1,0,4,4.902777777777778,0,0,1,1,1,4,0.19047619047619047
1,0,0,0,61,1,0,0,0,0,0,0,0,0,19.45,1336.35,0,0,1,0,0,0,1,1,0,0,0,3,0.0145436871424832,0,0,0,1,0.31370967741935485,0,1,0,0,0,1,2.9828850855745723
1,0,1,0,71,1,1,1,1,1,1,1,1,0,89.3,6388.65,0,0,0,1,1,0,0,0,1,0,0,3,0.0139757263699889,4,2,0,8,1.2402777777777778,0,2,1,0,0,8,0.7862679955703211
1,0,0,0,2,1,0,0,0,0,0,0,0,0,70.0,153.05,1,1,0,0,0,1,0,1,0,0,0,0,0.4543979227523531,0,0,0,1,23.333333333333332,0,0,0,1,0,1,0.028169014084507043
0,0,0,0,35,1,0,0,0,0,0,0,0,0,19.25,677.9,0,0,0,1,0,0,1,0,0,0,1,2,0.0283546914125791,0,0,0,1,0.5347222222222222,0,2,0,0,0,1,1.728395061728395
1,0,0,0,17,1,0,0,0,0,0,0,0,0,70.5,1165.6,0,1,0,0,0,1,0,1,0,0,0,1,0.0604320246871249,0,0,0,1,3.9166666666666665,0,0,0,1,0,1,0.23776223776223776
1,0,0,0,21,1,1,0,0,0,0,1,1,1,97.35,2119.5,1,1,0,0,0,1,0,0,0,1,0,1,0.0459089837302523,0,2,1,4,4.425,0,0,0,1,1,4,0.21352313167259787
1,0,1,0,47,1,0,0,0,0,0,0,0,0,19.65,921.55,0,0,0,1,0,0,1,1,0,0,0,2,0.0212996585550918,0,0,0,1,0.409375,0,2,0,0,0,1,2.276029055690073
1,0,1,0,3,1,0,0,0,0,0,0,0,0,20.85,72.0,0,1,0,0,0,0,1,0,0,0,1,0,0.2856164383561644,0,0,0,1,5.2125,0,0,0,0,0,1,0.13729977116704806
0,0,0,0,3,1,0,0,0,0,0,0,0,1,19.65,68.35,0,1,0,0,0,0,1,0,0,0,1,0,0.2833453496755587,0,0,0,1,4.9125,0,0,0,0,0,1,0.14527845036319614
0,1,1,0,44,1,0,0,0,0,0,0,0,1,19.35,847.25,0,0,0,1,0,0,1,0,1,0,0,2,0.0228116710875331,0,0,0,1,0.43000000000000005,0,2,0,0,0,1,2.162162162162162
1,0,0,0,1,1,0,0,0,0,0,0,0,1,44.0,44.0,0,1,0,0,1,0,0,0,0,0,1,0,0.9777777777777776,0,0,0,1,22.0,0,0,0,0,0,1,0.022222222222222223
1,0,1,1,44,1,1,0,1,1,0,0,1,0,94.4,4295.35,0,0,1,0,0,1,0,0,0,1,0,2,0.0219721391413641,2,1,1,5,2.097777777777778,0,1,1,0,1,5,0.4612159329140461
0,0,1,1,5,1,1,0,0,0,0,0,0,1,25.9,135.0,1,1,0,0,0,0,1,1,0,0,0,0,0.1904411764705882,0,0,0,2,4.316666666666666,0,0,0,0,0,2,0.1858736059479554
0,0,0,0,24,1,1,1,0,0,0,0,0,1,55.65,1400.55,1,1,0,0,1,0,0,1,0,0,0,1,0.0397060397417145,1,0,0,3,2.226,0,0,1,0,0,3,0.4236540158870256
1,0,0,1,1,1,0,0,0,0,0,0,0,1,69.65,69.65,1,1,0,0,0,1,0,0,0,1,0,0,0.9858457183297948,0,0,0,1,34.825,0,0,0,1,1,1,0.014154281670205236
1,0,0,0,18,1,0,1,0,0,0,0,0,1,75.4,1380.4,0,1,0,0,0,1,0,0,0,1,0,1,0.0545823078036774,1,0,0,2,3.9684210526315793,0,0,1,1,0,2,0.23560209424083767
1,0,0,0,10,1,1,0,0,1,0,1,1,1,100.6,1060.2,1,1,0,0,0,1,0,0,0,1,0,0,0.0947983415001884,1,2,1,5,9.145454545454545,1,0,1,1,1,5,0.0984251968503937
1,0,1,0,65,1,0,1,1,1,0,0,1,0,71.0,4386.2,0,0,0,1,1,0,0,1,0,0,0,3,0.0161834427425237,3,1,0,5,1.0757575757575757,0,2,1,0,0,5,0.9027777777777778
1,1,0,0,1,1,0,0,1,0,0,0,1,1,86.0,86.0,1,1,0,0,0,1,0,0,0,1,0,0,0.9885057471264368,1,1,0,3,43.0,1,0,1,1,1,3,0.011494252873563218
1,0,0,0,53,1,1,1,0,1,0,1,1,1,106.95,5785.5,1,0,1,0,0,1,0,0,1,0,0,3,0.0184826751922578,2,2,1,6,1.9805555555555556,0,1,1,0,0,6,0.4909680407596109
0,0,0,0,3,1,0,0,0,0,0,0,0,0,21.2,52.05,0,0,1,0,0,0,1,0,0,0,1,0,0.3996229971724788,0,0,0,1,5.3,0,1,0,0,0,1,0.13513513513513514
0,0,1,0,33,1,0,1,1,0,1,0,0,1,61.05,2018.4,0,0,0,1,1,0,0,0,0,0,1,2,0.0302317520055462,3,0,0,4,1.7955882352941175,0,2,1,0,0,4,0.5318291700241741
0,0,0,0,3,0,0,0,1,0,0,0,0,1,29.6,79.45,1,1,0,0,1,0,0,0,0,1,0,0,0.3679303915475451,1,0,0,1,7.4,0,0,1,0,1,1,0.09803921568627451
1,0,0,0,34,1,0,1,0,1,1,1,1,1,79.95,2727.3,0,0,1,0,1,0,0,1,0,0,0,2,0.0293039621742477,3,2,0,6,2.2842857142857143,0,1,1,0,0,6,0.4200123533045089
1,0,1,1,14,1,0,0,0,0,0,0,0,1,19.7,263.65,0,0,0,1,0,0,1,0,0,0,1,1,0.0744379368977895,0,0,0,1,1.3133333333333332,0,2,0,0,0,1,0.6763285024154589
1,0,0,0,13,1,0,0,0,0,0,0,0,1,20.3,275.4,0,1,0,0,0,0,1,0,0,0,1,1,0.0734442836468885,0,0,0,1,1.45,0,0,0,0,0,1,0.6103286384976525
0,1,1,0,46,0,0,0,1,1,1,1,1,1,59.9,2816.65,1,0,1,0,1,0,0,1,0,0,0,2,0.0212588504604901,3,2,0,5,1.274468085106383,0,1,1,0,0,5,0.7553366174055829
0,0,1,1,23,1,1,0,0,0,0,0,0,0,24.35,538.5,0,0,1,0,0,0,1,0,0,0,1,1,0.0451343836886005,0,0,0,2,1.0145833333333334,0,1,0,0,0,2,0.9072978303747534
1,0,1,1,47,1,0,0,0,0,0,0,0,0,19.75,948.9,0,0,0,1,0,0,1,0,0,0,1,2,0.02079166228024,0,0,0,1,0.4114583333333333,0,2,0,0,0,1,2.2650602409638556
0,0,0,1,17,1,0,1,0,0,0,0,0,1,50.3,846.8,0,1,0,0,1,0,0,0,0,0,1,1,0.0593300306676102,1,0,0,2,2.7944444444444443,0,0,1,0,0,2,0.33138401559454195
1,0,1,1,49,1,1,0,0,0,0,1,1,1,95.6,4783.5,1,1,0,0,0,1,0,0,0,1,0,3,0.0199811892569756,0,2,1,4,1.912,0,0,0,1,1,4,0.5072463768115942
0,1,1,0,59,0,0,0,1,0,0,1,1,1,50.25,2997.45,0,1,0,0,1,0,0,0,0,1,0,3,0.0167586586402974,1,2,0,3,0.8375,0,0,1,0,1,3,1.1512195121951219
1,0,0,0,69,1,1,1,0,1,1,1,1,1,85.35,5897.4,0,0,0,1,1,0,0,0,1,0,0,3,0.0144700257697002,3,2,0,7,1.2192857142857143,0,2,1,0,0,7,0.7990735379270412
0,0,0,0,11,0,0,0,0,1,0,1,0,1,41.6,470.6,1,0,1,0,1,0,0,0,0,1,0,0,0.0882103477523324,1,1,0,2,3.466666666666667,0,1,1,0,1,2,0.25821596244131456
0,0,0,0,10,1,0,1,0,0,0,0,0,1,51.65,524.5,0,1,0,0,1,0,0,0,0,0,1,0,0.0982873453853472,1,0,0,2,4.695454545454545,0,0,1,0,0,2,0.1899335232668566
0,0,1,1,12,1,1,0,0,0,0,0,0,1,24.0,269.65,0,0,0,1,0,0,1,1,0,0,0,0,0.0886754110474783,0,0,0,2,1.8461538461538463,0,2,0,0,0,2,0.48
0,0,0,0,45,1,1,0,1,0,0,1,1,1,100.85,4740.0,1,1,0,0,0,1,0,0,1,0,0,2,0.0212718835688673,1,2,1,5,2.192391304347826,0,0,1,1,0,5,0.44182621502209135
1,0,1,1,39,1,0,0,0,1,0,1,0,1,59.85,2341.5,0,1,0,0,1,0,0,0,0,0,1,2,0.0255496264674493,1,1,0,3,1.49625,0,0,1,0,0,3,0.6409202958093673
0,1,1,0,71,1,1,0,0,0,0,0,0,0,25.45,1789.65,0,0,0,1,0,0,1,0,1,0,0,3,0.0142127160528299,0,0,0,2,0.3534722222222222,0,2,0,0,0,2,2.6843100189035916
0,0,1,1,71,1,1,0,0,0,0,0,0,0,23.9,1626.4,0,0,0,1,0,0,1,0,1,0,0,3,0.0146860022121174,0,0,0,2,0.33194444444444443,0,2,0,0,0,2,2.85140562248996
1,0,1,1,33,1,1,0,0,0,0,0,0,0,24.15,800.3,0,0,1,0,0,0,1,0,1,0,0,2,0.0301385248970423,0,0,0,2,0.7102941176470587,0,1,0,0,0,2,1.312127236580517
0,1,0,0,67,1,1,0,0,0,0,0,0,1,75.7,5060.85,0,1,0,0,0,1,0,0,0,0,1,3,0.0149550065687446,0,0,0,2,1.113235294117647,0,0,0,1,0,2,0.8735332464146023
0,0,1,1,37,0,0,1,1,1,0,0,0,0,40.2,1448.8,1,1,0,0,1,0,0,1,0,0,0,2,0.0277279624775831,3,0,0,3,1.0578947368421054,0,0,1,0,0,3,0.8980582524271844
0,0,1,1,49,1,1,0,0,0,0,1,0,0,84.5,4254.85,1,1,0,0,0,1,0,0,0,1,0,3,0.01985502308587,0,1,0,3,1.69,0,0,0,1,1,3,0.5730994152046783
1,0,1,0,9,1,0,0,1,0,0,0,0,0,50.85,466.6,0,1,0,0,1,0,0,0,0,0,1,0,0.1087467921300256,1,0,0,2,5.085,0,0,1,0,0,2,0.17357762777242045
0,0,1,0,52,1,1,1,0,1,1,0,0,1,91.6,4627.8,0,0,0,1,0,1,0,0,1,0,0,3,0.0197891462150017,3,0,1,5,1.7283018867924527,0,2,1,0,0,5,0.5615550755939526
1,0,0,0,70,1,1,0,1,0,0,1,1,0,98.9,6838.6,0,0,1,0,0,1,0,0,0,1,0,3,0.0144599099362535,1,2,1,5,1.3929577464788734,0,1,1,0,1,5,0.7007007007007007
0,0,0,0,1,1,0,0,1,0,0,0,1,1,85.0,85.0,0,1,0,0,0,1,0,0,0,1,0,0,0.9883720930232558,1,1,0,3,42.5,1,0,1,1,1,3,0.011627906976744186
1,1,0,0,14,1,1,0,1,0,0,0,0,1,78.95,1101.85,1,1,0,0,0,1,0,0,0,1,0,1,0.0715872512127669,1,0,0,3,5.263333333333334,0,0,1,1,1,3,0.17510944340212634
0,0,0,0,1,1,0,0,0,0,0,0,0,1,44.3,44.3,0,1,0,0,1,0,0,0,0,0,1,0,0.977924944812362,0,0,0,1,22.15,0,0,0,0,0,1,0.02207505518763797
0,0,0,0,1,1,0,0,0,0,0,0,0,0,20.2,20.2,1,1,0,0,0,0,1,0,0,0,1,0,0.9528301886792452,0,0,0,1,10.1,0,0,0,0,0,1,0.04716981132075472
1,0,0,0,52,1,1,0,1,0,0,0,0,1,80.2,4297.6,0,0,1,0,0,1,0,0,0,0,1,3,0.0186572372400316,1,0,0,3,1.5132075471698114,0,1,1,0,0,3,0.6403940886699507
0,0,0,0,6,1,0,0,0,1,0,1,0,0,60.9,414.1,0,1,0,0,1,0,0,0,0,0,1,0,0.1467116357504215,1,1,0,3,8.7,0,0,1,0,0,3,0.09693053311793215
0,0,1,0,7,0,0,1,1,0,0,0,0,0,34.2,256.6,0,1,0,0,1,0,0,0,0,0,1,0,0.1327639751552795,2,0,0,2,4.275,0,0,1,0,0,2,0.19886363636363635
1,1,0,0,47,1,1,0,1,1,0,0,0,1,85.2,3969.35,1,1,0,0,0,1,0,1,0,0,0,2,0.021459065321697,2,0,0,4,1.7750000000000001,0,0,1,1,0,4,0.5452436194895591
1,0,0,0,26,1,0,1,0,1,1,0,0,1,87.15,2274.1,0,0,1,0,0,1,0,0,1,0,0,2,0.0383060085270977,3,0,0,4,3.227777777777778,0,1,1,0,0,4,0.2949517867271696
0,0,1,1,25,1,0,1,0,0,1,0,0,0,54.3,1296.8,0,1,0,0,1,0,0,0,0,1,0,2,0.041840036985668,2,0,0,3,2.088461538461538,0,0,1,0,0,3,0.45207956600361665
0,0,0,0,69,1,0,0,0,0,0,0,0,1,19.1,1268.85,0,0,0,1,0,0,1,0,0,0,1,3,0.0150411465921171,0,0,0,1,0.27285714285714285,0,2,0,0,0,1,3.432835820895522
1,0,0,0,72,1,1,1,1,1,1,1,1,1,112.75,8192.6,0,0,0,1,0,1,0,0,1,0,0,3,0.0137607400898262,4,2,1,8,1.5445205479452055,0,2,1,0,0,8,0.6329670329670329
0,0,0,0,4,1,0,0,0,0,0,0,0,1,19.95,59.25,0,1,0,0,0,0,1,0,0,0,1,0,0.3311203319502074,0,0,0,1,3.9899999999999998,0,0,0,0,0,1,0.1909307875894988
0,0,1,1,59,1,0,0,0,0,0,0,0,0,19.5,1147.85,0,0,0,1,0,0,1,0,0,0,1,3,0.0169734952343648,0,0,0,1,0.325,0,2,0,0,0,1,2.8780487804878048
0,0,0,0,67,1,0,1,0,1,0,0,1,0,65.55,4361.55,0,0,0,1,1,0,0,1,0,0,0,3,0.0150256157522549,2,1,0,4,0.963970588235294,0,2,1,0,0,4,1.0067618332081143
1,1,0,0,26,1,0,0,0,0,0,0,1,1,78.8,2006.1,0,1,0,0,0,1,0,0,0,1,0,2,0.0392606247820238,0,1,0,2,2.9185185185185185,0,0,0,1,1,2,0.32581453634085217
1,0,0,0,27,1,0,0,1,1,1,1,1,0,78.2,2078.95,0,0,1,0,1,0,0,0,0,0,1,2,0.0375970576215774,3,2,0,6,2.792857142857143,0,1,1,0,0,6,0.3409090909090909
0,0,1,1,72,1,1,1,0,1,0,1,1,0,105.25,7609.75,0,0,0,1,0,1,0,1,0,0,0,3,0.0138291232795716,2,2,1,6,1.4417808219178083,0,2,1,0,0,6,0.6776470588235294
1,0,0,0,6,1,0,0,0,1,1,0,1,1,89.25,487.05,0,1,0,0,0,1,0,0,0,1,0,0,0.1828706075197213,2,1,0,4,12.75,1,0,1,1,1,4,0.0664819944598338
0,0,1,1,62,1,0,0,0,0,0,0,0,0,20.65,1218.45,0,0,0,1,0,0,1,0,1,0,0,3,0.0169338636270449,0,0,0,1,0.3277777777777778,0,2,0,0,0,1,2.863741339491917
0,0,0,0,20,1,1,0,1,0,1,1,0,1,68.7,1416.2,0,0,1,0,1,0,0,0,0,1,0,1,0.048475867908552,2,1,0,5,3.2714285714285714,0,1,1,0,1,5,0.28694404591104733
0,0,0,0,6,1,0,1,0,1,1,1,1,0,78.65,483.3,0,1,0,0,1,0,0,0,1,0,0,0,0.1623993392525294,3,2,0,6,11.235714285714286,1,0,1,0,0,6,0.07532956685499058
0,0,0,0,51,1,1,0,0,0,0,0,0,0,24.75,1234.6,0,0,0,1,0,0,1,0,0,0,1,3,0.020030754289414,0,0,0,2,0.47596153846153844,0,2,0,0,0,2,1.9805825242718447
1,0,1,1,61,1,0,0,0,0,0,0,0,0,19.75,1311.6,0,0,0,1,0,0,1,0,1,0,0,3,0.0150464726497028,0,0,0,1,0.3185483870967742,0,2,0,0,0,1,2.9397590361445785
0,1,1,0,62,1,1,1,1,1,0,0,0,1,89.1,5618.3,0,1,0,0,0,1,0,0,0,1,0,3,0.0158560674817148,3,0,0,5,1.4142857142857141,0,0,1,1,0,5,0.6881243063263042
1,0,0,0,72,1,1,1,0,0,1,0,0,1,84.7,6185.15,0,0,0,1,0,1,0,1,0,0,0,3,0.0136918762073341,2,0,0,4,1.1602739726027398,0,2,1,0,0,4,0.8401400233372228
0,1,1,0,13,1,0,0,1,1,0,1,1,1,98.0,1237.85,1,1,0,0,0,1,0,0,0,1,0,1,0.0791056221495742,2,2,1,5,7.0,0,0,1,1,1,5,0.13131313131313133
0,0,1,0,5,1,0,0,0,1,0,1,1,1,94.45,498.1,1,1,0,0,0,1,0,0,0,1,0,0,0.1892406331396513,1,2,1,4,15.741666666666667,1,0,1,1,1,4,0.05238344683080146
0,1,0,0,3,1,1,0,1,1,0,1,1,1,105.0,294.45,1,1,0,0,0,1,0,0,0,1,0,0,0.3553900829243527,2,2,1,6,26.25,1,0,1,1,1,6,0.02830188679245283
1,1,1,0,26,1,1,0,1,1,0,0,1,1,93.85,2381.55,1,1,0,0,0,1,0,0,0,1,0,2,0.0393905689282491,2,1,1,5,3.475925925925926,0,0,1,1,1,5,0.2741170268845546
0,1,0,0,13,1,0,0,1,0,0,1,0,1,59.9,788.35,0,1,0,0,1,0,0,0,0,1,0,1,0.0758852220181161,1,1,0,3,4.2785714285714285,0,0,1,0,1,3,0.21346469622331693
1,0,1,1,38,1,0,0,0,0,0,0,0,1,19.95,756.4,0,0,0,1,0,0,1,0,0,0,1,2,0.0263401109057301,0,0,0,1,0.5115384615384615,0,2,0,0,0,1,1.8138424821002388
1,1,1,0,8,1,1,0,0,0,0,0,1,1,84.0,613.4,1,1,0,0,0,1,0,0,0,1,0,0,0.13671875,0,1,0,3,9.333333333333334,1,0,0,1,1,3,0.09411764705882353
0,1,1,1,34,1,1,0,1,1,1,1,1,1,108.9,3625.2,0,1,0,0,0,1,0,0,0,1,0,2,0.0300314378688434,3,2,1,7,3.1114285714285717,0,0,1,1,1,7,0.30937215650591443
0,0,0,0,18,0,0,1,0,1,0,0,0,0,33.6,550.35,0,1,0,0,1,0,0,0,0,0,1,1,0.0609413258365829,2,0,0,2,1.7684210526315791,0,0,1,0,0,2,0.5202312138728323
0,0,1,1,56,1,0,0,1,1,1,0,0,1,85.85,4793.8,0,0,1,0,0,1,0,0,0,0,1,3,0.0179048135480103,3,0,0,4,1.506140350877193,0,1,1,0,0,4,0.6447898675877951
1,0,0,0,36,0,0,0,1,0,1,0,0,1,34.85,1267.2,0,1,0,0,1,0,0,1,0,0,0,2,0.0274798927613941,2,0,0,2,0.9418918918918919,0,0,1,0,0,2,1.00418410041841
1,0,1,0,9,0,0,0,0,1,0,1,1,1,48.75,442.2,1,1,0,0,1,0,0,0,0,1,0,0,0.1099954873646209,1,2,0,3,4.875,0,0,1,0,1,3,0.18090452261306533
0,0,0,0,1,1,0,0,0,1,0,1,0,1,84.85,84.85,1,1,0,0,0,1,0,0,0,1,0,0,0.988351776354106,1,1,0,3,42.425,1,0,1,1,1,3,0.011648223645894002
0,0,0,0,12,1,0,1,0,0,1,0,0,0,56.65,654.85,1,1,0,0,1,0,0,0,0,0,1,0,0.086376458031562,2,0,0,3,4.357692307692307,0,0,1,0,0,3,0.20815264527320035
1,1,1,1,57,1,0,0,1,1,1,1,0,1,95.3,5567.45,0,1,0,0,0,1,0,0,1,0,0,3,0.0171142777613159,3,1,1,5,1.643103448275862,0,0,1,1,0,5,0.5919003115264798
1,0,0,0,42,1,0,1,1,1,1,0,1,0,73.9,3160.55,1,0,1,0,1,0,0,0,1,0,0,2,0.0233746105549493,4,1,0,6,1.7186046511627908,0,1,1,0,0,6,0.5607476635514018
1,0,1,1,33,1,1,0,0,0,0,0,0,1,24.5,740.3,1,0,0,1,0,0,1,0,0,0,1,2,0.0330500472143531,0,0,0,2,0.7205882352941176,0,2,0,0,0,2,1.2941176470588236
0,0,1,0,70,1,0,1,1,0,1,0,0,0,84.6,5706.2,0,0,0,1,0,1,0,1,0,0,0,3,0.0148233809924306,3,0,0,4,1.1915492957746479,0,2,1,0,0,4,0.8177570093457944
1,0,0,0,68,0,0,0,1,0,1,0,1,0,44.95,3085.35,0,1,0,0,1,0,0,0,0,1,0,3,0.0145641291493187,2,1,0,3,0.6514492753623189,0,0,1,0,1,3,1.4798694232861804
0,0,0,1,1,0,0,0,0,0,0,0,0,1,24.7,24.7,0,1,0,0,1,0,0,0,0,1,0,0,0.9610894941634242,0,0,0,0,12.35,0,0,0,0,1,0,0.038910505836575876
1,0,0,0,37,1,1,0,0,0,1,1,1,0,100.3,3541.4,0,1,0,0,0,1,0,0,1,0,0,2,0.0283141373080397,1,2,1,5,2.639473684210526,0,0,1,1,0,5,0.3652517275419546
1,0,0,1,4,1,1,0,0,0,0,0,0,1,25.45,84.2,0,1,0,0,0,0,1,0,0,0,1,0,0.2987089201877934,0,0,0,2,5.09,0,0,0,0,0,2,0.15122873345935728
0,0,0,0,1,1,0,1,0,0,0,0,0,1,50.7,50.7,0,1,0,0,1,0,0,0,0,0,1,0,0.9806576402321084,1,0,0,2,25.35,0,0,1,0,0,2,0.01934235976789168
0,0,0,0,20,0,0,1,1,1,1,1,0,1,55.0,1165.55,0,1,0,0,1,0,0,0,1,0,0,1,0.0471475719000471,4,1,0,5,2.619047619047619,0,0,1,0,0,5,0.35714285714285715
0,0,1,1,72,1,0,1,1,0,1,1,0,0,68.4,4855.35,0,0,0,1,1,0,0,1,0,0,0,3,0.0140846520534969,3,1,0,5,0.936986301369863,0,2,1,0,0,5,1.037463976945245
1,0,0,0,31,1,1,0,0,1,0,0,1,1,89.9,2806.9,1,1,0,0,0,1,0,0,0,1,0,2,0.0320168097154457,1,1,1,4,2.809375,0,0,1,1,1,4,0.341034103410341
0,1,1,0,18,1,0,0,0,0,0,0,1,0,78.55,1422.65,1,1,0,0,0,1,0,0,0,1,0,1,0.0551750781442067,0,1,0,2,4.13421052631579,0,0,0,1,1,2,0.2262727844123193
0,0,1,0,11,1,0,0,0,0,0,1,0,1,55.05,608.15,0,1,0,0,1,0,0,1,0,0,0,0,0.090371829598621,0,1,0,2,4.5874999999999995,0,0,0,0,0,2,0.19625334522747548
1,0,1,1,33,1,0,0,0,0,0,0,0,0,19.8,641.35,0,0,0,1,0,0,1,0,1,0,0,2,0.0308243169611582,0,0,0,1,0.5823529411764706,0,2,0,0,0,1,1.5865384615384615
1,1,0,0,62,1,1,0,0,0,0,1,0,0,84.45,4959.15,0,0,1,0,0,1,0,0,0,1,0,3,0.017025694787456,0,1,0,3,1.3404761904761906,0,1,0,0,1,3,0.7255705090696314
1,0,0,0,1,0,0,0,0,1,1,0,0,0,35.9,35.9,0,1,0,0,1,0,0,0,0,0,1,0,0.97289972899729,2,0,0,2,17.95,0,0,1,0,0,2,0.02710027100271003
0,0,1,0,16,1,0,1,1,0,0,0,0,0,80.75,1321.3,0,1,0,0,0,1,0,1,0,0,0,1,0.0610678363457611,2,0,0,3,4.75,0,0,1,1,0,3,0.19571865443425077
0,0,1,1,22,1,1,0,0,1,1,1,1,1,78.65,1663.75,0,0,1,0,1,0,0,0,0,0,1,1,0.0472443309806277,2,2,0,6,3.4195652173913045,0,1,1,0,0,6,0.27620841180163214
1,0,1,1,49,1,0,1,0,1,1,0,0,0,61.75,3024.15,0,1,0,0,1,0,0,1,0,0,0,3,0.0204122109647455,3,0,0,4,1.235,0,0,1,0,0,4,0.7808764940239044
0,0,1,1,36,1,0,1,0,1,0,0,1,1,63.7,2188.5,0,0,1,0,1,0,0,0,1,0,0,2,0.0290934003197076,2,1,0,4,1.7216216216216218,0,1,1,0,0,4,0.5564142194744977
0,0,1,0,42,1,1,0,1,1,1,0,1,1,99.45,4138.05,1,1,0,0,0,1,0,0,0,1,0,2,0.0240272526304345,3,1,1,6,2.312790697674419,0,0,1,1,1,6,0.4181184668989547
0,1,0,0,4,0,0,0,0,0,0,0,0,1,25.2,102.5,1,1,0,0,1,0,0,1,0,0,0,0,0.2434782608695652,0,0,0,0,5.04,0,0,0,0,0,0,0.15267175572519084
1,0,0,0,12,1,1,0,0,0,1,1,1,0,74.05,872.65,1,0,1,0,1,0,0,0,0,0,1,0,0.0847593429863217,1,2,0,5,5.696153846153846,0,1,1,0,0,5,0.15989340439706862
1,0,0,0,31,1,0,1,0,1,1,0,0,0,87.6,2724.25,0,1,0,0,0,1,0,0,0,1,0,2,0.0321438400146775,3,0,0,4,2.7375,0,0,1,1,0,4,0.34988713318284426
0,0,1,0,5,1,1,1,0,0,0,0,1,1,89.15,413.25,0,1,0,0,0,1,0,0,0,1,0,0,0.2152082076041038,1,1,0,4,14.858333333333334,1,0,1,1,0,4,0.05546311702717693
0,0,1,1,66,1,0,0,0,0,0,0,0,0,20.0,1374.2,0,0,0,1,0,0,1,0,1,0,0,3,0.0145433391506689,0,0,0,1,0.29850746268656714,0,2,0,0,0,1,3.142857142857143
1,1,0,0,15,1,1,0,0,0,1,0,0,0,55.0,757.1,1,1,0,0,1,0,0,0,1,0,0,1,0.0725497955414852,1,0,0,3,3.4375,0,0,1,0,0,3,0.26785714285714285
0,0,0,0,64,1,1,0,1,1,0,1,1,1,104.4,6692.65,0,0,0,1,0,1,0,1,0,0,0,3,0.0155968716619482,2,2,1,6,1.6061538461538463,0,2,1,0,0,6,0.6072106261859582
0,0,1,1,10,1,0,0,0,0,0,0,0,1,20.05,218.5,0,1,0,0,0,0,1,0,1,0,0,0,0.0913439635535307,0,0,0,1,1.8227272727272728,0,0,0,0,0,1,0.4750593824228028
0,0,1,1,7,1,0,0,1,0,1,1,0,1,89.75,608.8,1,1,0,0,0,1,0,0,0,1,0,0,0.147179403082978,2,1,0,4,11.21875,1,0,1,1,1,4,0.07713498622589532
0,0,0,0,29,0,0,0,1,0,1,0,0,0,34.3,1004.75,0,1,0,0,1,0,0,0,0,1,0,2,0.0341039025602784,2,0,0,2,1.1433333333333333,0,0,1,0,1,2,0.821529745042493
0,0,0,0,57,1,0,0,0,0,0,0,0,0,20.65,1125.6,0,0,0,1,0,0,1,1,0,0,0,3,0.0183294869518906,0,0,0,1,0.35603448275862065,0,2,0,0,0,1,2.632794457274827
1,0,0,0,46,1,1,1,1,0,0,0,0,0,84.25,3847.6,0,1,0,0,0,1,0,0,0,0,1,2,0.0218910772748531,2,0,0,4,1.7925531914893618,0,0,1,1,0,4,0.5395894428152492
0,0,0,0,53,1,0,0,0,0,0,0,0,0,19.65,978.0,0,0,0,1,0,0,1,1,0,0,0,3,0.0200715015321756,0,0,0,1,0.3638888888888889,0,2,0,0,0,1,2.566585956416465
1,0,0,0,17,1,0,1,1,0,1,1,1,0,79.85,1387.35,0,0,1,0,1,0,0,0,1,0,0,1,0.0575143155544351,3,2,0,6,4.436111111111111,0,1,1,0,0,6,0.21026592455163884
1,0,1,1,38,1,0,0,0,0,0,0,0,1,20.2,746.05,0,0,0,1,0,0,1,0,0,0,1,2,0.0270396894451509,0,0,0,1,0.5179487179487179,0,2,0,0,0,1,1.7924528301886793
0,0,0,0,15,1,0,0,0,0,0,0,0,0,19.8,304.6,0,0,1,0,0,0,1,0,0,0,1,1,0.0647905759162303,0,0,0,1,1.2375,0,1,0,0,0,1,0.7211538461538461
1,0,0,0,22,0,0,0,1,0,0,1,1,1,50.35,1098.85,0,1,0,0,1,0,0,0,0,1,0,1,0.0457789698595263,1,2,0,3,2.1891304347826086,0,0,1,0,1,3,0.42843232716650437
0,0,1,0,14,1,1,0,0,0,0,0,1,1,85.15,1139.2,1,1,0,0,0,1,0,0,0,1,0,1,0.0746798807226802,0,1,0,3,5.676666666666667,0,0,0,1,1,3,0.16250725478816017
1,0,1,0,57,1,1,0,1,1,1,1,0,0,74.6,4368.95,0,0,1,0,1,0,0,1,0,0,0,3,0.0170711335369969,3,1,0,6,1.286206896551724,0,1,1,0,0,6,0.7539682539682541
0,1,0,0,11,1,0,0,0,0,0,0,1,1,79.15,827.7,0,1,0,0,0,1,0,0,1,0,0,0,0.0955110413901291,0,1,0,2,6.595833333333334,1,0,0,1,0,2,0.1372426699937617
1,0,1,1,1,1,0,0,0,0,0,0,0,0,20.35,20.35,0,0,0,1,0,0,1,0,0,0,1,0,0.9531615925058547,0,0,0,1,10.175,0,2,0,0,0,1,0.046838407494145196
0,0,1,1,12,1,0,0,0,0,0,0,0,0,21.05,262.05,0,0,0,1,0,0,1,1,0,0,0,0,0.0800228093518342,0,0,0,1,1.6192307692307693,0,2,0,0,0,1,0.5442176870748299
0,1,1,0,3,1,1,0,0,0,0,1,1,1,94.6,279.55,1,1,0,0,0,1,0,0,0,1,0,0,0.3371947959365531,0,2,1,4,23.65,1,0,0,1,1,4,0.03138075313807531
0,0,0,1,36,1,0,0,1,0,0,1,1,1,94.7,3512.5,0,1,0,0,0,1,0,0,0,1,0,2,0.0269531805891561,1,2,1,4,2.5594594594594597,0,0,1,1,1,4,0.37617554858934166
0,0,0,0,16,1,0,1,0,0,0,1,1,1,94.25,1483.25,1,1,0,0,0,1,0,0,0,1,0,1,0.0635000842176183,1,2,1,4,5.544117647058823,0,0,1,1,0,4,0.1679790026246719
0,0,1,1,65,1,1,1,1,1,0,0,1,0,72.45,4653.85,1,0,1,0,1,0,0,0,1,0,0,3,0.0155644113129316,3,1,0,6,1.0977272727272727,0,1,1,0,0,6,0.8849557522123893
0,0,0,0,2,1,0,0,1,0,0,0,0,0,74.95,151.75,0,1,0,0,0,1,0,0,0,1,0,0,0.490671031096563,1,0,0,2,24.983333333333334,1,0,1,1,1,2,0.026333113890717578
1,0,0,0,42,1,1,1,0,1,0,1,1,1,105.2,4400.75,1,1,0,0,0,1,0,0,0,1,0,2,0.0238995853921735,2,2,1,6,2.4465116279069767,0,0,1,1,0,6,0.39548022598870053
0,0,1,1,72,1,0,1,1,1,1,1,1,0,111.95,8033.1,0,0,0,1,0,1,0,1,0,0,0,3,0.0139343548126112,4,2,1,7,1.5335616438356166,0,2,1,0,0,7,0.6374501992031872
0,0,0,0,62,1,0,0,0,0,0,0,0,0,19.85,1253.65,0,0,0,1,0,0,1,1,0,0,0,3,0.0158211453393376,0,0,0,1,0.3150793650793651,0,2,0,0,0,1,2.9736211031175057
1,0,0,0,6,1,1,0,1,0,0,1,0,1,89.75,552.65,0,1,0,0,0,1,0,0,0,1,0,0,0.1621060236611577,1,1,0,4,12.821428571428571,1,0,1,1,1,4,0.06611570247933884
0,0,1,0,48,1,0,0,0,0,0,0,0,1,20.05,1036.0,0,0,0,1,0,0,1,0,0,0,1,2,0.019334619093539,0,0,0,1,0.4091836734693878,0,2,0,0,0,1,2.2802850356294537
0,0,0,0,35,1,1,1,0,1,1,1,1,1,108.95,4025.5,0,0,0,1,0,1,0,0,0,1,0,2,0.0270582391655283,3,2,1,7,3.026388888888889,0,2,1,0,0,7,0.3183265120509322
0,0,0,1,52,1,0,0,0,0,0,0,0,0,19.65,928.4,0,0,1,0,0,0,1,0,1,0,0,3,0.0211426726920593,0,0,0,1,0.37075471698113205,0,1,0,0,0,1,2.5181598062953996
1,0,0,0,1,0,0,0,0,0,0,0,0,1,24.9,24.9,0,1,0,0,1,0,0,0,0,0,1,0,0.9613899613899614,0,0,0,0,12.45,0,0,0,0,0,0,0.03861003861003861
0,0,1,0,6,1,1,0,0,0,0,1,0,1,82.85,460.25,1,1,0,0,0,1,0,0,0,1,0,0,0.179620596205962,0,1,0,3,11.835714285714285,1,0,0,1,1,3,0.07155635062611808
1,0,1,0,71,1,1,1,1,1,1,1,1,0,93.2,6506.15,0,0,0,1,1,0,0,0,1,0,0,3,0.0143227065612441,4,2,1,8,1.2944444444444445,0,2,1,0,0,8,0.7537154989384288
1,0,1,1,67,1,0,1,1,1,0,0,0,0,84.8,5598.3,0,0,1,0,0,1,0,1,0,0,0,3,0.0151447502366367,3,0,0,4,1.2470588235294118,0,1,1,0,0,4,0.7808857808857809
0,1,0,0,60,1,1,1,1,0,0,0,1,1,71.75,4374.55,0,0,1,0,1,0,0,0,0,1,0,3,0.0163979385448686,2,1,0,5,1.1762295081967213,0,1,1,0,0,5,0.8247422680412371
0,0,1,1,23,0,0,0,0,0,1,0,0,1,30.35,678.75,0,1,0,0,1,0,0,1,0,0,0,1,0.0446487679293858,1,0,0,1,1.2645833333333334,0,0,1,0,0,1,0.733652312599681
0,0,0,1,39,0,0,0,0,1,1,1,1,0,54.85,2191.7,0,0,1,0,1,0,0,1,0,0,0,2,0.0250148219090618,2,2,0,4,1.37125,0,1,1,0,0,4,0.6982990152193375
0,0,1,1,15,1,0,0,0,0,0,0,0,1,19.5,239.75,0,0,1,0,0,0,1,0,0,0,1,1,0.0809968847352024,0,0,0,1,1.21875,0,1,0,0,0,1,0.7317073170731707
0,1,1,0,53,1,1,0,1,1,0,1,1,1,103.85,5485.5,1,1,0,0,0,1,0,0,0,1,0,3,0.018928278501777,2,2,1,6,1.923148148148148,0,0,1,1,1,6,0.5054840247973296
0,0,1,1,24,1,1,0,0,0,0,0,0,0,24.2,609.05,0,0,0,1,0,0,1,0,0,0,1,1,0.0396688796000327,0,0,0,2,0.968,0,2,0,0,0,2,0.9523809523809524
1,0,1,1,37,1,0,0,0,0,0,0,0,0,19.35,683.75,0,1,0,0,0,0,1,0,0,1,0,2,0.0282584884994523,0,0,0,1,0.5092105263157896,0,0,0,0,1,1,1.8181818181818181
1,0,1,1,5,1,0,0,1,0,0,0,1,1,83.6,404.2,1,1,0,0,0,1,0,0,0,1,0,0,0.2063178677196446,1,1,0,3,13.933333333333332,1,0,1,1,1,3,0.0591016548463357
1,1,1,0,50,1,1,0,0,0,1,1,1,1,100.65,5189.75,0,0,1,0,0,1,0,0,0,1,0,3,0.0193902615229013,1,2,1,5,1.973529411764706,0,1,1,0,1,5,0.49188391539596654
1,0,0,0,54,1,0,0,0,1,0,1,1,1,94.1,5060.9,0,0,1,0,0,1,0,0,1,0,0,3,0.0185898575633655,1,2,1,4,1.7109090909090907,0,1,1,0,0,4,0.5678233438485805
1,0,0,0,3,1,0,1,0,0,0,0,0,1,74.55,233.65,0,1,0,0,0,1,0,0,0,1,0,0,0.317707223524398,1,0,0,2,18.6375,1,0,1,1,0,2,0.03970880211780278
0,0,0,0,68,1,1,0,1,1,1,1,1,0,108.45,7176.55,1,0,1,0,0,1,0,0,0,1,0,3,0.0151096126115457,3,2,1,7,1.5717391304347827,0,1,1,0,1,7,0.6212882594792143
0,0,0,0,5,1,0,0,0,1,1,0,0,0,56.15,291.45,0,1,0,0,1,0,0,0,0,1,0,0,0.1919986322448282,2,0,0,3,9.358333333333333,0,0,1,0,1,3,0.08748906386701663
0,0,0,0,33,1,0,0,0,0,0,0,0,0,20.35,689.75,0,0,0,1,0,0,1,0,0,0,1,2,0.0294607310893955,0,0,0,1,0.598529411764706,0,2,0,0,0,1,1.5456674473067915
1,0,0,0,41,1,1,0,1,1,0,1,1,1,80.55,3263.9,0,0,1,0,1,0,0,0,0,1,0,2,0.024671506018561,2,2,0,6,1.9178571428571427,0,1,1,0,1,6,0.5027590435315757
1,0,1,1,34,0,0,1,0,1,1,1,1,0,61.25,1993.2,0,0,1,0,1,0,0,0,0,0,1,2,0.0307140708053354,3,2,0,5,1.75,0,1,1,0,0,5,0.5461847389558233
1,0,1,1,13,1,0,0,0,0,0,0,0,1,20.45,254.5,0,1,0,0,0,0,1,0,0,0,1,1,0.0800391389432485,0,0,0,1,1.4607142857142856,0,0,0,0,0,1,0.6060606060606061
1,0,0,0,20,1,0,0,0,0,0,0,0,1,18.9,347.65,0,1,0,0,0,0,1,0,1,0,0,1,0.0542090922128208,0,0,0,1,0.8999999999999999,0,0,0,0,0,1,1.0050251256281408
1,1,0,0,51,1,0,0,0,0,0,0,0,0,19.6,967.9,0,0,0,1,0,0,1,0,1,0,0,3,0.0202291258127773,0,0,0,1,0.37692307692307697,0,2,0,0,0,1,2.4757281553398056
1,0,1,0,3,1,1,0,1,0,0,0,1,1,91.5,242.95,1,1,0,0,0,1,0,0,1,0,0,0,0.3750768600122976,1,1,1,4,22.875,1,0,1,1,0,4,0.032432432432432434
1,0,0,1,41,1,0,0,0,0,0,0,0,0,45.2,1841.9,0,1,0,0,1,0,0,1,0,0,0,2,0.0245265613977969,0,0,0,1,1.0761904761904764,0,0,0,0,0,1,0.8874458874458874
1,0,0,0,13,1,0,0,0,0,0,0,0,0,19.45,232.1,0,1,0,0,0,0,1,0,1,0,0,1,0.0834405834405834,0,0,0,1,1.3892857142857142,0,0,0,0,0,1,0.6356968215158925
0,0,1,1,35,1,1,0,0,0,0,0,0,0,25.45,809.25,0,0,0,1,0,0,1,1,0,0,0,2,0.0314100586238815,0,0,0,2,0.7069444444444444,0,2,0,0,0,2,1.3232514177693762
0,0,1,0,12,1,0,1,0,0,1,0,0,0,80.85,866.45,1,1,0,0,0,1,0,1,0,0,0,0,0.0932042192633581,2,0,0,3,6.2192307692307685,0,0,1,1,0,3,0.14660965180207697
0,0,0,0,4,1,0,1,1,0,1,0,1,1,94.9,360.55,0,1,0,0,0,1,0,0,0,0,1,0,0.2624809846494261,3,1,1,5,18.98,1,0,1,1,0,5,0.04171011470281543
1,0,0,0,43,0,0,0,0,1,0,1,1,1,49.05,2076.2,1,1,0,0,1,0,0,1,0,0,0,2,0.0236135181975736,1,2,0,3,1.1147727272727272,0,0,1,0,0,3,0.8591408591408591
1,1,1,1,12,0,0,0,0,0,1,0,0,1,29.3,355.9,0,1,0,0,1,0,0,0,0,0,1,0,0.0820958251611095,1,0,0,1,2.253846153846154,0,0,1,0,0,1,0.396039603960396
0,1,1,0,68,1,1,0,1,1,0,1,1,1,105.3,7299.65,1,1,0,0,0,1,0,0,0,1,0,3,0.0144233732612849,2,2,1,6,1.526086956521739,0,0,1,1,1,6,0.6396989651928504
0,1,0,0,25,1,1,0,1,0,0,1,0,1,88.95,2291.2,1,1,0,0,0,1,0,0,0,1,0,2,0.0388055143530233,1,1,0,4,3.4211538461538464,0,0,1,1,1,4,0.27793218454697055
1,0,0,0,7,1,0,0,0,0,0,0,0,0,20.25,129.15,0,0,1,0,0,0,1,0,0,0,1,0,0.1555897041874759,0,0,0,1,2.53125,0,1,0,0,0,1,0.32941176470588235
0,1,1,0,66,1,1,0,1,1,1,1,1,1,110.85,7491.75,1,0,1,0,0,1,0,0,0,1,0,3,0.0147943011577858,3,2,1,7,1.6544776119402984,0,1,1,0,1,7,0.5900759946356728
1,0,1,0,53,1,0,1,1,1,1,1,1,0,110.5,5835.5,0,0,1,0,0,1,0,0,0,1,0,3,0.0189325794568662,4,2,1,7,2.0462962962962963,0,1,1,0,0,7,0.47533632286995514
0,1,0,0,63,1,1,1,1,1,0,1,1,1,109.4,7031.45,0,1,0,0,0,1,0,1,0,0,0,3,0.0155564561425961,3,2,1,7,1.709375,0,0,1,1,0,7,0.5706521739130435
1,0,1,1,70,1,1,1,1,1,1,1,1,1,114.2,7723.9,1,0,0,1,0,1,0,1,0,0,0,3,0.014783362891429,4,2,1,8,1.6084507042253522,0,2,1,0,0,8,0.6076388888888888
0,1,1,0,27,0,0,0,0,0,0,0,1,0,36.5,1032.0,1,1,0,0,1,0,0,1,0,0,0,2,0.0353339787028073,0,1,0,1,1.3035714285714286,0,0,0,0,0,1,0.72
1,0,0,0,1,1,0,0,0,0,0,0,0,0,70.75,70.75,1,1,0,0,0,1,0,0,0,0,1,0,0.9860627177700348,0,0,0,1,35.375,1,0,0,1,0,1,0.013937282229965157
1,0,0,0,5,1,0,0,0,0,0,0,0,0,19.95,109.6,0,1,0,0,0,0,1,0,0,0,1,0,0.180379746835443,0,0,0,1,3.3249999999999997,0,0,0,0,0,1,0.23866348448687352
1,1,1,0,37,1,0,0,0,0,0,0,0,0,19.6,727.8,0,0,1,0,0,0,1,0,0,0,1,2,0.026893523600439,0,0,0,1,0.5157894736842106,0,1,0,0,0,1,1.7961165048543688
0,0,0,0,3,0,0,0,0,1,0,1,0,1,40.15,130.75,1,1,0,0,1,0,0,0,0,0,1,0,0.3047438330170778,1,1,0,2,10.0375,0,0,1,0,0,2,0.07290400972053464
1,0,0,1,12,1,1,0,0,0,0,0,0,1,76.6,893.0,0,1,0,0,0,1,0,0,0,1,0,0,0.0856823266219239,0,0,0,2,5.892307692307692,0,0,0,1,1,2,0.15463917525773196
1,0,1,1,38,1,0,0,0,0,0,0,0,0,19.6,763.1,0,0,1,0,0,0,1,0,1,0,0,2,0.0256510927889019,0,0,0,1,0.5025641025641026,0,1,0,0,0,1,1.8446601941747571
1,0,0,0,9,1,0,0,0,1,0,0,1,1,85.3,781.4,0,1,0,0,0,1,0,0,1,0,0,0,0.109023517382413,1,1,0,3,8.53,1,0,1,1,0,3,0.10428736964078796
0,0,1,0,13,1,1,1,0,0,0,0,1,1,65.85,902.25,0,1,0,0,1,0,0,0,0,1,0,1,0.0729034043730971,1,1,0,4,4.703571428571428,0,0,1,0,0,4,0.19446522064323113
0,1,1,0,29,1,1,0,0,0,0,1,1,1,94.45,2653.65,1,1,0,0,0,1,0,0,0,1,0,2,0.0355790782212344,0,2,1,4,3.1483333333333334,0,0,0,1,1,4,0.3038239916186485
1,0,1,1,47,1,0,0,0,0,0,0,0,0,20.05,1016.7,0,0,0,1,0,0,1,0,1,0,0,2,0.0197012872162719,0,0,0,1,0.41770833333333335,0,2,0,0,0,1,2.2327790973871733
0,0,1,0,61,1,1,1,0,1,1,1,0,0,99.4,5943.65,0,1,0,0,0,1,0,1,0,0,0,3,0.0167209171271647,3,1,1,6,1.603225806451613,0,0,1,1,0,6,0.6075697211155379
0,0,0,0,16,1,0,0,0,0,0,0,0,0,20.0,275.7,0,1,0,0,0,0,1,0,0,0,1,1,0.0722804481387784,0,0,0,1,1.1764705882352942,0,0,0,0,0,1,0.7619047619047619
1,0,1,1,41,1,0,1,1,0,1,1,1,0,78.45,3126.45,0,0,0,1,1,0,0,0,0,1,0,2,0.0250843338822363,3,2,0,6,1.8678571428571429,0,2,1,0,0,6,0.5160478288231592
1,0,0,1,43,1,1,0,0,0,0,0,0,1,25.1,1070.15,0,0,0,1,0,0,1,0,0,1,0,2,0.0234327591840545,0,0,0,2,0.5704545454545454,0,2,0,0,1,2,1.6475095785440612
1,0,1,1,36,1,1,0,1,1,0,1,0,1,97.35,3457.9,1,1,0,0,0,1,0,1,0,0,0,2,0.0281447859145971,2,1,1,5,2.631081081081081,0,0,1,1,0,5,0.3660396542958821
1,0,0,0,6,1,0,0,0,0,0,0,1,1,55.0,340.4,0,1,0,0,1,0,0,0,0,1,0,0,0.1611013473930873,0,1,0,2,7.857142857142857,0,0,0,0,1,2,0.10714285714285714
1,0,0,0,58,1,1,1,1,1,1,0,0,1,71.1,4299.2,0,0,1,0,1,0,0,0,1,0,0,3,0.0165341146923398,4,0,0,6,1.2050847457627119,0,1,1,0,0,6,0.8044382801664356
0,0,0,0,19,1,0,0,0,0,1,1,0,1,61.55,1093.2,0,1,0,0,1,0,0,0,1,0,0,1,0.0562511423871321,1,1,0,3,3.0774999999999997,0,0,1,0,0,3,0.30375699440447645
0,0,1,0,11,1,0,0,0,0,0,0,0,1,45.9,521.9,0,1,0,0,1,0,0,1,0,0,0,0,0.0877796901893287,0,0,0,1,3.8249999999999997,0,0,0,0,0,1,0.2345415778251599
1,0,0,0,39,0,0,1,1,0,1,0,0,1,40.3,1630.4,0,0,1,0,1,0,0,1,0,0,0,2,0.0247027093294103,3,0,0,3,1.0074999999999998,0,1,1,0,0,3,0.9443099273607749
1,1,0,0,8,1,0,0,1,0,0,1,0,1,87.1,713.6,0,1,0,0,0,1,0,0,0,1,0,0,0.1218863699972012,1,1,0,3,9.677777777777777,1,0,1,1,1,3,0.09080590238365495
1,0,0,1,26,1,1,0,0,0,0,0,0,1,49.5,1265.65,0,1,0,0,1,0,0,0,0,0,1,2,0.0390794615718627,0,0,0,2,1.8333333333333333,0,0,0,0,0,2,0.5148514851485149
1,1,0,0,53,1,0,0,1,0,0,0,0,1,73.8,4003.85,0,1,0,0,0,1,0,0,1,0,0,3,0.0184276564665343,1,0,0,2,1.3666666666666667,0,0,1,1,0,2,0.7085561497326204
1,0,1,1,70,1,0,0,0,0,0,0,0,1,19.2,1401.4,0,0,0,1,0,0,1,0,0,0,1,3,0.0136908157444381,0,0,0,1,0.2704225352112676,0,2,0,0,0,1,3.4653465346534653
0,0,0,0,1,0,0,0,0,0,0,1,1,1,45.3,45.3,1,1,0,0,1,0,0,0,0,0,1,0,0.978401727861771,0,2,0,2,22.65,0,0,0,0,0,2,0.021598272138228944
0,0,0,0,59,1,1,0,0,0,0,0,0,0,25.0,1510.5,0,0,0,1,0,0,1,0,0,0,1,3,0.016539861065167,0,0,0,2,0.4166666666666667,0,2,0,0,0,2,2.269230769230769
0,0,0,0,2,1,0,0,0,1,0,1,1,0,94.95,178.1,1,1,0,0,0,1,0,0,0,1,0,0,0.5301507537688442,1,2,1,4,31.650000000000002,1,0,1,1,1,4,0.020844189682126108
0,0,0,0,7,0,0,1,0,1,0,0,0,0,35.3,264.8,0,0,1,0,1,0,0,0,0,0,1,0,0.1328066215199398,2,0,0,2,4.4125,0,1,1,0,0,2,0.1928374655647383
1,0,0,1,12,1,0,0,0,0,0,0,0,1,44.55,480.6,1,1,0,0,1,0,0,0,0,1,0,0,0.0925041528239202,0,0,0,1,3.4269230769230767,0,0,0,0,1,1,0.26344676180021953
0,0,1,1,59,1,0,0,1,1,1,1,1,0,76.75,4541.9,0,0,1,0,1,0,0,0,1,0,0,3,0.0168944947060247,3,2,0,6,1.2791666666666666,0,1,1,0,0,6,0.7588424437299035
0,0,1,1,61,1,1,0,0,1,1,1,1,1,81.0,4976.15,0,0,0,1,1,0,0,1,0,0,0,3,0.0162743738886712,2,2,0,6,1.3064516129032258,0,2,1,0,0,6,0.7439024390243902
0,0,1,1,72,1,1,1,0,1,0,1,1,1,105.55,7542.25,0,0,0,1,0,1,0,1,0,0,0,3,0.0139926424286613,2,2,1,6,1.4458904109589041,0,2,1,0,0,6,0.6757390896292821
1,0,1,1,13,1,0,0,0,0,0,0,0,0,18.8,251.25,0,1,0,0,0,0,1,0,0,0,1,1,0.0745292368681863,0,0,0,1,1.342857142857143,0,0,0,0,0,1,0.6565656565656566
1,0,1,1,64,1,1,0,0,0,0,0,0,0,24.9,1595.5,0,0,1,0,0,0,1,0,0,0,1,3,0.0155966176010021,0,0,0,2,0.38307692307692304,0,1,0,0,0,2,2.471042471042471
0,0,1,0,1,0,0,0,0,0,0,0,0,1,23.45,23.45,1,1,0,0,1,0,0,0,0,1,0,0,0.9591002044989776,0,0,0,0,11.725,0,0,0,0,1,0,0.0408997955010225
1,0,0,0,10,1,0,0,1,0,1,0,1,0,64.9,685.55,0,0,1,0,1,0,0,0,0,0,1,0,0.0945306241351686,2,1,0,4,5.9,0,1,1,0,0,4,0.15174506828528073
1,0,1,1,65,1,0,1,1,1,0,0,0,0,61.35,3874.1,0,0,1,0,1,0,0,1,0,0,0,3,0.015831849500658,3,0,0,4,0.9295454545454546,0,1,1,0,0,4,1.0425020048115476
1,0,1,0,62,1,1,1,1,1,1,1,1,0,113.95,6891.4,0,0,0,1,0,1,0,0,0,0,1,3,0.0165327026870175,4,2,1,8,1.8087301587301587,0,2,1,0,0,8,0.5393649412788168
1,0,1,0,55,1,1,1,1,1,1,1,1,1,90.15,4916.95,0,0,1,0,1,0,0,0,0,1,0,3,0.0183308085686109,4,2,1,8,1.6098214285714287,0,1,1,0,0,8,0.6034009873834338
1,0,1,0,25,1,1,0,1,0,0,0,0,0,54.1,1373.0,0,1,0,0,1,0,0,0,0,1,0,2,0.0393740902474526,1,0,0,3,2.080769230769231,0,0,1,0,1,3,0.4537205081669691
0,0,0,0,1,0,0,1,0,0,0,0,0,0,29.7,29.7,1,1,0,0,1,0,0,0,0,0,1,0,0.96742671009772,1,0,0,1,14.85,0,0,1,0,0,1,0.03257328990228013
0,0,0,0,1,1,0,1,0,0,0,0,0,1,49.8,49.8,0,1,0,0,1,0,0,0,1,0,0,0,0.9803149606299212,1,0,0,2,24.9,0,0,1,0,0,2,0.01968503937007874
1,0,1,0,59,1,1,0,1,0,0,1,1,0,101.1,6039.9,1,1,0,0,0,1,0,0,0,1,0,3,0.0167359168335844,1,2,1,5,1.6849999999999998,0,0,1,1,1,5,0.5778648383937317
0,1,1,1,64,1,1,0,0,0,0,0,0,1,24.4,1548.65,0,0,0,1,0,0,1,1,0,0,0,3,0.0157454909173039,0,0,0,2,0.37538461538461537,0,2,0,0,0,2,2.5196850393700787
0,0,1,0,36,1,1,0,0,0,0,1,1,1,95.0,3440.25,0,1,0,0,0,1,0,1,0,0,0,2,0.0276062477297493,0,2,1,4,2.5675675675675675,0,0,0,1,0,4,0.375
1,0,0,0,3,1,1,0,0,0,0,0,0,1,50.65,151.3,1,1,0,0,1,0,0,0,0,0,1,0,0.3325673013788575,0,0,0,2,12.6625,0,0,0,0,0,2,0.05808325266214908
0,0,1,0,61,1,1,1,0,1,0,0,1,1,69.9,4226.7,0,0,0,1,1,0,0,0,0,0,1,3,0.0165338127114033,2,1,0,5,1.1274193548387097,0,2,1,0,0,5,0.8603667136812411
0,0,0,1,26,0,0,0,1,0,0,1,0,1,39.95,1023.75,0,0,1,0,1,0,0,1,0,0,0,2,0.0389851183215418,1,1,0,2,1.4796296296296296,0,1,1,0,0,2,0.6349206349206349
1,0,0,0,1,1,0,0,0,0,0,0,1,1,55.4,55.4,1,1,0,0,1,0,0,0,0,1,0,0,0.9822695035460992,0,1,0,2,27.7,0,0,0,0,1,2,0.01773049645390071
1,1,1,0,1,1,1,0,1,0,0,1,0,1,90.6,90.6,1,1,0,0,0,1,0,0,0,1,0,0,0.9890829694323144,1,1,1,4,45.3,1,0,1,1,1,4,0.01091703056768559
0,0,1,1,68,1,0,1,1,1,0,1,1,1,103.25,7074.4,0,0,0,1,0,1,0,0,1,0,0,3,0.0145928145405206,3,2,1,6,1.4963768115942029,0,2,1,0,0,6,0.6522781774580336
0,1,1,0,2,1,1,0,0,0,0,1,0,1,86.85,156.35,1,1,0,0,0,1,0,0,0,0,1,0,0.551954242135367,0,1,0,3,28.95,1,0,0,1,0,3,0.022766078542970976
1,0,1,0,72,1,1,1,1,1,1,0,0,1,94.25,6849.75,0,0,0,1,0,1,0,1,0,0,0,3,0.0137576177790752,4,0,1,6,1.2910958904109588,0,2,1,0,0,6,0.7559055118110236
1,0,1,0,71,0,0,0,0,1,1,0,1,1,47.05,3263.6,0,0,0,1,1,0,0,0,0,1,0,3,0.0144121791337376,2,1,0,3,0.6534722222222222,0,2,1,0,1,3,1.4776274713839752
0,0,0,0,57,1,0,0,0,0,0,0,0,0,20.55,1252.85,0,0,0,1,0,0,1,0,1,0,0,3,0.0163895202775451,0,0,0,1,0.3543103448275862,0,2,0,0,0,1,2.645011600928074
0,0,0,0,4,1,0,0,0,0,0,0,0,1,19.65,67.55,0,1,0,0,0,0,1,0,0,0,1,0,0.286652078774617,0,0,0,1,3.9299999999999997,0,0,0,0,0,1,0.19370460048426152
1,1,0,0,1,1,0,0,0,0,0,0,0,1,70.2,70.2,0,1,0,0,0,1,0,0,0,1,0,0,0.9859550561797752,0,0,0,1,35.1,1,0,0,1,1,1,0.014044943820224719
0,0,1,1,72,1,1,1,1,1,1,0,1,0,81.0,5750.0,0,0,0,1,1,0,0,0,1,0,0,3,0.0140845070422535,4,1,0,7,1.1095890410958904,0,2,1,0,0,7,0.8780487804878049
0,0,1,1,21,1,1,1,0,0,0,1,1,1,75.9,1549.75,0,0,1,0,1,0,0,1,0,0,0,1,0.0489440593261325,1,2,0,5,3.45,0,1,1,0,0,5,0.2730819245773732
1,0,1,1,71,1,1,0,0,0,0,0,0,0,24.7,1810.55,0,0,0,1,0,0,1,1,0,0,0,3,0.0136347326874775,0,0,0,2,0.34305555555555556,0,2,0,0,0,2,2.762645914396887
1,1,1,0,29,1,1,0,0,1,0,1,1,1,99.05,2952.85,1,1,0,0,0,1,0,1,0,0,0,2,0.0335325084212129,1,2,1,5,3.3016666666666667,0,0,1,1,0,5,0.2898550724637681
1,1,0,0,69,1,1,1,0,1,1,1,1,0,110.25,7467.55,0,0,0,1,0,1,0,0,1,0,0,3,0.0147619015739333,3,2,1,7,1.575,0,2,1,0,0,7,0.6202247191011236
1,0,1,0,64,1,1,1,0,1,1,1,1,1,85.0,5484.4,0,0,0,1,1,0,0,0,1,0,0,3,0.0154956794399679,3,2,0,7,1.3076923076923077,0,2,1,0,0,7,0.7441860465116279
0,0,0,0,16,1,0,0,0,0,0,0,0,0,19.75,294.9,0,1,0,0,0,0,1,0,1,0,0,1,0.0667455221358567,0,0,0,1,1.161764705882353,0,0,0,0,0,1,0.7710843373493976
1,0,0,0,4,1,1,0,0,0,0,0,0,0,23.9,97.5,0,0,1,0,0,0,1,0,0,1,0,0,0.2426395939086294,0,0,0,2,4.779999999999999,0,1,0,0,1,2,0.1606425702811245
1,0,0,0,52,1,1,1,1,0,1,1,1,1,111.25,5916.45,1,0,1,0,0,1,0,0,1,0,0,3,0.0188003278439192,3,2,1,7,2.099056603773585,0,1,1,0,0,7,0.46325167037861914
0,0,0,0,2,1,0,1,0,1,0,0,0,1,55.1,113.35,1,1,0,0,1,0,0,0,0,0,1,0,0.4818539571491037,2,0,0,3,18.366666666666667,0,0,1,0,0,3,0.035650623885918005
0,0,0,0,1,1,0,0,0,0,0,0,0,0,19.95,19.95,0,1,0,0,0,0,1,0,0,0,1,0,0.9522673031026252,0,0,0,1,9.975,0,0,0,0,0,1,0.0477326968973747
0,0,0,0,18,0,0,0,0,0,0,0,0,0,25.15,476.8,0,1,0,0,1,0,0,0,0,0,1,1,0.0526370866471326,0,0,0,0,1.3236842105263158,0,0,0,0,0,0,0.6883365200764818
1,0,0,0,2,1,1,0,1,0,0,0,0,0,54.15,101.65,0,1,0,0,1,0,0,0,0,0,1,0,0.5275207014125669,1,0,0,3,18.05,0,0,1,0,0,3,0.03626473254759746
1,0,1,0,19,1,0,0,1,0,0,0,1,1,59.8,1130.85,0,1,0,0,1,0,0,0,0,0,1,1,0.0528338560763352,1,1,0,3,2.9899999999999998,0,0,1,0,0,3,0.3125
1,0,0,0,40,1,1,0,0,0,0,0,1,0,83.85,3532.25,0,1,0,0,0,1,0,1,0,0,0,2,0.0237316917851836,0,1,0,3,2.045121951219512,0,0,0,1,0,3,0.47142015321154984
1,1,1,1,66,1,1,0,1,1,0,1,1,1,104.9,6891.45,0,0,1,0,0,1,0,0,0,1,0,3,0.0152195518284499,2,2,1,6,1.5656716417910448,0,1,1,0,1,6,0.623229461756374
0,0,0,0,21,1,1,0,0,0,0,0,0,0,75.3,1570.7,0,1,0,0,0,1,0,0,0,0,1,1,0.0479099064707005,0,0,0,2,3.4227272727272724,0,0,0,1,0,2,0.27522935779816515
0,0,0,0,8,1,0,0,1,0,1,1,0,1,66.65,520.95,0,1,0,0,1,0,0,0,0,1,0,0,0.1276942235846345,2,1,0,4,7.405555555555556,0,0,1,0,1,4,0.11825572801182556
1,0,1,1,72,1,0,1,1,1,1,1,1,1,109.5,7854.9,0,0,0,1,0,1,0,0,1,0,0,3,0.0139385684644661,4,2,1,7,1.5,0,2,1,0,0,7,0.6515837104072398
1,0,0,0,48,1,1,0,1,1,1,1,0,1,73.85,3581.4,0,0,1,0,1,0,0,1,0,0,0,2,0.0206146717284502,3,1,0,6,1.5071428571428571,0,1,1,0,0,6,0.6412825651302606
0,0,0,0,69,1,0,0,0,0,0,0,0,1,19.3,1447.9,0,0,0,1,0,0,1,1,0,0,0,3,0.0133204499965491,0,0,0,1,0.27571428571428575,0,2,0,0,0,1,3.399014778325123
0,0,0,0,72,1,1,1,1,1,1,1,1,1,118.2,8547.15,0,0,0,1,0,1,0,0,0,1,0,3,0.0138275533302527,4,2,1,8,1.619178082191781,0,2,1,0,0,8,0.6040268456375839
1,0,0,0,14,1,0,0,1,0,0,0,0,0,51.45,727.85,0,0,1,0,1,0,0,0,1,0,0,1,0.0705906565136859,1,0,0,2,3.43,0,1,1,0,0,2,0.2669208770257388
0,0,0,0,6,1,0,0,1,0,0,1,0,0,59.45,357.6,0,1,0,0,1,0,0,0,0,1,0,0,0.1657836029001673,1,1,0,3,8.492857142857144,0,0,1,0,1,3,0.09925558312655086
1,0,1,1,8,1,0,0,0,0,0,0,0,0,19.5,159.35,0,0,0,1,0,0,1,1,0,0,0,0,0.1216089803554724,0,0,0,1,2.1666666666666665,0,2,0,0,0,1,0.3902439024390244
1,0,0,0,17,1,0,0,0,0,0,0,0,0,19.55,280.85,0,0,1,0,0,0,1,0,0,0,1,1,0.0693631364200816,0,0,0,1,1.0861111111111112,0,1,0,0,0,1,0.8272506082725061
0,0,0,0,65,1,1,1,0,0,1,0,1,0,93.55,6069.25,0,0,1,0,0,1,0,0,0,1,0,3,0.0154112268852188,2,1,1,5,1.4174242424242425,0,1,1,0,0,5,0.6874669487043892
1,0,1,1,57,1,0,1,0,1,1,0,0,1,59.3,3274.35,0,0,1,0,1,0,0,0,0,0,1,3,0.0181049353504205,3,0,0,4,1.0224137931034483,0,1,1,0,0,4,0.945273631840796
0,0,1,0,13,1,1,0,0,1,0,1,1,1,102.25,1359.0,1,1,0,0,0,1,0,0,1,0,0,1,0.0751838235294117,1,2,1,5,7.303571428571429,0,0,1,1,0,5,0.12590799031476999
0,1,0,0,19,1,0,0,0,1,0,1,1,1,95.9,1777.9,1,1,0,0,0,1,0,0,1,0,0,1,0.0539097194895722,1,2,1,4,4.795,0,0,1,1,0,4,0.19607843137254902
1,0,1,0,56,1,1,1,1,1,0,1,1,0,109.8,6109.65,0,0,1,0,0,1,0,1,0,0,0,3,0.0179686285419718,3,2,1,7,1.9263157894736842,0,1,1,0,0,7,0.5054151624548736
1,0,1,0,14,1,0,0,0,0,0,0,1,1,78.1,1122.4,0,1,0,0,0,1,0,0,0,1,0,1,0.0695210966708207,0,1,0,2,5.206666666666666,0,0,0,1,1,2,0.1769911504424779
0,0,1,0,52,0,0,1,0,0,0,0,1,1,39.9,2020.9,0,1,0,0,1,0,0,0,0,1,0,3,0.0197339136455808,1,1,0,2,0.7528301886792452,0,0,1,0,0,2,1.271393643031785
1,0,0,0,58,1,0,1,1,1,1,0,0,1,64.9,3795.45,0,0,0,1,1,0,0,0,1,0,0,3,0.0170949176204085,4,0,0,5,1.1,0,2,1,0,0,5,0.8801213960546281
1,1,0,0,47,1,1,0,1,0,1,1,0,1,95.05,4504.55,1,1,0,0,0,1,0,0,0,1,0,2,0.0210962035711511,2,1,1,5,1.9802083333333333,0,0,1,1,1,5,0.48932847475273294
1,0,0,0,67,0,0,0,0,1,1,1,1,1,53.4,3579.15,0,1,0,0,1,0,0,0,1,0,0,3,0.0149155761630099,2,2,0,4,0.7852941176470588,0,0,1,0,0,4,1.2316176470588236
0,0,0,0,2,0,0,0,0,0,0,0,0,1,24.9,49.7,0,1,0,0,1,0,0,0,1,0,0,0,0.4911242603550295,0,0,0,0,8.299999999999999,0,0,0,0,0,0,0.07722007722007722
0,1,0,0,6,1,0,0,0,0,0,0,0,0,44.7,276.5,0,1,0,0,1,0,0,0,1,0,0,0,0.1610810810810811,0,0,0,1,6.385714285714286,0,0,0,0,0,1,0.13129102844638948
0,0,1,1,71,1,1,1,1,1,1,1,1,1,114.0,8175.9,0,0,0,1,0,1,0,1,0,0,0,3,0.0139417138524379,4,2,1,8,1.5833333333333333,0,2,1,0,0,8,0.6173913043478261
1,0,1,1,46,1,0,0,0,0,0,0,0,0,20.25,890.35,0,0,0,1,0,0,1,1,0,0,0,2,0.0227183485723901,0,0,0,1,0.4308510638297872,0,2,0,0,0,1,2.164705882352941
1,0,0,0,5,1,0,1,0,0,1,0,0,0,53.85,259.8,1,1,0,0,1,0,0,0,1,0,0,0,0.2064800613496932,2,0,0,3,8.975,0,0,1,0,0,3,0.09115770282588878
0,1,1,0,67,1,1,1,1,0,0,0,0,0,83.85,5588.8,0,1,0,0,0,1,0,1,0,0,0,3,0.0150005366918315,2,0,0,4,1.2330882352941175,0,0,1,1,0,4,0.789628756629346
0,0,0,1,3,1,0,0,0,0,0,0,0,0,20.2,50.6,0,1,0,0,0,0,1,1,0,0,0,0,0.3914728682170542,0,0,0,1,5.05,0,0,0,0,0,1,0.14150943396226415
1,0,0,0,3,1,0,0,0,0,0,0,0,0,19.95,58.0,0,1,0,0,0,0,1,0,0,0,1,0,0.338135593220339,0,0,0,1,4.9875,0,0,0,0,0,1,0.1431980906921241
0,1,1,0,52,1,1,1,0,1,0,1,1,1,104.2,5568.35,1,1,0,0,0,1,0,0,0,1,0,3,0.018709544201747,2,2,1,6,1.9660377358490566,0,0,1,1,0,6,0.49429657794676807
1,0,1,0,42,1,1,0,0,0,0,0,0,1,50.25,2203.65,1,1,0,0,1,0,0,0,0,1,0,2,0.0227927335404712,0,0,0,2,1.1686046511627908,0,0,0,0,1,2,0.8195121951219512
0,0,1,1,50,1,0,0,0,0,0,0,0,1,20.35,938.95,0,0,1,0,0,0,1,0,0,0,1,3,0.021650087770626,0,0,0,1,0.3990196078431373,0,1,0,0,0,1,2.34192037470726
0,1,1,0,23,1,0,1,1,0,0,0,1,1,90.0,2024.1,0,1,0,0,0,1,0,0,0,1,0,1,0.0444422497654436,2,1,1,4,3.75,0,0,1,1,0,4,0.25274725274725274
1,0,1,1,67,0,0,1,1,1,1,1,0,0,54.2,3623.95,0,0,0,1,1,0,0,0,1,0,0,3,0.0149519303714534,4,1,0,5,0.7970588235294118,0,2,1,0,0,5,1.2137681159420288
1,0,0,0,25,1,0,0,1,1,0,1,1,1,99.5,2369.05,1,1,0,0,0,1,0,0,0,1,0,2,0.0419822366616738,2,2,1,5,3.826923076923077,0,0,1,1,1,5,0.24875621890547264
1,1,1,0,39,1,0,1,1,0,0,1,1,0,99.1,3877.95,0,0,1,0,0,1,0,0,0,0,1,2,0.0255481509171296,2,2,1,5,2.4775,0,1,1,0,0,5,0.38961038961038963
1,0,0,0,69,1,1,1,1,0,1,0,0,1,66.9,4577.9,0,0,0,1,1,0,0,0,0,0,1,3,0.0146104959706479,3,0,0,5,0.9557142857142858,0,2,1,0,0,5,1.01620029455081
1,0,0,0,1,0,0,0,0,0,0,0,0,0,25.85,25.85,0,0,1,0,1,0,0,0,0,0,1,0,0.962756052141527,0,0,0,0,12.925,0,1,0,0,0,0,0.037243947858472994
0,0,0,0,32,1,0,0,0,0,0,1,1,0,91.05,2871.5,0,1,0,0,0,1,0,0,0,1,0,2,0.0316971279373368,0,2,1,3,2.759090909090909,0,0,0,1,1,3,0.34763715372080395
1,0,0,0,9,1,0,0,0,0,0,0,0,0,71.0,672.55,1,1,0,0,0,1,0,0,0,1,0,0,0.1054116249721624,0,0,0,1,7.1,1,0,0,1,1,1,0.125
1,0,0,0,16,1,0,0,1,1,0,0,1,1,93.2,1573.7,1,1,0,0,0,1,0,0,1,0,0,1,0.0591858766749222,2,1,1,4,5.482352941176471,0,0,1,1,0,4,0.16985138004246284
0,0,1,1,60,1,0,0,0,0,0,0,0,1,20.95,1270.55,0,0,0,1,0,0,1,1,0,0,0,3,0.0164759545436671,0,0,0,1,0.3434426229508197,0,2,0,0,0,1,2.733485193621868
1,0,1,1,72,1,1,0,1,1,1,1,1,1,109.2,7711.45,0,0,0,1,0,1,0,1,0,0,0,3,0.0141589248552664,3,2,1,7,1.4958904109589042,0,2,1,0,0,7,0.6533575317604355
0,0,1,0,5,1,0,0,0,0,0,0,0,0,19.35,126.05,1,1,0,0,0,0,1,0,0,0,1,0,0.1523022432113341,0,0,0,1,3.225,0,0,0,0,0,1,0.24570024570024568
1,1,0,0,26,1,0,1,0,0,0,1,0,1,85.8,2193.65,0,1,0,0,0,1,0,0,1,0,0,2,0.0390950721071697,1,1,0,3,3.1777777777777776,0,0,1,1,0,3,0.2995391705069125
0,0,0,0,3,1,0,0,0,0,0,0,0,0,19.85,64.55,1,1,0,0,0,0,1,0,0,0,1,0,0.3028222730739893,0,0,0,1,4.9625,0,0,0,0,0,1,0.14388489208633093
0,0,0,0,2,1,0,0,0,0,0,0,0,1,19.65,31.2,0,1,0,0,0,0,1,0,0,1,0,0,0.6102484472049688,0,0,0,1,6.55,0,0,0,0,1,1,0.09685230024213076
1,0,0,1,2,1,0,0,0,0,0,0,0,0,20.5,38.25,0,0,1,0,0,0,1,1,0,0,0,0,0.5222929936305732,0,0,0,1,6.833333333333333,0,1,0,0,0,1,0.09302325581395349
1,0,0,0,36,1,1,1,0,1,1,1,1,1,89.65,3348.1,0,0,1,0,1,0,0,0,1,0,0,2,0.0267683855364127,3,2,0,7,2.422972972972973,0,1,1,0,0,7,0.3971318257032542
0,0,0,0,7,1,0,1,0,0,0,0,0,0,74.35,533.6,0,1,0,0,0,1,0,0,0,0,1,0,0.1390759446315001,1,0,0,2,9.29375,1,0,1,1,0,2,0.09289980092899802
1,1,1,0,60,0,0,0,1,0,0,1,1,1,49.45,2907.55,0,0,0,1,1,0,0,0,1,0,0,3,0.0170015987347647,1,2,0,3,0.8106557377049181,0,2,1,0,0,3,1.189296333002973
1,0,1,0,19,1,1,0,1,0,0,0,1,1,89.1,1620.8,0,1,0,0,0,1,0,0,0,1,0,1,0.0549389567147613,1,1,0,4,4.455,0,0,1,1,1,4,0.21087680355160934
0,1,1,0,45,1,1,1,0,1,1,0,1,0,75.15,3480.35,0,0,0,1,1,0,0,0,1,0,0,2,0.0215864535309578,3,1,0,6,1.6336956521739132,0,2,1,0,0,6,0.5909389363099146
0,1,0,0,4,1,0,0,0,0,0,0,0,1,70.65,293.85,0,1,0,0,0,1,0,0,0,1,0,0,0.2396133627268102,0,0,0,1,14.13,1,0,0,1,1,1,0.05582693649685973
1,0,1,1,31,1,1,0,0,1,1,1,1,1,104.2,3243.45,1,1,0,0,0,1,0,0,0,1,0,2,0.0321163833623572,2,2,1,6,3.25625,0,0,1,1,1,6,0.29467680608365016
0,0,1,1,47,1,0,1,0,1,0,0,1,0,90.05,4137.2,0,1,0,0,0,1,0,0,0,1,0,2,0.0217606688898554,2,1,1,4,1.8760416666666666,0,0,1,1,0,4,0.5161998901702362
0,0,0,0,1,1,0,0,0,0,0,0,1,1,79.25,79.25,1,1,0,0,0,1,0,0,0,1,0,0,0.9875389408099688,0,1,0,2,39.625,1,0,0,1,1,2,0.012461059190031152
1,0,0,0,1,1,0,0,0,0,0,0,0,1,44.9,44.9,1,1,0,0,1,0,0,1,0,0,0,0,0.9782135076252724,0,0,0,1,22.45,0,0,0,0,0,1,0.02178649237472767
1,0,0,0,1,1,0,0,0,0,0,0,0,0,19.4,19.4,0,1,0,0,0,0,1,0,1,0,0,0,0.9509803921568628,0,0,0,1,9.7,0,0,0,0,0,1,0.04901960784313726
1,1,1,1,59,1,1,0,0,1,0,0,1,1,88.75,5348.65,0,1,0,0,0,1,0,0,1,0,0,3,0.016589870365351,1,1,0,4,1.4791666666666667,0,0,1,1,0,4,0.6573816155988857
0,0,1,0,10,1,0,0,0,0,0,0,0,1,70.1,659.65,1,1,0,0,0,1,0,0,0,1,0,0,0.1061076212820706,0,0,0,1,6.372727272727272,1,0,0,1,1,1,0.1406469760900141
0,1,0,0,35,1,1,1,0,0,0,0,1,0,91.0,3180.5,0,1,0,0,0,1,0,0,1,0,0,2,0.0286028602860286,1,1,1,4,2.5277777777777777,0,0,1,1,0,4,0.3804347826086957
0,0,0,0,4,0,0,0,0,1,0,0,0,1,29.65,118.5,1,1,0,0,1,0,0,0,0,1,0,0,0.2481171548117154,1,0,0,1,5.93,0,0,1,0,1,1,0.1305057096247961
0,0,1,1,32,1,0,1,1,0,0,0,1,1,90.8,3023.85,0,0,1,0,0,1,0,0,0,1,0,2,0.0300180174223515,2,1,1,4,2.7515151515151515,0,1,1,0,0,4,0.3485838779956427
0,0,0,0,43,1,1,0,1,0,0,0,0,1,77.85,3365.85,1,1,0,0,0,1,0,0,0,1,0,2,0.0231225032300221,1,0,0,3,1.7693181818181818,0,0,1,1,1,3,0.5453392517438174
0,0,0,0,4,1,0,0,0,0,0,0,1,0,54.3,195.3,1,1,0,0,1,0,0,0,0,1,0,0,0.2766174223127865,0,1,0,2,10.86,0,0,0,0,1,2,0.07233273056057866
1,1,1,0,54,1,0,0,0,0,0,0,0,1,18.95,1031.1,0,0,0,1,0,0,1,0,0,0,1,3,0.0183606239705454,0,0,0,1,0.34454545454545454,0,2,0,0,0,1,2.7067669172932334
1,1,0,0,11,1,1,0,0,0,0,1,1,1,95.15,997.65,1,1,0,0,0,1,0,1,0,0,0,0,0.0952786261452961,0,2,1,4,7.929166666666667,1,0,0,1,0,4,0.11440457618304732
1,1,0,0,66,1,1,1,0,0,0,1,1,1,102.4,6471.85,0,0,0,1,0,1,0,1,0,0,0,3,0.0158199247626625,1,2,1,5,1.528358208955224,0,2,1,0,0,5,0.6382978723404255
0,0,1,1,61,1,1,0,0,1,0,1,1,1,99.9,6241.35,0,0,1,0,0,1,0,0,0,1,0,3,0.016003588392192,1,2,1,5,1.6112903225806452,0,1,1,0,1,5,0.6045589692765113
0,0,1,1,72,1,1,1,1,1,1,1,1,0,88.7,6501.35,0,0,0,1,1,0,0,0,1,0,0,3,0.0136412220197313,4,2,0,8,1.215068493150685,0,2,1,0,0,8,0.802675585284281
0,0,1,1,44,0,0,0,0,1,1,1,1,1,54.3,2317.1,0,0,1,0,1,0,0,0,0,1,0,2,0.0234243561537466,2,2,0,4,1.2066666666666666,0,1,1,0,1,4,0.7956600361663653
0,0,0,0,41,1,1,0,0,1,0,0,0,1,55.7,2237.55,0,1,0,0,1,0,0,1,0,0,0,2,0.024882178195707,1,0,0,3,1.3261904761904764,0,0,1,0,0,3,0.7231040564373897
0,0,1,0,50,1,1,1,0,1,0,1,1,1,103.95,5231.3,0,0,1,0,0,1,0,0,0,1,0,3,0.0198669801043518,2,2,1,6,2.038235294117647,0,1,1,0,0,6,0.4764173415912339
0,0,1,0,47,1,1,1,0,1,1,1,1,1,110.85,5275.8,1,0,1,0,0,1,0,0,1,0,0,2,0.0210070497271073,3,2,1,7,2.3093749999999997,0,1,1,0,0,7,0.4202056325435852
0,0,1,1,8,1,0,0,0,0,0,0,0,0,20.15,165.5,0,0,0,1,0,0,1,0,0,0,1,0,0.121021021021021,0,0,0,1,2.238888888888889,0,2,0,0,0,1,0.3782505910165485
0,0,0,0,18,1,0,0,0,0,0,0,0,0,20.05,358.5,0,1,0,0,0,0,1,0,0,0,1,1,0.0557719054242002,0,0,0,1,1.055263157894737,0,0,0,0,0,1,0.8551068883610451
0,0,1,1,72,1,1,1,1,1,1,1,1,1,91.95,6614.9,0,0,0,1,1,0,0,0,1,0,0,3,0.013898335827325,4,2,1,8,1.2595890410958905,0,2,1,0,0,8,0.7746100053792361
0,0,0,0,1,1,0,0,0,0,0,0,1,0,80.5,80.5,1,1,0,0,0,1,0,0,0,1,0,0,0.9877300613496932,0,1,0,2,40.25,1,0,0,1,1,2,0.012269938650306749
1,1,0,0,42,1,1,0,0,1,0,0,0,0,55.65,2421.75,0,1,0,0,1,0,0,0,0,1,0,2,0.0229697657620472,1,0,0,3,1.294186046511628,0,0,1,0,1,3,0.7413945278022948
1,1,0,0,18,1,0,0,1,0,0,0,0,1,74.7,1294.6,0,1,0,0,0,1,0,0,0,1,0,1,0.0576566841617783,1,0,0,2,3.931578947368421,0,0,1,1,1,2,0.23778071334214002
1,0,0,1,13,1,1,0,1,1,0,1,1,1,104.15,1299.1,0,0,1,0,0,1,0,0,1,0,0,1,0.0801092223675102,2,2,1,6,7.439285714285715,0,1,1,0,0,6,0.12363290537327626
1,0,1,1,68,1,1,0,1,0,1,0,0,1,83.65,5733.4,0,0,1,0,0,1,0,1,0,0,0,3,0.01458740234375,2,0,0,4,1.2123188405797103,0,1,1,0,0,4,0.8033077377436503
0,0,0,0,4,1,1,0,0,0,0,0,0,1,72.2,305.55,1,1,0,0,0,1,0,1,0,0,0,0,0.2355243842766269,0,0,0,2,14.440000000000001,1,0,0,1,0,2,0.0546448087431694
0,0,0,0,69,1,1,1,1,1,0,1,1,1,110.05,7430.75,0,0,0,1,0,1,0,0,1,0,0,3,0.0148080869243448,3,2,1,7,1.572142857142857,0,2,1,0,0,7,0.6213417379558758
0,0,0,0,17,1,0,0,0,0,1,0,0,0,51.5,900.5,1,1,0,0,1,0,0,0,0,0,1,1,0.0571270105379922,1,0,0,2,2.861111111111111,0,0,1,0,0,2,0.3238095238095238
0,0,1,1,25,1,1,0,0,0,0,0,0,0,25.5,630.6,0,0,0,1,0,0,1,0,1,0,0,2,0.0403736542115262,0,0,0,2,0.9807692307692307,0,2,0,0,0,2,0.9433962264150944
0,1,0,0,43,1,0,0,0,0,0,1,1,1,89.55,3856.75,1,1,0,0,0,1,0,0,0,0,1,2,0.0232130127665089,0,2,0,3,2.0352272727272727,0,0,0,1,0,3,0.4748757592490337
1,0,1,1,59,1,0,0,0,0,0,0,0,0,19.5,1222.65,0,0,0,1,0,0,1,0,1,0,0,3,0.0159359293915743,0,0,0,1,0.325,0,2,0,0,0,1,2.8780487804878048
1,1,0,0,5,1,0,1,1,0,0,0,0,0,80.7,374.8,0,1,0,0,0,1,0,0,0,1,0,0,0.2147418839808408,2,0,0,3,13.450000000000001,1,0,1,1,0,3,0.06119951040391677
0,0,1,1,21,1,1,1,1,0,1,1,0,0,77.5,1625.0,1,0,1,0,1,0,0,0,0,0,1,1,0.0476629766297663,3,1,0,6,3.522727272727273,0,1,1,0,0,6,0.267515923566879
1,0,1,1,69,1,1,1,1,1,1,1,0,1,105.1,7234.8,0,0,1,0,0,1,0,0,1,0,0,3,0.0145250006910085,4,1,1,7,1.5014285714285713,0,1,1,0,0,7,0.6503298774740811
0,0,0,0,13,0,0,0,0,0,0,0,0,1,25.15,331.85,0,1,0,0,1,0,0,1,0,0,0,1,0.0755595613639777,0,0,0,0,1.7964285714285713,0,0,0,0,0,0,0.497131931166348
0,0,1,0,42,1,1,0,1,1,0,1,0,1,95.25,3959.35,1,1,0,0,0,1,0,1,0,0,0,2,0.0240509045917658,2,1,1,5,2.2151162790697674,0,0,1,1,0,5,0.43636363636363634
0,0,1,0,52,1,1,0,1,0,1,0,1,1,95.65,5088.4,0,1,0,0,0,1,0,0,1,0,0,3,0.0187939639250206,2,1,1,5,1.8047169811320756,0,0,1,1,0,5,0.5380237972064149
0,1,0,0,46,1,0,1,0,0,0,0,1,0,85.0,3969.4,1,1,0,0,0,1,0,0,0,1,0,2,0.0214084223252065,1,1,0,3,1.8085106382978724,0,0,1,1,0,3,0.5348837209302325
0,0,1,0,61,1,1,1,1,1,1,0,1,1,80.8,4860.85,0,0,0,1,1,0,0,1,0,0,0,3,0.0166191881691125,4,1,0,7,1.303225806451613,0,2,1,0,0,7,0.7457212713936431
0,0,0,0,29,0,0,0,0,0,0,0,0,1,24.85,788.05,0,0,1,0,1,0,0,0,0,0,1,2,0.031493568214942,0,0,0,0,0.8283333333333334,0,1,0,0,0,0,1.1218568665377175
1,0,0,1,25,1,0,0,1,0,1,0,0,1,54.75,1266.35,0,0,1,0,1,0,0,0,1,0,0,2,0.0432003787430465,2,0,0,3,2.105769230769231,0,1,1,0,0,3,0.4484304932735426
1,0,1,1,5,1,0,0,0,0,1,1,0,1,85.75,470.95,1,1,0,0,0,1,0,0,0,1,0,0,0.1816929759508422,1,1,0,3,14.291666666666666,1,0,1,1,1,3,0.05763688760806916
0,0,0,0,15,0,0,0,0,1,0,1,1,0,50.75,688.2,0,0,1,0,1,0,0,0,0,1,0,1,0.073636099825885,1,2,0,3,3.171875,0,1,1,0,1,3,0.2898550724637681
1,0,1,1,19,1,0,0,0,0,0,0,0,0,20.15,387.7,0,0,0,1,0,0,1,0,0,0,1,1,0.0518394648829431,0,0,0,1,1.0074999999999998,0,2,0,0,0,1,0.8983451536643027
0,0,0,0,44,1,0,0,0,0,0,0,0,0,20.05,845.25,0,0,0,1,0,0,1,0,0,0,1,2,0.0236927621861152,0,0,0,1,0.4455555555555556,0,2,0,0,0,1,2.0902612826603324
1,1,0,0,6,1,1,0,1,0,0,1,1,1,98.25,560.6,1,1,0,0,0,1,0,0,0,1,0,0,0.1749465811965811,1,2,1,5,14.035714285714286,1,0,1,1,1,5,0.060453400503778336
0,0,1,1,58,1,1,1,1,1,1,0,0,0,71.6,4230.25,0,0,0,1,1,0,0,0,1,0,0,3,0.0169217134416543,4,0,0,6,1.2135593220338983,0,2,1,0,0,6,0.7988980716253444
0,0,1,1,62,1,0,1,1,0,0,0,0,1,81.45,4983.05,0,0,1,0,0,1,0,0,1,0,0,3,0.0163421313991633,2,0,0,3,1.292857142857143,0,1,1,0,0,3,0.7519708914493632
1,0,1,1,70,0,0,0,1,1,1,1,1,1,58.4,4113.15,0,0,1,0,1,0,0,1,0,0,0,3,0.0141949126794113,3,2,0,5,0.8225352112676056,0,1,1,0,0,5,1.1784511784511784
1,1,0,0,1,0,0,0,0,0,0,0,0,1,25.7,25.7,1,1,0,0,1,0,0,0,0,0,1,0,0.9625468164794008,0,0,0,0,12.85,0,0,0,0,0,0,0.03745318352059925
0,0,1,1,10,0,0,1,1,1,1,0,1,0,53.7,521.0,0,0,0,1,1,0,0,0,1,0,0,0,0.1028735632183908,4,1,0,5,4.881818181818182,0,2,1,0,0,5,0.18281535648994515
0,0,0,0,26,1,0,0,0,0,0,0,0,1,19.6,471.85,0,0,1,0,0,0,1,1,0,0,0,2,0.0414507772020725,0,0,0,1,0.725925925925926,0,1,0,0,0,1,1.262135922330097
0,0,0,0,66,1,1,0,1,0,0,0,1,0,89.4,5976.9,0,1,0,0,0,1,0,0,1,0,0,3,0.014955084561468,1,1,0,4,1.3343283582089553,0,0,1,1,0,4,0.7300884955752212
1,0,1,1,7,1,0,0,0,0,0,0,0,1,69.0,506.9,1,1,0,0,0,1,0,0,0,1,0,0,0.1358535144713526,0,0,0,1,8.625,0,0,0,1,1,1,0.1
0,0,1,1,51,1,1,0,1,0,1,0,0,0,84.2,4299.75,0,0,1,0,0,1,0,1,0,0,0,3,0.0195779805847817,2,0,0,4,1.6192307692307693,0,1,1,0,0,4,0.5985915492957746
0,0,1,1,72,1,1,1,1,1,1,1,0,1,106.1,7548.6,0,0,0,1,0,1,0,0,1,0,0,3,0.0140537247006463,4,1,1,7,1.4534246575342464,0,2,1,0,0,7,0.6722689075630253
0,0,0,0,65,1,1,0,0,0,0,0,0,0,25.75,1654.75,0,0,0,1,0,0,1,0,0,0,1,3,0.0155518647138758,0,0,0,2,0.39015151515151514,0,2,0,0,0,2,2.4299065420560746
0,0,0,0,2,1,0,0,0,0,0,0,0,0,46.05,80.35,1,1,0,0,1,0,0,1,0,0,0,0,0.5660725261216963,0,0,0,1,15.35,0,0,0,0,0,1,0.04250797024442083
0,0,0,1,70,1,1,1,1,0,1,0,0,0,64.95,4551.5,0,0,1,0,1,0,0,1,0,0,0,3,0.0142668863261943,3,0,0,5,0.9147887323943662,0,1,1,0,0,5,1.061410159211524
0,0,1,0,72,1,1,0,1,1,1,1,1,1,85.45,6227.5,0,0,0,1,1,0,0,0,1,0,0,3,0.0137191940274544,3,2,0,7,1.1705479452054794,0,2,1,0,0,7,0.8328513591671486
1,0,1,1,1,1,0,0,0,0,0,0,0,0,20.05,20.05,0,1,0,0,0,0,1,0,0,0,1,0,0.9524940617577196,0,0,0,1,10.025,0,0,0,0,0,1,0.047505938242280284
1,1,1,0,1,1,0,0,1,0,0,0,0,1,76.4,76.4,1,1,0,0,0,1,0,0,0,0,1,0,0.9870801033591732,1,0,0,2,38.2,1,0,1,1,0,2,0.012919896640826873
1,0,0,0,5,1,1,0,0,1,0,1,1,1,100.5,514.0,1,1,0,0,0,1,0,0,0,1,0,0,0.1951456310679611,1,2,1,5,16.75,1,0,1,1,1,5,0.04926108374384237
0,0,0,0,3,1,0,0,0,0,0,0,0,0,20.7,57.5,0,1,0,0,0,0,1,0,0,0,1,0,0.3538461538461538,0,0,0,1,5.175,0,0,0,0,0,1,0.1382488479262673
0,0,0,0,58,1,1,0,0,0,0,0,0,1,25.3,1474.35,0,0,0,1,0,0,1,0,1,0,0,3,0.0171484732436371,0,0,0,2,0.4288135593220339,0,2,0,0,0,2,2.2053231939163496
0,1,1,1,22,0,0,1,0,0,0,0,1,0,40.05,880.2,1,1,0,0,1,0,0,0,0,0,1,1,0.0454493871992737,1,1,0,2,1.7413043478260868,0,0,1,0,0,2,0.535931790499391
0,1,1,0,33,1,1,0,1,0,0,1,1,1,100.6,3270.25,0,1,0,0,0,1,0,1,0,0,0,2,0.0307527703477264,1,2,1,5,2.9588235294117644,0,0,1,1,0,5,0.32480314960629925
0,0,0,0,1,1,0,0,0,0,0,0,0,0,69.95,69.95,1,1,0,0,0,1,0,0,0,1,0,0,0.9859055673009162,0,0,0,1,34.975,0,0,0,1,1,1,0.01409443269908386
0,1,1,0,54,1,1,0,0,0,0,0,0,0,74.0,3919.15,0,1,0,0,0,1,0,1,0,0,0,3,0.0188768286927796,0,0,0,2,1.3454545454545455,0,0,0,1,0,2,0.72
0,0,1,0,72,1,1,0,1,0,0,1,1,1,99.4,7285.7,0,0,0,1,0,1,0,0,0,1,0,3,0.0136412916683821,1,2,1,5,1.3616438356164384,0,2,1,0,1,5,0.7171314741035856
0,0,0,1,1,1,1,0,0,0,0,1,1,1,93.3,93.3,1,1,0,0,0,1,0,0,0,1,0,0,0.9893955461293744,0,2,1,4,46.65,1,0,0,1,1,4,0.010604453870625663
0,0,0,0,3,1,0,0,0,1,0,0,0,1,49.15,169.05,1,1,0,0,1,0,0,0,0,1,0,0,0.2890326374595707,1,0,0,2,12.2875,0,0,1,0,1,2,0.05982053838484547
1,0,1,1,72,1,1,1,1,1,1,0,1,0,107.45,7658.3,0,0,0,1,0,1,0,0,1,0,0,3,0.0140286971394252,4,1,1,7,1.4719178082191782,0,2,1,0,0,7,0.6639004149377593
1,0,1,1,72,1,1,1,1,1,0,1,1,1,83.6,5959.3,0,0,0,1,1,0,0,0,1,0,0,3,0.0140261396238444,3,2,0,7,1.1452054794520548,0,2,1,0,0,7,0.851063829787234
0,1,1,0,54,1,1,0,0,1,0,1,1,1,99.05,5295.7,0,1,0,0,0,1,0,0,1,0,0,3,0.0187003228425245,1,2,1,5,1.8009090909090908,0,0,1,1,0,5,0.5397301349325337
1,0,1,0,59,1,1,0,1,0,1,1,1,1,80.1,4693.2,0,0,1,0,1,0,0,0,0,1,0,3,0.0170636104128499,2,2,0,6,1.335,0,1,1,0,1,6,0.7274969173859434
0,0,0,0,54,1,0,1,1,0,0,1,0,1,65.3,3512.9,0,0,0,1,1,0,0,1,0,0,0,3,0.0185833404479353,2,1,0,4,1.1872727272727273,0,2,1,0,0,4,0.8144796380090498
0,0,0,0,60,1,1,0,0,1,0,1,0,1,89.55,5231.2,0,0,0,1,0,1,0,0,0,1,0,3,0.0171151714384006,1,1,0,4,1.4680327868852459,0,2,1,0,1,4,0.6626173384870238
1,0,1,0,60,0,0,0,1,1,1,1,1,0,60.8,3603.45,0,0,0,1,1,0,0,0,1,0,0,3,0.0168680381195466,3,2,0,5,0.9967213114754098,0,2,1,0,0,5,0.970873786407767
0,0,0,0,3,1,1,0,0,0,0,0,0,0,74.5,217.45,0,1,0,0,0,1,0,0,0,1,0,0,0.341039139391165,0,0,0,2,18.625,1,0,0,1,1,2,0.039735099337748346
1,0,1,0,69,1,1,1,0,0,0,1,1,0,99.15,6875.35,0,0,0,1,0,1,0,1,0,0,0,3,0.014418986817134,1,2,1,5,1.4164285714285716,0,2,1,0,0,5,0.6889665501747378
1,0,1,1,1,1,0,0,0,0,0,0,0,0,19.25,19.25,0,1,0,0,0,0,1,0,0,1,0,0,0.9506172839506172,0,0,0,1,9.625,0,0,0,0,1,1,0.04938271604938271
0,0,1,1,50,0,0,1,0,0,0,1,0,1,39.45,2021.35,0,1,0,0,1,0,0,0,1,0,0,3,0.0195070091724973,1,1,0,2,0.7735294117647059,0,0,1,0,0,2,1.2360939431396785
1,0,0,0,56,0,0,0,0,0,0,1,1,1,44.85,2564.95,0,1,0,0,1,0,0,0,1,0,0,3,0.0174789064479042,0,2,0,2,0.7868421052631579,0,0,0,0,0,2,1.2213740458015268
1,0,1,0,60,1,0,1,0,0,1,1,1,1,97.2,5611.75,0,0,0,1,0,1,0,0,0,1,0,3,0.0173177141330007,2,2,1,5,1.5934426229508196,0,2,1,0,0,5,0.6109979633401221
0,1,1,0,69,1,1,1,0,1,1,1,1,1,110.55,7610.1,0,0,1,0,0,1,0,0,0,0,1,3,0.0145248387223922,3,2,1,7,1.5792857142857142,0,1,1,0,0,7,0.6185567010309279
1,0,0,0,1,0,0,0,0,0,0,0,1,0,35.05,35.05,1,1,0,0,1,0,0,0,0,0,1,0,0.972260748959778,0,1,0,1,17.525,0,0,0,0,0,1,0.027739251040221916
1,1,0,0,1,1,0,0,1,0,0,0,0,1,73.0,73.0,1,1,0,0,0,1,0,0,0,1,0,0,0.9864864864864864,1,0,0,2,36.5,1,0,1,1,1,2,0.013513513513513514
1,0,1,0,3,1,0,0,0,0,0,0,0,1,19.9,45.75,0,1,0,0,0,0,1,0,0,0,1,0,0.4256684491978609,0,0,0,1,4.975,0,0,0,0,0,1,0.14354066985645933
0,0,1,1,60,1,0,0,1,0,1,1,1,0,76.95,4543.95,0,0,0,1,1,0,0,1,0,0,0,3,0.0169308793276053,2,2,0,5,1.2614754098360657,0,2,1,0,0,5,0.7697241821680564
1,0,0,0,13,0,0,0,0,1,1,0,0,0,35.4,450.4,0,0,0,1,1,0,0,0,0,0,1,1,0.078422684980062,2,0,0,2,2.5285714285714285,0,2,1,0,0,2,0.35714285714285715
0,0,1,1,62,1,0,0,0,0,0,0,0,0,20.45,1297.35,0,0,0,1,0,0,1,1,0,0,0,3,0.015750760580737,0,0,0,1,0.3246031746031746,0,2,0,0,0,1,2.8904428904428907
1,0,0,0,45,1,1,1,1,0,0,0,1,0,96.75,4442.75,0,0,1,0,0,1,0,1,0,0,0,2,0.0217721518987341,2,1,1,5,2.1032608695652173,0,1,1,0,0,5,0.46035805626598464
1,0,0,0,25,0,0,0,0,1,1,1,1,0,54.2,1423.15,0,0,1,0,1,0,0,0,0,1,0,2,0.0380577888565109,2,2,0,4,2.0846153846153848,0,1,1,0,1,4,0.45289855072463764
0,0,0,0,44,1,0,0,0,1,1,1,1,0,100.1,4378.35,0,0,0,1,0,1,0,1,0,0,0,2,0.0228572733396508,2,2,1,5,2.2244444444444444,0,2,1,0,0,5,0.4352126607319486
1,0,0,0,2,1,0,0,0,0,0,0,0,1,45.25,74.2,0,1,0,0,1,0,0,0,0,0,1,0,0.6017287234042553,0,0,0,1,15.083333333333334,0,0,0,0,0,1,0.043243243243243246
0,1,0,0,33,1,1,0,1,1,0,0,0,1,83.85,2716.3,1,1,0,0,0,1,0,0,1,0,0,2,0.0308578368233172,2,0,0,4,2.466176470588235,0,0,1,1,0,4,0.3889216263995286
1,0,0,0,1,1,0,0,0,0,0,0,0,1,70.1,70.1,1,1,0,0,0,1,0,0,0,1,0,0,0.9859353023909986,0,0,0,1,35.05,1,0,0,1,1,1,0.014064697609001408
1,0,0,0,22,1,0,0,0,0,0,0,0,0,20.85,450.65,0,0,1,0,0,0,1,1,0,0,0,1,0.0461640650946529,0,0,0,1,0.9065217391304349,0,1,0,0,0,1,1.0068649885583523
1,0,0,0,35,0,0,0,0,1,1,0,0,1,33.45,1175.85,0,1,0,0,1,0,0,0,0,0,1,2,0.0284233334749543,2,0,0,2,0.9291666666666667,0,0,1,0,0,2,1.015965166908563
1,0,1,1,29,1,0,0,0,0,0,0,0,0,20.2,558.8,0,0,0,1,0,0,1,0,0,0,1,2,0.0360843158270811,0,0,0,1,0.6733333333333333,0,2,0,0,0,1,1.3679245283018868
0,1,1,0,27,1,1,1,0,1,0,0,0,1,85.9,2220.1,0,0,1,0,0,1,0,0,0,1,0,2,0.0386745306379721,2,0,0,4,3.067857142857143,0,1,1,0,0,4,0.3107019562715765
0,0,0,1,54,1,0,0,1,1,1,0,0,1,61.0,3283.05,0,0,1,0,1,0,0,0,0,1,0,3,0.01857462584309,3,0,0,4,1.1090909090909091,0,1,1,0,1,4,0.8709677419354839
1,1,0,0,2,1,0,0,0,0,0,0,0,1,70.65,142.35,1,1,0,0,0,1,0,0,0,1,0,0,0.4928496686431811,0,0,0,1,23.55,1,0,0,1,1,1,0.027913468248429864
0,0,0,0,57,1,1,0,0,0,0,1,0,1,86.9,4939.25,0,0,1,0,0,1,0,0,0,1,0,3,0.0175902029249531,0,1,0,3,1.4982758620689656,0,1,0,0,1,3,0.6484641638225256
0,0,0,0,62,1,1,1,1,1,1,0,0,0,69.4,4237.5,0,0,0,1,1,0,0,1,0,0,0,3,0.0163737171169045,4,0,0,6,1.1015873015873017,0,2,1,0,0,6,0.8806818181818181
1,0,1,1,15,1,0,0,0,0,0,0,0,0,20.35,335.95,0,0,1,0,0,0,1,0,1,0,0,1,0.0603947173171093,0,0,0,1,1.271875,0,1,0,0,0,1,0.702576112412178
0,0,0,0,2,1,0,0,0,0,0,0,0,0,20.35,33.2,1,1,0,0,0,0,1,0,0,0,1,0,0.5950292397660819,0,0,0,1,6.783333333333334,0,0,0,0,0,1,0.09367681498829039
1,0,1,0,70,1,1,0,0,1,1,1,1,1,104.3,7188.5,0,0,0,1,0,1,0,1,0,0,0,3,0.0145072675429445,2,2,1,6,1.4690140845070423,0,2,1,0,0,6,0.6647673314339981
1,0,1,1,21,1,0,0,0,0,0,0,0,1,44.95,926.25,0,1,0,0,1,0,0,0,0,1,0,1,0.0484766783499595,0,0,0,1,2.0431818181818184,0,0,0,0,1,1,0.45701849836779107
1,0,0,1,23,1,0,0,0,0,1,0,0,1,49.45,1119.35,0,0,1,0,1,0,0,0,0,1,0,1,0.0441379925916008,1,0,0,2,2.060416666666667,0,1,1,0,1,2,0.4558969276511397
0,0,0,0,6,1,0,0,0,0,0,0,0,0,20.6,116.6,0,0,1,0,0,0,1,0,0,0,1,0,0.1751700680272109,0,0,0,1,2.942857142857143,0,1,0,0,0,1,0.27777777777777773
0,0,1,1,4,1,0,0,0,0,0,0,0,0,19.55,68.8,0,0,0,1,0,0,1,0,1,0,0,0,0.2800859598853868,0,0,0,1,3.91,0,2,0,0,0,1,0.194647201946472
1,0,0,0,3,1,0,1,0,1,0,1,1,1,99.0,287.4,1,1,0,0,0,1,0,0,1,0,0,0,0.3432732316227462,2,2,1,5,24.75,1,0,1,1,0,5,0.03
1,0,0,0,23,1,1,0,0,0,0,1,1,1,93.5,2341.55,0,1,0,0,0,1,0,0,0,1,0,1,0.0399137691831551,0,2,1,4,3.8958333333333335,0,0,0,1,1,4,0.24338624338624337
0,0,0,0,26,0,0,1,0,0,1,1,1,0,54.55,1362.85,0,0,1,0,1,0,0,0,1,0,0,2,0.0399970671261502,2,2,0,4,2.02037037037037,0,1,1,0,0,4,0.46804680468046805
1,0,0,1,8,1,0,0,0,0,0,0,0,0,20.05,163.6,0,1,0,0,0,0,1,0,0,0,1,0,0.1218104495747266,0,0,0,1,2.227777777777778,0,0,0,0,0,1,0.38004750593824227
0,0,0,0,26,1,1,0,0,0,0,0,1,1,83.95,2254.2,1,1,0,0,0,1,0,0,0,1,0,2,0.0372250798155374,0,1,0,3,3.109259259259259,0,0,0,1,1,3,0.30606238964096527
0,0,0,0,2,1,1,0,1,0,0,0,0,1,79.45,145.15,0,1,0,0,0,1,0,0,0,1,0,0,0.5436195689360246,1,0,0,3,26.483333333333334,1,0,1,1,1,3,0.02486016159105034
0,0,0,0,67,1,1,1,1,1,1,1,1,0,116.2,7752.3,1,0,0,1,0,1,0,0,1,0,0,3,0.0149871667548011,4,2,1,8,1.7088235294117649,0,2,1,0,0,8,0.5716723549488054
1,0,1,0,71,1,1,0,0,0,0,1,1,1,93.7,6585.35,1,0,0,1,0,1,0,1,0,0,0,3,0.0142263924632004,0,2,1,4,1.301388888888889,0,2,0,0,0,4,0.7497360084477297
1,0,0,0,59,1,1,1,1,1,1,0,1,0,79.85,4786.1,0,0,1,0,1,0,0,0,1,0,0,3,0.0166802448246328,4,1,0,7,1.3308333333333333,0,1,1,0,0,7,0.7297464440321584
0,0,1,1,39,1,1,0,0,1,0,1,1,0,100.0,3835.55,0,0,1,0,0,1,0,0,0,1,0,2,0.0260650845160365,1,2,1,5,2.5,0,1,1,0,1,5,0.38613861386138615
0,0,0,1,21,1,0,0,0,0,0,0,0,0,19.6,397.0,0,0,0,1,0,0,1,0,0,0,1,1,0.0492462311557789,0,0,0,1,0.890909090909091,0,2,0,0,0,1,1.0194174757281553
0,0,0,0,1,1,0,0,0,0,0,0,0,0,19.7,19.7,1,1,0,0,0,0,1,0,0,0,1,0,0.9516908212560388,0,0,0,1,9.85,0,0,0,0,0,1,0.04830917874396135
1,0,1,1,48,1,0,0,0,0,0,0,0,0,20.2,1027.25,0,0,0,1,0,0,1,1,0,0,0,2,0.0196450279601264,0,0,0,1,0.4122448979591837,0,2,0,0,0,1,2.2641509433962264
1,1,1,0,31,0,0,1,1,1,0,0,1,1,50.4,1580.1,0,0,1,0,1,0,0,0,1,0,0,2,0.0318765416482196,3,1,0,4,1.575,0,1,1,0,0,4,0.603112840466926
1,0,1,1,64,1,1,1,1,1,1,1,1,0,113.35,7222.75,0,0,1,0,0,1,0,0,0,1,0,3,0.0156912960719847,4,2,1,8,1.7438461538461538,0,1,1,0,0,8,0.5596851770878881
0,0,1,1,46,1,1,0,1,0,0,0,0,1,80.0,3769.7,0,1,0,0,0,1,0,1,0,0,0,2,0.0212162198000371,1,0,0,3,1.702127659574468,0,0,1,1,0,3,0.5679012345679012
1,0,0,0,52,1,1,0,0,1,1,1,1,1,80.95,4233.95,0,0,0,1,1,0,0,1,0,0,0,3,0.0191147475176802,2,2,0,6,1.5273584905660378,0,2,1,0,0,6,0.6345332519829164
1,0,1,1,67,1,1,0,0,0,0,0,0,1,24.9,1680.25,0,0,0,1,0,0,1,0,0,0,1,3,0.014810408921933,0,0,0,2,0.36617647058823527,0,2,0,0,0,2,2.586872586872587
1,1,0,0,67,1,1,0,1,0,0,0,0,0,54.9,3725.5,0,1,0,0,1,0,0,0,0,1,0,3,0.0147323225546759,1,0,0,3,0.8073529411764706,0,0,1,0,1,3,1.1985688729874777
1,0,0,0,5,1,1,0,0,0,0,0,0,0,75.55,413.65,1,1,0,0,0,1,0,0,0,1,0,0,0.182201856987821,0,0,0,2,12.591666666666667,1,0,0,1,1,2,0.06531678641410843
1,0,1,0,71,1,1,0,1,1,1,1,1,0,109.25,7707.7,0,0,0,1,0,1,0,0,0,1,0,3,0.0141722988311907,3,2,1,7,1.5173611111111112,0,2,1,0,1,7,0.6439909297052154
1,0,0,0,9,1,0,0,0,0,0,1,0,1,77.65,714.15,1,1,0,0,0,1,0,1,0,0,0,0,0.1085786198699573,0,1,0,2,7.765000000000001,1,0,0,1,0,2,0.1144310235219326
1,1,0,0,26,1,1,1,1,0,0,0,1,1,95.0,2497.2,1,1,0,0,0,1,0,0,0,1,0,2,0.0380273797133936,2,1,1,5,3.5185185185185186,0,0,1,1,0,5,0.2708333333333333
0,0,0,0,71,1,1,1,1,1,1,1,1,1,116.3,8309.55,0,0,1,0,0,1,0,1,0,0,0,3,0.0139942603076812,4,2,1,8,1.6152777777777778,0,1,1,0,0,8,0.6052855924978687
1,0,0,0,32,1,0,0,0,0,0,0,0,0,19.9,601.55,0,1,0,0,0,0,1,1,0,0,0,2,0.033026304870965,0,0,0,1,0.603030303030303,0,0,0,0,0,1,1.5311004784688995
1,0,0,0,2,1,0,0,0,0,0,0,0,0,70.35,139.25,0,1,0,0,0,1,0,0,0,1,0,0,0.5016042780748663,0,0,0,1,23.45,1,0,0,1,1,1,0.028030833917309043
1,0,1,0,71,1,1,0,0,0,0,0,0,0,25.6,1888.25,0,0,0,1,0,0,1,0,1,0,0,3,0.0135503506682545,0,0,0,2,0.35555555555555557,0,2,0,0,0,2,2.669172932330827
1,0,0,0,60,0,0,1,0,1,0,0,1,1,44.45,2773.9,0,0,1,0,1,0,0,0,0,1,0,3,0.0160185952646942,2,1,0,3,0.728688524590164,0,1,1,0,0,3,1.3201320132013201
1,1,0,0,55,1,1,0,0,1,0,1,1,1,100.15,5409.75,0,0,1,0,0,1,0,0,0,1,0,3,0.0185094487825162,1,2,1,5,1.7883928571428573,0,1,1,0,1,5,0.5437469105289174
0,0,0,0,54,1,0,1,1,0,1,1,1,1,105.4,5643.4,1,0,1,0,0,1,0,0,1,0,0,3,0.0186733753809085,3,2,1,6,1.9163636363636365,0,1,1,0,0,6,0.5075187969924811
0,0,0,0,2,1,0,0,0,1,0,1,1,1,95.85,197.7,1,1,0,0,0,1,0,0,0,1,0,0,0.4823855057876195,1,2,1,4,31.95,1,0,1,1,1,4,0.020650490449148167
1,0,0,0,6,1,1,0,0,0,0,0,0,1,73.85,401.3,0,1,0,0,0,1,0,0,0,0,1,0,0.1835694755157842,0,0,0,2,10.549999999999999,1,0,0,1,0,2,0.08016032064128258
1,0,1,1,48,1,0,1,1,1,0,0,1,1,70.1,3238.4,0,0,0,1,1,0,0,0,1,0,0,2,0.0216398098413286,3,1,0,5,1.430612244897959,0,2,1,0,0,5,0.6751054852320676
0,0,1,1,63,1,1,0,0,0,0,0,0,0,25.25,1573.05,0,0,0,1,0,0,1,0,0,0,1,3,0.0160414218099806,0,0,0,2,0.39453125,0,2,0,0,0,2,2.4
0,0,0,0,1,1,1,0,1,0,0,0,0,1,79.15,79.15,1,1,0,0,0,1,0,0,0,1,0,0,0.9875233936369308,1,0,0,3,39.575,1,0,1,1,1,3,0.012476606363069244
0,0,0,1,12,1,0,0,0,0,0,0,0,0,21.05,235.8,0,1,0,0,0,0,1,0,1,0,0,0,0.088893581081081,0,0,0,1,1.6192307692307693,0,0,0,0,0,1,0.5442176870748299
0,1,1,0,54,0,0,0,0,0,0,0,0,1,24.95,1364.75,0,1,0,0,1,0,0,1,0,0,0,3,0.0182683507230459,0,0,0,0,0.4536363636363636,0,0,0,0,0,0,2.0809248554913293
1,0,1,1,30,1,0,0,0,1,1,1,0,1,64.5,1985.15,0,0,1,0,1,0,0,0,0,1,0,2,0.0324748886035797,2,1,0,4,2.0806451612903225,0,1,1,0,1,4,0.4580152671755725
1,0,1,0,30,1,0,0,0,0,0,0,0,0,19.65,655.85,1,1,0,0,0,0,1,1,0,0,0,2,0.0299155058232473,0,0,0,1,0.6338709677419354,0,0,0,0,0,1,1.4527845036319613
1,0,0,0,4,1,0,0,0,0,0,1,0,1,79.0,303.15,1,1,0,0,0,1,0,0,0,1,0,0,0.2597402597402597,0,1,0,2,15.8,1,0,0,1,1,2,0.05
1,0,0,0,40,1,1,0,0,1,1,1,1,1,105.95,4335.2,0,0,1,0,0,1,0,0,1,0,0,2,0.0244338360776716,2,2,1,6,2.5841463414634145,0,1,1,0,0,6,0.3740065451145395
1,0,1,1,9,1,0,0,0,0,1,0,0,1,75.85,647.5,0,1,0,0,0,1,0,0,0,1,0,0,0.1169622205088666,1,0,0,2,7.584999999999999,1,0,1,1,1,2,0.11711125569290827
1,0,1,1,17,1,0,1,0,0,1,1,0,0,91.85,1574.45,1,1,0,0,0,1,0,0,0,1,0,1,0.0583008029451902,2,1,1,4,5.102777777777778,0,0,1,1,0,4,0.1830910070005385
1,0,0,0,62,0,0,0,1,1,0,0,1,1,43.6,2748.7,0,0,0,1,1,0,0,0,1,0,0,3,0.015856275230025,2,1,0,3,0.692063492063492,0,2,1,0,0,3,1.390134529147982
0,0,0,0,28,1,0,0,1,0,1,1,0,1,91.25,2483.65,0,0,1,0,0,1,0,1,0,0,0,2,0.0367254945364538,2,1,1,4,3.146551724137931,0,1,1,0,0,4,0.3035230352303523
1,0,0,0,70,1,1,1,1,1,1,1,1,0,89.75,6367.2,0,0,0,1,1,0,0,0,1,0,0,3,0.0140934644012436,4,2,0,8,1.2640845070422535,0,2,1,0,0,8,0.7713498622589532
1,0,0,0,46,1,0,0,1,1,1,1,1,1,104.4,4904.2,0,0,0,1,0,1,0,1,0,0,0,2,0.0212835358395172,3,2,1,6,2.221276595744681,0,2,1,0,0,6,0.43643263757115747
1,0,1,0,23,1,1,0,0,1,0,0,1,0,90.15,2044.95,0,1,0,0,0,1,0,0,0,0,1,1,0.0440626603778196,1,1,1,4,3.75625,0,0,1,1,0,4,0.2523313219967087
0,0,1,1,47,0,0,1,0,1,1,0,0,0,40.3,1794.8,0,0,1,0,1,0,0,0,0,1,0,2,0.0224412518097783,3,0,0,3,0.8395833333333332,0,1,1,0,0,3,1.1380145278450364
0,0,1,1,68,1,0,1,1,1,0,1,1,1,105.25,7173.15,0,0,0,1,0,1,0,1,0,0,0,3,0.0146707275426357,3,2,1,6,1.5253623188405796,0,2,1,0,0,6,0.64
1,1,0,0,60,1,1,0,0,1,1,1,1,1,106.0,6441.4,1,0,1,0,0,1,0,0,0,1,0,3,0.0164534955917049,2,2,1,6,1.7377049180327868,0,1,1,0,1,6,0.5607476635514018
1,0,0,1,67,1,1,0,1,0,1,1,1,1,104.0,7039.05,0,0,0,1,0,1,0,0,0,1,0,3,0.0147726223535344,2,2,1,6,1.5294117647058822,0,2,1,0,1,6,0.638095238095238
1,0,0,0,14,1,0,0,0,0,1,1,1,1,69.65,921.4,0,1,0,0,1,0,0,0,0,1,0,1,0.075509540329575,1,2,0,4,4.6433333333333335,0,0,1,0,1,4,0.1981599433828733
0,0,1,1,57,1,1,0,0,0,0,0,0,1,74.3,4018.35,0,1,0,0,0,1,0,0,0,1,0,3,0.0184855760259743,0,0,0,2,1.2810344827586206,0,0,0,1,1,2,0.7569721115537849
1,0,1,1,55,1,1,1,0,0,0,1,1,0,100.9,5448.6,0,0,1,0,0,1,0,0,0,0,1,3,0.0185151203758074,1,2,1,5,1.8017857142857143,0,1,1,0,0,5,0.5397448478900883
0,0,0,0,1,1,0,0,0,0,0,0,0,1,20.25,20.25,0,1,0,0,0,0,1,0,0,0,1,0,0.9529411764705882,0,0,0,1,10.125,0,0,0,0,0,1,0.047058823529411764
0,0,0,1,1,1,0,0,0,0,1,0,0,1,49.9,49.9,1,1,0,0,1,0,0,0,0,0,1,0,0.9803536345776032,1,0,0,2,24.95,0,0,1,0,0,2,0.019646365422396856
0,0,0,0,23,1,1,0,0,1,1,1,0,1,96.9,2085.45,0,1,0,0,0,1,0,0,1,0,0,1,0.0464425219871072,2,1,1,5,4.0375000000000005,0,0,1,1,0,5,0.23493360572012256
1,0,0,0,13,1,1,1,0,0,0,1,1,1,100.35,1358.85,1,1,0,0,0,1,0,0,0,1,0,1,0.0737949038496893,1,2,1,5,7.167857142857143,0,0,1,1,0,5,0.12826837691169216
0,0,1,0,47,1,1,0,1,1,0,1,1,1,104.1,5135.15,0,1,0,0,0,1,0,0,0,1,0,2,0.0202680996466224,2,2,1,6,2.1687499999999997,0,0,1,1,1,6,0.4471931493815414
0,0,0,0,38,1,0,0,0,0,0,0,0,0,20.1,730.1,0,0,1,0,0,0,1,0,0,0,1,2,0.027492819039803,0,0,0,1,0.5153846153846154,0,1,0,0,0,1,1.8009478672985781
1,1,1,0,38,1,1,0,0,0,0,0,0,1,74.95,2869.85,1,1,0,0,0,1,0,1,0,0,0,2,0.0261072504658898,0,0,0,2,1.9217948717948719,0,0,0,1,0,2,0.5003291639236339
1,1,0,0,2,1,1,0,1,0,0,0,0,1,56.55,118.25,0,1,0,0,1,0,0,0,1,0,0,0,0.4742138364779873,1,0,0,3,18.849999999999998,0,0,1,0,0,3,0.03475238922675934
0,1,1,1,1,1,0,0,0,0,1,0,0,1,49.25,49.25,1,1,0,0,1,0,0,0,1,0,0,0,0.9800995024875622,1,0,0,2,24.625,0,0,1,0,0,2,0.01990049751243781
0,0,1,0,15,1,0,0,0,0,0,0,0,1,68.6,1108.6,0,1,0,0,0,1,0,1,0,0,0,1,0.0618240807498197,0,0,0,1,4.2875,0,0,0,1,0,1,0.21551724137931036
1,0,0,0,26,1,0,0,0,0,0,0,0,1,69.05,1815.65,0,1,0,0,0,1,0,0,1,0,0,2,0.0380095230231469,0,0,0,1,2.5574074074074074,0,0,0,1,0,1,0.371163454675232
1,0,1,1,35,1,0,0,0,0,0,0,0,0,19.7,730.4,0,0,0,1,0,0,1,0,1,0,0,2,0.0269346458846048,0,0,0,1,0.5472222222222222,0,2,0,0,0,1,1.6908212560386473
0,0,0,1,3,1,0,0,0,0,0,0,0,1,20.05,75.45,0,1,0,0,0,0,1,0,0,0,1,0,0.2622629169391759,0,0,0,1,5.0125,0,0,0,0,0,1,0.14251781472684086
0,0,1,1,50,1,1,0,1,0,1,1,1,0,103.7,5071.05,1,1,0,0,0,1,0,0,0,1,0,3,0.0204453820447353,2,2,1,6,2.033333333333333,0,0,1,1,1,6,0.4775549188156638
0,0,1,0,42,1,1,1,0,1,0,0,1,1,94.4,4014.6,0,1,0,0,0,1,0,0,0,1,0,2,0.0235083175615101,2,1,1,5,2.1953488372093024,0,0,1,1,0,5,0.440251572327044
0,0,1,0,10,1,0,1,0,0,1,0,0,1,54.95,568.85,0,1,0,0,1,0,0,0,1,0,0,0,0.0964288847942441,2,0,0,3,4.995454545454546,0,0,1,0,0,3,0.17873100983020554
1,0,1,0,61,1,0,1,1,0,1,0,1,0,93.7,5860.7,0,0,1,0,0,1,0,1,0,0,0,3,0.0159851237695549,3,1,1,5,1.511290322580645,0,1,1,0,0,5,0.6441393875395988
1,0,0,0,68,1,1,1,1,0,1,1,1,0,110.25,7279.35,0,0,0,1,0,1,0,0,1,0,0,3,0.0151435027162155,3,2,1,7,1.5978260869565217,0,2,1,0,0,7,0.6112359550561798
0,0,0,0,10,1,0,1,0,1,0,1,1,1,98.9,1064.95,0,0,1,0,0,1,0,0,0,1,0,0,0.092781087293025,2,2,1,5,8.990909090909092,1,1,1,0,0,5,0.10010010010010009
0,0,1,0,65,1,1,1,1,1,0,0,0,0,89.75,5769.6,1,0,1,0,0,1,0,0,0,1,0,3,0.0155529754271652,3,0,0,5,1.3598484848484849,0,1,1,0,0,5,0.7162534435261708
1,0,1,1,72,1,0,1,0,1,1,1,1,1,80.45,5886.85,0,0,0,1,1,0,0,1,0,0,0,3,0.0136637312431532,3,2,0,6,1.1020547945205479,0,2,1,0,0,6,0.8839779005524862
0,0,1,1,55,1,0,0,1,0,1,0,0,0,79.4,4238.45,0,1,0,0,0,1,0,0,0,1,0,3,0.0187288445435139,2,0,0,3,1.417857142857143,0,0,1,1,1,3,0.6840796019900497
1,0,0,0,1,1,0,0,0,0,0,0,0,1,20.3,20.3,1,1,0,0,0,0,1,0,0,0,1,0,0.9530516431924884,0,0,0,1,10.15,0,0,0,0,0,1,0.046948356807511735
1,0,0,0,7,1,0,0,0,1,1,0,1,0,62.8,418.3,0,1,0,0,1,0,0,1,0,0,0,0,0.1497734319103267,2,1,0,4,7.85,0,0,1,0,0,4,0.109717868338558
1,0,0,0,2,1,1,0,0,0,0,0,0,1,74.9,136.05,0,1,0,0,0,1,0,0,0,0,1,0,0.546515870120394,0,0,0,2,24.96666666666667,1,0,0,1,0,2,0.026350461133069828
1,0,0,0,9,1,0,1,0,0,0,0,0,1,74.85,708.2,0,1,0,0,0,1,0,0,0,1,0,0,0.1055414551607444,1,0,0,2,7.484999999999999,1,0,1,1,0,2,0.11865524060646013
0,0,0,1,27,1,1,0,0,0,0,0,0,1,25.85,788.55,0,0,0,1,0,0,1,0,1,0,0,2,0.0327401684503831,0,0,0,2,0.9232142857142858,0,2,0,0,0,2,1.005586592178771
0,1,1,0,7,1,1,0,0,1,0,1,1,1,101.95,700.85,1,1,0,0,0,1,0,0,0,1,0,0,0.1452589584669089,1,2,1,5,12.74375,1,0,1,1,1,5,0.06799417192812045
1,0,1,0,64,1,0,0,1,1,1,0,1,1,68.3,4378.8,0,0,0,1,1,0,0,0,0,0,1,3,0.0155943193753139,3,1,0,5,1.0507692307692307,0,2,1,0,0,5,0.9235209235209235
0,0,0,0,70,0,0,1,0,1,1,0,1,0,48.4,3442.8,0,0,0,1,1,0,0,1,0,0,0,3,0.0140542424066438,3,1,0,4,0.6816901408450704,0,2,1,0,0,4,1.417004048582996
0,1,0,0,2,1,1,0,0,0,0,1,1,1,94.0,181.7,1,1,0,0,0,1,0,0,0,1,0,0,0.514504652435687,0,2,1,4,31.333333333333332,1,0,0,1,1,4,0.021052631578947368
0,1,0,0,67,1,0,1,1,0,1,1,1,1,105.05,7171.7,0,0,0,1,0,1,0,0,0,1,0,3,0.0146458098066279,3,2,1,6,1.5448529411764707,0,2,1,0,0,6,0.6317774634606318
1,0,0,0,45,1,1,0,1,0,0,1,0,1,89.3,4016.85,1,1,0,0,0,1,0,0,1,0,0,2,0.0222258172903418,1,1,0,4,1.941304347826087,0,0,1,1,0,4,0.4983388704318937
1,0,0,0,24,1,1,0,0,0,0,0,0,0,25.15,553.0,0,0,0,1,0,0,1,0,1,0,0,1,0.0453971119133574,0,0,0,2,1.006,0,2,0,0,0,2,0.9177820267686425
0,0,1,1,4,1,0,0,0,0,0,0,0,0,19.5,96.85,0,0,0,1,0,0,1,0,1,0,0,0,0.1992846193152785,0,0,0,1,3.9,0,2,0,0,0,1,0.1951219512195122
0,0,1,1,44,1,0,0,0,1,0,1,1,1,92.95,4122.9,0,1,0,0,0,1,0,1,0,0,0,2,0.02253934382502,1,2,1,4,2.0655555555555556,0,0,1,1,0,4,0.46833422032996275
1,0,1,1,72,1,0,0,0,0,0,0,0,1,20.7,1482.3,0,0,0,1,0,0,1,0,0,0,1,3,0.0139553697835906,0,0,0,1,0.28356164383561644,0,2,0,0,0,1,3.317972350230415
1,0,0,0,1,1,0,0,1,0,0,0,0,1,74.3,74.3,1,1,0,0,0,1,0,0,1,0,0,0,0.9867197875166004,1,0,0,2,37.15,1,0,1,1,0,2,0.013280212483399735
0,0,0,0,66,1,0,0,0,0,0,0,0,0,19.35,1240.8,0,0,0,1,0,0,1,1,0,0,0,3,0.015582219358995,0,0,0,1,0.28880597014925374,0,2,0,0,0,1,3.243243243243243
0,0,0,0,1,0,0,0,1,0,1,0,1,1,44.65,44.65,1,1,0,0,1,0,0,0,0,0,1,0,0.9780941949616648,2,1,0,3,22.325,0,0,1,0,0,3,0.02190580503833516
0,0,1,1,13,1,0,1,0,0,0,0,1,0,84.05,1095.3,1,1,0,0,0,1,0,0,0,1,0,1,0.0766669707196935,1,1,0,3,6.003571428571428,0,0,1,1,0,3,0.15285126396237508
0,0,0,0,10,1,1,0,1,0,0,0,0,1,80.7,788.8,1,1,0,0,0,1,0,1,0,0,0,0,0.1021777665231704,1,0,0,3,7.336363636363637,1,0,1,1,0,3,0.12239902080783353
0,1,1,0,65,1,1,0,1,1,0,1,1,1,104.35,6578.55,0,1,0,0,0,1,0,0,0,1,0,3,0.0158597472471521,2,2,1,6,1.581060606060606,0,0,1,1,1,6,0.6169909824394875
0,0,0,1,1,1,0,0,0,0,0,0,0,0,19.55,19.55,0,1,0,0,0,0,1,0,0,0,1,0,0.951338199513382,0,0,0,1,9.775,0,0,0,0,0,1,0.048661800486618
0,0,1,1,38,1,0,1,1,1,1,1,0,0,74.05,2802.3,0,0,1,0,1,0,0,0,0,1,0,2,0.0264152962579816,4,1,0,6,1.8987179487179486,0,1,1,0,0,6,0.5063291139240507
0,0,0,1,23,0,0,1,0,1,1,0,0,0,40.1,857.75,0,0,0,1,1,0,0,0,0,0,1,1,0.0466957787481805,3,0,0,3,1.6708333333333334,0,2,1,0,0,3,0.559610705596107
1,0,1,0,10,1,0,0,0,0,0,0,0,0,20.1,184.4,0,0,1,0,0,0,1,0,0,0,1,0,0.1084142394822006,0,0,0,1,1.8272727272727274,0,1,0,0,0,1,0.4739336492890995
0,0,0,1,4,1,1,0,1,0,0,1,1,1,101.7,364.55,1,1,0,0,0,1,0,0,0,1,0,0,0.2782109150594994,1,2,1,5,20.34,1,0,1,1,1,5,0.03894839337877312
0,0,1,1,72,1,1,1,0,1,1,1,1,1,83.55,6093.3,0,0,0,1,1,0,0,0,1,0,0,3,0.0137095318576374,3,2,0,7,1.1445205479452054,0,2,1,0,0,7,0.8515671200473093
1,0,1,0,35,1,0,0,1,0,1,0,0,0,56.85,1861.1,0,1,0,0,1,0,0,0,0,1,0,2,0.0305300467214435,2,0,0,3,1.5791666666666666,0,0,1,0,1,3,0.6050129645635264
1,0,0,0,1,1,0,0,0,0,0,0,0,0,20.4,20.4,1,1,0,0,0,0,1,0,0,0,1,0,0.9532710280373832,0,0,0,1,10.2,0,0,0,0,0,1,0.04672897196261683
1,0,1,1,58,1,0,0,0,0,0,0,0,0,19.55,1079.65,0,0,0,1,0,0,1,0,1,0,0,3,0.018090963771804,0,0,0,1,0.3313559322033898,0,2,0,0,0,1,2.8223844282238444
0,0,1,1,70,1,0,0,1,1,1,1,1,1,106.15,7475.1,0,0,1,0,0,1,0,0,0,1,0,3,0.0141985794732547,3,2,1,6,1.4950704225352114,0,1,1,0,1,6,0.6532897806812878
0,0,1,1,38,1,1,0,1,1,0,1,1,0,78.95,2862.55,0,0,1,0,1,0,0,0,1,0,0,2,0.0275706727663215,2,2,0,6,2.0243589743589743,0,1,1,0,0,6,0.47529706066291433
1,0,1,1,60,0,0,0,1,0,0,1,1,1,49.75,3069.45,0,1,0,0,1,0,0,0,0,1,0,3,0.0162028367177449,1,2,0,3,0.8155737704918032,0,0,1,0,1,3,1.1822660098522169
0,0,0,0,26,1,1,1,1,0,0,1,0,1,92.4,2349.8,0,1,0,0,0,1,0,0,1,0,0,2,0.0393057682491066,2,1,1,5,3.4222222222222225,0,0,1,1,0,5,0.278372591006424
1,0,0,0,8,1,0,1,1,0,1,0,0,0,58.2,469.25,0,0,1,0,1,0,0,1,0,0,0,0,0.1237639553429027,3,0,0,4,6.466666666666667,0,1,1,0,0,4,0.13513513513513511
0,0,1,1,41,1,1,0,0,1,1,1,1,1,102.6,4213.35,1,0,1,0,0,1,0,0,0,1,0,2,0.024345391341488,2,2,1,6,2.4428571428571426,0,1,1,0,1,6,0.3957528957528958
1,1,1,0,36,1,1,0,1,0,0,1,0,1,91.95,3301.05,0,1,0,0,0,1,0,0,1,0,0,2,0.0278463378810133,1,1,1,4,2.485135135135135,0,0,1,1,0,4,0.38730500268961804
0,1,0,0,54,1,0,0,0,1,1,0,1,0,65.25,3529.95,0,0,1,0,1,0,0,1,0,0,0,3,0.0184794460414336,2,1,0,4,1.1863636363636363,0,1,1,0,0,4,0.8150943396226416
0,0,1,1,71,1,1,0,1,1,0,1,1,1,106.0,7723.7,1,0,0,1,0,1,0,1,0,0,0,3,0.0137222157494789,2,2,1,6,1.4722222222222223,0,2,1,0,0,6,0.6635514018691588
1,0,0,0,55,1,1,0,0,0,0,0,0,1,73.1,4144.9,0,1,0,0,0,1,0,0,0,1,0,3,0.0176318772763453,0,0,0,2,1.3053571428571427,0,0,0,1,1,2,0.7422402159244265
1,0,0,0,72,1,1,1,1,0,0,0,0,0,59.75,4265.0,0,0,0,1,1,0,0,1,0,0,0,3,0.0140060947022972,2,0,0,4,0.8184931506849316,0,2,1,0,0,4,1.1851851851851851
1,0,0,1,3,1,0,1,0,0,1,0,0,1,55.1,154.65,1,1,0,0,1,0,0,0,0,0,1,0,0.3539993575329264,2,0,0,3,13.775,0,0,1,0,0,3,0.053475935828877004
1,0,1,1,54,1,1,0,1,1,0,0,0,1,59.8,3246.45,0,0,0,1,1,0,0,1,0,0,0,3,0.0184144482594035,2,0,0,4,1.0872727272727272,0,2,1,0,0,4,0.8881578947368421
0,0,1,1,72,1,1,1,1,1,1,1,1,1,116.6,8337.45,0,0,0,1,0,1,0,1,0,0,0,3,0.0139834141836912,4,2,1,8,1.5972602739726027,0,2,1,0,0,8,0.6122448979591837
0,0,0,0,52,1,1,1,0,1,1,1,1,1,109.3,5731.4,0,0,0,1,0,1,0,0,0,1,0,3,0.0190670574279533,3,2,1,7,2.0622641509433963,0,2,1,0,0,7,0.471441523118767
1,1,0,0,60,1,1,1,0,0,0,1,1,1,101.4,6176.6,0,0,1,0,0,1,0,1,0,0,0,3,0.0164141414141414,1,2,1,5,1.6622950819672133,0,1,1,0,0,5,0.5859375
1,0,0,0,39,0,0,0,0,1,0,1,1,1,50.65,1905.4,0,1,0,0,1,0,0,0,1,0,0,2,0.0265684011749895,1,2,0,3,1.2662499999999999,0,0,1,0,0,3,0.755082284607938
1,0,0,0,15,1,0,0,0,0,0,1,0,0,56.15,931.9,0,0,1,0,1,0,0,0,0,0,1,1,0.0601886590202594,0,1,0,2,3.509375,0,1,0,0,0,2,0.26246719160104987
0,0,0,0,69,1,1,0,0,1,1,1,1,1,106.5,7348.8,1,0,0,1,0,1,0,1,0,0,0,3,0.0144901902092573,2,2,1,6,1.5214285714285714,0,2,1,0,0,6,0.641860465116279
0,0,1,1,43,1,0,0,0,0,0,0,0,1,19.2,776.25,0,0,1,0,0,0,1,0,0,0,1,2,0.0247024766806046,0,0,0,1,0.43636363636363634,0,1,0,0,0,1,2.128712871287129
1,1,0,0,63,1,1,1,1,1,1,1,0,0,83.0,5243.05,0,0,1,0,1,0,0,1,0,0,0,3,0.0158274615993363,4,1,0,7,1.296875,0,1,1,0,0,7,0.75
0,1,1,0,2,1,0,0,0,0,0,0,0,0,70.1,141.65,0,1,0,0,0,1,0,0,0,1,0,0,0.4914125481948825,0,0,0,1,23.366666666666664,1,0,0,1,1,1,0.028129395218002815
1,0,1,1,72,1,0,1,1,1,1,1,1,1,108.3,7679.65,0,0,0,1,0,1,0,1,0,0,0,3,0.0141003691093852,4,2,1,7,1.4835616438356165,0,2,1,0,0,7,0.6587374199451053
1,0,1,1,32,1,1,0,0,1,0,0,1,1,91.05,2954.5,1,1,0,0,0,1,0,1,0,0,0,2,0.0308069700558281,1,1,1,4,2.759090909090909,0,0,1,1,0,4,0.34763715372080395
0,0,1,1,40,1,1,0,0,0,0,0,0,0,25.25,1006.9,0,0,0,1,0,0,1,0,1,0,0,2,0.0250520885008433,0,0,0,2,0.6158536585365854,0,2,0,0,0,2,1.5238095238095237
1,0,1,0,58,0,0,1,1,0,0,1,0,1,45.35,2540.1,0,0,1,0,1,0,0,0,0,1,0,3,0.0178466018653339,2,1,0,3,0.7686440677966102,0,1,1,0,0,3,1.251348435814455
0,0,0,0,67,0,0,1,0,0,1,1,0,0,43.9,3097.2,0,0,0,1,1,0,0,0,0,1,0,3,0.01416951778452,2,1,0,3,0.6455882352941176,0,2,1,0,0,3,1.492204899777283
1,1,1,0,51,1,1,1,0,0,0,0,0,1,77.5,3807.35,1,1,0,0,0,1,0,0,0,1,0,3,0.0203500203500203,1,0,0,3,1.4903846153846154,0,0,1,1,0,3,0.6496815286624203
0,0,1,0,31,1,1,0,0,1,1,1,1,1,79.3,2484.0,0,0,1,0,1,0,0,0,0,0,1,2,0.0319114688128772,2,2,0,6,2.478125,0,1,1,0,0,6,0.386052303860523
0,1,1,0,69,1,1,1,1,0,0,0,0,1,84.9,5785.65,0,1,0,0,0,1,0,0,1,0,0,3,0.0146717012433791,2,0,0,4,1.2128571428571429,0,0,1,1,0,4,0.8032596041909196
0,0,1,0,32,1,1,0,0,0,1,0,0,1,79.25,2619.15,0,0,1,0,0,1,0,0,0,1,0,2,0.0302463599412247,1,0,0,3,2.4015151515151514,0,1,1,0,1,3,0.3987538940809969
1,0,0,0,21,1,0,1,1,0,1,1,0,0,71.05,1524.85,0,0,0,1,1,0,0,0,1,0,0,1,0.0465642101123963,3,1,0,5,3.2295454545454545,0,2,1,0,0,5,0.2914642609299098
0,0,0,0,52,1,0,1,0,1,0,0,0,0,53.75,2790.65,0,0,1,0,1,0,0,0,0,1,0,3,0.0192538462916196,2,0,0,3,1.0141509433962264,0,1,1,0,0,3,0.9497716894977168
1,0,1,1,72,1,1,0,0,0,0,0,0,0,24.25,1784.5,0,0,0,1,0,0,1,0,1,0,0,3,0.0135816297955754,0,0,0,2,0.3321917808219178,0,2,0,0,0,2,2.8514851485148514
1,0,1,0,72,0,0,0,1,1,0,1,1,1,54.2,3937.45,1,0,0,1,1,0,0,0,0,1,0,3,0.0137617590676535,2,2,0,4,0.7424657534246576,0,2,1,0,1,4,1.3043478260869565
0,0,1,1,52,0,0,1,0,1,0,0,1,0,44.25,2276.1,0,0,1,0,1,0,0,1,0,0,0,3,0.0194326116551754,2,1,0,3,0.8349056603773585,0,1,1,0,0,3,1.149171270718232
1,0,0,0,41,1,0,0,0,0,1,0,0,0,50.05,2029.05,0,0,1,0,1,0,0,1,0,0,0,2,0.0246545651584936,1,0,0,2,1.1916666666666667,0,1,1,0,0,2,0.803134182174339
0,0,0,0,41,1,0,0,0,0,0,0,0,0,20.15,802.35,0,0,0,1,0,0,1,0,0,0,1,2,0.0250824671687309,0,0,0,1,0.4797619047619047,0,2,0,0,0,1,1.938534278959811
1,0,0,0,6,1,0,0,0,0,0,0,0,1,69.25,418.4,1,1,0,0,0,1,0,0,0,0,1,0,0.1651168335717692,0,0,0,1,9.892857142857142,0,0,0,1,0,1,0.08540925266903915
0,0,1,1,67,1,1,1,1,1,1,0,0,1,69.35,4653.25,0,0,1,0,1,0,0,0,1,0,0,3,0.0149003598861255,4,0,0,6,1.0198529411764705,0,1,1,0,0,6,0.9523809523809524
1,0,1,1,16,1,0,0,0,0,0,0,0,0,19.35,275.9,0,1,0,0,0,0,1,0,0,0,1,1,0.0698808234019501,0,0,0,1,1.1382352941176472,0,0,0,0,0,1,0.7862407862407862
0,0,0,0,17,1,0,0,0,0,0,0,0,0,19.15,343.45,0,0,0,1,0,0,1,0,0,0,1,1,0.055595877485847,0,0,0,1,1.0638888888888889,0,2,0,0,0,1,0.8436724565756825
0,0,1,0,35,1,0,1,1,1,0,0,0,0,61.0,2130.45,0,1,0,0,1,0,0,0,0,0,1,2,0.0286190152243777,3,0,0,4,1.6944444444444444,0,0,1,0,0,4,0.5645161290322581
1,0,1,1,58,1,0,0,0,0,0,0,0,0,20.5,1191.4,0,0,0,1,0,0,1,0,1,0,0,3,0.0171922173767192,0,0,0,1,0.3474576271186441,0,2,0,0,0,1,2.697674418604651
0,0,0,0,1,1,0,0,0,1,0,0,0,1,50.5,50.5,1,1,0,0,1,0,0,0,0,1,0,0,0.9805825242718448,1,0,0,2,25.25,0,0,1,0,1,2,0.019417475728155338
0,0,1,1,52,0,0,0,1,1,1,1,0,0,50.2,2554.0,0,0,0,1,1,0,0,0,0,0,1,3,0.0196477495107632,3,1,0,4,0.9471698113207547,0,2,1,0,0,4,1.015625
1,0,0,0,70,1,0,1,0,1,1,1,1,0,79.6,5589.45,0,0,0,1,1,0,0,1,0,0,0,3,0.0142385675571733,3,2,0,6,1.1211267605633801,0,2,1,0,0,6,0.8684863523573202
1,0,1,1,19,1,1,0,0,0,0,0,0,1,24.9,467.7,0,0,0,1,0,0,1,1,0,0,0,1,0.0531256667377853,0,0,0,2,1.2449999999999999,0,2,0,0,0,2,0.7335907335907337
0,1,0,0,1,1,1,0,0,0,0,0,0,1,74.4,74.4,1,1,0,0,0,1,0,0,0,1,0,0,0.986737400530504,0,0,0,2,37.2,1,0,0,1,1,2,0.01326259946949602
1,0,1,1,35,1,0,1,0,1,1,1,1,1,106.9,3756.45,0,1,0,0,0,1,0,0,0,1,0,2,0.0284501457105217,3,2,1,6,2.9694444444444446,0,0,1,1,0,6,0.3243744207599629
1,0,0,0,32,1,1,0,0,1,0,1,1,1,101.35,3334.9,0,1,0,0,0,1,0,0,0,1,0,2,0.0303816061632542,1,2,1,5,3.071212121212121,0,0,1,1,1,5,0.3126526624328285
1,0,1,1,17,1,0,1,0,0,1,0,0,1,55.35,920.5,0,1,0,0,1,0,0,0,1,0,0,1,0.0600651112316874,2,0,0,3,3.075,0,0,1,0,0,3,0.30168589174800353
1,0,1,1,67,1,0,0,1,0,0,0,0,0,50.55,3431.75,0,0,1,0,1,0,0,0,1,0,0,3,0.0147258029276818,1,0,0,2,0.7433823529411764,0,1,1,0,0,2,1.2997090203685742
1,0,0,0,9,1,0,0,0,0,0,0,0,0,19.5,150.35,0,1,0,0,0,0,1,1,0,0,0,0,0.1288404360753221,0,0,0,1,1.95,0,0,0,0,0,1,0.43902439024390244
0,0,0,1,31,1,1,0,1,0,1,1,1,1,79.45,2587.7,1,0,1,0,1,0,0,0,0,0,1,2,0.0306910804650983,2,2,0,6,2.4828125,0,1,1,0,0,6,0.3853325046612803
0,0,0,0,4,1,1,1,0,0,0,1,0,0,90.65,367.95,0,1,0,0,0,1,0,0,0,1,0,0,0.2456972489497222,1,1,1,4,18.130000000000003,1,0,1,1,0,4,0.043644298963447896
0,1,1,1,58,1,1,1,1,0,1,0,0,1,89.85,5125.75,0,0,1,0,0,1,0,1,0,0,0,3,0.0175257229238796,3,0,0,5,1.5228813559322032,0,1,1,0,0,5,0.6384149697303247
0,0,0,0,60,1,0,1,0,1,1,1,1,0,79.0,4801.1,0,0,1,0,1,0,0,0,0,0,1,3,0.0164511359613502,3,2,0,6,1.2950819672131149,0,1,1,0,0,6,0.75
0,0,0,0,58,1,1,0,0,1,1,1,1,1,104.65,6219.6,1,0,1,0,0,1,0,0,0,1,0,3,0.016823136031894,2,2,1,6,1.773728813559322,0,1,1,0,1,6,0.5489824893516327
0,0,0,0,1,1,0,0,0,0,0,0,0,0,19.55,19.55,0,1,0,0,0,0,1,0,0,0,1,0,0.951338199513382,0,0,0,1,9.775,0,0,0,0,0,1,0.048661800486618
1,0,1,1,27,1,0,0,0,0,0,0,0,0,19.9,550.1,0,0,0,1,0,0,1,0,0,0,1,2,0.0361095989838504,0,0,0,1,0.7107142857142856,0,2,0,0,0,1,1.291866028708134
0,1,1,1,66,1,1,1,1,1,1,1,1,1,116.25,7862.25,0,0,1,0,0,1,0,0,0,1,0,3,0.0147839633739229,4,2,1,8,1.7350746268656716,0,1,1,0,0,8,0.5628997867803838
0,0,0,0,15,1,1,1,0,0,0,1,0,1,87.75,1242.2,0,1,0,0,0,1,0,1,0,0,0,1,0.0705839768339768,1,1,0,4,5.484375,0,0,1,1,0,4,0.16901408450704225
0,1,1,0,47,1,1,0,0,1,0,1,1,1,100.05,4871.05,1,1,0,0,0,1,0,0,0,1,0,2,0.0205355035354727,1,2,1,5,2.084375,0,0,1,1,1,5,0.46511627906976744
1,0,0,0,41,1,1,1,0,0,0,0,0,1,81.3,3190.65,0,1,0,0,0,1,0,0,1,0,0,2,0.0254727178732003,1,0,0,3,1.9357142857142857,0,0,1,1,0,3,0.49817739975698666
0,0,1,0,59,0,0,0,0,0,0,1,1,1,44.3,2666.75,0,1,0,0,1,0,0,0,0,1,0,3,0.016605753912473,0,2,0,2,0.7383333333333333,0,0,0,0,1,2,1.3024282560706402
1,0,0,1,50,1,0,0,0,0,0,0,0,0,70.35,3533.6,0,0,0,1,0,1,0,0,1,0,0,3,0.0199032422339161,0,0,0,1,1.3794117647058823,0,2,0,0,0,1,0.700770847932726
0,0,1,1,17,0,0,1,0,1,0,1,0,0,44.45,792.15,0,0,1,0,1,0,0,0,1,0,0,1,0.0560423627308831,2,1,0,3,2.4694444444444446,0,1,1,0,0,3,0.37403740374037403
0,0,1,1,6,1,0,1,0,0,0,0,0,1,49.15,295.65,0,1,0,0,1,0,0,0,0,1,0,0,0.1656834653632226,1,0,0,2,7.021428571428571,0,0,1,0,0,2,0.11964107676969093
0,1,1,0,51,0,0,0,1,0,0,0,0,1,29.45,1459.35,0,1,0,0,1,0,0,0,1,0,0,3,0.0201663984661211,1,0,0,1,0.5663461538461538,0,0,1,0,0,1,1.6748768472906403
0,0,0,0,44,1,0,0,1,0,1,1,1,0,100.55,4398.15,1,1,0,0,0,1,0,0,0,1,0,2,0.0228566882238614,2,2,1,5,2.2344444444444442,0,0,1,1,1,5,0.43328409650418515
0,0,1,0,49,1,0,0,1,0,0,1,0,1,85.3,4297.95,0,1,0,0,0,1,0,0,1,0,0,3,0.0198420544551576,1,1,0,3,1.706,0,0,1,1,0,3,0.5677867902665121
0,0,0,0,2,1,0,0,1,0,0,1,1,0,95.65,167.3,1,1,0,0,0,1,0,0,0,1,0,0,0.5683303624480095,1,2,1,4,31.883333333333336,1,0,1,1,1,4,0.020693222969477496
0,0,1,0,59,1,1,1,0,0,1,0,1,1,69.1,4096.9,0,0,1,0,1,0,0,0,0,0,1,3,0.0168622953219941,2,1,0,5,1.1516666666666666,0,1,1,0,0,5,0.8416547788873039
0,1,0,0,50,1,1,1,1,0,0,1,0,1,70.35,3454.6,0,1,0,0,1,0,0,1,0,0,0,3,0.0203582590577613,2,1,0,5,1.3794117647058823,0,0,1,0,0,5,0.700770847932726
1,0,1,1,59,1,0,0,0,0,0,0,0,0,20.6,1286.0,0,0,0,1,0,0,1,0,0,0,1,3,0.016006216006216,0,0,0,1,0.3433333333333334,0,2,0,0,0,1,2.7314814814814814
0,0,0,0,18,1,1,0,0,0,0,0,0,0,74.15,1387.0,0,1,0,0,0,1,0,0,0,0,1,1,0.0534221902017291,0,0,0,2,3.9026315789473687,0,0,0,1,0,2,0.2395209580838323
0,0,0,0,10,1,1,0,0,0,0,0,0,0,75.05,786.3,0,1,0,0,0,1,0,0,0,1,0,0,0.0953257970278165,0,0,0,2,6.822727272727272,1,0,0,1,1,2,0.13149243918474687
0,0,1,0,14,1,0,0,0,0,0,0,0,0,44.6,641.25,0,0,1,0,1,0,0,0,0,1,0,1,0.0694433631763332,0,0,0,1,2.9733333333333336,0,1,0,0,1,1,0.30701754385964913
0,0,0,0,35,1,0,0,0,0,0,0,0,0,21.45,705.45,0,0,0,1,0,0,1,1,0,0,0,2,0.0303630830207374,0,0,0,1,0.5958333333333333,0,2,0,0,0,1,1.55902004454343
0,0,1,1,8,1,0,0,0,0,0,0,0,1,43.45,345.5,0,0,1,0,1,0,0,0,0,0,1,0,0.1253968253968254,0,0,0,1,4.827777777777778,0,1,0,0,0,1,0.17997750281214847
0,0,1,1,18,1,0,0,0,0,0,0,0,0,20.05,345.9,0,0,1,0,0,0,1,1,0,0,0,1,0.0577976362063995,0,0,0,1,1.055263157894737,0,1,0,0,0,1,0.8551068883610451
1,0,1,1,60,1,1,1,1,0,0,1,0,0,94.15,5811.8,0,0,1,0,0,1,0,1,0,0,0,3,0.0161970134874759,2,1,1,5,1.5434426229508198,0,1,1,0,0,5,0.630583289542827
1,0,0,0,1,1,0,0,0,1,0,1,1,0,94.4,94.4,1,1,0,0,0,1,0,0,0,1,0,0,0.989517819706499,1,2,1,4,47.2,1,0,1,1,1,4,0.010482180293501047
1,0,0,0,6,1,0,0,0,0,0,0,0,0,19.55,124.45,0,0,0,1,0,0,1,0,0,0,1,0,0.1558389796731765,0,0,0,1,2.792857142857143,0,2,0,0,0,1,0.291970802919708
1,0,0,1,19,1,1,1,1,0,1,1,0,1,75.9,1375.6,0,1,0,0,1,0,0,0,0,0,1,1,0.0551358419293912,3,1,0,6,3.7950000000000004,0,0,1,0,0,6,0.247074122236671
0,0,1,1,53,1,1,1,1,0,1,0,0,0,64.15,3491.55,0,0,1,0,1,0,0,1,0,0,0,3,0.0183676683225723,3,0,0,5,1.187962962962963,0,1,1,0,0,5,0.8135072908672294
0,1,1,0,72,1,1,1,1,1,0,1,1,1,109.55,7920.7,0,0,0,1,0,1,0,1,0,0,0,3,0.0138291023391443,3,2,1,7,1.5006849315068493,0,2,1,0,0,7,0.6512890094979648
1,0,1,0,60,1,1,0,1,1,1,1,1,1,110.8,6640.7,0,0,0,1,0,1,0,0,1,0,0,3,0.0166824758721411,3,2,1,7,1.8163934426229509,0,2,1,0,0,7,0.5366726296958855
1,0,0,0,1,1,0,0,0,0,0,1,0,1,55.0,55.0,1,1,0,0,1,0,0,0,1,0,0,0,0.9821428571428572,0,1,0,2,27.5,0,0,0,0,0,2,0.017857142857142856
1,0,0,1,13,1,0,0,0,1,1,0,0,0,53.45,718.1,0,1,0,0,1,0,0,0,0,0,1,1,0.0743290223890974,2,0,0,3,3.817857142857143,0,0,1,0,0,3,0.23875114784205692
1,0,1,1,5,1,0,0,0,0,0,0,0,0,69.95,320.4,0,1,0,0,0,1,0,0,1,0,0,0,0.2176415681393902,0,0,0,1,11.658333333333333,0,0,0,1,0,1,0.07047216349541931
0,0,0,0,1,1,1,0,0,1,0,1,1,1,101.45,101.45,1,1,0,0,0,1,0,0,0,1,0,0,0.990239141044412,1,2,1,5,50.725,1,0,1,1,1,5,0.009760858955588092
0,0,1,1,13,1,0,0,0,1,0,1,1,0,97.0,1334.45,0,1,0,0,0,1,0,0,0,1,0,1,0.072634692425774,1,2,1,4,6.928571428571429,0,0,1,1,1,4,0.1326530612244898
0,0,0,0,37,1,1,1,1,1,1,1,1,1,90.6,3358.65,0,0,1,0,1,0,0,1,0,0,0,2,0.0269670947866593,4,2,1,8,2.384210526315789,0,1,1,0,0,8,0.4039301310043668
0,0,1,0,64,1,0,1,0,0,0,0,0,1,73.55,4764.0,0,1,0,0,0,1,0,0,0,0,1,3,0.0154354669464847,1,0,0,2,1.1315384615384616,0,0,1,1,0,2,0.8584842387659289
1,0,1,0,5,1,1,0,0,1,1,1,0,0,67.95,350.3,1,1,0,0,1,0,0,1,0,0,0,0,0.1934244235695986,2,1,0,5,11.325000000000001,0,0,1,0,0,5,0.0725163161711385
1,0,1,0,61,1,1,0,1,0,1,0,1,1,94.35,5703.0,0,0,0,1,0,1,0,1,0,0,0,3,0.0165410238429172,2,1,1,5,1.521774193548387,0,2,1,0,0,5,0.6397482957524908
1,0,0,0,1,1,0,0,0,0,0,0,0,1,69.5,69.5,1,1,0,0,0,1,0,0,0,1,0,0,0.9858156028368794,0,0,0,1,34.75,0,0,0,1,1,1,0.014184397163120567
0,0,0,0,1,1,0,0,0,0,0,0,0,1,18.85,18.85,1,1,0,0,0,0,1,0,0,0,1,0,0.9496221662468514,0,0,0,1,9.425,0,0,0,0,0,1,0.05037783375314861
0,0,0,0,26,1,0,0,0,0,0,0,0,0,19.4,525.55,0,0,1,0,0,0,1,0,0,0,1,2,0.0368436045959548,0,0,0,1,0.7185185185185184,0,1,0,0,0,1,1.2745098039215688
1,0,0,0,1,1,0,0,0,0,0,0,0,1,69.2,69.2,1,1,0,0,0,1,0,0,0,1,0,0,0.9857549857549858,0,0,0,1,34.6,0,0,0,1,1,1,0.014245014245014245
0,0,1,0,24,1,0,0,0,0,0,0,0,0,19.75,483.15,0,0,0,1,0,0,1,0,0,0,1,1,0.0407931426210885,0,0,0,1,0.79,0,2,0,0,0,1,1.1566265060240963
0,0,1,0,17,0,0,0,0,1,1,1,1,0,54.6,934.8,0,0,1,0,1,0,0,0,0,1,0,1,0.0583458003846975,2,2,0,4,3.033333333333333,0,1,1,0,1,4,0.3057553956834532
1,0,0,1,26,0,0,0,0,1,0,0,0,1,29.8,786.5,0,1,0,0,1,0,0,0,0,0,1,2,0.0378412698412698,1,0,0,1,1.1037037037037036,0,0,1,0,0,1,0.8441558441558441
0,0,0,0,1,1,0,0,0,0,0,0,0,1,69.65,69.65,1,1,0,0,0,1,0,0,0,1,0,0,0.9858457183297948,0,0,0,1,34.825,0,0,0,1,1,1,0.014154281670205236
0,1,1,0,40,1,1,1,0,0,0,1,1,0,101.85,4086.3,1,1,0,0,0,1,0,0,0,1,0,2,0.0249186504538448,1,2,1,5,2.4841463414634144,0,0,1,1,0,5,0.38891589693728734
0,0,0,0,52,1,1,0,1,1,0,1,1,1,103.05,5364.8,0,1,0,0,0,1,0,0,0,1,0,3,0.0192049647769204,2,2,1,6,1.9443396226415093,0,0,1,1,1,6,0.4997597308986065
1,0,0,0,1,1,0,0,1,1,0,0,0,1,82.3,82.3,1,1,0,0,0,1,0,0,0,1,0,0,0.9879951980792316,2,0,0,3,41.15,1,0,1,1,1,3,0.012004801920768308
0,0,0,0,1,1,0,0,0,0,0,0,0,0,20.3,20.3,0,1,0,0,0,0,1,0,0,0,1,0,0.9530516431924884,0,0,0,1,10.15,0,0,0,0,0,1,0.046948356807511735
1,0,0,0,21,0,0,1,0,0,1,0,0,0,35.1,770.4,0,0,0,1,1,0,0,0,0,0,1,1,0.0455016852476017,2,0,0,2,1.5954545454545455,0,2,1,0,0,2,0.5817174515235457
1,0,1,0,67,1,1,0,1,1,0,1,1,1,105.7,6816.95,0,0,1,0,0,1,0,1,0,0,0,3,0.015503193775255,2,2,1,6,1.5544117647058824,0,1,1,0,0,6,0.6279287722586692
1,0,1,1,44,1,0,1,0,0,1,0,0,0,56.25,2419.55,0,1,0,0,1,0,0,1,0,0,0,2,0.0232385201710355,2,0,0,3,1.25,0,0,1,0,0,3,0.7685589519650655
0,0,1,1,70,0,0,0,1,1,1,1,1,0,60.35,4138.7,0,0,1,0,1,0,0,0,0,1,0,3,0.0145783510882431,3,2,0,5,0.85,0,1,1,0,1,5,1.1409942950285248
0,0,0,0,3,1,0,0,0,0,0,1,0,0,79.25,267.6,1,1,0,0,0,1,0,0,0,1,0,0,0.295048399106478,0,1,0,2,19.8125,1,0,0,1,1,2,0.037383177570093455
0,0,1,1,56,1,0,1,1,1,0,0,0,1,59.8,3457.45,0,0,0,1,1,0,0,1,0,0,0,3,0.0172909829547918,3,0,0,4,1.0491228070175438,0,2,1,0,0,4,0.9210526315789475
1,0,0,0,13,1,1,0,0,0,0,0,1,1,84.6,1115.2,1,1,0,0,0,1,0,0,0,1,0,1,0.0757928686615301,0,1,0,3,6.042857142857143,0,0,0,1,1,3,0.1518691588785047
1,0,1,1,58,1,1,1,1,0,0,0,1,1,93.4,5435.6,1,1,0,0,0,1,0,1,0,0,0,3,0.0171798550564691,2,1,1,5,1.5830508474576273,0,0,1,1,0,5,0.6144067796610169
1,0,1,1,42,1,1,0,0,0,0,1,1,1,94.2,4186.3,1,1,0,0,0,1,0,0,0,1,0,2,0.0224965968523869,0,2,1,4,2.1906976744186046,0,0,0,1,1,4,0.4411764705882353
0,1,1,0,1,0,0,0,0,0,0,0,0,0,25.05,25.05,1,1,0,0,1,0,0,0,0,1,0,0,0.961612284069098,0,0,0,0,12.525,0,0,0,0,1,0,0.03838771593090211
1,0,1,1,46,1,1,1,0,1,1,0,1,0,99.65,4630.2,0,0,0,1,0,1,0,0,0,0,1,2,0.0215171013992053,3,1,1,6,2.120212765957447,0,2,1,0,0,6,0.4570293094883259
1,0,1,1,63,1,0,1,0,0,0,0,0,1,50.65,3221.25,0,0,0,1,1,0,0,1,0,0,0,3,0.0157188300100861,1,0,0,2,0.79140625,0,2,1,0,0,2,1.2197483059051306
0,0,0,0,11,1,0,0,1,1,1,0,0,1,60.9,688.5,0,1,0,0,1,0,0,0,0,1,0,0,0.0883248730964467,3,0,0,4,5.075,0,0,1,0,1,4,0.1777059773828756
0,0,1,1,15,1,1,0,0,1,1,0,0,1,59.65,867.1,0,1,0,0,1,0,0,1,0,0,0,1,0.0687132818799677,2,0,0,4,3.728125,0,0,1,0,0,4,0.247320692497939
0,0,1,0,72,0,0,1,1,1,1,1,1,1,64.7,4746.05,0,0,0,1,1,0,0,0,0,1,0,3,0.0136295172791523,4,2,0,6,0.8863013698630138,0,2,1,0,0,6,1.095890410958904
1,0,0,0,29,0,0,0,0,0,0,0,0,1,25.1,712.85,1,1,0,0,1,0,0,0,1,0,0,2,0.0351614484835749,0,0,0,0,0.8366666666666667,0,0,0,0,0,0,1.1111111111111112
0,0,0,1,1,1,0,0,0,1,0,0,0,0,48.95,48.95,1,1,0,0,1,0,0,0,0,1,0,0,0.97997997997998,1,0,0,2,24.475,0,0,1,0,1,2,0.02002002002002002
1,0,1,1,6,1,0,0,0,0,0,1,0,0,54.85,355.1,0,1,0,0,1,0,0,0,0,1,0,0,0.1540297669194046,0,1,0,2,7.835714285714286,0,0,0,0,1,2,0.10743061772605192
0,0,0,0,1,1,0,0,0,0,0,0,0,0,45.3,45.3,1,1,0,0,1,0,0,0,0,1,0,0,0.978401727861771,0,0,0,1,22.65,0,0,0,0,1,1,0.021598272138228944
0,0,1,1,63,1,1,0,1,0,0,0,1,1,91.35,5764.7,0,0,1,0,0,1,0,0,0,1,0,3,0.0158436963421614,1,1,1,4,1.42734375,0,1,1,0,1,4,0.6821873308067137
0,0,0,0,2,1,0,0,0,1,0,0,1,1,85.85,167.3,1,1,0,0,0,1,0,0,0,1,0,0,0.51010101010101,1,1,0,3,28.616666666666664,1,0,1,1,1,3,0.023028209556706966
1,0,1,1,18,1,1,0,0,0,0,0,0,0,25.1,428.45,0,0,0,1,0,0,1,0,0,0,1,1,0.0584468506228897,0,0,0,2,1.3210526315789475,0,2,0,0,0,2,0.689655172413793
1,0,1,0,43,0,0,1,0,0,1,0,0,0,34.0,1505.35,0,1,0,0,1,0,0,1,0,0,0,2,0.0225711156105818,2,0,0,2,0.7727272727272727,0,0,1,0,0,2,1.2285714285714286
1,0,0,0,15,0,0,1,1,1,1,0,0,0,45.9,693.45,0,0,1,0,1,0,0,0,0,0,1,1,0.0660954712362301,4,0,0,4,2.86875,0,1,1,0,0,4,0.31982942430703626
0,0,0,1,10,1,1,0,0,0,0,1,1,0,95.2,930.4,1,1,0,0,0,1,0,0,0,1,0,0,0.102211724286021,0,2,1,4,8.654545454545454,1,0,0,1,1,4,0.10395010395010394
0,0,1,1,55,1,0,0,0,0,0,0,0,0,20.5,1177.95,0,0,0,1,0,0,1,0,0,0,1,3,0.0173883540438525,0,0,0,1,0.36607142857142855,0,2,0,0,0,1,2.558139534883721
0,0,0,1,49,1,1,0,0,0,1,1,1,1,100.6,5069.65,1,0,1,0,0,1,0,1,0,0,0,3,0.0198396655261159,1,2,1,5,2.012,0,1,1,0,0,5,0.48228346456692917
0,0,1,1,6,1,0,0,1,1,0,0,0,1,55.3,324.25,1,1,0,0,1,0,0,0,0,0,1,0,0.1700230591852421,2,0,0,3,7.8999999999999995,0,0,1,0,0,3,0.10657193605683837
0,0,1,1,70,1,0,0,0,0,0,0,0,0,20.35,1458.1,0,0,0,1,0,0,1,0,1,0,0,3,0.0139469536015351,0,0,0,1,0.28661971830985916,0,2,0,0,0,1,3.2786885245901636
0,1,0,0,2,1,1,0,0,0,0,0,0,1,74.85,156.4,1,1,0,0,0,1,0,0,0,0,1,0,0.4755400254129605,0,0,0,2,24.95,1,0,0,1,0,2,0.02636783124588003
0,1,1,0,63,0,0,1,0,0,1,0,0,0,36.1,2298.9,0,0,1,0,1,0,0,1,0,0,0,3,0.0156963346232444,2,0,0,2,0.5640625,0,1,1,0,0,2,1.6981132075471697
1,0,0,0,25,1,0,0,1,0,1,0,1,1,65.8,1679.65,0,1,0,0,1,0,0,1,0,0,0,2,0.0391515187576235,2,1,0,4,2.5307692307692307,0,0,1,0,0,4,0.37425149700598803
1,1,0,0,18,1,0,0,0,0,0,0,0,0,20.35,369.6,0,0,1,0,0,0,1,1,0,0,0,1,0.0549109552077711,0,0,0,1,1.0710526315789475,0,1,0,0,0,1,0.8430913348946135
0,1,1,0,28,1,1,0,1,0,1,1,1,1,105.8,2998.0,0,1,0,0,0,1,0,0,0,1,0,2,0.0352784261420473,2,2,1,6,3.6482758620689655,0,0,1,1,1,6,0.2621722846441948
1,1,0,0,53,1,0,1,1,0,1,0,1,1,96.75,5206.55,0,0,1,0,0,1,0,0,0,0,1,3,0.0185787942506552,3,1,1,5,1.7916666666666667,0,1,1,0,0,5,0.5421994884910486
0,0,0,0,35,1,0,0,1,1,0,1,1,1,102.35,3626.1,1,0,1,0,0,1,0,1,0,0,0,2,0.0282181357006975,2,2,1,5,2.8430555555555554,0,1,1,0,0,5,0.33865505563618775
0,0,0,0,1,0,0,0,0,0,0,0,0,0,24.4,24.4,0,1,0,0,1,0,0,0,0,0,1,0,0.9606299212598424,0,0,0,0,12.2,0,0,0,0,0,0,0.03937007874015748
0,0,1,0,70,1,1,1,1,1,1,1,1,0,115.65,7968.85,1,0,1,0,0,1,0,0,1,0,0,3,0.0145109380979566,4,2,1,8,1.6288732394366199,0,1,1,0,0,8,0.6000857265323617
0,0,0,0,2,1,0,0,0,1,1,0,0,1,79.85,152.45,1,1,0,0,0,1,0,0,0,1,0,0,0.5203649397197785,2,0,0,3,26.616666666666664,1,0,1,1,1,3,0.024737167594310452
1,0,1,0,26,1,0,0,1,0,1,1,1,1,73.05,1959.5,0,1,0,0,1,0,0,0,0,1,0,2,0.0372609028309104,2,2,0,5,2.7055555555555553,0,0,1,0,1,5,0.3511141120864281
1,0,0,0,34,1,0,1,1,0,0,0,1,0,64.35,2053.05,0,0,1,0,1,0,0,0,0,1,0,2,0.0313283513059565,2,1,0,4,1.8385714285714283,0,1,1,0,0,4,0.5202754399387912
1,0,0,1,19,1,0,0,0,0,0,0,0,0,20.5,398.55,0,0,0,1,0,0,1,0,0,0,1,1,0.0513077211863346,0,0,0,1,1.025,0,2,0,0,0,1,0.8837209302325582
0,0,0,0,15,1,1,0,0,0,0,0,0,1,76.0,1130.85,1,1,0,0,0,1,0,0,0,0,1,1,0.0671467067190882,0,0,0,2,4.75,0,0,0,1,0,2,0.19480519480519481
1,0,1,1,62,1,0,1,0,1,0,0,0,0,54.75,3425.35,0,0,1,0,1,0,0,0,1,0,0,3,0.0159791031272345,2,0,0,3,0.8690476190476191,0,1,1,0,0,3,1.1121076233183858
1,1,0,0,42,1,1,0,1,1,0,1,1,1,104.75,4323.45,1,1,0,0,0,1,0,1,0,0,0,2,0.0242227335268068,2,2,1,6,2.436046511627907,0,0,1,1,0,6,0.3971631205673759
1,0,0,0,9,1,0,1,1,0,0,1,1,1,74.65,703.55,1,1,0,0,1,0,0,0,0,1,0,0,0.105954155134483,2,2,0,5,7.465000000000001,1,0,1,0,0,5,0.11896893588896232
0,0,0,0,24,1,0,1,0,0,0,0,0,1,51.15,1275.7,0,1,0,0,1,0,0,0,0,1,0,1,0.0400642280880394,1,0,0,2,2.046,0,0,1,0,0,2,0.46021093000958774
0,1,1,0,68,0,0,1,1,1,0,0,0,1,41.95,2965.75,0,0,0,1,1,0,0,0,0,1,0,3,0.0141400522457234,3,0,0,3,0.6079710144927537,0,2,1,0,0,3,1.5832363213038416
0,0,1,1,31,1,0,0,0,1,1,0,0,0,54.35,1647.0,0,1,0,0,1,0,0,0,0,0,1,2,0.0329793689320388,2,0,0,3,1.6984375,0,0,1,0,0,3,0.5600722673893406
1,0,0,0,1,1,0,0,0,0,0,0,1,1,56.25,56.25,1,1,0,0,1,0,0,0,0,1,0,0,0.982532751091703,0,1,0,2,28.125,0,0,0,0,1,2,0.017467248908296942
0,0,1,0,21,1,1,0,0,1,1,1,1,1,106.1,2249.95,1,1,0,0,0,1,0,0,0,1,0,1,0.0471356538350474,2,2,1,6,4.822727272727272,0,0,1,1,1,6,0.19607843137254902
1,0,1,0,63,1,0,0,1,0,0,1,1,1,96.0,6109.75,0,0,1,0,0,1,0,0,0,1,0,3,0.0157100192284089,1,2,1,4,1.5,0,1,1,0,1,4,0.6494845360824743
1,1,0,0,2,1,0,0,0,0,0,0,1,1,79.75,159.4,1,1,0,0,0,1,0,1,0,0,0,0,0.4971945137157107,0,1,0,2,26.583333333333332,1,0,0,1,0,2,0.02476780185758514
1,0,1,1,61,0,0,0,1,1,1,1,1,1,61.45,3751.15,0,0,0,1,1,0,0,1,0,0,0,3,0.0163772770278373,3,2,0,5,0.9911290322580646,0,2,1,0,0,5,0.976781425140112
1,0,0,0,1,1,0,0,0,0,0,0,0,0,68.65,68.65,1,1,0,0,0,1,0,0,0,1,0,0,0.9856424982053122,0,0,0,1,34.325,0,0,0,1,1,1,0.014357501794687724
0,0,0,0,18,1,0,0,0,0,0,0,0,0,19.65,411.25,0,0,1,0,0,0,1,0,0,0,1,1,0.0476652516676773,0,0,0,1,1.0342105263157895,0,1,0,0,0,1,0.8716707021791769
1,0,1,1,6,1,0,0,0,0,0,0,0,0,19.0,105.5,0,0,1,0,0,0,1,0,1,0,0,0,0.1784037558685446,0,0,0,1,2.7142857142857144,0,1,0,0,0,1,0.3
1,0,0,0,33,1,1,0,1,0,0,1,1,1,100.0,3320.6,0,1,0,0,0,1,0,0,0,1,0,2,0.0301059730250481,1,2,1,5,2.9411764705882355,0,0,1,1,1,5,0.32673267326732675
0,0,0,0,16,1,0,0,0,0,0,0,0,0,20.25,327.45,1,1,0,0,0,0,1,1,0,0,0,1,0.0616532196681382,0,0,0,1,1.1911764705882353,0,0,0,0,0,1,0.7529411764705882
1,0,1,0,56,1,0,0,0,1,1,1,1,1,98.7,5669.5,0,1,0,0,0,1,0,0,0,1,0,3,0.017405872498016,2,2,1,5,1.731578947368421,0,0,1,1,1,5,0.5616850551654965
0,0,0,1,23,1,0,0,0,0,0,0,0,0,19.8,465.45,0,0,1,0,0,0,1,0,0,0,1,1,0.0424482795583663,0,0,0,1,0.8250000000000001,0,1,0,0,0,1,1.1057692307692308
0,0,0,0,9,1,0,0,0,1,0,0,0,1,73.8,704.3,0,1,0,0,0,1,0,0,0,1,0,0,0.1046363249680986,1,0,0,2,7.38,1,0,1,1,1,2,0.12032085561497327
1,1,1,0,14,1,1,0,1,0,0,1,1,1,100.2,1369.8,1,1,0,0,0,1,0,0,0,1,0,1,0.0730960023344032,1,2,1,5,6.680000000000001,0,0,1,1,1,5,0.1383399209486166
0,0,1,1,15,1,1,0,0,0,0,0,0,1,74.9,1107.25,1,1,0,0,0,1,0,1,0,0,0,1,0.0675840288743514,0,0,0,2,4.68125,0,0,0,1,0,2,0.1976284584980237
0,0,0,0,5,1,0,0,0,0,0,0,0,0,20.05,95.55,0,1,0,0,0,0,1,0,1,0,0,0,0.2076644225789746,0,0,0,1,3.341666666666667,0,0,0,0,0,1,0.2375296912114014
0,0,1,0,61,1,1,1,1,0,0,1,1,1,106.2,6375.2,0,1,0,0,0,1,0,0,0,1,0,3,0.0166556883410181,2,2,1,6,1.7129032258064516,0,0,1,1,0,6,0.5690298507462687
0,0,1,1,70,1,1,1,1,1,1,1,1,1,116.55,8152.3,0,0,0,1,0,1,0,0,1,0,0,3,0.0142948254081169,4,2,1,8,1.6415492957746478,0,2,1,0,0,8,0.5954912803062526
0,0,0,0,15,1,1,1,0,0,0,1,1,1,99.7,1566.75,0,1,0,0,0,1,0,0,0,1,0,1,0.0635943230744697,1,2,1,5,6.23125,0,0,1,1,0,5,0.14895729890764647
0,0,1,1,8,1,0,0,0,0,0,0,0,0,19.7,130.25,0,0,0,1,0,0,1,0,0,0,1,0,0.1500952380952381,0,0,0,1,2.1888888888888887,0,2,0,0,0,1,0.3864734299516908
1,0,1,1,8,1,0,0,0,0,0,0,0,0,19.5,162.15,0,0,0,1,0,0,1,0,0,0,1,0,0.1195219123505976,0,0,0,1,2.1666666666666665,0,2,0,0,0,1,0.3902439024390244
1,0,0,0,4,0,0,1,0,0,0,0,0,1,29.15,110.05,0,1,0,0,1,0,0,0,0,0,1,0,0.2624943719045475,1,0,0,1,5.83,0,0,1,0,0,1,0.13266998341625208
1,0,0,0,34,1,0,1,1,0,0,0,0,0,55.0,1885.15,0,0,1,0,1,0,0,0,0,0,1,2,0.0291599289558094,2,0,0,3,1.5714285714285714,0,1,1,0,0,3,0.6071428571428571
0,0,1,0,68,1,1,1,1,1,1,1,1,1,90.8,6302.85,0,0,0,1,1,0,0,0,1,0,0,3,0.01440389603179,4,2,1,8,1.3159420289855073,0,2,1,0,0,8,0.7407407407407408
1,0,1,1,45,0,0,0,1,1,1,0,1,0,51.0,2264.5,0,0,1,0,1,0,0,1,0,0,0,2,0.0225115868461708,3,1,0,4,1.108695652173913,0,1,1,0,0,4,0.8653846153846154
1,1,0,0,9,1,1,0,0,1,0,1,0,1,90.1,816.8,0,1,0,0,0,1,0,0,0,1,0,0,0.1101736365859623,1,1,1,4,9.01,1,0,1,1,1,4,0.09879253567508234
1,0,0,0,22,1,1,1,0,0,1,0,0,1,59.05,1253.5,0,1,0,0,1,0,0,0,0,0,1,1,0.0470705460342766,2,0,0,4,2.567391304347826,0,0,1,0,0,4,0.36636136552872606
1,0,0,0,2,1,0,0,0,0,0,0,0,0,20.3,41.2,0,1,0,0,0,0,1,0,0,0,1,0,0.481042654028436,0,0,0,1,6.766666666666667,0,0,0,0,0,1,0.09389671361502347
0,0,1,0,70,1,1,0,1,1,1,1,0,0,72.95,5265.55,0,0,0,1,1,0,0,1,0,0,0,3,0.0138515726614197,3,1,0,6,1.0274647887323944,0,2,1,0,0,6,0.9465855307640297
1,0,0,1,10,1,1,1,0,1,1,0,1,0,73.55,693.3,0,0,1,0,1,0,0,0,1,0,0,0,0.10593403427913,3,1,0,6,6.6863636363636365,1,1,1,0,0,6,0.1341381623071764
0,0,0,0,72,1,1,1,0,1,1,1,1,0,84.3,5997.1,0,0,0,1,1,0,0,0,1,0,0,3,0.0140544505760157,3,2,0,7,1.154794520547945,0,2,1,0,0,7,0.8440797186400938
1,0,1,1,49,1,0,0,1,1,0,1,1,0,78.0,3824.2,0,0,1,0,1,0,0,0,1,0,0,3,0.0203910906619261,2,2,0,5,1.56,0,1,1,0,0,5,0.620253164556962
1,1,0,0,54,1,1,0,1,0,1,1,0,0,72.1,3886.05,0,0,1,0,1,0,0,0,0,0,1,3,0.0185487709188201,2,1,0,5,1.3109090909090908,0,1,1,0,0,5,0.7387140902872777
1,0,0,0,71,1,1,1,1,1,0,1,1,1,106.75,7283.25,0,0,0,1,0,1,0,0,1,0,0,3,0.0146549061330953,3,2,1,7,1.4826388888888888,0,2,1,0,0,7,0.6589327146171694
1,0,0,0,22,1,0,0,0,0,0,0,0,1,19.25,412.55,0,0,1,0,0,0,1,0,0,0,1,1,0.046548180389312,0,0,0,1,0.8369565217391305,0,1,0,0,0,1,1.0864197530864197
1,0,1,1,50,1,0,0,0,0,0,0,0,0,20.55,1070.25,0,0,0,1,0,0,1,0,1,0,0,3,0.0191831971995332,0,0,0,1,0.40294117647058825,0,2,0,0,0,1,2.320185614849188
1,0,1,1,43,1,0,0,0,0,0,0,0,0,20.0,817.95,0,0,1,0,0,0,1,0,0,0,1,2,0.0244215153550277,0,0,0,1,0.45454545454545453,0,1,0,0,0,1,2.0476190476190474
1,0,1,1,45,1,1,0,0,0,0,0,0,1,24.65,1171.3,0,0,0,1,0,0,1,0,1,0,0,2,0.0210270408598481,0,0,0,2,0.5358695652173913,0,2,0,0,0,2,1.7543859649122808
0,1,0,0,64,1,1,1,1,0,0,1,1,1,103.5,6548.65,0,1,0,0,0,1,0,1,0,0,0,3,0.0158023711190674,2,2,1,6,1.5923076923076922,0,0,1,1,0,6,0.6124401913875598
1,0,1,1,23,1,1,0,0,0,0,0,0,0,23.85,625.65,0,0,0,1,0,0,1,0,0,0,1,1,0.0380595228596505,0,0,0,2,0.99375,0,2,0,0,0,2,0.9255533199195171
1,0,1,0,68,1,1,0,0,0,0,0,0,0,25.8,1911.5,0,0,0,1,0,0,1,0,1,0,0,3,0.0134901960784313,0,0,0,2,0.3739130434782609,0,2,0,0,0,2,2.5373134328358207
1,0,0,0,1,1,0,0,0,0,0,0,0,1,70.85,70.85,1,1,0,0,0,1,0,0,0,1,0,0,0.9860821155184412,0,0,0,1,35.425,1,0,0,1,1,1,0.013917884481558803
0,0,0,0,2,1,0,0,0,0,0,0,0,1,69.8,134.7,1,1,0,0,0,1,0,0,1,0,0,0,0.5143699336772292,0,0,0,1,23.266666666666666,0,0,0,1,0,1,0.02824858757062147
0,0,0,0,26,1,0,0,0,0,1,1,0,0,59.45,1507.0,0,0,1,0,1,0,0,0,1,0,0,2,0.0394230769230769,1,1,0,3,2.201851851851852,0,1,1,0,0,3,0.43010752688172044
0,0,1,0,55,0,0,0,0,1,1,1,1,1,54.55,2978.3,1,1,0,0,1,0,0,1,0,0,0,3,0.0183096700567247,2,2,0,4,0.9741071428571428,0,0,1,0,0,4,0.9900990099009902
0,0,0,0,14,1,0,0,0,0,0,0,0,1,20.05,299.3,0,1,0,0,0,0,1,0,0,1,0,1,0.0667665667665667,0,0,0,1,1.3366666666666667,0,0,0,0,1,1,0.665083135391924
0,0,1,0,71,1,0,1,0,1,1,1,1,1,82.55,5832.65,0,0,0,1,1,0,0,0,0,1,0,3,0.0141506603927215,3,2,0,6,1.1465277777777778,0,2,1,0,0,6,0.8497905445840814
0,0,0,0,64,1,1,1,1,1,1,1,0,0,81.25,5567.55,0,0,1,0,1,0,0,0,0,1,0,3,0.0145908719505077,4,1,0,7,1.25,0,1,1,0,0,7,0.7781155015197568
1,0,0,0,7,1,0,0,0,0,1,1,1,1,70.75,450.8,1,1,0,0,1,0,0,0,1,0,0,0,0.1565958388667552,1,2,0,4,8.84375,1,0,1,0,0,4,0.0975609756097561
1,0,0,0,57,1,0,1,1,1,1,1,0,1,74.3,4166.35,0,0,0,1,1,0,0,0,1,0,0,3,0.0178290760315308,4,1,0,6,1.2810344827586206,0,2,1,0,0,6,0.7569721115537849
1,0,1,0,13,1,1,0,1,1,0,1,0,0,94.1,1215.6,1,1,0,0,0,1,0,0,0,1,0,1,0.0773467039289824,2,1,1,5,6.721428571428571,0,0,1,1,1,5,0.1366982124079916
1,0,1,1,3,0,0,1,0,0,0,0,0,0,29.7,91.7,1,1,0,0,1,0,0,0,1,0,0,0,0.3203883495145631,1,0,0,1,7.425,0,0,1,0,0,1,0.09771986970684039
0,1,1,0,72,1,1,0,1,1,1,1,1,0,109.7,7898.45,0,0,0,1,0,1,0,0,1,0,0,3,0.0138870427688003,3,2,1,7,1.5027397260273974,0,2,1,0,0,7,0.6504065040650406
1,0,1,1,40,1,1,0,1,1,0,1,0,1,96.35,3915.4,0,1,0,0,0,1,0,0,1,0,0,2,0.02460167500766,2,1,1,5,2.3499999999999996,0,0,1,1,0,5,0.41088854648176687
0,0,1,0,14,1,1,0,0,0,1,1,0,1,66.6,979.5,0,1,0,0,1,0,0,0,1,0,0,1,0.0679245283018867,1,1,0,4,4.4399999999999995,0,0,1,0,0,4,0.20710059171597636
0,0,1,1,2,1,0,0,0,0,0,0,0,1,44.5,90.05,0,1,0,0,1,0,0,0,0,1,0,0,0.4887424492037342,0,0,0,1,14.833333333333334,0,0,0,0,1,1,0.04395604395604396
0,1,0,0,66,1,1,0,1,1,1,1,1,0,110.9,7432.05,1,0,1,0,0,1,0,0,1,0,0,3,0.0149198512050907,3,2,1,7,1.655223880597015,0,1,1,0,0,7,0.5898123324396782
1,0,1,0,38,1,1,0,0,1,1,1,1,1,105.0,4026.4,1,1,0,0,0,1,0,0,0,1,0,2,0.0260714108357749,2,2,1,6,2.6923076923076925,0,0,1,1,1,6,0.3584905660377358
0,0,0,1,1,0,0,0,0,0,0,0,0,1,25.3,25.3,1,1,0,0,1,0,0,0,0,1,0,0,0.9619771863117872,0,0,0,0,12.65,0,0,0,0,1,0,0.03802281368821293
0,0,0,0,22,1,0,0,1,0,1,0,0,1,55.15,1193.05,1,0,1,0,1,0,0,0,1,0,0,1,0.0461873455885431,2,0,0,3,2.3978260869565218,0,1,1,0,0,3,0.39180765805877116
0,0,0,0,1,1,0,0,0,0,0,0,0,1,20.1,20.1,1,1,0,0,0,0,1,0,0,0,1,0,0.95260663507109,0,0,0,1,10.05,0,0,0,0,0,1,0.04739336492890995
0,0,0,0,5,1,0,0,0,0,0,1,0,1,80.1,398.55,0,1,0,0,0,1,0,0,0,0,1,0,0.2004755349768489,0,1,0,2,13.35,1,0,0,1,0,2,0.06165228113440198
0,0,1,1,29,1,1,1,0,0,1,1,0,0,69.05,1958.45,0,0,1,0,1,0,0,1,0,0,0,2,0.0352394804664574,2,1,0,5,2.3016666666666667,0,1,1,0,0,5,0.41399000713775874
0,0,1,1,1,1,0,0,0,0,0,0,0,1,69.9,69.9,1,1,0,0,0,1,0,0,0,0,1,0,0.9858956276445698,0,0,0,1,34.95,0,0,0,1,0,1,0.014104372355430182
1,0,0,0,3,1,0,0,0,0,0,0,0,0,20.4,63.15,0,1,0,0,0,0,1,0,0,0,1,0,0.3180046765393608,0,0,0,1,5.1,0,0,0,0,0,1,0.14018691588785048
0,0,1,1,71,1,0,0,0,0,0,0,0,0,19.7,1301.1,0,0,0,1,0,0,1,0,1,0,0,3,0.0151294063435988,0,0,0,1,0.2736111111111111,0,2,0,0,0,1,3.429951690821256
0,0,0,1,9,1,0,0,1,0,0,0,0,1,50.1,484.05,0,1,0,0,1,0,0,0,0,1,0,0,0.1032883207916709,1,0,0,2,5.01,0,0,1,0,1,2,0.1761252446183953
0,0,0,0,43,1,1,0,1,0,0,1,1,1,101.4,4528.0,1,1,0,0,0,1,0,0,0,1,0,2,0.0223890483550452,1,2,1,5,2.3045454545454547,0,0,1,1,1,5,0.419921875
1,0,0,0,48,1,1,1,1,1,0,1,1,1,83.45,3887.85,0,0,1,0,1,0,0,0,1,0,0,2,0.0214587860164315,3,2,0,7,1.703061224489796,0,1,1,0,0,7,0.5683836589698046
0,0,0,0,26,1,1,1,1,0,0,0,0,1,86.65,2208.75,0,1,0,0,0,1,0,0,1,0,0,2,0.0392125806086661,2,0,0,4,3.2092592592592593,0,0,1,1,0,4,0.2966343411294923
1,0,0,0,9,1,0,0,0,0,0,0,0,0,20.15,238.15,0,1,0,0,0,0,1,1,0,0,0,0,0.0842567426301484,0,0,0,1,2.0149999999999997,0,0,0,0,0,1,0.425531914893617
0,0,0,0,1,1,0,0,0,0,0,0,1,1,80.8,80.8,1,1,0,0,0,1,0,0,0,1,0,0,0.9877750611246944,0,1,0,2,40.4,1,0,0,1,1,2,0.012224938875305624
1,0,1,1,46,1,0,0,0,0,0,0,0,0,19.4,958.15,0,0,0,1,0,0,1,0,1,0,0,2,0.0202262419850909,0,0,0,1,0.4127659574468085,0,2,0,0,0,1,2.2549019607843137
0,0,0,0,2,1,1,0,0,0,0,0,1,0,62.05,118.3,1,1,0,0,1,0,0,1,0,0,0,0,0.5201173512154232,0,1,0,3,20.683333333333334,0,0,0,0,0,3,0.0317208564631245
0,1,0,0,1,1,1,0,0,0,0,0,0,1,76.45,76.45,1,1,0,0,0,1,0,0,0,1,0,0,0.987088444157521,0,0,0,2,38.225,1,0,0,1,1,2,0.012911555842479019
0,0,1,1,64,0,0,1,0,1,1,1,1,1,60.05,3845.45,0,0,0,1,1,0,0,1,0,0,0,3,0.0156117978915623,3,2,0,5,0.9238461538461538,0,2,1,0,0,5,1.0483210483210483
1,1,0,0,12,1,1,0,1,0,0,1,0,1,91.3,1094.5,1,1,0,0,0,1,0,0,0,1,0,0,0.0833409402099498,1,1,1,4,7.023076923076923,0,0,1,1,1,4,0.13001083423618634
0,1,1,0,6,1,0,0,0,1,0,1,1,1,95.75,573.75,1,1,0,0,0,1,0,0,0,1,0,0,0.1665941713788603,1,2,1,4,13.678571428571429,1,0,1,1,1,4,0.06201550387596899
1,0,1,0,59,1,0,0,0,0,0,0,0,0,20.35,1267.0,0,0,1,0,0,0,1,0,0,0,1,3,0.0160488958990536,0,0,0,1,0.33916666666666667,0,1,0,0,0,1,2.7634660421545667
1,0,0,0,7,1,0,0,1,0,0,1,1,1,94.05,633.45,0,0,1,0,0,1,0,0,0,0,1,0,0.1482386318858854,1,2,1,4,11.75625,1,1,1,0,0,4,0.07364544976328248
1,1,1,0,72,1,1,1,1,1,0,1,1,1,84.1,6129.65,0,0,0,1,1,0,0,0,1,0,0,3,0.0137179581284203,3,2,0,7,1.152054794520548,0,2,1,0,0,7,0.8460634547591069
0,1,0,0,16,1,0,0,0,0,0,0,1,1,78.75,1218.25,0,1,0,0,0,1,0,0,0,1,0,1,0.0645888866106212,0,1,0,2,4.632352941176471,0,0,0,1,1,2,0.2006269592476489
0,0,1,0,25,1,1,0,0,1,0,0,0,0,55.55,1405.3,0,1,0,0,1,0,0,0,1,0,0,2,0.0395008177487022,1,0,0,3,2.1365384615384615,0,0,1,0,0,3,0.4420866489832007
1,0,1,0,34,1,1,1,1,0,1,0,0,0,62.65,2274.9,1,1,0,0,1,0,0,0,0,1,0,2,0.0275275715101717,3,0,0,5,1.79,0,0,1,0,0,5,0.5341712490180676
1,0,0,0,1,1,1,0,0,0,0,0,0,1,74.5,74.5,1,1,0,0,0,1,0,0,0,1,0,0,0.9867549668874172,0,0,0,2,37.25,1,0,0,1,1,2,0.013245033112582781
1,0,1,1,10,1,1,0,1,1,0,1,1,1,102.1,1068.85,1,1,0,0,0,1,0,0,1,0,0,0,0.0954339393372902,2,2,1,6,9.281818181818181,1,0,1,1,0,6,0.09699321047526674
0,0,1,0,24,1,0,0,0,0,0,0,0,0,20.1,533.9,0,0,1,0,0,0,1,0,0,0,1,1,0.0375771172181716,0,0,0,1,0.804,0,1,0,0,0,1,1.1374407582938388
1,0,1,1,10,1,1,1,1,0,0,1,0,0,70.3,676.15,0,0,1,0,1,0,0,0,0,1,0,0,0.1038174702798493,2,1,0,5,6.390909090909091,1,1,1,0,0,5,0.1402524544179523
0,0,1,0,69,1,0,1,1,0,0,0,0,1,53.65,3804.4,0,0,1,0,1,0,0,0,1,0,0,3,0.0140983865033899,2,0,0,3,0.7664285714285715,0,1,1,0,0,3,1.262580054894785
0,0,0,0,57,1,0,0,0,0,0,0,0,0,20.75,1118.8,0,0,0,1,0,0,1,0,0,0,1,3,0.0185300946597606,0,0,0,1,0.3577586206896552,0,2,0,0,0,1,2.6206896551724137
0,0,1,1,50,1,0,0,1,1,1,1,1,1,103.4,5236.4,0,0,1,0,0,1,0,1,0,0,0,3,0.01974262038416,3,2,1,6,2.0274509803921568,0,1,1,0,0,6,0.4789272030651341
0,0,1,1,28,0,0,1,0,1,1,1,0,0,50.8,1386.8,0,0,1,0,1,0,0,0,0,0,1,2,0.0366046980832973,3,1,0,4,1.7517241379310344,0,1,1,0,0,4,0.5405405405405406
1,0,0,0,16,1,0,1,0,0,0,0,0,1,50.15,762.25,1,1,0,0,1,0,0,0,0,1,0,1,0.0657058630854896,1,0,0,2,2.9499999999999997,0,0,1,0,0,2,0.3128054740957967
0,0,0,0,25,1,0,1,1,0,1,1,1,1,79.0,1902.0,0,1,0,0,1,0,0,0,0,0,1,2,0.0415133998949027,3,2,0,6,3.0384615384615383,0,0,1,0,0,6,0.3125
1,1,1,0,3,1,0,0,1,0,0,0,0,1,74.6,239.05,0,1,0,0,0,1,0,1,0,0,0,0,0.3107685898771088,1,0,0,2,18.65,1,0,1,1,0,2,0.03968253968253969
0,0,1,0,61,1,1,0,0,0,0,1,1,1,96.5,5673.7,0,0,1,0,0,1,0,1,0,0,0,3,0.0170053042451583,0,2,1,4,1.5564516129032258,0,1,0,0,0,4,0.6256410256410256
1,0,0,0,2,1,0,0,0,0,0,0,0,0,20.1,39.8,0,1,0,0,0,0,1,0,0,0,1,0,0.4926470588235295,0,0,0,1,6.7,0,0,0,0,0,1,0.0947867298578199
0,0,1,1,51,1,0,0,0,0,0,0,0,0,19.4,997.75,0,0,1,0,0,0,1,0,0,0,1,3,0.019424280350438,0,0,0,1,0.37307692307692303,0,1,0,0,0,1,2.5
1,0,1,1,71,1,0,1,0,1,0,1,1,0,77.55,5574.35,0,0,0,1,1,0,0,0,1,0,0,3,0.013909440662918,2,2,0,5,1.0770833333333334,0,2,1,0,0,5,0.9038828771483132
1,0,1,1,20,1,0,0,0,0,0,0,0,0,20.05,406.05,0,1,0,0,0,0,1,0,0,0,1,1,0.0492568480530647,0,0,0,1,0.9547619047619048,0,0,0,0,0,1,0.9501187648456056
0,0,1,1,6,1,0,0,0,0,0,0,0,0,19.85,138.85,0,1,0,0,0,0,1,0,1,0,0,0,0.1419377904898105,0,0,0,1,2.835714285714286,0,0,0,0,0,1,0.28776978417266186
1,0,0,0,6,1,0,0,0,0,0,0,0,0,20.2,123.65,0,1,0,0,0,0,1,0,0,0,1,0,0.1620537505014039,0,0,0,1,2.8857142857142857,0,0,0,0,0,1,0.2830188679245283
1,0,0,0,29,1,1,1,1,0,1,0,0,0,67.45,1801.1,0,1,0,0,1,0,0,0,0,0,1,2,0.0374285555740524,3,0,0,5,2.2483333333333335,0,0,1,0,0,5,0.42366691015339664
0,0,0,0,36,1,0,0,0,0,0,0,0,1,18.55,689.0,0,0,0,1,0,0,1,0,1,0,0,2,0.0268840579710144,0,0,0,1,0.5013513513513513,0,2,0,0,0,1,1.8414322250639386
1,0,0,0,28,0,0,0,0,1,0,0,0,1,29.75,790.7,0,1,0,0,1,0,0,0,0,0,1,2,0.037577365163572,1,0,0,1,1.0258620689655173,0,0,1,0,0,1,0.9105691056910569
1,0,1,0,7,1,1,0,0,0,0,1,0,1,86.5,582.5,1,1,0,0,0,1,0,0,0,1,0,0,0.1482433590402742,0,1,0,3,10.8125,1,0,0,1,1,3,0.08
1,0,0,0,63,1,1,0,0,0,0,0,0,0,24.2,1618.2,0,0,0,1,0,0,1,0,0,0,1,3,0.014945652173913,0,0,0,2,0.378125,0,2,0,0,0,2,2.5
0,0,1,1,48,1,1,0,0,0,0,0,0,0,23.55,1173.35,0,0,0,1,0,0,1,0,0,0,1,2,0.0200536466981734,0,0,0,2,0.4806122448979592,0,2,0,0,0,2,1.955193482688391
1,0,1,0,49,1,0,0,0,0,0,0,0,0,20.45,900.9,0,0,1,0,0,0,1,1,0,0,0,3,0.0226743541412573,0,0,0,1,0.409,0,1,0,0,0,1,2.2843822843822843
0,1,0,0,27,1,1,0,1,0,0,0,0,1,81.45,2122.05,1,1,0,0,0,1,0,0,0,1,0,2,0.0383646169426061,1,0,0,3,2.9089285714285715,0,0,1,1,1,3,0.3274711946634324
0,0,1,0,72,1,1,1,1,1,1,1,1,0,92.3,6719.9,0,0,0,1,1,0,0,0,1,0,0,3,0.0137332797690785,4,2,1,8,1.2643835616438355,0,2,1,0,0,8,0.7717041800643087
0,0,1,0,1,1,0,0,0,0,0,0,0,1,69.15,69.15,1,1,0,0,0,1,0,0,0,1,0,0,0.985744832501782,0,0,0,1,34.575,0,0,0,1,1,1,0.014255167498218103
1,0,1,1,72,0,0,0,1,0,1,1,1,0,53.65,3784.0,0,0,0,1,1,0,0,0,1,0,0,3,0.0141743725231175,2,2,0,4,0.7349315068493151,0,2,1,0,0,4,1.3174748398902105
1,0,0,0,47,0,0,1,1,0,1,0,0,0,39.65,1798.65,0,0,1,0,1,0,0,0,1,0,0,2,0.0220320617897924,3,0,0,3,0.8260416666666667,0,1,1,0,0,3,1.1562115621156213
1,0,0,0,1,1,0,0,0,0,0,1,0,1,54.65,54.65,0,1,0,0,1,0,0,0,0,1,0,0,0.982030548068284,0,1,0,2,27.325,0,0,0,0,1,2,0.017969451931716084
1,0,0,0,36,1,1,0,1,1,0,1,1,1,104.8,3886.45,0,0,1,0,0,1,0,1,0,0,0,2,0.0269585460906249,2,2,1,6,2.8324324324324324,0,1,1,0,0,6,0.3402646502835539
0,0,1,1,43,0,0,0,1,0,0,0,0,0,29.3,1224.05,0,1,0,0,1,0,0,0,1,0,0,2,0.0239173911268927,1,0,0,1,0.6659090909090909,0,0,1,0,0,1,1.4191419141914192
1,1,1,0,27,1,1,0,1,1,1,1,1,0,83.85,2310.2,0,1,0,0,1,0,0,0,0,1,0,2,0.0362798546209761,3,2,0,7,2.994642857142857,0,0,1,0,1,7,0.3182086034177961
1,0,0,0,9,1,0,0,0,0,0,0,1,1,79.55,723.4,1,1,0,0,0,1,0,0,0,1,0,0,0.109815019326339,0,1,0,2,7.955,1,0,0,1,1,2,0.111731843575419
1,0,0,0,38,1,1,0,0,1,1,1,1,1,103.65,3988.5,0,1,0,0,0,1,0,0,0,1,0,2,0.0259806993357563,2,2,1,6,2.657692307692308,0,0,1,1,1,6,0.36311514572384135
1,1,0,0,35,1,1,1,0,0,0,1,1,1,99.05,3554.6,0,1,0,0,0,1,0,0,0,1,0,2,0.0278574642816964,1,2,1,5,2.7513888888888887,0,0,1,1,0,5,0.3498250874562719
1,0,1,1,0,1,1,0,1,1,1,1,0,0,73.35,73.35,0,0,0,1,1,0,0,0,0,0,1,0,0.9865501008742434,3,1,0,6,73.35,1,2,1,0,0,6,0.0
1,0,1,0,59,1,0,0,1,0,1,1,1,1,100.05,6034.85,0,0,0,1,0,1,0,0,0,0,1,3,0.0165759586470836,2,2,1,5,1.6675,0,2,1,0,0,5,0.5838693715982187
0,0,0,0,27,1,0,0,0,0,0,0,0,0,20.35,531.6,0,0,0,1,0,0,1,0,1,0,0,2,0.038208787082238,0,0,0,1,0.7267857142857144,0,2,0,0,0,1,1.2646370023419202
1,1,0,0,2,1,0,0,0,0,0,0,0,0,43.95,85.1,0,1,0,0,1,0,0,0,0,1,0,0,0.5104529616724739,0,0,0,1,14.65,0,0,0,0,1,1,0.04449388209121245
0,0,0,0,7,1,1,0,0,0,0,0,0,0,23.5,173.0,0,1,0,0,0,0,1,0,0,0,1,0,0.1350574712643678,0,0,0,2,2.9375,0,0,0,0,0,2,0.2857142857142857
1,0,0,0,36,1,1,0,1,0,1,0,1,1,70.7,2511.95,0,0,1,0,1,0,0,0,0,0,1,2,0.028134264509839,2,1,0,5,1.9108108108108108,0,1,1,0,0,5,0.502092050209205
1,0,1,1,41,1,1,1,1,0,0,1,0,1,94.3,3893.6,0,1,0,0,0,1,0,1,0,0,0,2,0.024213012889642,2,1,1,5,2.2452380952380953,0,0,1,1,0,5,0.4302203567681007
1,0,0,0,13,0,0,0,1,0,0,0,0,0,29.15,357.15,0,1,0,0,1,0,0,0,0,1,0,1,0.081390478849644,1,0,0,1,2.082142857142857,0,0,1,0,1,1,0.4311774461028193
0,0,0,1,19,1,0,0,0,0,0,0,0,0,20.85,467.5,0,0,0,1,0,0,1,0,1,0,0,1,0.0445037353255069,0,0,0,1,1.0425,0,2,0,0,0,1,0.8695652173913043
1,0,1,0,60,0,0,1,1,0,1,0,0,0,37.7,2288.7,0,0,0,1,1,0,0,1,0,0,0,3,0.0164650390880901,3,0,0,3,0.618032786885246,0,2,1,0,0,3,1.5503875968992247
1,0,0,1,48,1,0,0,1,1,1,1,0,1,95.5,4627.85,1,0,0,1,0,1,0,0,0,0,1,2,0.0206314743402789,3,1,1,5,1.9489795918367347,0,2,1,0,0,5,0.49740932642487046
0,1,0,0,3,1,1,0,0,1,0,1,0,0,91.05,289.1,1,1,0,0,0,1,0,0,0,1,0,0,0.3138572905894519,1,1,1,4,22.7625,1,0,1,1,1,4,0.03259098316132537
0,0,1,0,69,1,1,0,1,0,1,1,0,1,92.45,6460.55,0,0,0,1,0,1,0,0,0,0,1,3,0.0143077125457514,2,1,1,5,1.3207142857142857,0,2,1,0,0,5,0.7383627608346709
0,0,0,0,43,0,0,0,0,1,1,0,1,0,44.15,1931.3,0,0,1,0,1,0,0,0,0,1,0,2,0.0228484189825596,2,1,0,3,1.003409090909091,0,1,1,0,1,3,0.9523809523809524
1,0,0,1,11,0,0,1,0,0,1,0,0,1,36.05,402.6,0,0,1,0,1,0,0,0,0,0,1,0,0.0893211100099107,2,0,0,2,3.0041666666666664,0,1,1,0,0,2,0.2968960863697706
1,0,1,0,45,1,0,0,0,1,0,0,0,1,50.25,2221.55,0,1,0,0,1,0,0,0,1,0,0,2,0.0226091651481406,1,0,0,2,1.0923913043478262,0,0,1,0,0,2,0.8780487804878049
0,0,1,0,72,1,1,0,1,1,1,1,1,1,109.75,7758.9,0,0,0,1,0,1,0,0,1,0,0,3,0.0141432234951481,3,2,1,7,1.5034246575342465,0,2,1,0,0,7,0.6501128668171557
1,1,1,0,2,1,1,0,0,1,0,0,0,0,79.2,172.85,1,1,0,0,0,1,0,0,0,1,0,0,0.455565142364107,1,0,0,3,26.400000000000002,1,0,1,1,1,3,0.024937655860349125
1,0,1,1,12,1,0,0,0,0,0,0,0,0,20.3,224.5,0,0,0,1,0,0,1,1,0,0,0,0,0.0900221729490022,0,0,0,1,1.5615384615384615,0,2,0,0,0,1,0.5633802816901409
1,0,1,1,67,1,1,0,1,1,1,1,1,1,112.35,7388.45,0,0,1,0,0,1,0,0,1,0,0,3,0.015204108560177,3,2,1,7,1.652205882352941,0,1,1,0,0,7,0.5910895456550508
0,0,1,0,37,1,1,0,0,1,1,1,0,0,94.3,3460.95,0,0,0,1,0,1,0,0,0,0,1,2,0.0272389838097026,2,1,1,5,2.481578947368421,0,2,1,0,0,5,0.3882476390346275
1,0,0,0,39,0,0,1,1,0,1,0,0,0,41.15,1700.9,0,0,1,0,1,0,0,1,0,0,0,2,0.0241788589223808,3,0,0,3,1.02875,0,1,1,0,0,3,0.9252669039145908
1,0,0,0,41,1,1,1,0,1,1,0,1,1,74.65,3090.65,0,1,0,0,1,0,0,1,0,0,0,2,0.0241456827260524,3,1,0,6,1.7773809523809525,0,0,1,0,0,6,0.541969596827495
1,0,0,0,25,0,0,0,0,1,0,1,1,1,48.25,1293.8,0,1,0,0,1,0,0,0,0,1,0,2,0.0372644423849243,1,2,0,3,1.8557692307692308,0,0,1,0,1,3,0.5076142131979695
0,0,1,1,8,1,1,1,1,0,1,0,1,1,76.15,645.8,0,0,0,1,1,0,0,0,1,0,0,0,0.1177334570191713,3,1,0,6,8.461111111111112,1,2,1,0,0,6,0.1036941023979261
1,0,1,1,71,1,1,1,1,1,1,0,0,0,71.1,5224.95,0,0,0,1,1,0,0,0,0,0,1,3,0.0136051818329681,4,0,0,6,0.9874999999999999,0,2,1,0,0,6,0.9847434119278781
0,0,0,0,5,1,1,0,1,1,0,0,1,0,96.55,500.1,0,1,0,0,0,1,0,0,0,1,0,0,0.1926761125523847,2,1,1,5,16.091666666666665,1,0,1,1,1,5,0.051255766273705795
1,0,0,0,30,1,1,1,0,1,0,1,1,1,79.3,2427.1,0,0,1,0,1,0,0,0,1,0,0,2,0.0326592809192372,2,2,0,6,2.5580645161290323,0,1,1,0,0,6,0.37359900373599003
0,0,0,0,40,1,0,0,1,0,1,0,1,1,89.6,3488.15,0,0,1,0,0,1,0,0,1,0,0,2,0.0256796067810211,2,1,0,4,2.1853658536585363,0,1,1,0,0,4,0.4415011037527594
1,0,0,0,54,1,0,0,0,0,0,0,0,1,20.5,1035.7,0,0,0,1,0,0,1,0,0,0,1,3,0.0197742837850872,0,0,0,1,0.37272727272727274,0,2,0,0,0,1,2.511627906976744
0,0,1,0,72,1,1,0,1,1,0,1,1,1,106.3,7565.35,0,0,0,1,0,1,0,1,0,0,0,3,0.0140490461054537,2,2,1,6,1.4561643835616438,0,2,1,0,0,6,0.6710158434296366
0,0,1,1,28,1,0,0,1,1,0,1,1,0,100.35,2799.0,0,0,1,0,0,1,0,1,0,0,0,2,0.0358392857142857,2,2,1,5,3.4603448275862068,0,1,1,0,0,5,0.27627035027133695
0,0,1,1,18,1,0,0,0,0,1,0,1,1,85.6,1601.5,0,1,0,0,0,1,0,0,0,1,0,1,0.0534165366614664,1,1,0,3,4.505263157894737,0,0,1,1,1,3,0.20785219399538107
1,0,0,0,2,0,0,0,0,0,0,1,1,1,45.25,85.5,1,1,0,0,1,0,0,0,0,1,0,0,0.523121387283237,0,2,0,2,15.083333333333334,0,0,0,0,1,2,0.043243243243243246
1,0,1,1,59,1,1,0,1,1,0,1,1,1,106.15,6256.2,0,0,1,0,0,1,0,0,0,1,0,3,0.0169644569455986,2,2,1,6,1.7691666666666668,0,1,1,0,1,6,0.5506299580027998
0,0,1,1,22,1,0,0,0,0,1,0,0,1,51.1,1232.9,0,1,0,0,1,0,0,0,0,1,0,1,0.0414134046519166,1,0,0,2,2.221739130434783,0,0,1,0,1,2,0.42226487523992323
1,0,0,0,1,1,0,0,0,0,0,0,0,0,19.9,19.9,0,1,0,0,0,0,1,0,0,0,1,0,0.9521531100478468,0,0,0,1,9.95,0,0,0,0,0,1,0.04784688995215311
1,1,1,0,72,1,1,0,0,0,0,0,0,1,25.7,1937.4,0,0,0,1,0,0,1,0,1,0,0,3,0.0132583574081716,0,0,0,2,0.35205479452054794,0,2,0,0,0,2,2.696629213483146
1,1,0,0,14,1,1,0,0,0,0,0,0,1,74.3,1096.25,1,1,0,0,0,1,0,0,0,1,0,1,0.0677147413989519,0,0,0,2,4.953333333333333,0,0,0,1,1,2,0.18592297476759628
0,0,1,0,50,1,1,0,0,0,1,1,1,0,99.4,5059.75,0,0,1,0,0,1,0,0,0,1,0,3,0.0196413575062984,1,2,1,5,1.9490196078431374,0,1,1,0,1,5,0.49800796812749
1,0,1,1,48,1,0,1,0,1,1,1,0,0,69.7,3023.65,0,0,1,0,1,0,0,1,0,0,0,2,0.0230439885606599,3,1,0,5,1.4224489795918367,0,1,1,0,0,5,0.6789250353606789
1,0,1,1,49,1,1,0,1,0,0,1,1,1,98.35,4889.2,0,1,0,0,0,1,0,0,0,1,0,3,0.0201116518751789,1,2,1,5,1.9669999999999999,0,0,1,1,1,5,0.4932058379466533
0,0,1,1,28,1,0,0,0,1,0,1,0,0,85.45,2289.9,0,1,0,0,0,1,0,0,0,1,0,2,0.0372997511894888,1,1,0,3,2.9465517241379313,0,0,1,1,1,3,0.32388663967611336
0,1,0,0,68,1,1,0,1,1,0,0,1,1,95.9,6503.2,0,1,0,0,0,1,0,0,0,1,0,3,0.0147443190553796,2,1,1,5,1.3898550724637682,0,0,1,1,1,5,0.7017543859649122
0,0,0,0,13,1,1,0,0,0,1,1,1,0,100.75,1313.25,0,1,0,0,0,1,0,0,0,1,0,1,0.0766596918394521,1,2,1,5,7.196428571428571,0,0,1,1,1,5,0.12776412776412777
1,0,0,0,11,1,1,0,0,1,0,1,0,1,89.2,990.3,0,1,0,0,0,1,0,0,0,1,0,0,0.0899828508019772,1,1,0,4,7.433333333333334,1,0,1,1,1,4,0.12195121951219512
1,0,1,0,3,1,1,0,0,0,0,0,0,1,74.1,228.0,1,1,0,0,0,1,0,0,1,0,0,0,0.3235807860262008,0,0,0,2,18.525,1,0,0,1,0,2,0.03994673768308922
0,1,1,0,57,1,1,0,0,1,0,1,1,0,100.6,5746.15,1,1,0,0,0,1,0,0,0,1,0,3,0.0175043282322542,1,2,1,5,1.7344827586206895,0,0,1,1,1,5,0.5610236220472441
0,0,0,0,3,1,1,0,0,0,0,0,0,0,75.0,209.1,1,1,0,0,0,1,0,0,0,0,1,0,0.3569728700618753,0,0,0,2,18.75,1,0,0,1,0,2,0.039473684210526314
0,0,1,0,72,1,1,0,0,0,0,0,0,0,25.75,1864.2,0,0,0,1,0,0,1,0,1,0,0,3,0.013805490027879,0,0,0,2,0.3527397260273973,0,2,0,0,0,2,2.691588785046729
0,0,1,1,70,1,1,0,1,1,1,1,1,1,84.1,5979.7,0,0,0,1,1,0,0,0,0,1,0,3,0.0140618991087999,3,2,0,7,1.184507042253521,0,2,1,0,1,7,0.8225616921269095
1,0,1,1,49,1,1,0,1,0,1,1,1,0,79.3,3902.45,0,0,0,1,1,0,0,1,0,0,0,3,0.0203153620515185,2,2,0,6,1.5859999999999999,0,2,1,0,0,6,0.6102117061021171
1,1,1,0,67,1,1,1,0,1,0,1,1,1,107.05,7142.5,0,0,1,0,0,1,0,0,1,0,0,3,0.0149856512913837,2,2,1,6,1.574264705882353,0,1,1,0,0,6,0.6200832947709394
0,0,0,0,46,1,0,0,0,0,0,0,0,0,20.05,902.0,0,0,0,1,0,0,1,1,0,0,0,2,0.022203765227021,0,0,0,1,0.4265957446808511,0,2,0,0,0,1,2.185273159144893
1,1,0,0,64,1,0,1,1,0,1,1,0,1,70.2,4481.0,1,0,0,1,1,0,0,0,1,0,0,3,0.0156626506024096,3,1,0,5,1.08,0,2,1,0,0,5,0.898876404494382
1,0,1,0,37,1,0,0,0,0,0,0,0,0,19.5,805.2,0,1,0,0,0,0,1,1,0,0,0,2,0.0241875465145125,0,0,0,1,0.5131578947368421,0,0,0,0,0,1,1.8048780487804879
1,1,0,0,2,1,0,0,0,0,0,0,0,0,70.75,154.85,1,1,0,0,0,1,0,0,0,1,0,0,0.4539621430863009,0,0,0,1,23.583333333333332,1,0,0,1,1,1,0.027874564459930314
1,1,1,0,13,0,0,0,0,0,0,1,1,0,45.3,528.45,0,1,0,0,1,0,0,0,0,1,0,1,0.0855604872981395,0,2,0,2,3.2357142857142853,0,0,0,0,1,2,0.2807775377969763
1,0,1,0,72,1,1,1,1,1,1,1,1,0,115.15,8349.7,0,0,0,1,0,1,0,0,0,1,0,3,0.0137892631755421,4,2,1,8,1.5773972602739728,0,2,1,0,0,8,0.6198880757640981
0,0,1,1,68,1,0,0,0,1,1,1,1,1,72.95,4953.25,0,0,0,1,1,0,0,1,0,0,0,3,0.0147247312913155,2,2,0,5,1.0572463768115943,0,2,1,0,0,5,0.9195402298850575
0,0,1,1,15,1,0,0,0,0,0,0,0,0,19.65,332.65,0,0,1,0,0,0,1,0,0,0,1,1,0.0588940506518807,0,0,0,1,1.228125,0,1,0,0,0,1,0.7263922518159807
1,0,0,0,24,1,0,0,0,0,0,0,0,1,19.55,470.2,0,0,0,1,0,0,1,1,0,0,0,1,0.0414898132427843,0,0,0,1,0.782,0,2,0,0,0,1,1.167883211678832
1,0,0,0,24,1,1,0,0,0,1,0,1,1,89.55,2259.35,0,1,0,0,0,1,0,0,0,1,0,1,0.0396177583117658,1,1,0,4,3.582,0,0,1,1,1,4,0.2650469353948095
0,0,0,0,27,1,0,1,0,0,0,0,0,0,50.35,1411.35,0,1,0,0,1,0,0,0,0,0,1,2,0.0356498035189577,1,0,0,2,1.7982142857142858,0,0,1,0,0,2,0.5258033106134372
0,0,0,0,12,1,0,0,0,0,1,0,0,0,50.25,593.75,1,1,0,0,1,0,0,1,0,0,0,0,0.0844892812105926,1,0,0,2,3.8653846153846154,0,0,1,0,0,2,0.23414634146341465
1,0,1,1,71,1,0,1,1,1,1,1,1,0,87.25,6328.7,0,0,0,1,1,0,0,0,1,0,0,3,0.0137842235808964,4,2,0,7,1.2118055555555556,0,2,1,0,0,7,0.8045325779036827
0,0,1,1,67,1,0,0,0,0,0,0,0,1,20.8,1411.9,0,0,0,1,0,0,1,0,0,0,1,3,0.0147214947979333,0,0,0,1,0.3058823529411765,0,2,0,0,0,1,3.073394495412844
1,0,1,0,63,1,1,0,1,1,1,1,1,1,109.25,6841.4,0,0,0,1,0,1,0,1,0,0,0,3,0.0159666198994504,3,2,1,7,1.70703125,0,2,1,0,0,7,0.5714285714285714
0,0,0,0,1,1,0,0,0,0,0,0,0,0,20.35,20.35,0,1,0,0,0,0,1,0,0,0,1,0,0.9531615925058547,0,0,0,1,10.175,0,0,0,0,0,1,0.046838407494145196
0,0,0,0,4,1,0,0,0,0,0,0,1,1,55.9,238.5,0,1,0,0,1,0,0,0,0,1,0,0,0.2334029227557411,0,1,0,2,11.18,0,0,0,0,1,2,0.070298769771529
1,1,0,0,40,1,0,1,1,0,0,0,0,1,79.2,3233.85,1,1,0,0,0,1,0,0,1,0,0,2,0.0244833608977232,2,0,0,3,1.931707317073171,0,0,1,1,0,3,0.4987531172069825
1,0,0,0,12,1,0,0,0,1,0,1,1,1,96.0,1062.1,1,1,0,0,0,1,0,0,0,1,0,0,0.0903019471357351,1,2,1,4,7.384615384615385,0,0,1,1,1,4,0.12371134020618557
0,0,1,1,52,1,0,1,1,1,0,1,1,0,79.2,4016.3,0,0,0,1,1,0,0,0,0,1,0,3,0.0197147337764169,3,2,0,6,1.4943396226415095,0,2,1,0,0,6,0.6483790523690773
0,0,0,0,10,1,1,0,0,0,0,0,0,1,24.0,226.55,0,1,0,0,0,0,1,0,0,1,0,0,0.1054713249835201,0,0,0,2,2.1818181818181817,0,0,0,0,1,2,0.4
0,0,0,0,68,1,1,1,1,1,0,1,0,0,101.35,7110.75,0,0,1,0,0,1,0,1,0,0,0,3,0.0142510633810243,3,1,1,6,1.468840579710145,0,1,1,0,0,6,0.6643869076697606
1,0,0,0,54,1,1,0,0,0,1,1,1,1,100.1,5440.9,1,1,0,0,0,1,0,0,0,1,0,3,0.0183943108105624,1,2,1,5,1.8199999999999998,0,0,1,1,1,5,0.5341246290801187
1,0,1,1,4,1,0,0,1,0,1,0,0,0,56.5,235.1,1,1,0,0,1,0,0,0,0,0,1,0,0.2393053790766624,2,0,0,3,11.3,0,0,1,0,0,3,0.06956521739130435
1,0,1,0,52,0,0,1,0,1,0,0,0,0,35.45,1958.95,0,0,1,0,1,0,0,0,0,0,1,3,0.0180871961019413,2,0,0,2,0.6688679245283019,0,1,1,0,0,2,1.4266117969821672
1,1,0,0,1,1,0,0,0,1,0,0,1,1,85.0,85.0,1,1,0,0,0,1,0,0,0,1,0,0,0.9883720930232558,1,1,0,3,42.5,1,0,1,1,1,3,0.011627906976744186
0,0,1,0,70,1,1,1,1,1,1,1,0,0,79.4,5528.9,0,0,1,0,1,0,0,1,0,0,0,3,0.0143583066601566,4,1,0,7,1.1183098591549296,0,1,1,0,0,7,0.8706467661691542
0,0,0,0,43,0,0,1,0,1,0,0,0,1,35.2,1463.7,0,0,1,0,1,0,0,0,1,0,0,2,0.0240322250290161,2,0,0,2,0.8,0,1,1,0,0,2,1.1878453038674033
0,0,0,0,52,1,0,0,0,0,0,0,0,0,19.65,1025.05,0,0,0,1,0,0,1,0,0,0,1,3,0.0191511134934944,0,0,0,1,0.37075471698113205,0,2,0,0,0,1,2.5181598062953996
1,0,0,0,12,0,0,1,0,1,1,0,1,0,49.85,552.1,0,0,0,1,1,0,0,0,0,0,1,0,0.0901283673838365,3,1,0,4,3.8346153846153848,0,2,1,0,0,4,0.2359882005899705
1,0,1,1,56,1,1,1,1,0,0,0,1,0,68.75,3815.4,0,0,1,0,1,0,0,1,0,0,0,3,0.0180143590818572,2,1,0,5,1.206140350877193,0,1,1,0,0,5,0.8028673835125448
0,0,0,1,0,1,1,1,1,0,1,0,0,1,61.9,61.9,0,0,0,1,1,0,0,1,0,0,0,0,0.9841017488076312,3,0,0,5,61.9,0,2,1,0,0,5,0.0
0,0,0,0,42,1,1,0,0,1,0,0,0,0,79.9,3313.4,0,1,0,0,0,1,0,0,0,1,0,2,0.0241069273473328,1,0,0,3,1.858139534883721,0,0,1,1,1,3,0.519159456118665
0,1,1,0,22,1,0,0,0,0,0,1,1,1,89.75,1938.9,0,1,0,0,0,1,0,1,0,0,0,1,0.0462652714057425,0,2,0,3,3.902173913043478,0,0,0,1,0,3,0.24242424242424243
0,0,1,1,51,0,0,1,1,1,0,1,1,0,59.3,3014.65,1,0,1,0,1,0,0,0,0,1,0,3,0.0196640856863362,3,2,0,5,1.1403846153846153,0,1,1,0,0,5,0.845771144278607
0,0,0,0,27,1,0,0,0,0,0,0,0,1,19.4,460.25,0,1,0,0,0,0,1,0,1,0,0,2,0.0420596205962059,0,0,0,1,0.6928571428571428,0,0,0,0,0,1,1.323529411764706
0,1,1,0,51,1,1,1,0,1,0,0,1,1,93.65,4839.15,0,0,1,0,0,1,0,1,0,0,0,3,0.0193485739078334,2,1,1,5,1.8009615384615385,0,1,1,0,0,5,0.5388272583201268
0,0,0,1,4,1,0,1,0,0,0,0,0,1,49.4,184.4,1,1,0,0,1,0,0,0,0,1,0,0,0.2664509169363538,1,0,0,2,9.879999999999999,0,0,1,0,0,2,0.07936507936507936
0,0,0,0,1,1,0,0,0,0,0,0,0,1,19.9,19.9,0,1,0,0,0,0,1,0,0,0,1,0,0.9521531100478468,0,0,0,1,9.95,0,0,0,0,0,1,0.04784688995215311
0,0,0,0,35,1,0,0,0,0,0,1,0,0,55.0,2010.55,1,1,0,0,1,0,0,0,0,0,1,2,0.027342099376103,0,1,0,2,1.5277777777777777,0,0,0,0,0,2,0.625
0,1,1,1,71,1,1,0,1,1,1,0,1,1,72.9,5139.65,0,0,1,0,1,0,0,1,0,0,0,3,0.0141810860494295,3,1,0,6,1.0125000000000002,0,1,1,0,0,6,0.9607577807848443
1,0,0,0,1,1,0,0,0,0,0,0,0,1,69.2,69.2,1,1,0,0,0,1,0,0,0,1,0,0,0.9857549857549858,0,0,0,1,34.6,0,0,0,1,1,1,0.014245014245014245
1,0,1,1,69,1,1,0,0,0,0,0,0,1,25.6,1673.4,0,0,0,1,0,0,1,1,0,0,0,3,0.0152890587673196,0,0,0,2,0.3657142857142857,0,2,0,0,0,2,2.5939849624060147
0,0,1,1,14,1,0,0,0,0,0,0,0,0,19.75,309.35,0,0,1,0,0,0,1,0,0,0,1,1,0.0636378282584179,0,0,0,1,1.3166666666666667,0,1,0,0,0,1,0.6746987951807228
0,0,1,0,57,1,0,1,0,0,1,0,0,0,55.7,3171.6,0,1,0,0,1,0,0,0,0,1,0,3,0.0175565782008447,2,0,0,3,0.960344827586207,0,0,1,0,0,3,1.0052910052910053
1,0,1,1,72,1,1,1,1,1,1,1,1,0,117.5,8670.1,0,0,0,1,0,1,0,0,1,0,0,3,0.0135507605724763,4,2,1,8,1.6095890410958904,0,2,1,0,0,8,0.6075949367088608
0,0,0,0,48,1,0,0,0,0,0,0,0,0,19.85,916.0,0,0,0,1,0,0,1,0,1,0,0,2,0.0216466739367502,0,0,0,1,0.40510204081632656,0,2,0,0,0,1,2.302158273381295
1,0,1,1,4,1,0,0,0,0,0,1,0,1,78.9,299.75,0,1,0,0,0,1,0,0,0,0,1,0,0.2623441396508728,0,1,0,2,15.780000000000001,1,0,0,1,0,2,0.05006257822277847
0,0,1,1,31,1,0,0,0,0,0,0,0,1,20.65,702.05,0,1,0,0,0,0,1,0,0,1,0,2,0.0293720219045587,0,0,0,1,0.6453125,0,0,0,0,1,1,1.4318706697459584
0,0,0,0,38,1,0,0,0,1,1,0,1,1,62.3,2354.8,1,0,1,0,1,0,0,0,0,0,1,2,0.0264453688768146,2,1,0,4,1.5974358974358973,0,1,1,0,0,4,0.6003159557661928
0,1,1,0,37,1,1,0,0,0,0,1,1,1,92.5,3473.4,1,1,0,0,0,1,0,0,0,1,0,2,0.0266233018650702,0,2,1,4,2.4342105263157894,0,0,0,1,1,4,0.39572192513368987
1,0,0,0,1,1,0,0,0,0,0,0,0,0,19.65,19.65,0,1,0,0,0,0,1,0,0,0,1,0,0.9515738498789348,0,0,0,1,9.825,0,0,0,0,0,1,0.04842615012106538
0,1,0,0,57,1,1,0,1,1,0,1,1,1,79.75,4438.2,0,0,0,1,1,0,0,1,0,0,0,3,0.0179649486393944,2,2,0,6,1.375,0,2,1,0,0,6,0.7058823529411765
1,1,1,0,62,1,0,1,0,1,1,1,1,1,79.95,4819.75,0,0,0,1,1,0,0,0,1,0,0,3,0.016584556344967,3,2,0,6,1.2690476190476192,0,2,1,0,0,6,0.765904879555281
0,0,1,0,3,0,0,0,0,0,1,0,0,1,29.9,92.25,0,1,0,0,1,0,0,0,0,1,0,0,0.3206434316353887,1,0,0,1,7.475,0,0,1,0,1,1,0.0970873786407767
1,0,0,1,72,1,0,0,0,0,0,0,0,1,19.75,1567.0,0,0,0,1,0,0,1,0,0,0,1,3,0.0125956632653061,0,0,0,1,0.2705479452054795,0,2,0,0,0,1,3.4698795180722892
0,0,0,1,29,0,0,1,1,1,1,0,0,1,45.0,1242.45,0,1,0,0,1,0,0,0,0,0,1,2,0.0361896336804857,4,0,0,4,1.5,0,0,1,0,0,4,0.6304347826086957
0,0,1,1,13,1,0,0,0,0,0,0,0,0,44.8,559.2,0,1,0,0,1,0,0,1,0,0,0,1,0.0799714387718671,0,0,0,1,3.1999999999999997,0,0,0,0,0,1,0.2838427947598253
0,0,0,1,3,1,0,0,0,0,0,0,0,0,69.65,220.1,1,1,0,0,0,1,0,0,0,1,0,0,0.3150158299412031,0,0,0,1,17.4125,0,0,0,1,1,1,0.04246284501061571
1,0,0,0,11,1,0,0,1,0,0,0,0,0,51.1,531.15,0,1,0,0,1,0,0,0,0,1,0,0,0.0960255567039368,1,0,0,2,4.258333333333334,0,0,1,0,1,2,0.21113243761996162
1,0,0,1,21,0,0,1,1,1,1,1,0,0,53.15,1183.2,0,0,0,1,1,0,0,0,0,0,1,1,0.0448826211788549,4,1,0,5,2.415909090909091,0,2,1,0,0,5,0.3878116343490305
1,0,0,0,19,1,1,0,0,0,0,0,0,0,24.7,465.85,0,1,0,0,0,0,1,1,0,0,0,1,0.0529077862268394,0,0,0,2,1.2349999999999999,0,0,0,0,0,2,0.7392996108949417
0,0,0,0,61,1,1,1,0,1,1,1,1,1,111.6,6876.05,1,0,0,1,0,1,0,0,1,0,0,3,0.0162278884114554,3,2,1,7,1.7999999999999998,0,2,1,0,0,7,0.5417406749555951
1,0,0,0,11,1,0,1,0,0,0,0,0,0,48.55,501.0,1,1,0,0,1,0,0,0,1,0,0,0,0.0967131474103585,1,0,0,2,4.045833333333333,0,0,1,0,0,2,0.22199798183652877
0,0,1,1,35,1,1,0,1,1,1,1,1,1,109.95,3782.4,0,1,0,0,0,1,0,0,0,1,0,2,0.0290611619178516,3,2,1,7,3.0541666666666667,0,0,1,1,1,7,0.31545741324921134
0,0,0,1,25,1,0,0,0,0,0,0,0,0,20.8,460.2,0,1,0,0,0,0,1,0,0,0,1,2,0.0450997398091934,0,0,0,1,0.8,0,0,0,0,0,1,1.146788990825688
1,0,0,0,1,1,0,0,0,0,0,0,0,1,20.2,20.2,1,1,0,0,0,0,1,0,0,0,1,0,0.9528301886792452,0,0,0,1,10.1,0,0,0,0,0,1,0.04716981132075472
1,0,0,0,67,1,1,0,0,0,0,0,0,1,25.6,1790.35,0,0,0,1,0,0,1,1,0,0,0,3,0.014290897926145,0,0,0,2,0.3764705882352941,0,2,0,0,0,2,2.518796992481203
0,0,0,0,19,0,0,0,0,1,0,1,0,1,39.65,733.35,1,1,0,0,1,0,0,0,0,1,0,1,0.0539933274324232,1,1,0,2,1.9825,0,0,1,0,1,2,0.46740467404674046
0,0,0,0,56,1,1,0,0,0,0,0,0,0,24.9,1334.0,1,0,1,0,0,0,1,0,0,1,0,3,0.0186516853932584,0,0,0,2,0.43684210526315786,0,1,0,0,1,2,2.1621621621621623
0,0,1,1,72,1,1,1,1,1,0,1,1,1,108.4,7767.25,0,0,0,1,0,1,0,0,1,0,0,3,0.0139542367972194,3,2,1,7,1.4849315068493152,0,2,1,0,0,7,0.6581352833638026
0,0,0,0,43,1,0,0,0,0,0,0,0,0,19.55,876.15,0,0,0,1,0,0,1,0,0,0,1,2,0.0222880921165137,0,0,0,1,0.44431818181818183,0,2,0,0,0,1,2.0924574209245743
1,0,1,1,55,1,1,1,1,0,0,0,0,1,85.1,4600.95,0,1,0,0,0,1,0,0,0,1,0,3,0.0184921609317789,2,0,0,4,1.519642857142857,0,0,1,1,0,4,0.6387921022067364
0,0,1,1,2,1,1,1,0,0,0,0,0,0,56.7,113.55,1,1,0,0,1,0,0,0,0,0,1,0,0.4949803579223047,1,0,0,3,18.900000000000002,0,0,1,0,0,3,0.03466204506065858
0,0,0,0,27,1,0,0,0,0,0,0,0,1,69.05,1793.25,0,1,0,0,0,1,0,0,0,0,1,2,0.0384840462588825,0,0,0,1,2.4660714285714285,0,0,0,1,0,1,0.3854389721627409
1,0,0,0,13,1,0,0,0,0,0,0,0,1,70.15,886.7,0,1,0,0,0,1,0,0,0,0,1,1,0.0790244451954489,0,0,0,1,5.010714285714286,0,0,0,1,0,1,0.18271257905832747
1,0,0,0,70,1,1,1,1,1,0,1,1,1,111.15,7737.55,0,0,0,1,0,1,0,0,0,0,1,3,0.014363155888377,3,2,1,7,1.565492957746479,0,2,1,0,0,7,0.6241640659830584
1,0,1,0,14,1,0,1,1,0,1,1,1,0,105.95,1348.9,1,0,1,0,0,1,0,0,0,0,1,1,0.0784872953552115,3,2,1,6,7.0633333333333335,0,1,1,0,0,6,0.13090229079008883
1,0,1,1,19,1,1,0,0,0,1,0,1,1,89.35,1686.85,0,0,1,0,0,1,0,1,0,0,0,1,0.0529371685872559,1,1,0,4,4.467499999999999,0,1,1,0,0,4,0.21029330381848368
1,0,0,0,20,1,1,1,0,0,0,1,0,1,89.1,1879.25,0,1,0,0,0,1,0,1,0,0,0,1,0.0473873155165536,1,1,0,4,4.242857142857143,0,0,1,1,0,4,0.22197558268590456
0,0,1,1,43,1,1,1,0,1,1,0,0,1,91.25,4013.8,0,0,1,0,0,1,0,0,1,0,0,2,0.0227284049018631,3,0,1,5,2.0738636363636362,0,1,1,0,0,5,0.46612466124661245
0,0,1,1,5,1,0,1,0,1,0,0,1,1,90.35,434.5,0,1,0,0,0,1,0,0,0,0,1,0,0.2074626865671641,2,1,1,4,15.058333333333332,1,0,1,1,0,4,0.05473453749315819
1,1,1,0,70,1,1,0,1,0,1,1,1,1,105.55,7195.35,0,0,1,0,0,1,0,1,0,0,0,3,0.0146671576563118,2,2,1,6,1.486619718309859,0,1,1,0,0,6,0.656968559361802
1,0,1,0,40,1,0,0,0,0,0,0,0,0,19.1,780.1,0,0,0,1,0,0,1,0,0,0,1,2,0.0244526949174241,0,0,0,1,0.4658536585365854,0,2,0,0,0,1,1.990049751243781
0,0,1,1,6,1,0,0,0,0,0,0,0,1,20.4,107.6,0,0,0,1,0,0,1,0,1,0,0,0,0.1878453038674033,0,0,0,1,2.914285714285714,0,2,0,0,0,1,0.28037383177570097
0,0,0,0,39,1,0,1,0,1,0,1,1,1,100.45,3801.7,0,0,0,1,0,1,0,0,0,1,0,2,0.0264154416598732,2,2,1,5,2.51125,0,2,1,0,0,5,0.38442582552981763
0,1,1,0,4,1,1,0,0,0,0,0,0,0,74.95,308.7,1,1,0,0,0,1,0,0,0,1,0,0,0.2420083952211818,0,0,0,2,14.99,1,0,0,1,1,2,0.052666227781435156
0,0,0,0,15,0,0,0,0,0,1,0,0,1,29.7,438.25,1,1,0,0,1,0,0,0,0,1,0,1,0.0676152532726237,1,0,0,1,1.85625,0,0,1,0,1,1,0.48859934853420195
0,0,1,0,1,0,0,0,0,1,0,1,1,1,50.35,50.35,1,1,0,0,1,0,0,0,0,1,0,0,0.9805258033106136,1,2,0,3,25.175,0,0,1,0,1,3,0.01947419668938656
1,1,0,0,45,1,0,1,1,0,1,0,0,1,85.7,3778.1,0,1,0,0,0,1,0,1,0,0,0,2,0.0226773570426821,3,0,0,4,1.8630434782608696,0,0,1,1,0,4,0.5190311418685121
1,0,1,0,64,0,0,1,0,1,1,0,1,0,47.85,3147.5,1,0,0,1,1,0,0,0,0,1,0,3,0.0151977131967603,3,1,0,4,0.7361538461538462,0,2,1,0,0,4,1.3101330603889456
1,1,1,0,57,1,1,0,1,1,0,0,1,0,94.0,5438.95,0,1,0,0,0,1,0,0,1,0,0,3,0.0172795705842884,2,1,1,5,1.6206896551724137,0,0,1,1,0,5,0.6
0,0,1,1,72,1,1,1,1,1,1,0,0,0,69.85,5102.35,0,0,0,1,1,0,0,1,0,0,0,3,0.0136870878932465,4,0,0,6,0.956849315068493,0,2,1,0,0,6,1.0162314749470713
0,0,0,0,1,1,0,0,0,0,0,0,0,1,70.3,70.3,1,1,0,0,0,1,0,0,0,1,0,0,0.9859747545582048,0,0,0,1,35.15,1,0,0,1,1,1,0.014025245441795233
0,0,1,0,72,1,1,0,0,0,0,0,0,0,25.85,1872.2,0,0,0,1,0,0,1,0,1,0,0,3,0.0137999145846679,0,0,0,2,0.3541095890410959,0,2,0,0,0,2,2.6815642458100557
1,0,0,0,3,1,0,1,1,0,1,0,1,0,71.1,213.35,0,0,0,1,1,0,0,0,0,0,1,0,0.331700489853044,3,1,0,5,17.775,1,2,1,0,0,5,0.04160887656033287
0,1,0,0,55,1,1,1,0,0,0,1,1,1,98.8,5617.75,1,1,0,0,0,1,0,0,0,1,0,3,0.0175839822024471,1,2,1,5,1.7642857142857142,0,0,1,1,0,5,0.5511022044088176
1,0,1,0,59,1,1,0,0,1,1,1,0,0,93.35,5386.5,0,1,0,0,0,1,0,0,0,1,0,3,0.0173271461716937,2,1,1,5,1.5558333333333332,0,0,1,1,1,5,0.6253312135665077
1,0,0,0,18,1,1,0,0,0,1,1,1,1,99.85,1776.95,1,1,0,0,0,1,0,1,0,0,0,1,0.0561601844821282,1,2,1,5,5.255263157894737,0,0,1,1,0,5,0.17848289538919188
0,1,1,0,32,1,0,0,0,0,0,0,1,1,80.3,2483.05,1,1,0,0,0,1,0,0,1,0,0,2,0.0323262414202612,0,1,0,2,2.433333333333333,0,0,0,1,0,2,0.3936039360393604
1,0,0,0,4,1,0,1,0,0,0,0,0,1,50.55,235.65,0,1,0,0,1,0,0,1,0,0,0,0,0.213606592013522,1,0,0,2,10.11,0,0,1,0,0,2,0.07759456838021339
1,1,0,0,66,1,1,0,1,0,0,0,0,1,80.45,5224.35,1,1,0,0,0,1,0,0,1,0,0,3,0.0153960978690422,1,0,0,3,1.2007462686567165,0,0,1,1,0,3,0.8103130755064456
0,0,0,0,27,1,1,0,0,1,0,0,0,1,81.3,2272.8,0,1,0,0,0,1,0,0,0,1,0,2,0.0357551235816694,1,0,0,3,2.9035714285714285,0,0,1,1,1,3,0.32806804374240583
0,0,0,0,4,1,0,0,0,0,0,0,0,1,20.7,83.75,0,1,0,0,0,0,1,0,1,0,0,0,0.2442477876106194,0,0,0,1,4.14,0,0,0,0,0,1,0.18433179723502305
0,0,1,1,60,1,0,1,1,0,1,1,1,1,79.05,4663.4,0,1,0,0,1,0,0,0,1,0,0,3,0.0169475173655775,3,2,0,6,1.2959016393442622,0,0,1,0,0,6,0.749531542785759
1,0,1,1,8,1,0,0,0,0,0,0,0,0,19.05,201.7,0,0,0,1,0,0,1,0,0,0,1,0,0.0939812530833744,0,0,0,1,2.1166666666666667,0,2,0,0,0,1,0.399002493765586
0,0,1,1,8,1,0,0,0,0,0,0,0,0,19.6,125.0,0,0,0,1,0,0,1,0,1,0,0,0,0.1555555555555555,0,0,0,1,2.177777777777778,0,2,0,0,0,1,0.3883495145631068
0,0,0,0,35,1,0,0,0,0,0,0,0,1,20.2,684.4,0,0,0,1,0,0,1,0,0,0,1,2,0.0294718412605777,0,0,0,1,0.5611111111111111,0,2,0,0,0,1,1.650943396226415
0,0,0,0,7,1,1,0,0,0,0,0,1,1,86.8,620.35,1,1,0,0,0,1,0,0,0,1,0,0,0.1396958236098817,0,1,0,3,10.85,1,0,0,1,1,3,0.07972665148063782
1,0,1,1,53,1,0,0,0,0,0,0,0,0,20.9,1146.05,0,0,0,1,0,0,1,0,0,0,1,3,0.0182206529793818,0,0,0,1,0.387037037037037,0,2,0,0,0,1,2.4200913242009134
1,1,0,0,18,1,1,0,1,0,1,1,1,1,103.6,1806.35,0,1,0,0,0,1,0,0,1,0,0,1,0.0573214927933161,2,2,1,6,5.4526315789473685,0,0,1,1,0,6,0.17208413001912046
1,0,0,0,15,0,0,0,1,0,0,0,1,1,38.8,603.0,0,0,0,1,1,0,0,0,0,0,1,1,0.0642384105960264,1,1,0,2,2.425,0,2,1,0,0,2,0.3768844221105528
0,0,1,0,67,1,1,0,1,0,0,1,0,1,88.4,5798.3,0,0,1,0,0,1,0,1,0,0,0,3,0.0152432190091907,1,1,0,4,1.3,0,1,1,0,0,4,0.7494407158836689
0,1,1,0,6,1,0,0,1,0,0,0,1,1,84.2,519.15,1,1,0,0,0,1,0,0,0,1,0,0,0.1618763818129386,1,1,0,3,12.028571428571428,1,0,1,1,1,3,0.07042253521126761
0,1,0,0,6,1,0,0,0,0,0,1,0,1,79.7,497.6,0,1,0,0,0,1,0,0,0,1,0,0,0.1598475732049739,0,1,0,2,11.385714285714286,1,0,0,1,1,2,0.07434944237918216
0,0,0,0,13,1,1,0,0,0,1,1,1,1,99.0,1301.7,1,1,0,0,0,1,0,0,0,0,1,1,0.0759960082904736,1,2,1,5,7.071428571428571,0,0,1,1,0,5,0.13
1,0,0,0,11,1,1,0,0,1,0,1,1,1,100.75,1129.75,1,1,0,0,0,1,0,0,0,1,0,0,0.0891001547645368,1,2,1,5,8.395833333333334,1,0,1,1,1,5,0.10810810810810811
0,0,0,1,1,1,0,0,0,0,0,0,0,1,19.3,19.3,0,1,0,0,0,0,1,0,0,0,1,0,0.9507389162561576,0,0,0,1,9.65,0,0,0,0,0,1,0.04926108374384236
0,0,0,0,5,1,0,1,0,0,1,0,0,1,55.75,266.95,0,1,0,0,1,0,0,0,0,0,1,0,0.2080612054487777,2,0,0,3,9.291666666666666,0,0,1,0,0,3,0.0881057268722467
0,0,0,0,13,1,0,0,0,0,0,0,0,1,19.95,257.0,0,0,1,0,0,0,1,0,0,0,1,1,0.0773255813953488,0,0,0,1,1.425,0,1,0,0,0,1,0.6205250596658711
1,0,1,0,9,1,1,1,1,1,0,0,0,0,91.75,865.8,1,1,0,0,0,1,0,1,0,0,0,0,0.1058491001384402,3,0,1,5,9.175,1,0,1,1,0,5,0.09703504043126684
0,0,0,0,29,1,0,0,1,0,1,1,0,0,89.65,2623.65,0,1,0,0,0,1,0,0,0,0,1,2,0.034156935210409,2,1,0,4,2.9883333333333337,0,0,1,1,0,4,0.31991174848317705
0,1,0,0,1,1,0,0,0,0,0,0,0,1,45.85,45.85,0,1,0,0,1,0,0,0,0,0,1,0,0.9786552828175028,0,0,0,1,22.925,0,0,0,0,0,1,0.021344717182497332
1,0,0,0,1,1,1,0,0,1,0,0,0,1,79.55,79.55,1,1,0,0,0,1,0,0,0,0,1,0,0.9875853507138423,1,0,0,3,39.775,1,0,1,1,0,3,0.012414649286157667
1,0,1,1,18,1,0,0,0,0,0,1,0,0,55.95,1082.8,0,1,0,0,1,0,0,0,0,0,1,1,0.0516239158516331,0,1,0,2,2.944736842105263,0,0,0,0,0,2,0.3160667251975417
1,0,1,0,2,1,0,0,0,1,0,1,1,0,69.0,147.8,0,1,0,0,1,0,0,0,1,0,0,0,0.4637096774193548,1,2,0,4,23.0,0,0,1,0,0,4,0.02857142857142857
0,0,1,1,30,1,1,0,1,0,1,0,0,1,83.55,2570.2,0,1,0,0,0,1,0,1,0,0,0,2,0.0324945550715619,2,0,0,4,2.6951612903225803,0,0,1,1,0,4,0.35481963335304556
0,0,0,1,66,1,1,1,1,0,1,0,0,0,65.7,4378.9,0,0,0,1,1,0,0,1,0,0,0,3,0.0150003424735724,3,0,0,5,0.9805970149253732,0,2,1,0,0,5,0.9895052473763118
0,0,1,1,38,1,1,0,0,1,1,1,0,1,94.9,3616.25,0,0,0,1,0,1,0,1,0,0,0,2,0.0262353998203054,2,1,1,5,2.4333333333333336,0,2,1,0,0,5,0.39624608967674657
0,0,1,1,44,1,0,0,1,1,1,0,0,1,61.9,2924.05,0,1,0,0,1,0,0,0,0,0,1,2,0.0211620314182663,3,0,0,4,1.3755555555555554,0,0,1,0,0,4,0.699523052464229
1,0,0,0,54,1,1,0,1,1,1,1,1,0,111.1,6014.85,1,1,0,0,0,1,0,0,0,1,0,3,0.0184678806818654,3,2,1,7,2.02,0,0,1,1,1,7,0.48171275646743983
0,0,0,0,2,1,0,0,0,0,0,0,0,0,20.0,32.7,0,1,0,0,0,0,1,0,0,0,1,0,0.5934718100890207,0,0,0,1,6.666666666666667,0,0,0,0,0,1,0.09523809523809523
1,0,0,0,42,1,0,1,1,0,1,0,1,1,67.7,2882.25,0,0,1,0,1,0,0,0,0,0,1,2,0.0234804474117749,3,1,0,5,1.5744186046511628,0,1,1,0,0,5,0.611353711790393
1,0,1,1,58,1,1,0,0,0,0,0,0,0,25.15,1509.9,0,0,0,1,0,0,1,0,1,0,0,3,0.0166457078562446,0,0,0,2,0.42627118644067796,0,2,0,0,0,2,2.217973231357553
0,0,1,1,58,1,0,0,1,0,0,1,1,1,92.85,5305.05,0,1,0,0,0,1,0,0,0,1,0,3,0.0174988927733436,1,2,1,4,1.573728813559322,0,0,1,1,1,4,0.6180074587107086
1,0,1,1,25,1,1,0,0,1,0,0,1,1,89.1,2368.4,1,1,0,0,0,1,0,0,0,1,0,2,0.0376044568245125,1,1,0,4,3.4269230769230767,0,0,1,1,1,4,0.2774694783573807
1,0,0,0,71,1,1,1,1,1,1,1,1,0,111.3,7985.9,0,0,0,1,0,1,0,0,0,0,1,3,0.0139353190850016,4,2,1,8,1.5458333333333334,0,2,1,0,0,8,0.6322350845948352
1,0,0,0,37,1,1,0,1,1,0,1,1,1,101.9,3545.35,1,1,0,0,0,1,0,1,0,0,0,2,0.0287337685225654,2,2,1,6,2.681578947368421,0,0,1,1,0,6,0.3595724003887269
1,0,1,1,14,1,1,0,0,0,1,1,0,1,91.65,1301.0,1,1,0,0,0,1,0,0,0,1,0,1,0.0703917050691244,1,1,1,4,6.11,0,0,1,1,1,4,0.15110631408526712
1,1,0,0,4,1,1,0,0,1,0,0,1,1,88.85,372.45,1,1,0,0,0,1,0,0,0,1,0,0,0.2379167224528049,1,1,0,4,17.77,1,0,1,1,1,4,0.04451864218141347
1,0,1,0,48,1,1,1,0,0,1,0,0,1,60.6,2985.25,0,0,1,0,1,0,0,1,0,0,0,2,0.0202930096274591,2,0,0,4,1.236734693877551,0,1,1,0,0,4,0.7792207792207793
1,1,0,0,3,0,0,0,0,0,0,0,0,0,25.3,77.75,1,1,0,0,1,0,0,0,0,1,0,0,0.3212698412698412,0,0,0,0,6.325,0,0,0,0,1,0,0.11406844106463879
1,0,1,0,8,1,0,1,0,0,1,0,1,0,65.5,564.35,0,0,0,1,1,0,0,0,0,0,1,0,0.1158574334483063,2,1,0,4,7.277777777777778,0,2,1,0,0,4,0.12030075187969924
0,0,0,0,1,1,1,0,0,0,0,1,1,1,95.45,95.45,1,1,0,0,0,1,0,0,0,1,0,0,0.9896319336443752,0,2,1,4,47.725,1,0,0,1,1,4,0.010368066355624676
0,0,0,0,67,1,0,0,0,0,0,0,0,0,19.95,1311.75,0,0,0,1,0,0,1,1,0,0,0,3,0.0151971053132736,0,0,0,1,0.2933823529411765,0,2,0,0,0,1,3.1980906921241052
0,0,0,0,13,1,0,0,0,0,0,1,1,1,91.1,1135.7,1,1,0,0,0,1,0,0,0,1,0,1,0.0801442772939209,0,2,1,3,6.507142857142857,0,0,0,1,1,3,0.14115092290988057
1,0,1,1,45,1,0,0,1,0,1,0,0,1,54.15,2319.8,1,0,1,0,1,0,0,0,1,0,0,2,0.0233324715615305,2,0,0,3,1.1771739130434782,0,1,1,0,0,3,0.8159564823209429
0,0,0,0,49,1,1,0,0,0,0,0,0,1,74.6,3720.35,0,1,0,0,0,1,0,1,0,0,0,3,0.0200464885055154,0,0,0,2,1.492,0,0,0,1,0,2,0.6481481481481483
1,0,1,0,52,1,1,0,1,1,0,1,0,0,94.6,5025.8,0,1,0,0,0,1,0,1,0,0,0,3,0.0188191294660619,2,1,1,5,1.7849056603773583,0,0,1,1,0,5,0.5439330543933055
1,0,1,0,63,1,0,1,0,1,0,0,0,1,81.15,5224.5,0,0,1,0,0,1,0,0,1,0,0,3,0.0155296143909673,2,0,0,3,1.26796875,0,1,1,0,0,3,0.7668898356664637
1,0,1,1,68,1,1,1,1,1,1,1,1,1,89.05,6185.8,0,0,0,1,1,0,0,1,0,0,0,3,0.0143935475528544,4,2,0,8,1.2905797101449274,0,2,1,0,0,8,0.7551360355358134
1,0,1,0,31,1,0,0,0,0,1,0,0,1,49.2,1498.55,0,1,0,0,1,0,0,0,0,0,1,2,0.0328098429528858,1,0,0,2,1.5375,0,0,1,0,0,2,0.6175298804780877
1,0,1,0,64,1,0,0,0,0,0,0,0,0,19.45,1208.6,0,0,0,1,0,0,1,0,1,0,0,3,0.0160796957671957,0,0,0,1,0.29923076923076924,0,2,0,0,0,1,3.12958435207824
1,0,1,0,62,1,0,1,0,1,1,1,1,1,104.3,6613.65,0,0,1,0,0,1,0,0,0,1,0,3,0.0157680300545002,3,2,1,6,1.6555555555555554,0,1,1,0,0,6,0.5887939221272555
1,0,0,0,1,1,0,0,0,0,0,0,0,0,69.7,69.7,1,1,0,0,0,1,0,1,0,0,0,0,0.9858557284299858,0,0,0,1,34.85,0,0,0,1,0,1,0.014144271570014143
1,0,0,0,6,1,0,0,0,0,0,1,1,1,89.5,573.3,1,1,0,0,0,1,0,0,0,1,0,0,0.1558418944802368,0,2,0,3,12.785714285714286,1,0,0,1,1,3,0.06629834254143646
1,0,1,0,21,1,0,0,0,0,1,1,0,1,86.05,1818.9,0,1,0,0,0,1,0,0,0,1,0,1,0.0472828177372383,1,1,0,3,3.911363636363636,0,0,1,1,1,3,0.241240666283745
1,0,1,1,72,1,1,0,0,0,0,0,0,0,25.2,1787.35,0,0,0,1,0,0,1,1,0,0,0,3,0.0140912013867531,0,0,0,2,0.34520547945205476,0,2,0,0,0,2,2.7480916030534353
1,0,1,1,32,0,0,1,1,0,0,0,0,1,35.15,1051.05,0,1,0,0,1,0,0,0,0,1,0,2,0.0334109595551542,2,0,0,2,1.0651515151515152,0,0,1,0,0,2,0.8852005532503459
1,1,0,0,71,1,1,1,1,0,1,1,0,1,99.65,7181.25,0,0,1,0,0,1,0,0,1,0,0,3,0.0138744822304988,3,1,1,6,1.3840277777777779,0,1,1,0,0,6,0.7054148037754595
1,0,0,1,34,1,0,1,1,1,0,1,1,1,105.35,3688.6,0,1,0,0,0,1,0,1,0,0,0,2,0.0285532307025151,3,2,1,6,3.01,0,0,1,1,0,6,0.31969910672308416
0,0,1,0,3,0,0,0,0,0,0,0,1,1,35.15,99.75,1,1,0,0,1,0,0,0,0,1,0,0,0.3488833746898263,0,1,0,1,8.7875,0,0,0,0,1,1,0.08298755186721991
0,0,0,1,12,1,1,0,0,0,0,0,0,1,73.75,871.4,1,1,0,0,0,1,0,0,1,0,0,0,0.0845369096744612,0,0,0,2,5.673076923076923,0,0,0,1,0,2,0.1605351170568562
1,1,0,0,8,1,1,0,0,1,0,1,1,0,101.35,780.5,1,1,0,0,0,1,0,0,0,1,0,0,0.1296865003198976,1,2,1,5,11.261111111111111,1,0,1,1,1,5,0.07816316560820713
1,0,1,1,35,1,1,0,0,0,0,0,0,0,24.3,821.6,0,0,0,1,0,0,1,1,0,0,0,2,0.0295404814004376,0,0,0,2,0.675,0,2,0,0,0,2,1.383399209486166
1,0,1,1,3,1,0,0,0,0,0,1,0,1,80.7,239.45,0,1,0,0,0,1,0,0,0,1,0,0,0.3356207111665627,0,1,0,2,20.175,1,0,0,1,1,2,0.03671970624235006
0,0,0,0,3,1,0,0,0,1,1,1,0,1,89.85,244.45,0,1,0,0,0,1,0,0,0,0,1,0,0.3660623344876756,2,1,0,4,22.4625,1,0,1,1,0,4,0.03302146395156852
0,0,0,0,53,1,0,0,0,1,0,0,1,1,61.1,3357.9,0,0,1,0,1,0,0,0,0,1,0,3,0.0181904790258715,1,1,0,3,1.1314814814814815,0,1,1,0,1,3,0.8534621578099839
1,0,1,0,4,0,0,1,0,0,0,0,0,1,29.05,129.6,0,1,0,0,1,0,0,0,0,1,0,0,0.2224349157733537,1,0,0,1,5.8100000000000005,0,0,1,0,0,1,0.13311148086522462
1,0,1,1,48,1,0,1,0,1,0,1,1,1,99.7,4977.2,0,0,1,0,0,1,0,1,0,0,0,2,0.0200273191113253,2,2,1,5,2.0346938775510206,0,1,1,0,0,5,0.4766633565044687
1,0,1,1,6,1,0,1,1,0,0,0,0,0,55.9,365.35,1,1,0,0,1,0,0,0,1,0,0,0,0.152586324553023,2,0,0,3,7.985714285714286,0,0,1,0,0,3,0.1054481546572935
0,1,1,0,3,1,1,0,1,1,0,1,1,1,105.9,334.65,1,1,0,0,0,1,0,0,0,1,0,0,0.3155072247877253,2,2,1,6,26.475,1,0,1,1,1,6,0.02806361085126286
0,0,1,1,54,0,0,0,0,1,1,0,1,0,46.0,2424.05,0,0,0,1,1,0,0,0,1,0,0,3,0.0189686810581225,2,1,0,3,0.8363636363636363,0,2,1,0,0,3,1.148936170212766
1,0,0,0,1,1,0,0,0,0,0,0,0,0,43.95,43.95,1,1,0,0,1,0,0,0,0,0,1,0,0.9777530589543938,0,0,0,1,21.975,0,0,0,0,0,1,0.022246941045606226
0,0,0,0,62,1,0,0,1,1,1,1,1,1,80.4,4981.15,0,1,0,0,1,0,0,1,0,0,0,3,0.0161376112722419,3,2,0,6,1.2761904761904763,0,0,1,0,0,6,0.7616707616707616
0,0,1,1,22,1,0,0,1,1,0,1,1,1,100.05,2090.25,0,0,1,0,0,1,0,0,0,0,1,1,0.0478421996413628,2,2,1,5,4.35,0,1,1,0,0,5,0.2177140029688273
0,0,0,0,1,1,0,0,0,0,0,0,0,1,45.1,45.1,1,1,0,0,1,0,0,1,0,0,0,0,0.9783080260303688,0,0,0,1,22.55,0,0,0,0,0,1,0.021691973969631236
0,1,0,0,51,1,0,0,0,1,0,1,1,1,94.0,4905.75,0,0,1,0,0,1,0,1,0,0,0,3,0.0191572833341825,1,2,1,4,1.8076923076923077,0,1,1,0,0,4,0.5368421052631579
1,0,0,0,30,1,1,0,1,1,0,1,0,1,68.95,2038.7,0,0,1,0,1,0,0,0,1,0,0,2,0.0338039907829582,2,1,0,5,2.2241935483870967,0,1,1,0,0,5,0.42887776983559683
1,1,1,0,56,1,1,1,1,1,1,0,0,1,68.45,4014.0,0,0,1,0,1,0,0,0,1,0,0,3,0.0170485678704856,4,0,0,6,1.2008771929824562,0,1,1,0,0,6,0.8063354931605471
0,0,1,0,35,1,1,0,1,0,1,1,0,1,69.0,2441.7,0,0,1,0,1,0,0,0,0,1,0,2,0.0282474311213002,2,1,0,5,1.9166666666666667,0,1,1,0,1,5,0.5
1,1,0,0,64,0,0,0,1,0,1,1,0,1,43.85,2751.0,0,1,0,0,1,0,0,0,0,1,0,3,0.0159338662790697,2,1,0,3,0.6746153846153846,0,0,1,0,1,3,1.426978818283166
0,0,0,1,30,0,0,0,0,0,0,1,1,1,44.5,1307.8,0,1,0,0,1,0,0,0,0,1,0,2,0.0340006112469437,0,2,0,2,1.435483870967742,0,0,0,0,1,2,0.6593406593406593
1,0,1,1,25,1,0,0,0,0,0,0,0,1,18.7,383.65,0,0,0,1,0,0,1,0,0,0,1,2,0.0486156245937865,0,0,0,1,0.7192307692307692,0,2,0,0,0,1,1.2690355329949239
1,0,0,0,41,1,0,0,0,0,0,0,0,0,70.25,2868.05,1,1,0,0,0,1,0,1,0,0,0,2,0.024485456858542,0,0,0,1,1.6726190476190477,0,0,0,1,0,1,0.5754385964912281
0,0,0,1,9,1,0,0,0,0,0,1,0,0,55.35,449.75,1,1,0,0,1,0,0,0,0,1,0,0,0.1227953410981697,0,1,0,2,5.535,0,0,0,0,1,2,0.15971606033717833
1,0,1,0,1,1,0,1,1,0,0,0,0,1,53.55,53.55,0,1,0,0,1,0,0,0,0,0,1,0,0.9816681943171404,2,0,0,3,26.775,0,0,1,0,0,3,0.01833180568285976
0,0,0,1,70,1,1,1,1,1,1,1,1,1,114.6,7882.5,0,0,0,1,0,1,0,0,0,1,0,3,0.014536690556225,4,2,1,8,1.6140845070422534,0,2,1,0,0,8,0.6055363321799309
1,0,1,1,57,1,0,0,0,0,0,0,0,1,20.1,1087.7,0,0,0,1,0,0,1,1,0,0,0,3,0.0184623863323229,0,0,0,1,0.34655172413793106,0,2,0,0,0,1,2.701421800947867
0,0,0,0,9,1,1,0,0,0,0,1,0,1,85.5,791.7,0,1,0,0,0,1,0,0,0,1,0,0,0.1078592153399772,0,1,0,3,8.55,1,0,0,1,1,3,0.10404624277456648
1,0,1,1,69,1,1,0,1,1,1,1,1,1,108.75,7493.05,0,0,1,0,0,1,0,1,0,0,0,3,0.0145115124665568,3,2,1,7,1.5535714285714286,0,1,1,0,0,7,0.6287015945330297
0,1,1,0,43,1,1,0,1,1,0,1,1,1,103.0,4414.3,1,1,0,0,0,1,0,0,0,1,0,2,0.023327973184155,2,2,1,6,2.340909090909091,0,0,1,1,1,6,0.41346153846153844
1,0,1,0,72,1,1,0,0,1,0,1,1,1,97.85,6841.3,0,0,0,1,0,1,0,0,0,1,0,3,0.014300746824898,1,2,1,5,1.3404109589041096,0,2,1,0,1,5,0.7283763277693476
0,0,0,1,44,1,0,0,0,0,0,0,0,0,19.55,819.95,0,0,0,1,0,0,1,1,0,0,0,2,0.0238138741701687,0,0,0,1,0.43444444444444447,0,2,0,0,0,1,2.1411192214111923
1,0,1,0,72,1,1,1,1,0,0,0,0,1,84.05,6052.25,0,0,0,1,0,1,0,1,0,0,0,3,0.0138851030438194,2,0,0,4,1.1513698630136986,0,2,1,0,0,4,0.8465608465608466
1,0,1,0,33,1,0,1,0,1,1,1,1,1,103.75,3361.05,1,0,1,0,0,1,0,0,0,1,0,2,0.0308591484362219,3,2,1,6,3.051470588235294,0,1,1,0,0,6,0.315035799522673
0,0,0,0,54,1,1,0,0,1,0,0,1,0,89.4,4869.5,0,1,0,0,0,1,0,0,1,0,0,3,0.0183554049892208,1,1,0,4,1.6254545454545455,0,0,1,1,0,4,0.5973451327433628
0,0,0,1,27,1,0,0,0,0,0,0,0,0,19.7,509.3,0,0,0,1,0,0,1,0,1,0,0,2,0.038604742308446,0,0,0,1,0.7035714285714285,0,2,0,0,0,1,1.3043478260869565
0,0,0,0,54,1,1,0,1,0,0,0,0,1,79.85,4308.25,0,1,0,0,0,1,0,1,0,0,0,3,0.0185299065962754,1,0,0,3,1.4518181818181817,0,0,1,1,0,3,0.6679035250463823
0,0,0,0,3,1,0,0,1,0,0,0,0,0,74.45,221.1,0,1,0,0,0,1,0,0,1,0,0,0,0.335209365150833,1,0,0,2,18.6125,1,0,1,1,0,2,0.039761431411530816
1,0,1,0,53,1,1,1,1,1,0,0,1,0,74.1,3833.95,0,0,1,0,1,0,0,1,0,0,0,3,0.0193222858185895,3,1,0,6,1.372222222222222,0,1,1,0,0,6,0.7057256990679095
0,0,0,0,1,1,0,0,0,0,0,0,0,1,69.35,69.35,1,1,0,0,0,1,0,0,0,1,0,0,0.9857853589196872,0,0,0,1,34.675,0,0,0,1,1,1,0.014214641080312724
0,0,1,0,15,1,0,0,0,0,0,0,0,0,18.8,294.95,0,0,1,0,0,0,1,0,0,0,1,1,0.0635242439601284,0,0,0,1,1.175,0,1,0,0,0,1,0.7575757575757576
1,0,0,0,56,1,0,0,1,0,0,0,0,1,73.85,4092.85,1,1,0,0,0,1,0,0,0,1,0,3,0.0180392540029556,1,0,0,2,1.2956140350877192,0,0,1,1,1,2,0.7481629926519706
0,0,1,1,5,1,1,1,1,0,1,0,0,0,64.4,316.9,0,1,0,0,1,0,0,0,1,0,0,0,0.2025794274929223,3,0,0,5,10.733333333333334,0,0,1,0,0,5,0.0764525993883792
0,0,1,1,48,1,0,0,1,1,0,0,0,1,55.8,2651.2,0,0,1,0,1,0,0,0,1,0,0,2,0.0210391373199607,2,0,0,3,1.1387755102040815,0,1,1,0,0,3,0.8450704225352114
1,0,0,1,25,1,0,0,0,0,0,0,0,0,20.05,471.7,0,1,0,0,0,0,1,0,1,0,0,2,0.0424159086101121,0,0,0,1,0.7711538461538462,0,0,0,0,0,1,1.187648456057007
1,0,1,0,3,1,1,0,0,0,0,0,0,1,75.15,216.75,1,1,0,0,0,1,0,0,1,0,0,0,0.3451205510907004,0,0,0,2,18.7875,1,0,0,1,0,2,0.03939592908732764
0,0,0,0,58,1,0,1,1,0,0,1,1,0,99.15,5720.95,0,0,1,0,0,1,0,1,0,0,0,3,0.017328008808186,2,2,1,5,1.6805084745762713,0,1,1,0,0,5,0.5791313030454318
0,0,0,0,10,1,0,0,0,0,0,0,1,1,56.75,503.25,0,1,0,0,1,0,0,1,0,0,0,0,0.1125433812592959,0,1,0,2,5.159090909090909,0,0,0,0,0,2,0.17316017316017315
0,0,0,0,1,1,0,0,0,0,0,0,0,1,69.6,69.6,1,1,0,0,0,1,0,0,0,1,0,0,0.9858356940509916,0,0,0,1,34.8,0,0,0,1,1,1,0.0141643059490085
0,0,1,0,71,1,1,0,1,0,1,1,1,1,104.15,7365.3,0,0,0,1,0,1,0,0,1,0,0,3,0.0141387127866092,2,2,1,6,1.4465277777777779,0,2,1,0,0,6,0.6752258678078934
1,0,1,1,65,1,1,0,1,1,1,1,1,1,110.8,7245.9,0,0,0,1,0,1,0,0,1,0,0,3,0.0152892961128206,3,2,1,7,1.6787878787878787,0,2,1,0,0,7,0.5813953488372093
0,0,1,1,5,1,1,0,1,0,0,0,0,1,80.15,385.0,1,1,0,0,0,1,0,0,0,1,0,0,0.2076424870466321,1,0,0,3,13.358333333333334,1,0,1,1,1,3,0.061614294516327786
1,0,0,0,28,0,0,0,0,1,1,0,0,1,35.75,961.4,0,1,0,0,1,0,0,0,0,0,1,2,0.0371467165419783,2,0,0,2,1.2327586206896552,0,0,1,0,0,2,0.7619047619047619
1,0,1,1,67,1,1,0,0,1,1,0,1,1,69.9,4615.9,0,0,0,1,1,0,0,1,0,0,0,3,0.0151400290238038,2,1,0,5,1.0279411764705884,0,2,1,0,0,5,0.9449929478138223
0,0,0,0,35,1,0,1,0,0,1,0,1,1,89.2,3251.3,0,0,1,0,0,1,0,0,0,1,0,2,0.0274267441502936,2,1,0,4,2.477777777777778,0,1,1,0,0,4,0.38802660753880264
1,0,1,1,72,0,0,1,1,1,1,0,1,0,55.65,3880.05,0,0,0,1,1,0,0,0,1,0,0,3,0.0143389031318844,4,1,0,5,0.7623287671232877,0,2,1,0,0,5,1.2709620476610768
1,0,1,1,61,0,0,1,1,0,1,0,1,1,50.7,3088.75,0,0,1,0,1,0,0,1,0,0,0,3,0.0164090945869406,3,1,0,4,0.817741935483871,0,1,1,0,0,4,1.1798839458413926
0,1,0,0,68,1,0,0,0,0,0,0,0,1,20.0,1396.0,0,0,0,1,0,0,1,0,1,0,0,3,0.0143163922691481,0,0,0,1,0.2898550724637681,0,2,0,0,0,1,3.238095238095238
1,0,1,1,1,0,0,1,0,0,0,0,0,0,30.5,30.5,1,1,0,0,1,0,0,1,0,0,0,0,0.9682539682539684,1,0,0,1,15.25,0,0,1,0,0,1,0.031746031746031744
0,0,0,0,3,1,0,0,0,0,0,0,0,1,19.1,53.05,0,1,0,0,0,0,1,0,0,0,1,0,0.3533765032377429,0,0,0,1,4.775,0,0,0,0,0,1,0.14925373134328357
0,0,1,1,70,1,1,0,1,0,0,1,1,0,98.3,6859.5,1,0,0,1,0,1,0,1,0,0,0,3,0.0143284017199912,1,2,1,5,1.384507042253521,0,2,1,0,0,5,0.7049345417925479
1,0,0,1,48,0,0,0,1,1,0,0,1,0,45.55,2108.35,0,1,0,0,1,0,0,0,1,0,0,2,0.0215943300068741,2,1,0,3,0.9295918367346938,0,0,1,0,0,3,1.0311493018259936
0,0,1,1,68,1,1,0,1,0,0,1,1,1,101.05,6770.5,0,0,1,0,0,1,0,0,1,0,0,3,0.0149228383666838,1,2,1,5,1.4644927536231884,0,1,1,0,0,5,0.6663400293973543
1,0,0,0,47,1,0,1,0,1,1,1,1,1,103.7,4730.6,0,0,1,0,0,1,0,0,0,1,0,2,0.021916476456167,3,2,1,6,2.160416666666667,0,1,1,0,0,6,0.448901623686724
0,0,1,1,32,0,0,0,0,1,1,0,0,1,36.25,1151.05,0,0,1,0,1,0,0,0,0,0,1,2,0.0314656481923527,2,0,0,2,1.0984848484848484,0,1,1,0,0,2,0.8590604026845637
1,0,1,1,5,1,0,1,0,0,0,0,0,1,49.4,232.55,0,1,0,0,1,0,0,0,0,0,1,0,0.2115178762577606,1,0,0,2,8.233333333333333,0,0,1,0,0,2,0.09920634920634921
0,0,0,0,49,1,0,0,0,0,0,0,0,1,19.9,1022.6,0,0,0,1,0,0,1,0,1,0,0,3,0.0194411879640484,0,0,0,1,0.39799999999999996,0,2,0,0,0,1,2.3444976076555024
1,0,0,0,48,1,1,0,1,1,0,1,1,1,107.4,5121.3,1,1,0,0,0,1,0,1,0,0,0,2,0.0209671436659313,2,2,1,6,2.1918367346938776,0,0,1,1,0,6,0.44280442804428044
1,1,0,0,13,1,1,0,0,0,0,0,1,1,82.0,1127.2,1,1,0,0,0,1,0,0,0,1,0,1,0.0726821485552207,0,1,0,3,5.857142857142857,0,0,0,1,1,3,0.1566265060240964
0,0,0,0,15,1,0,0,0,0,0,0,0,1,19.8,309.4,0,1,0,0,0,0,1,0,0,0,1,1,0.0637886597938144,0,0,0,1,1.2375,0,0,0,0,0,1,0.7211538461538461
1,0,0,0,12,1,0,0,0,0,0,0,0,1,45.05,523.1,0,1,0,0,1,0,0,0,0,1,0,0,0.0859568784583094,0,0,0,1,3.465384615384615,0,0,0,0,1,1,0.26058631921824105
0,1,0,0,67,1,1,1,1,0,1,0,0,1,64.55,4250.1,0,0,0,1,1,0,0,1,0,0,0,3,0.0151843052386441,3,0,0,5,0.9492647058823529,0,2,1,0,0,5,1.0221205186880244
0,0,0,0,9,1,0,0,0,0,1,1,0,0,86.25,770.5,0,1,0,0,0,1,0,0,0,1,0,0,0.1117952041477641,1,1,0,3,8.625,1,0,1,1,1,3,0.10315186246418338
1,0,1,1,13,1,0,0,0,0,0,0,0,1,19.75,246.7,0,0,0,1,0,0,1,1,0,0,0,1,0.0797335486475575,0,0,0,1,1.4107142857142858,0,2,0,0,0,1,0.6265060240963856
1,0,0,0,38,1,0,0,0,0,0,1,1,1,89.1,3342.0,0,0,1,0,0,1,0,0,0,0,1,2,0.0266527071492671,0,2,0,3,2.2846153846153845,0,1,0,0,0,3,0.4217536071032187
1,1,1,0,42,1,1,0,1,1,0,1,0,1,95.55,3930.6,0,1,0,0,0,1,0,0,0,1,0,2,0.0243030827144165,2,1,1,5,2.222093023255814,0,0,1,1,1,5,0.4350077679958571
1,0,1,0,24,1,1,0,0,0,0,0,0,1,75.4,1747.85,1,1,0,0,0,1,0,0,1,0,0,1,0.043114046373331,0,0,0,2,3.016,0,0,0,1,0,2,0.31413612565445026
1,1,1,0,27,1,0,1,0,1,0,1,1,1,101.25,2754.45,1,1,0,0,0,1,0,0,0,1,0,2,0.0367453591972273,2,2,1,5,3.6160714285714284,0,0,1,1,0,5,0.26405867970660146
0,0,1,1,9,1,1,0,1,1,0,1,1,1,102.6,897.75,0,1,0,0,0,1,0,0,1,0,0,0,0.1141585535465924,2,2,1,6,10.26,1,0,1,1,0,6,0.08687258687258688
1,0,1,0,49,0,0,0,1,0,1,1,1,1,56.3,2780.6,0,0,1,0,1,0,0,0,1,0,0,3,0.0202401495542134,2,2,0,4,1.126,0,1,1,0,0,4,0.8551483420593369
1,1,1,0,61,1,1,1,1,1,1,0,0,1,94.2,5895.45,0,1,0,0,0,1,0,0,1,0,0,3,0.0159757142009175,4,0,1,6,1.5193548387096774,0,0,1,1,0,6,0.6407563025210083
0,0,0,1,50,0,0,1,1,0,0,1,0,1,43.05,2208.05,0,0,1,0,1,0,0,1,0,0,0,3,0.0194880152101582,2,1,0,3,0.8441176470588235,0,1,1,0,0,3,1.1350737797956867
0,1,0,0,25,1,1,0,1,0,0,1,0,1,89.5,2196.15,1,1,0,0,0,1,0,0,0,1,0,2,0.0407345879889857,1,1,0,4,3.4423076923076925,0,0,1,1,1,4,0.27624309392265195
1,1,0,0,22,1,1,0,0,0,0,0,0,1,74.4,1692.6,1,1,0,0,0,1,0,1,0,0,0,1,0.0439300897496457,0,0,0,2,3.2347826086956526,0,0,0,1,0,2,0.2917771883289124
0,0,0,0,1,1,0,0,0,0,0,0,0,0,20.5,20.5,1,1,0,0,0,0,1,0,0,0,1,0,0.9534883720930232,0,0,0,1,10.25,0,0,0,0,0,1,0.046511627906976744
0,0,0,0,4,1,1,0,0,0,0,0,0,1,74.35,265.35,1,1,0,0,0,1,0,0,0,1,0,0,0.2791439834803829,0,0,0,2,14.87,1,0,0,1,1,2,0.05308560053085601
1,1,1,0,18,1,1,0,0,0,1,1,1,0,99.75,1836.25,1,1,0,0,0,1,0,1,0,0,0,1,0.0542931011021907,1,2,1,5,5.25,0,0,1,1,0,5,0.17866004962779156
1,1,0,0,56,1,1,0,1,1,1,1,1,1,111.95,6418.9,1,0,1,0,0,1,0,0,0,1,0,3,0.0174379663234629,3,2,1,7,1.9640350877192982,0,1,1,0,1,7,0.4957945993802567
1,1,1,0,53,1,0,0,1,1,1,1,0,1,94.0,4871.45,0,0,1,0,0,1,0,0,0,1,0,3,0.0192921425566193,3,1,1,5,1.7407407407407407,0,1,1,0,1,5,0.5578947368421052
1,0,1,0,51,1,1,0,0,1,0,1,1,1,98.85,4947.55,0,0,1,0,0,1,0,0,0,1,0,3,0.0199755483929635,1,2,1,5,1.9009615384615384,0,1,1,0,1,5,0.5107661492238358
1,0,1,1,24,1,1,1,1,1,0,0,0,0,64.35,1558.65,0,0,0,1,1,0,0,0,0,1,0,1,0.0412592568845574,3,0,0,5,2.574,0,2,1,0,0,5,0.36725325172149964
1,0,1,0,62,1,0,1,1,1,0,1,0,1,72.0,4284.2,0,0,0,1,1,0,0,0,1,0,0,3,0.016802016241949,3,1,0,5,1.1428571428571428,0,2,1,0,0,5,0.8493150684931506
0,0,0,0,24,1,0,0,1,0,0,0,0,1,49.7,1218.25,0,1,0,0,1,0,0,0,0,0,1,1,0.0407627639942587,1,0,0,2,1.9880000000000002,0,0,1,0,0,2,0.47337278106508873
1,0,1,1,70,1,1,1,1,1,1,1,0,0,80.7,5617.95,0,0,0,1,1,0,0,0,0,1,0,3,0.0143621139180807,4,1,0,7,1.1366197183098592,0,2,1,0,0,7,0.8567931456548348
0,0,0,1,1,0,0,0,0,0,0,0,0,0,24.2,24.2,0,1,0,0,1,0,0,0,0,0,1,0,0.9603174603174603,0,0,0,0,12.1,0,0,0,0,0,0,0.03968253968253968
0,1,0,0,16,0,0,0,1,0,0,1,0,1,39.0,679.85,1,1,0,0,1,0,0,0,0,0,1,1,0.0572813395020929,1,1,0,2,2.2941176470588234,0,0,1,0,0,2,0.4
1,0,0,0,8,1,0,0,1,0,1,1,0,1,65.45,554.45,0,1,0,0,1,0,0,0,0,1,0,0,0.1178323881537492,2,1,0,4,7.272222222222222,0,0,1,0,1,4,0.12039127163280662
1,0,1,1,72,1,0,1,1,1,1,0,1,1,74.35,5237.4,0,0,0,1,1,0,0,0,0,1,0,3,0.0141932651191203,4,1,0,6,1.0184931506849315,0,2,1,0,0,6,0.9555408095554082
1,0,0,0,23,1,0,0,1,1,1,0,0,0,83.2,2032.3,0,1,0,0,0,1,0,1,0,0,0,1,0.0409187035853046,3,0,0,4,3.466666666666667,0,0,1,1,0,4,0.2731591448931116
0,0,0,1,31,0,0,0,0,0,0,0,0,0,25.0,789.2,0,1,0,0,1,0,0,0,1,0,0,2,0.0316375601113642,0,0,0,0,0.78125,0,0,0,0,0,0,1.1923076923076923
0,0,1,1,37,0,0,1,0,1,1,0,0,1,40.2,1525.35,0,0,1,0,1,0,0,0,0,1,0,2,0.026337340714777,3,0,0,3,1.0578947368421054,0,1,1,0,0,3,0.8980582524271844
1,0,1,0,30,1,1,0,1,0,1,1,0,1,94.1,2804.45,1,1,0,0,0,1,0,0,1,0,0,2,0.0335418560302268,2,1,1,5,3.0354838709677416,0,0,1,1,0,5,0.3154574132492114
1,1,0,0,35,1,1,1,1,1,0,1,1,1,108.35,3726.15,0,0,1,0,0,1,0,0,0,1,0,2,0.0290704693935044,3,2,1,7,3.009722222222222,0,1,1,0,0,7,0.3200731595793324
1,0,1,1,23,1,1,0,1,0,1,1,0,1,69.5,1652.1,0,1,0,0,1,0,0,0,1,0,0,1,0.0420422237009255,2,1,0,5,2.8958333333333335,0,0,1,0,0,5,0.3262411347517731
1,0,1,1,20,1,1,1,0,0,0,1,1,0,76.0,1588.75,0,0,1,0,1,0,0,1,0,0,0,1,0.0478062588457304,1,2,0,5,3.619047619047619,0,1,1,0,0,5,0.2597402597402597
0,0,1,0,36,1,0,1,0,0,0,1,1,1,93.6,3366.05,0,1,0,0,0,1,0,0,0,1,0,2,0.0277988149864124,1,2,1,4,2.5297297297297296,0,0,1,1,0,4,0.3805496828752643
1,0,0,0,8,1,1,0,0,0,0,1,1,0,95.65,778.1,1,1,0,0,0,1,0,1,0,0,0,0,0.1227698626620459,0,2,1,4,10.627777777777778,1,0,0,1,0,4,0.08277289187790998
0,0,1,1,71,1,1,0,1,0,0,1,1,0,100.55,7113.75,0,0,1,0,0,1,0,1,0,0,0,3,0.0141326118275413,1,2,1,5,1.3965277777777778,0,1,1,0,0,5,0.6991629739044806
1,1,1,0,50,1,1,0,1,0,0,1,0,1,88.05,4367.35,1,1,0,0,0,1,0,0,0,1,0,3,0.020156351940664,1,1,0,4,1.726470588235294,0,0,1,1,1,4,0.5614823133071308
1,0,1,1,43,1,1,0,0,0,0,0,0,1,24.45,993.15,0,0,1,0,0,0,1,1,0,0,0,2,0.0245938741638585,0,0,0,2,0.5556818181818182,0,1,0,0,0,2,1.6895874263261297
0,0,0,1,57,1,1,1,1,1,1,1,1,0,89.55,5012.35,0,0,0,1,1,0,0,0,0,0,1,3,0.0178623076386049,4,2,0,8,1.5439655172413793,0,2,1,0,0,8,0.6294864715626726
1,0,1,1,41,1,0,0,1,0,1,0,1,1,66.5,2728.6,1,0,1,0,1,0,0,1,0,0,0,2,0.0243625439624853,2,1,0,4,1.5833333333333333,0,1,1,0,0,4,0.6074074074074074
1,0,1,0,27,1,0,0,1,0,0,0,0,1,76.1,2093.4,0,1,0,0,0,1,0,0,0,1,0,2,0.0363349885408708,1,0,0,2,2.7178571428571425,0,0,1,1,1,2,0.3501945525291829
1,0,0,0,13,1,0,0,0,0,0,0,1,1,80.5,1011.8,0,1,0,0,0,1,0,0,0,1,0,1,0.0794826224328594,0,1,0,2,5.75,0,0,0,1,1,2,0.15950920245398773
0,0,0,0,3,0,0,1,1,0,0,0,0,1,35.45,106.85,1,1,0,0,1,0,0,0,0,0,1,0,0.3286972647195179,2,0,0,2,8.8625,0,0,1,0,0,2,0.0823045267489712
1,0,0,0,67,1,0,0,0,0,0,0,0,0,20.55,1343.4,0,0,1,0,0,0,1,0,0,1,0,3,0.0152856292770008,0,0,0,1,0.3022058823529412,0,1,0,0,1,1,3.109048723897912
0,0,0,0,3,1,0,0,1,0,0,0,0,1,49.9,130.1,1,1,0,0,1,0,0,0,0,0,1,0,0.3806254767353165,1,0,0,2,12.475,0,0,1,0,0,2,0.05893909626719057
1,0,1,0,64,1,1,0,1,0,1,1,1,1,105.4,6794.75,0,0,0,1,0,1,0,1,0,0,0,3,0.015509693558474,2,2,1,6,1.6215384615384616,0,2,1,0,0,6,0.6015037593984962
0,0,0,0,26,0,0,0,0,1,1,0,0,0,35.75,1022.5,0,1,0,0,1,0,0,0,0,1,0,2,0.0349291646311675,2,0,0,2,1.3240740740740742,0,0,1,0,1,2,0.7074829931972789
0,0,0,0,38,1,1,0,1,1,0,0,1,1,95.1,3691.2,0,1,0,0,0,1,0,0,1,0,0,2,0.0257570012458696,2,1,1,5,2.4384615384615382,0,0,1,1,0,5,0.39542143600416235
0,0,1,0,23,1,0,0,0,0,0,0,0,0,19.3,486.2,0,0,1,0,0,0,1,0,1,0,0,1,0.0396141215106732,0,0,0,1,0.8041666666666667,0,1,0,0,0,1,1.1330049261083743
0,0,0,0,40,1,1,0,1,1,0,1,1,1,104.5,4036.85,1,1,0,0,0,1,0,0,1,0,0,2,0.025880109464195,2,2,1,6,2.548780487804878,0,0,1,1,0,6,0.3791469194312796
0,1,1,0,72,0,0,1,1,1,1,1,1,1,63.1,4685.55,0,0,0,1,1,0,0,1,0,0,0,3,0.0134640620499087,4,2,0,6,0.8643835616438357,0,2,1,0,0,6,1.123244929797192
1,1,0,0,3,1,1,0,0,0,0,0,0,1,75.05,256.25,1,1,0,0,0,1,0,0,1,0,0,0,0.2917395529640427,0,0,0,2,18.7625,1,0,0,1,0,2,0.03944773175542406
0,0,0,0,23,1,1,0,0,1,0,0,0,1,81.0,1917.1,1,1,0,0,0,1,0,0,0,1,0,1,0.0422292894009697,1,0,0,3,3.375,0,0,1,1,1,3,0.2804878048780488
1,1,1,0,1,1,1,0,0,0,0,0,0,1,74.45,74.45,1,1,0,0,0,1,0,0,0,1,0,0,0.9867461895294898,0,0,0,2,37.225,1,0,0,1,1,2,0.013253810470510271
1,0,0,0,4,1,0,1,1,0,1,0,0,1,60.4,272.15,1,1,0,0,1,0,0,0,0,0,1,0,0.2211239245835621,3,0,0,4,12.08,0,0,1,0,0,4,0.06514657980456026
1,0,1,0,62,1,1,1,1,0,1,1,1,1,84.95,5150.55,0,0,0,1,1,0,0,0,0,1,0,3,0.016490182566412,3,2,0,7,1.3484126984126985,0,2,1,0,0,7,0.7213496218731821
1,0,0,0,40,1,1,0,1,1,0,1,0,1,93.4,3756.4,0,1,0,0,0,1,0,1,0,0,0,2,0.024857614307766,2,1,1,5,2.278048780487805,0,0,1,1,0,5,0.423728813559322
0,0,0,0,41,1,1,0,1,0,0,1,0,1,89.2,3645.75,0,1,0,0,0,1,0,0,0,1,0,2,0.0244601357373003,1,1,0,4,2.123809523809524,0,0,1,1,1,4,0.45454545454545453
0,1,1,0,34,1,0,0,0,1,0,1,0,1,85.2,2874.45,0,1,0,0,0,1,0,0,1,0,0,2,0.0296301448468935,1,1,0,3,2.434285714285714,0,0,1,1,0,3,0.39443155452436196
1,0,0,0,1,1,0,0,1,0,0,0,0,0,49.95,49.95,0,1,0,0,1,0,0,0,0,1,0,0,0.9803729146221786,1,0,0,2,24.975,0,0,1,0,1,2,0.01962708537782139
1,0,0,0,51,1,0,0,0,0,0,0,0,0,20.65,1020.75,0,0,0,1,0,0,1,1,0,0,0,3,0.0202104232933692,0,0,0,1,0.3971153846153846,0,2,0,0,0,1,2.355658198614319
0,0,1,1,1,1,0,0,0,0,0,0,0,1,70.65,70.65,1,1,0,0,0,1,0,0,0,0,1,0,0.9860432658757852,0,0,0,1,35.325,1,0,0,1,0,1,0.013956734124214932
1,0,0,0,39,1,0,0,0,0,0,0,0,0,20.15,826.0,0,0,0,1,0,0,1,0,0,0,1,2,0.0243651753325272,0,0,0,1,0.5037499999999999,0,2,0,0,0,1,1.843971631205674
0,0,1,1,12,1,0,0,0,0,0,0,0,1,19.2,239.0,0,1,0,0,0,0,1,0,0,1,0,0,0.08,0,0,0,1,1.4769230769230768,0,0,0,0,1,1,0.594059405940594
0,0,0,0,12,1,0,0,0,0,1,1,0,1,59.8,727.8,1,0,1,0,1,0,0,0,0,1,0,0,0.08205268935236,1,1,0,3,4.6,0,1,1,0,1,3,0.19736842105263158
0,0,0,0,72,1,1,0,1,1,0,1,1,1,104.95,7544.3,0,0,1,0,0,1,0,0,0,1,0,3,0.0139093210342862,2,2,1,6,1.4376712328767123,0,1,1,0,1,6,0.679565832940066
1,1,1,0,63,1,1,0,1,1,0,1,1,1,103.5,6479.4,0,1,0,0,0,1,0,0,0,1,0,3,0.0159712363434355,2,2,1,6,1.6171875,0,0,1,1,1,6,0.6028708133971292
0,0,1,0,44,1,1,1,0,1,0,0,0,1,84.8,3626.35,0,1,0,0,0,1,0,0,1,0,0,2,0.0233779480888251,2,0,0,4,1.8844444444444444,0,0,1,1,0,4,0.5128205128205129
1,0,0,0,18,1,1,0,0,1,1,0,1,1,95.05,1679.4,0,1,0,0,0,1,0,1,0,0,0,1,0.0565639133539633,2,1,1,5,5.002631578947368,0,0,1,1,0,5,0.18740239458615304
1,0,0,0,9,1,0,0,0,0,0,0,0,1,44.2,403.35,1,1,0,0,1,0,0,1,0,0,0,0,0.1093112402621491,0,0,0,1,4.42,0,0,0,0,0,1,0.1991150442477876
0,0,0,0,13,1,0,0,1,0,1,1,1,0,73.35,931.55,0,1,0,0,1,0,0,0,0,0,1,1,0.078655299983915,2,2,0,5,5.239285714285714,0,0,1,0,0,5,0.17484868863483524
1,0,1,0,68,1,0,0,1,0,1,1,0,0,64.1,4326.25,0,0,0,1,1,0,0,1,0,0,0,3,0.0148131030099948,2,1,0,4,0.9289855072463767,0,2,1,0,0,4,1.044546850998464
1,1,0,0,6,0,0,0,0,0,0,1,1,1,44.4,263.05,0,1,0,0,1,0,0,0,0,1,0,0,0.1681499715962885,0,2,0,2,6.3428571428571425,0,0,0,0,1,2,0.13215859030837004
1,0,0,0,2,1,0,0,0,0,0,0,0,1,20.05,39.25,0,1,0,0,0,0,1,0,0,0,1,0,0.4981366459627329,0,0,0,1,6.683333333333334,0,0,0,0,0,1,0.09501187648456057
0,1,1,0,55,1,1,1,1,0,0,0,0,0,60.0,3316.1,0,0,1,0,1,0,0,0,1,0,0,3,0.0180880889933978,2,0,0,4,1.0714285714285714,0,1,1,0,0,4,0.9016393442622951
0,1,0,0,1,1,1,0,0,0,0,0,0,1,75.75,75.75,1,1,0,0,0,1,0,0,0,1,0,0,0.986970684039088,0,0,0,2,37.875,1,0,0,1,1,2,0.013029315960912053
0,0,0,0,38,1,0,0,0,0,0,0,0,1,69.5,2625.25,0,1,0,0,0,1,0,0,1,0,0,2,0.0264635887672536,0,0,0,1,1.7820512820512822,0,0,0,1,0,1,0.5390070921985816
1,0,0,0,67,1,1,1,1,1,0,1,0,1,102.95,6886.25,1,1,0,0,0,1,0,0,1,0,0,3,0.0149479109949544,3,1,1,6,1.513970588235294,0,0,1,1,0,6,0.6445406445406445
0,0,0,0,19,1,0,0,0,0,0,1,0,1,78.7,1495.1,0,1,0,0,0,1,0,1,0,0,0,1,0.0526034355992246,0,1,0,2,3.935,0,0,0,1,0,2,0.2383939774153074
1,0,0,0,12,0,0,0,1,1,1,1,1,0,60.65,743.3,0,0,1,0,1,0,0,0,0,1,0,0,0.0814859599623807,3,2,0,5,4.665384615384616,0,1,1,0,1,5,0.19464720194647203
1,0,0,0,72,1,0,0,0,0,0,0,0,1,21.15,1419.4,0,0,0,1,0,0,1,1,0,0,0,3,0.0148901717825964,0,0,0,1,0.2897260273972603,0,2,0,0,0,1,3.250564334085779
0,0,1,1,24,1,1,1,0,1,1,1,1,1,84.8,1990.5,0,0,1,0,1,0,0,0,0,0,1,1,0.0425809691187547,3,2,0,7,3.392,0,1,1,0,0,7,0.27972027972027974
1,0,1,1,72,1,1,0,1,1,0,1,1,1,103.2,7362.9,0,0,1,0,0,1,0,0,1,0,0,3,0.0140143130678037,2,2,1,6,1.4136986301369863,0,1,1,0,0,6,0.690978886756238
1,0,1,1,11,0,0,1,0,0,0,0,0,1,29.6,346.45,0,1,0,0,1,0,0,0,0,1,0,0,0.0851921139732335,1,0,0,1,2.466666666666667,0,0,1,0,0,1,0.35947712418300654
0,1,1,0,4,1,1,0,0,0,0,0,0,1,74.4,306.6,1,1,0,0,0,1,0,0,0,0,1,0,0.2418725617685305,0,0,0,2,14.88,1,0,0,1,0,2,0.05305039787798408
0,0,0,0,66,1,0,1,0,1,1,1,1,1,105.65,6844.5,0,0,0,1,0,1,0,1,0,0,0,3,0.0154334964575268,3,2,1,6,1.576865671641791,0,2,1,0,0,6,0.6188466947960618
