churn_probability,predicted_churn,actual_churn,tenure,MonthlyCharges,tenure_group,support_score,risk_tier,month_cohort,month_cohort_num,annual_revenue_at_risk,prob_bucket,tenure_group_label,risk_score,prediction_correct,prediction_label
0.08526777,0,0,72,114.05,3,4,Low Risk,Month 3,3,116.697470022,0-10%,49+ months,8.5,1,True Negative
0.8940977,1,0,8,100.15,0,1,High Risk,Month 6,6,1074.5266158600002,80-90%,0-12 months,89.4,0,False Positive
0.16792016,0,0,41,78.35,2,3,Low Risk,Month 5,5,157.878534432,10-20%,25-48 months,16.8,1,True Negative
0.60745007,1,0,18,78.2,1,2,High Risk,Month 4,4,570.031145688,60-70%,13-24 months,60.7,0,False Positive
0.022872414,0,0,72,82.65,3,3,Low Risk,Month 2,2,22.684860205200003,0-10%,49+ months,2.3,1,True Negative
0.8078222,1,0,21,99.85,1,1,High Risk,Month 2,2,967.9325600399999,80-90%,13-24 months,80.8,0,False Positive
0.7268291,1,0,21,99.15,1,2,High Risk,Month 1,1,864.7812631800001,70-80%,13-24 months,72.7,0,False Positive
0.2769754,0,0,19,24.1,1,0,Low Risk,Month 6,6,80.10128568,20-30%,13-24 months,27.7,1,True Negative
0.025802765,0,0,61,19.75,3,0,Low Risk,Month 4,4,6.115255305,0-10%,49+ months,2.6,1,True Negative
0.6277182,1,1,17,45.05,1,0,High Risk,Month 5,5,339.34445891999997,60-70%,13-24 months,62.8,1,True Positive
0.6541524,1,0,70,106.05,3,2,High Risk,Month 1,1,832.4743442399999,60-70%,49+ months,65.4,0,False Positive
0.020738132,0,0,72,114.85,3,4,Low Risk,Month 6,6,28.581293522399996,0-10%,49+ months,2.1,1,True Negative
0.39486447,0,0,49,30.2,3,1,Medium Risk,Month 5,5,143.098883928,30-40%,49+ months,39.5,1,True Negative
0.85335,1,1,11,84.8,0,0,High Risk,Month 2,2,868.36896,80-90%,0-12 months,85.3,1,True Positive
0.30891606,0,0,19,48.8,1,1,Medium Risk,Month 2,2,180.90124473599997,30-40%,13-24 months,30.9,1,True Negative
0.07905276,0,0,72,84.5,3,0,Low Risk,Month 2,2,80.15949864,0-10%,49+ months,7.9,1,True Negative
0.062826514,0,0,8,19.5,0,0,Low Risk,Month 3,3,14.701404276,0-10%,0-12 months,6.3,1,True Negative
0.80852014,1,0,15,91.0,1,1,High Risk,Month 4,4,882.90399288,80-90%,13-24 months,80.9,0,False Positive
0.5170049,1,0,67,105.7,3,2,Medium Risk,Month 4,4,655.76901516,50-60%,49+ months,51.7,0,False Positive
0.15893516,0,0,26,35.4,2,2,Low Risk,Month 3,3,67.51565596799999,10-20%,25-48 months,15.9,1,True Negative
0.8705334,1,1,2,74.85,0,0,High Risk,Month 4,4,781.91309988,80-90%,0-12 months,87.1,1,True Positive
0.5484335,1,0,21,28.5,1,1,Medium Risk,Month 2,2,187.564257,50-60%,13-24 months,54.8,0,False Positive
0.076531135,0,0,49,20.05,3,0,Low Risk,Month 3,3,18.413391081,0-10%,49+ months,7.7,1,True Negative
0.074959815,0,0,21,19.8,1,0,Low Risk,Month 3,3,17.810452044,0-10%,13-24 months,7.5,1,True Negative
0.4201605,0,0,51,69.15,3,0,Medium Risk,Month 4,4,348.6491829,40-50%,49+ months,42.0,1,True Negative
0.43685114,0,0,16,54.55,1,2,Medium Risk,Month 5,5,285.962756244,40-50%,13-24 months,43.7,1,True Negative
0.7154026,1,1,22,89.25,1,0,High Risk,Month 2,2,766.1961846,70-80%,13-24 months,71.5,1,True Positive
0.8518934,1,1,13,102.25,1,1,High Risk,Month 4,4,1045.2732018,80-90%,13-24 months,85.2,1,True Positive
0.10499741,0,0,43,25.1,2,0,Low Risk,Month 4,4,31.625219892000004,10-20%,25-48 months,10.5,1,True Negative
0.9108524,1,1,3,89.45,0,0,High Risk,Month 1,1,977.70896616,90-100%,0-12 months,91.1,1,True Positive
0.62721175,1,0,54,90.05,3,1,High Risk,Month 4,4,677.7650170499999,60-70%,49+ months,62.7,0,False Positive
0.72001404,1,0,1,24.2,0,0,High Risk,Month 2,2,209.09207721599998,70-80%,0-12 months,72.0,0,False Positive
0.033244986,0,0,69,20.55,3,0,Low Risk,Month 1,1,8.1982135476,0-10%,49+ months,3.3,1,True Negative
0.023270635,0,0,62,23.4,3,0,Low Risk,Month 6,6,6.5343943079999995,0-10%,49+ months,2.3,1,True Negative
0.9112372,1,1,2,90.4,0,0,High Risk,Month 6,6,988.5101145600001,90-100%,0-12 months,91.1,1,True Positive
0.43217495,0,0,62,96.1,3,2,Medium Risk,Month 5,5,498.3841523399999,40-50%,49+ months,43.2,1,True Negative
0.70524484,1,1,2,44.95,0,0,High Risk,Month 3,3,380.4090666960001,70-80%,0-12 months,70.5,1,True Positive
0.021159237,0,0,69,19.9,3,0,Low Risk,Month 1,1,5.0528257956,0-10%,49+ months,2.1,1,True Negative
0.94642866,1,1,1,74.5,0,0,High Risk,Month 5,5,846.10722204,90-100%,0-12 months,94.6,1,True Positive
0.4236283,0,1,31,55.25,2,2,Medium Risk,Month 4,4,280.8655629,40-50%,25-48 months,42.4,0,False Negative
0.024157807,0,0,69,20.3,3,0,Low Risk,Month 2,2,5.884841785200001,0-10%,49+ months,2.4,1,True Negative
0.9202248,1,0,2,91.45,0,1,High Risk,Month 4,4,1009.8546955200001,90-100%,0-12 months,92.0,0,False Positive
0.61416507,1,0,33,70.4,2,0,High Risk,Month 1,1,518.846651136,60-70%,25-48 months,61.4,0,False Positive
0.38146713,0,0,3,19.6,0,0,Medium Risk,Month 6,6,89.721068976,30-40%,0-12 months,38.1,1,True Negative
0.17026974,0,0,44,65.4,2,2,Low Risk,Month 3,3,133.62769195200002,10-20%,25-48 months,17.0,1,True Negative
0.8330462,1,1,10,110.1,0,4,High Risk,Month 5,5,1100.6206394399999,80-90%,0-12 months,83.3,1,True Positive
0.8712418,1,0,8,75.25,0,0,High Risk,Month 3,3,786.7313454,80-90%,0-12 months,87.1,0,False Positive
0.5721339,1,0,8,66.65,0,2,Medium Risk,Month 4,4,457.59269322,50-60%,0-12 months,57.2,0,False Positive
0.028953416,0,0,69,20.35,3,0,Low Risk,Month 4,4,7.0704241872,0-10%,49+ months,2.9,1,True Negative
0.53160846,1,1,23,75.6,1,0,Medium Risk,Month 2,2,482.2751949119999,50-60%,13-24 months,53.2,1,True Positive
0.022754855,0,0,66,25.1,3,0,Low Risk,Month 6,6,6.853762326000001,0-10%,49+ months,2.3,1,True Negative
0.937459,1,1,1,102.45,0,2,High Risk,Month 5,5,1152.5120946000002,90-100%,0-12 months,93.7,1,True Positive
0.30505976,0,0,3,19.95,0,0,Medium Risk,Month 6,6,73.031306544,30-40%,0-12 months,30.5,1,True Negative
0.5685871,1,0,5,51.0,0,1,Medium Risk,Month 6,6,347.9753052,50-60%,0-12 months,56.9,0,False Positive
0.64329827,1,0,1,51.2,0,1,High Risk,Month 4,4,395.24245708800004,60-70%,0-12 months,64.3,0,False Positive
0.8009676,1,1,9,77.65,0,0,High Risk,Month 6,6,746.34160968,80-90%,0-12 months,80.1,1,True Positive
0.17292407,0,0,36,63.7,2,2,Low Risk,Month 1,1,132.183159108,10-20%,25-48 months,17.3,1,True Negative
0.11718082,0,0,68,85.5,3,2,Low Risk,Month 2,2,120.22752132000001,10-20%,49+ months,11.7,1,True Negative
0.11279235,0,0,35,40.9,2,1,Low Risk,Month 1,1,55.35848538,10-20%,25-48 months,11.3,1,True Negative
0.027135715,0,0,60,20.55,3,0,Low Risk,Month 3,3,6.691667319000001,0-10%,49+ months,2.7,1,True Negative
0.013510912,0,0,72,74.55,3,3,Low Risk,Month 3,3,12.086861875199999,0-10%,49+ months,1.4,1,True Negative
0.07966916,0,1,45,20.4,2,0,Low Risk,Month 3,3,19.503010367999998,0-10%,25-48 months,8.0,0,False Negative
0.4107859,0,0,37,91.2,2,0,Medium Risk,Month 5,5,449.56408896,40-50%,25-48 months,41.1,1,True Negative
0.4334559,0,0,7,50.7,0,1,Medium Risk,Month 3,3,263.71456956000003,40-50%,0-12 months,43.3,1,True Negative
0.5834658,1,1,4,50.7,0,1,Medium Risk,Month 3,3,354.98059272000006,50-60%,0-12 months,58.3,1,True Positive
0.76601505,1,1,1,54.9,0,2,High Risk,Month 4,4,504.65071494,70-80%,0-12 months,76.6,1,True Positive
0.47180033,0,1,4,60.4,0,3,Medium Risk,Month 2,2,341.96087918399996,40-50%,0-12 months,47.2,0,False Negative
0.42365655,0,1,18,49.55,1,1,Medium Risk,Month 5,5,251.90618462999998,40-50%,13-24 months,42.4,0,False Negative
0.32672662,0,1,12,74.05,0,1,Medium Risk,Month 1,1,290.329274532,30-40%,0-12 months,32.7,0,False Negative
0.9161301,1,1,1,80.05,0,0,High Risk,Month 6,6,880.0345740599998,90-100%,0-12 months,91.6,1,True Positive
0.01106634,0,0,72,25.0,3,0,Low Risk,Month 5,5,3.319902,0-10%,49+ months,1.1,1,True Negative
0.047925293,0,0,42,20.25,2,0,Low Risk,Month 2,2,11.645846199000001,0-10%,25-48 months,4.8,1,True Negative
0.75701714,1,1,24,76.1,1,0,High Risk,Month 1,1,691.308052248,70-80%,13-24 months,75.7,1,True Positive
0.26830465,0,0,26,78.95,2,0,Low Risk,Month 5,5,254.19182541,20-30%,25-48 months,26.8,1,True Negative
0.11545372,0,0,68,73.0,3,3,Low Risk,Month 5,5,101.13745872,10-20%,49+ months,11.5,1,True Negative
0.11621943,0,0,17,19.9,1,0,Low Risk,Month 5,5,27.753199883999997,10-20%,13-24 months,11.6,1,True Negative
0.19901508,0,0,59,111.1,3,3,Low Risk,Month 5,5,265.32690465599995,10-20%,49+ months,19.9,1,True Negative
0.7330974,1,1,13,74.4,1,0,High Risk,Month 1,1,654.50935872,70-80%,13-24 months,73.3,1,True Positive
0.3297466,0,0,2,20.45,0,0,Medium Risk,Month 3,3,80.91981564,30-40%,0-12 months,33.0,1,True Negative
0.02326795,0,0,67,19.65,3,0,Low Risk,Month 2,2,5.486582609999999,0-10%,49+ months,2.3,1,True Negative
0.089167334,0,0,17,20.05,1,0,Low Risk,Month 6,6,21.453660560400003,0-10%,13-24 months,8.9,1,True Negative
0.038665194,0,0,71,80.1,3,4,Low Risk,Month 4,4,37.1649844728,0-10%,49+ months,3.9,1,True Negative
0.43256575,0,1,17,98.6,1,2,Medium Risk,Month 3,3,511.81179539999994,40-50%,13-24 months,43.3,0,False Negative
0.95572746,1,1,1,89.55,0,0,High Risk,Month 1,1,1027.0247285159999,90-100%,0-12 months,95.6,1,True Positive
0.09616086,0,0,6,19.7,0,0,Low Risk,Month 3,3,22.732427303999998,0-10%,0-12 months,9.6,1,True Negative
0.58637625,1,0,61,114.1,3,3,Medium Risk,Month 3,3,802.8663614999999,50-60%,49+ months,58.6,0,False Positive
0.8457188,1,0,6,73.85,0,0,High Risk,Month 5,5,749.47600056,80-90%,0-12 months,84.6,0,False Positive
0.8172458,1,1,1,25.05,0,0,High Risk,Month 5,5,245.66408748000003,80-90%,0-12 months,81.7,1,True Positive
0.73713917,1,1,21,102.8,1,3,High Risk,Month 6,6,909.3348801119998,70-80%,13-24 months,73.7,1,True Positive
0.23323113,0,0,60,110.8,3,3,Low Risk,Month 4,4,310.104110448,20-30%,49+ months,23.3,1,True Negative
0.7408138,1,1,20,85.8,1,0,High Risk,Month 2,2,762.74188848,70-80%,13-24 months,74.1,1,True Positive
0.5602901,1,0,22,95.9,1,2,Medium Risk,Month 5,5,644.7818470800001,50-60%,13-24 months,56.0,0,False Positive
0.039715618,0,0,40,20.6,2,0,Low Risk,Month 5,5,9.817700769600002,0-10%,25-48 months,4.0,1,True Negative
0.7396786,1,1,23,74.95,1,0,High Risk,Month 4,4,665.26693284,70-80%,13-24 months,74.0,1,True Positive
0.7366699,1,1,1,45.95,0,0,High Risk,Month 5,5,406.1997828600001,70-80%,0-12 months,73.7,1,True Positive
0.04844073,0,0,46,38.25,2,3,Low Risk,Month 4,4,22.23429507,0-10%,25-48 months,4.8,1,True Negative
0.7389698,1,0,5,69.95,0,0,High Risk,Month 4,4,620.2912501200001,70-80%,0-12 months,73.9,0,False Positive
0.028538737,0,0,68,20.0,3,0,Low Risk,Month 3,3,6.849296880000001,0-10%,49+ months,2.9,1,True Negative
0.89391047,1,1,1,25.2,0,0,High Risk,Month 1,1,270.318526128,80-90%,0-12 months,89.4,1,True Positive
0.3190885,0,0,2,20.1,0,0,Medium Risk,Month 2,2,76.9641462,30-40%,0-12 months,31.9,1,True Negative
0.8808508,1,1,14,104.85,1,2,High Risk,Month 1,1,1108.28647656,80-90%,13-24 months,88.1,1,True Positive
0.79466623,1,1,10,70.0,0,0,High Risk,Month 5,5,667.5196332,70-80%,0-12 months,79.5,1,True Positive
0.7263469,1,0,13,78.3,1,0,High Risk,Month 3,3,682.47554724,70-80%,13-24 months,72.6,0,False Positive
0.5123612,1,1,34,109.8,2,3,Medium Risk,Month 4,4,675.0871171199999,50-60%,25-48 months,51.2,1,True Positive
0.4688344,0,1,18,57.45,1,1,Medium Risk,Month 6,6,323.21443536000004,40-50%,13-24 months,46.9,0,False Negative
0.017630534,0,0,71,19.7,3,0,Low Risk,Month 2,2,4.1678582376,0-10%,49+ months,1.8,1,True Negative
0.32758647,0,0,70,110.5,3,3,Medium Risk,Month 3,3,434.37965922,30-40%,49+ months,32.8,1,True Negative
0.13442414,0,0,52,64.3,3,2,Low Risk,Month 5,5,103.72166642399999,10-20%,49+ months,13.4,1,True Negative
0.25103432,0,0,68,105.25,3,3,Low Risk,Month 2,2,317.05634616,20-30%,49+ months,25.1,1,True Negative
0.18166997,0,0,38,19.6,2,0,Low Risk,Month 1,1,42.728776944,10-20%,25-48 months,18.2,1,True Negative
0.05820699,0,0,58,24.5,3,0,Low Risk,Month 3,3,17.11285506,0-10%,49+ months,5.8,1,True Negative
0.81954896,1,0,3,90.7,0,0,High Risk,Month 2,2,891.9970880640001,80-90%,0-12 months,82.0,0,False Positive
0.3303063,0,0,14,48.8,1,1,Medium Risk,Month 6,6,193.42736927999997,30-40%,13-24 months,33.0,1,True Negative
0.7302456,1,0,2,24.9,0,0,High Risk,Month 5,5,218.19738528,70-80%,0-12 months,73.0,0,False Positive
0.88067377,1,1,1,24.8,0,0,High Risk,Month 5,5,262.088513952,80-90%,0-12 months,88.1,1,True Positive
0.024580708,0,0,72,107.4,3,4,Low Risk,Month 6,6,31.679616470400003,0-10%,49+ months,2.5,1,True Negative
0.76933306,1,1,3,43.3,0,0,High Risk,Month 5,5,399.74545797599995,70-80%,0-12 months,76.9,1,True Positive
0.7283018,1,0,13,80.0,1,1,High Risk,Month 2,2,699.169728,70-80%,13-24 months,72.8,0,False Positive
0.069519,0,0,72,104.1,3,3,Low Risk,Month 6,6,86.84313479999999,0-10%,49+ months,7.0,1,True Negative
0.043746024,0,0,58,20.75,3,0,Low Risk,Month 4,4,10.892759976,0-10%,49+ months,4.4,1,True Negative
0.072739094,0,0,71,95.5,3,3,Low Risk,Month 5,5,83.35900172400001,0-10%,49+ months,7.3,1,True Negative
0.91582817,1,1,1,76.35,0,1,High Risk,Month 6,6,839.081769354,90-100%,0-12 months,91.6,1,True Positive
0.04186598,0,0,54,91.3,3,4,Low Risk,Month 3,3,45.86836768799999,0-10%,49+ months,4.2,1,True Negative
0.0871584,0,0,39,45.05,2,2,Low Risk,Month 2,2,47.11783103999999,0-10%,25-48 months,8.7,1,True Negative
0.93045217,1,1,1,70.6,0,0,High Risk,Month 2,2,788.279078424,90-100%,0-12 months,93.0,1,True Positive
0.03991636,0,0,61,80.8,3,4,Low Risk,Month 3,3,38.70290265599999,0-10%,49+ months,4.0,1,True Negative
0.60314023,1,1,25,89.15,2,2,High Risk,Month 5,5,645.2394180540001,60-70%,25-48 months,60.3,1,True Positive
0.4289615,0,0,37,91.2,2,3,Medium Risk,Month 6,6,469.4554656,40-50%,25-48 months,42.9,1,True Negative
0.8268652,1,1,26,91.25,2,0,High Risk,Month 1,1,905.417394,80-90%,25-48 months,82.7,1,True Positive
0.22763845,0,0,10,19.75,0,0,Low Risk,Month 4,4,53.95031265,20-30%,0-12 months,22.8,1,True Negative
0.561812,1,1,1,20.4,0,0,Medium Risk,Month 3,3,137.5315776,50-60%,0-12 months,56.2,1,True Positive
0.5778025,1,1,24,40.65,1,1,Medium Risk,Month 2,2,281.8520595,50-60%,13-24 months,57.8,1,True Positive
0.35107344,0,0,65,110.35,3,3,Medium Risk,Month 2,2,464.89144924799996,30-40%,49+ months,35.1,1,True Negative
0.34427485,0,0,23,64.9,1,0,Medium Risk,Month 3,3,268.12125318000005,30-40%,13-24 months,34.4,1,True Negative
0.08391641,0,0,49,66.15,3,1,Low Risk,Month 6,6,66.612846258,0-10%,49+ months,8.4,1,True Negative
0.48835763,0,0,42,55.65,2,1,Medium Risk,Month 3,3,326.125225314,40-50%,25-48 months,48.8,1,True Negative
0.050877612,0,0,8,20.85,0,0,Low Risk,Month 4,4,12.7295785224,0-10%,0-12 months,5.1,1,True Negative
0.22820288,0,0,28,54.65,2,2,Low Risk,Month 5,5,149.65544870399998,20-30%,25-48 months,22.8,1,True Negative
0.035802595,0,0,71,80.6,3,4,Low Risk,Month 3,3,34.628269884,0-10%,49+ months,3.6,1,True Negative
0.63696283,1,1,69,99.45,3,1,High Risk,Month 6,6,760.151441322,60-70%,49+ months,63.7,1,True Positive
0.20862654,0,0,68,114.7,3,4,Low Risk,Month 6,6,287.153569656,20-30%,49+ months,20.9,1,True Negative
0.26341996,0,0,64,105.4,3,2,Low Risk,Month 3,3,333.17356540800006,20-30%,49+ months,26.3,1,True Negative
0.75795287,1,0,3,75.05,0,1,High Risk,Month 4,4,682.612354722,70-80%,0-12 months,75.8,0,False Positive
0.09250692,0,0,66,49.4,3,1,Low Risk,Month 3,3,54.838102176,0-10%,49+ months,9.3,1,True Negative
0.023001108,0,0,28,18.25,2,0,Low Risk,Month 3,3,5.037242652,0-10%,25-48 months,2.3,1,True Negative
0.25468445,0,0,67,111.05,3,4,Low Risk,Month 1,1,339.39249807,20-30%,49+ months,25.5,1,True Negative
0.19596542,0,0,46,19.6,2,0,Low Risk,Month 4,4,46.091066784000006,10-20%,25-48 months,19.6,1,True Negative
0.5711247,1,1,55,96.75,3,2,Medium Risk,Month 4,4,663.0757767,50-60%,49+ months,57.1,1,True Positive
0.5821826,1,0,22,69.7,1,0,Medium Risk,Month 1,1,486.93752664000004,50-60%,13-24 months,58.2,0,False Positive
0.5838426,1,0,18,87.9,1,2,Medium Risk,Month 3,3,615.83717448,50-60%,13-24 months,58.4,0,False Positive
0.051311377,0,0,46,40.4,2,3,Low Risk,Month 6,6,24.875755569599995,0-10%,25-48 months,5.1,1,True Negative
0.7649857,1,0,10,78.15,0,1,High Risk,Month 2,2,717.40358946,70-80%,0-12 months,76.5,0,False Positive
0.18355505,0,0,72,99.4,3,1,Low Risk,Month 2,2,218.94446364000004,10-20%,49+ months,18.4,1,True Negative
0.57748866,1,0,16,55.3,1,1,Medium Risk,Month 4,4,383.2214747759999,50-60%,13-24 months,57.7,0,False Positive
0.9010628,1,1,3,77.0,0,0,High Risk,Month 6,6,832.5820272000001,90-100%,0-12 months,90.1,1,True Positive
0.5817791,1,0,21,26.05,1,0,Medium Risk,Month 2,2,181.86414666000002,50-60%,13-24 months,58.2,0,False Positive
0.80000186,1,0,5,78.75,0,0,High Risk,Month 5,5,756.0017577,80-90%,0-12 months,80.0,0,False Positive
0.75911444,1,1,1,29.95,0,1,High Risk,Month 5,5,272.82572973599997,70-80%,0-12 months,75.9,1,True Positive
0.79586506,1,1,1,45.4,0,0,High Risk,Month 2,2,433.58728468799995,70-80%,0-12 months,79.6,1,True Positive
0.7086316,1,1,36,85.25,2,0,High Risk,Month 5,5,724.9301268,70-80%,25-48 months,70.9,1,True Positive
0.23133005,0,0,64,104.05,3,3,Low Risk,Month 3,3,288.83870043,20-30%,49+ months,23.1,1,True Negative
0.1754135,0,0,30,74.85,2,1,Low Risk,Month 5,5,157.5564057,10-20%,25-48 months,17.5,1,True Negative
0.018822983,0,0,72,19.55,3,0,Low Risk,Month 5,5,4.415871811800001,0-10%,49+ months,1.9,1,True Negative
0.033174172,0,0,46,20.1,2,0,Low Risk,Month 4,4,8.001610286400002,0-10%,25-48 months,3.3,1,True Negative
0.17757475,0,0,45,95.2,2,1,Low Risk,Month 1,1,202.86139440000002,10-20%,25-48 months,17.8,1,True Negative
0.28498805,0,1,2,20.65,0,0,Low Risk,Month 5,5,70.62003879,20-30%,0-12 months,28.5,0,False Negative
0.09732138,0,0,34,55.0,2,2,Low Risk,Month 3,3,64.2321108,0-10%,25-48 months,9.7,1,True Negative
0.40178117,0,1,54,106.55,3,2,Medium Risk,Month 2,2,513.7174039619999,40-50%,49+ months,40.2,0,False Negative
0.2002887,0,0,21,19.95,1,0,Low Risk,Month 1,1,47.949114779999995,20-30%,13-24 months,20.0,1,True Negative
0.089185834,0,0,65,76.15,3,3,Low Risk,Month 4,4,81.49801510920001,0-10%,49+ months,8.9,1,True Negative
0.58458024,1,0,20,69.8,1,0,Medium Risk,Month 5,5,489.6444090239999,50-60%,13-24 months,58.5,0,False Positive
0.94765043,1,1,1,79.5,0,0,High Risk,Month 1,1,904.05851022,90-100%,0-12 months,94.8,1,True Positive
0.2721431,0,0,42,69.4,2,2,Low Risk,Month 4,4,226.64077368000005,20-30%,25-48 months,27.2,1,True Negative
0.5894906,1,1,1,19.4,0,0,Medium Risk,Month 2,2,137.23341168,50-60%,0-12 months,58.9,1,True Positive
0.6997549,1,0,20,96.55,1,3,High Risk,Month 5,5,810.7360271399999,60-70%,13-24 months,70.0,0,False Positive
0.73600405,1,0,11,70.2,0,0,High Risk,Month 2,2,620.0098117200001,70-80%,0-12 months,73.6,0,False Positive
0.027920725,0,0,61,25.3,3,0,Low Risk,Month 5,5,8.47673211,0-10%,49+ months,2.8,1,True Negative
0.025447002,0,0,64,25.0,3,0,Low Risk,Month 3,3,7.6341006,0-10%,49+ months,2.5,1,True Negative
0.59121275,1,0,25,88.4,2,2,Medium Risk,Month 6,6,627.1584852000001,50-60%,25-48 months,59.1,0,False Positive
0.31761712,0,0,44,50.15,2,0,Medium Risk,Month 2,2,191.14198281599997,30-40%,25-48 months,31.8,1,True Negative
0.7722784,1,1,5,69.95,0,0,High Risk,Month 3,3,648.2504889600001,70-80%,0-12 months,77.2,1,True Positive
0.20981228,0,0,48,29.9,2,1,Low Risk,Month 2,2,75.28064606399998,20-30%,25-48 months,21.0,1,True Negative
0.88358223,1,1,6,74.9,0,0,High Risk,Month 6,6,794.163708324,80-90%,0-12 months,88.4,1,True Positive
0.5051372,1,1,4,50.05,0,1,Medium Risk,Month 6,6,303.3854023199999,50-60%,0-12 months,50.5,1,True Positive
0.012538307,0,0,72,19.95,3,0,Low Risk,Month 3,3,3.0016706957999997,0-10%,49+ months,1.3,1,True Negative
0.44463968,0,0,54,89.4,3,1,Medium Risk,Month 5,5,477.0094487040001,40-50%,49+ months,44.5,1,True Negative
0.17026642,0,0,66,67.45,3,3,Low Risk,Month 5,5,137.813640348,10-20%,49+ months,17.0,1,True Negative
0.6567418,1,1,3,49.9,0,1,High Risk,Month 4,4,393.25698984,60-70%,0-12 months,65.7,1,True Positive
0.23873106,0,0,19,65.35,1,2,Low Risk,Month 4,4,187.21289725199998,20-30%,13-24 months,23.9,1,True Negative
0.07639199,0,0,61,81.0,3,2,Low Risk,Month 2,2,74.25301428,0-10%,49+ months,7.6,1,True Negative
0.34472102,0,0,54,89.8,3,2,Medium Risk,Month 1,1,371.47137115199996,30-40%,49+ months,34.5,1,True Negative
0.7910384,1,0,1,49.95,0,1,High Risk,Month 6,6,474.1484169600001,70-80%,0-12 months,79.1,0,False Positive
0.79757166,1,1,19,79.85,1,1,High Risk,Month 6,6,764.233164612,70-80%,13-24 months,79.8,1,True Positive
0.0329902,0,0,24,19.75,1,0,Low Risk,Month 5,5,7.8186773999999994,0-10%,13-24 months,3.3,1,True Negative
0.68830365,1,0,33,105.35,2,2,High Risk,Month 3,3,870.1534743299999,60-70%,25-48 months,68.8,0,False Positive
0.6336492,1,0,31,83.85,2,1,High Risk,Month 3,3,637.57782504,60-70%,25-48 months,63.4,0,False Positive
0.64989495,1,0,59,44.3,3,0,High Risk,Month 5,5,345.4841554199999,60-70%,49+ months,65.0,0,False Positive
0.517728,1,0,20,91.0,1,0,Medium Risk,Month 6,6,565.358976,50-60%,13-24 months,51.8,0,False Positive
0.67056197,1,0,60,99.0,3,1,High Risk,Month 6,6,796.6276203599999,60-70%,49+ months,67.1,0,False Positive
0.6568302,1,0,18,80.55,1,1,High Risk,Month 5,5,634.89207132,60-70%,13-24 months,65.7,0,False Positive
0.4073027,0,0,19,60.6,1,3,Medium Risk,Month 5,5,296.19052344000005,40-50%,13-24 months,40.7,1,True Negative
0.030978935,0,0,24,19.7,1,0,Low Risk,Month 1,1,7.323420233999999,0-10%,13-24 months,3.1,1,True Negative
0.08273538,0,0,9,20.25,0,0,Low Risk,Month 2,2,20.104697339999998,0-10%,0-12 months,8.3,1,True Negative
0.19493936,0,0,33,24.25,2,0,Low Risk,Month 6,6,56.72735376,10-20%,25-48 months,19.5,1,True Negative
0.3382213,0,0,2,19.4,0,0,Medium Risk,Month 4,4,78.73791863999999,30-40%,0-12 months,33.8,1,True Negative
0.24356832,0,0,67,93.15,3,2,Low Risk,Month 1,1,272.2606680960001,20-30%,49+ months,24.4,1,True Negative
0.23680875,0,0,52,49.75,3,1,Low Risk,Month 2,2,141.37482375000002,20-30%,49+ months,23.7,1,True Negative
0.3431385,0,0,5,19.65,0,0,Medium Risk,Month 5,5,80.9120583,30-40%,0-12 months,34.3,1,True Negative
0.63987446,1,0,1,19.4,0,0,High Risk,Month 1,1,148.962774288,60-70%,0-12 months,64.0,0,False Positive
0.025666652,0,0,67,19.8,3,0,Low Risk,Month 2,2,6.098396515200001,0-10%,49+ months,2.6,1,True Negative
0.37597963,0,1,63,99.9,3,1,Medium Risk,Month 4,4,450.7243804440001,30-40%,49+ months,37.6,0,False Negative
0.64381,1,0,2,49.95,0,1,High Risk,Month 5,5,385.8997140000001,60-70%,0-12 months,64.4,0,False Positive
0.41839945,0,1,25,89.05,2,1,Medium Risk,Month 5,5,447.10165227,40-50%,25-48 months,41.8,0,False Negative
0.0495222,0,0,19,19.95,1,0,Low Risk,Month 2,2,11.855614679999999,0-10%,13-24 months,5.0,1,True Negative
0.053846266,0,0,62,56.15,3,2,Low Risk,Month 5,5,36.28161403079999,0-10%,49+ months,5.4,1,True Negative
0.58497214,1,0,23,34.65,1,0,Medium Risk,Month 2,2,243.23141581199997,50-60%,13-24 months,58.5,0,False Positive
0.04332487,0,0,70,64.95,3,4,Low Risk,Month 3,3,33.76740367800001,0-10%,49+ months,4.3,1,True Negative
0.74353296,1,0,29,94.2,2,1,High Risk,Month 5,5,840.4896579840001,70-80%,25-48 months,74.4,0,False Positive
0.7232889,1,1,32,78.9,2,1,High Risk,Month 5,5,684.8099305200001,70-80%,25-48 months,72.3,1,True Positive
0.18961447,0,1,31,65.25,2,3,Low Risk,Month 5,5,148.46813001,10-20%,25-48 months,19.0,0,False Negative
0.22204024,0,0,59,95.8,3,1,Low Risk,Month 5,5,255.25745990399997,20-30%,49+ months,22.2,1,True Negative
0.3363634,0,0,32,64.85,2,0,Medium Risk,Month 4,4,261.75799787999995,30-40%,25-48 months,33.6,1,True Negative
0.61791396,1,0,17,49.8,1,1,High Risk,Month 1,1,369.2653824959999,60-70%,13-24 months,61.8,0,False Positive
0.1583788,0,0,26,20.9,2,0,Low Risk,Month 3,3,39.72140303999999,10-20%,25-48 months,15.8,1,True Negative
0.86245656,1,0,12,94.55,0,0,High Risk,Month 3,3,978.543212976,80-90%,0-12 months,86.2,0,False Positive
0.2929225,0,0,61,98.45,3,2,Low Risk,Month 2,2,346.0586415,20-30%,49+ months,29.3,1,True Negative
0.016240379,0,0,71,19.6,3,0,Low Risk,Month 6,6,3.8197371408,0-10%,49+ months,1.6,1,True Negative
0.25853735,0,0,9,20.45,0,0,Low Risk,Month 3,3,63.44506568999999,20-30%,0-12 months,25.9,1,True Negative
0.86763155,1,1,24,104.25,1,2,High Risk,Month 6,6,1085.40706905,80-90%,13-24 months,86.8,1,True Positive
0.9044385,1,0,7,89.15,0,0,High Risk,Month 5,5,967.5683073000002,90-100%,0-12 months,90.4,0,False Positive
0.24406515,0,0,41,111.15,2,4,Low Risk,Month 5,5,325.53409707000003,20-30%,25-48 months,24.4,1,True Negative
0.80350566,1,1,20,90.2,1,0,High Risk,Month 4,4,869.7145263840001,80-90%,13-24 months,80.4,1,True Positive
0.72204804,1,0,33,91.25,2,0,High Risk,Month 4,4,790.6426038,70-80%,25-48 months,72.2,0,False Positive
0.057533562,0,0,56,81.8,3,3,Low Risk,Month 4,4,56.474944459199996,0-10%,49+ months,5.8,1,True Negative
0.9392167,1,1,1,74.5,0,0,High Risk,Month 2,2,839.6597298,90-100%,0-12 months,93.9,1,True Positive
0.8908099,1,1,4,76.05,0,0,High Risk,Month 5,5,812.9531147399999,80-90%,0-12 months,89.1,1,True Positive
0.5441923,1,1,54,111.1,3,3,Medium Risk,Month 3,3,725.5171743599999,50-60%,49+ months,54.4,1,True Positive
0.6159662,1,0,8,68.55,0,1,High Risk,Month 1,1,506.69379611999994,60-70%,0-12 months,61.6,0,False Positive
0.41810974,0,0,58,45.0,3,0,Medium Risk,Month 5,5,225.77925960000002,40-50%,49+ months,41.8,1,True Negative
0.7117929,1,0,34,100.85,2,1,High Risk,Month 2,2,861.4117675799998,70-80%,25-48 months,71.2,0,False Positive
0.84058654,1,1,2,30.4,0,1,High Risk,Month 6,6,306.64596979199996,80-90%,0-12 months,84.1,1,True Positive
0.773671,1,1,25,95.9,2,1,High Risk,Month 6,6,890.3405868000001,70-80%,25-48 months,77.4,1,True Positive
0.15424097,0,0,68,89.95,3,1,Low Risk,Month 6,6,166.48770301800002,10-20%,49+ months,15.4,1,True Negative
0.24221441,0,0,71,105.15,3,2,Low Risk,Month 3,3,305.626142538,20-30%,49+ months,24.2,1,True Negative
0.7642696,1,1,1,59.2,0,1,High Risk,Month 1,1,542.93712384,70-80%,0-12 months,76.4,1,True Positive
0.7698433,1,1,13,98.15,1,1,High Risk,Month 6,6,906.7214387400002,70-80%,13-24 months,77.0,1,True Positive
0.8681048,1,1,5,84.5,0,2,High Risk,Month 3,3,880.2582672,80-90%,0-12 months,86.8,1,True Positive
0.08623425,0,0,22,20.85,1,0,Low Risk,Month 6,6,21.57580935,0-10%,13-24 months,8.6,1,True Negative
0.06835902,0,0,10,26.1,0,0,Low Risk,Month 6,6,21.410045064000006,0-10%,0-12 months,6.8,1,True Negative
0.62066275,1,0,55,74.0,3,0,High Risk,Month 6,6,551.1485220000001,60-70%,49+ months,62.1,0,False Positive
0.05763987,0,0,27,20.55,2,0,Low Risk,Month 3,3,14.213991942000002,0-10%,25-48 months,5.8,1,True Negative
0.101276375,0,0,10,18.85,0,0,Low Risk,Month 3,3,22.908716025,10-20%,0-12 months,10.1,1,True Negative
0.2153126,0,0,23,20.85,1,0,Low Risk,Month 6,6,53.87121252,20-30%,13-24 months,21.5,1,True Negative
0.12082505,0,0,70,84.1,3,3,Low Risk,Month 3,3,121.93664045999999,10-20%,49+ months,12.1,1,True Negative
0.520881,1,1,5,46.0,0,0,Medium Risk,Month 2,2,287.526312,50-60%,0-12 months,52.1,1,True Positive
0.052922744,0,0,24,19.55,1,0,Low Risk,Month 4,4,12.415675742400001,0-10%,13-24 months,5.3,1,True Negative
0.1284236,0,0,8,20.2,0,0,Low Risk,Month 6,6,31.129880639999996,10-20%,0-12 months,12.8,1,True Negative
0.5518218,1,0,19,88.8,1,3,Medium Risk,Month 5,5,588.02131008,50-60%,13-24 months,55.2,0,False Positive
0.5381279,1,0,43,100.55,2,2,Medium Risk,Month 4,4,649.30512414,50-60%,25-48 months,53.8,0,False Positive
0.7014833,1,0,67,101.4,3,1,High Risk,Month 1,1,853.5648794400001,70-80%,49+ months,70.1,0,False Positive
0.69891566,1,0,4,55.3,0,0,High Risk,Month 4,4,463.80043197599997,60-70%,0-12 months,69.9,0,False Positive
0.19909552,0,0,59,113.75,3,4,Low Risk,Month 6,6,271.7653848,10-20%,49+ months,19.9,1,True Negative
0.0096781105,0,0,72,25.4,3,0,Low Risk,Month 2,2,2.9498880803999996,0-10%,49+ months,1.0,1,True Negative
0.30401966,0,0,19,20.0,1,0,Medium Risk,Month 4,4,72.96471840000001,30-40%,13-24 months,30.4,1,True Negative
0.8719316,1,1,1,73.5,0,1,High Risk,Month 6,6,769.0436712000001,80-90%,0-12 months,87.2,1,True Positive
0.24832414,0,1,30,51.2,2,1,Low Risk,Month 5,5,152.570351616,20-30%,25-48 months,24.8,0,False Negative
0.8092568,1,1,2,74.4,0,1,High Risk,Month 5,5,722.50447104,80-90%,0-12 months,80.9,1,True Positive
0.04109822,0,0,60,65.85,3,4,Low Risk,Month 5,5,32.475813443999996,0-10%,49+ months,4.1,1,True Negative
0.6284425,1,0,44,111.5,2,3,High Risk,Month 3,3,840.8560650000001,60-70%,25-48 months,62.8,0,False Positive
0.85110676,1,0,1,48.6,0,1,High Risk,Month 3,3,496.365462432,80-90%,0-12 months,85.1,0,False Positive
0.7990396,1,0,3,29.9,0,1,High Risk,Month 5,5,286.69540847999997,70-80%,0-12 months,79.9,0,False Positive
0.031731714,0,0,71,24.85,3,0,Low Risk,Month 5,5,9.462397114800002,0-10%,49+ months,3.2,1,True Negative
0.5955462,1,0,2,49.2,0,1,Medium Risk,Month 6,6,351.61047648000005,50-60%,0-12 months,59.6,0,False Positive
0.3492573,0,0,1,25.85,0,0,Medium Risk,Month 6,6,108.33961446,30-40%,0-12 months,34.9,1,True Negative
0.034881312,0,0,72,115.5,3,4,Low Risk,Month 4,4,48.345498432,0-10%,49+ months,3.5,1,True Negative
0.8227952,1,0,6,85.95,0,1,High Risk,Month 4,4,848.63096928,80-90%,0-12 months,82.3,0,False Positive
0.92241114,1,1,1,85.55,0,1,High Risk,Month 5,5,946.947276324,90-100%,0-12 months,92.2,1,True Positive
0.7744197,1,0,20,89.95,1,0,High Risk,Month 5,5,835.9086241800002,70-80%,13-24 months,77.4,0,False Positive
0.9531077,1,1,1,88.35,0,0,High Risk,Month 5,5,1010.4847835399999,90-100%,0-12 months,95.3,1,True Positive
0.19470558,0,0,12,20.05,0,0,Low Risk,Month 5,5,46.846162548,10-20%,0-12 months,19.5,1,True Negative
0.70412844,1,0,9,24.95,0,0,High Risk,Month 6,6,210.81605493599997,70-80%,0-12 months,70.4,0,False Positive
0.20956844,0,0,12,20.1,0,0,Low Risk,Month 3,3,50.547907728000006,20-30%,0-12 months,21.0,1,True Negative
0.7643075,1,0,1,49.9,0,1,High Risk,Month 3,3,457.667331,70-80%,0-12 months,76.4,0,False Positive
0.12153224,0,0,17,19.65,1,0,Low Risk,Month 1,1,28.657302192,10-20%,13-24 months,12.2,1,True Negative
0.75741667,1,0,12,79.55,0,1,High Risk,Month 4,4,723.029953182,70-80%,0-12 months,75.7,0,False Positive
0.90166056,1,1,12,106.7,0,2,High Risk,Month 1,1,1154.4861810240002,90-100%,0-12 months,90.2,1,True Positive
0.44540557,0,1,15,55.7,1,1,Medium Risk,Month 4,4,297.70908298800003,40-50%,13-24 months,44.5,0,False Negative
0.13037664,0,0,71,99.0,3,3,Low Risk,Month 4,4,154.88744831999998,10-20%,49+ months,13.0,1,True Negative
0.79988766,1,1,30,85.0,2,0,High Risk,Month 3,3,815.8854132,70-80%,25-48 months,80.0,1,True Positive
0.060705356,0,0,33,20.15,2,0,Low Risk,Month 4,4,14.678555080799999,0-10%,25-48 months,6.1,1,True Negative
0.64387304,1,0,1,19.9,0,0,High Risk,Month 1,1,153.756881952,60-70%,0-12 months,64.4,0,False Positive
0.31497145,0,0,62,70.45,3,0,Medium Risk,Month 1,1,266.27686383,30-40%,49+ months,31.5,1,True Negative
0.024640756,0,0,72,116.8,3,4,Low Risk,Month 5,5,34.5364836096,0-10%,49+ months,2.5,1,True Negative
0.19342317,0,0,30,66.3,2,2,Low Risk,Month 3,3,153.887474052,10-20%,25-48 months,19.3,1,True Negative
0.12088368,0,0,3,20.55,0,0,Low Risk,Month 2,2,29.809915488,10-20%,0-12 months,12.1,1,True Negative
0.4203811,0,0,28,90.45,2,1,Medium Risk,Month 4,4,456.28164594000003,40-50%,25-48 months,42.0,1,True Negative
0.6135818,1,0,30,94.3,2,2,High Risk,Month 5,5,694.3291648799999,60-70%,25-48 months,61.4,0,False Positive
0.077292494,0,1,12,19.0,0,0,Low Risk,Month 2,2,17.622688632,0-10%,0-12 months,7.7,0,False Negative
0.07806238,0,0,51,24.6,3,0,Low Risk,Month 4,4,23.044014576000002,0-10%,49+ months,7.8,1,True Negative
0.17189515,0,0,15,45.9,1,4,Low Risk,Month 1,1,94.67984861999999,10-20%,13-24 months,17.2,1,True Negative
0.012289315,0,0,72,25.1,3,0,Low Risk,Month 1,1,3.701541678000001,0-10%,49+ months,1.2,1,True Negative
0.56917137,1,1,32,108.15,2,3,Medium Risk,Month 4,4,738.6706039860001,50-60%,25-48 months,56.9,1,True Positive
0.8121271,1,0,6,74.1,0,1,High Risk,Month 4,4,722.1434173199999,80-90%,0-12 months,81.2,0,False Positive
0.06403568,0,0,63,70.8,3,3,Low Risk,Month 5,5,54.40471372799999,0-10%,49+ months,6.4,1,True Negative
0.88598835,1,1,11,95.15,0,0,High Risk,Month 5,5,1011.6214980300001,80-90%,0-12 months,88.6,1,True Positive
0.3911913,0,0,19,61.55,1,1,Medium Risk,Month 6,6,288.93389418,30-40%,13-24 months,39.1,1,True Negative
0.23921733,0,0,64,73.05,3,2,Low Risk,Month 4,4,209.69791147799998,20-30%,49+ months,23.9,1,True Negative
0.2177424,0,0,7,69.45,0,3,Low Risk,Month 3,3,181.46651616000003,20-30%,0-12 months,21.8,1,True Negative
0.3335966,0,0,4,20.05,0,0,Medium Risk,Month 5,5,80.26334196000002,30-40%,0-12 months,33.4,1,True Negative
0.25050145,0,0,7,19.95,0,0,Low Risk,Month 3,3,59.97004713,20-30%,0-12 months,25.1,1,True Negative
0.8526617,1,0,4,90.4,0,2,High Risk,Month 4,4,924.9674121600001,80-90%,0-12 months,85.3,0,False Positive
0.79577756,1,0,3,74.55,0,1,High Risk,Month 1,1,711.902605176,70-80%,0-12 months,79.6,0,False Positive
0.17146066,0,0,65,53.5,3,2,Low Risk,Month 1,1,110.07774371999999,10-20%,49+ months,17.1,1,True Negative
0.17299104,0,0,42,63.7,2,2,Low Risk,Month 6,6,132.23435097600003,10-20%,25-48 months,17.3,1,True Negative
0.17737523,0,0,26,75.0,2,2,Low Risk,Month 5,5,159.637707,10-20%,25-48 months,17.7,1,True Negative
0.07875272,0,0,48,25.05,2,0,Low Risk,Month 5,5,23.673067632000002,0-10%,25-48 months,7.9,1,True Negative
0.30170006,0,0,69,99.35,3,1,Medium Risk,Month 3,3,359.6868115319999,30-40%,49+ months,30.2,1,True Negative
0.17531243,0,0,17,44.45,1,2,Low Risk,Month 2,2,93.51165016200001,10-20%,13-24 months,17.5,1,True Negative
0.72833014,1,1,1,21.0,0,0,High Risk,Month 2,2,183.53919528,70-80%,0-12 months,72.8,1,True Positive
0.7926174,1,1,4,76.65,0,1,High Risk,Month 3,3,729.0494845200001,70-80%,0-12 months,79.3,1,True Positive
0.69960296,1,0,34,96.35,2,2,High Risk,Month 4,4,808.8809423519999,60-70%,25-48 months,70.0,0,False Positive
0.76618314,1,0,2,70.35,0,0,High Risk,Month 5,5,646.8118067879999,70-80%,0-12 months,76.6,0,False Positive
0.7354878,1,1,1,50.45,0,1,High Risk,Month 5,5,445.2643141200001,70-80%,0-12 months,73.5,1,True Positive
0.18318787,0,0,12,20.3,0,0,Low Risk,Month 3,3,44.62456513200001,10-20%,0-12 months,18.3,1,True Negative
0.60669607,1,0,38,69.5,2,0,High Risk,Month 6,6,505.98452238000004,60-70%,25-48 months,60.7,0,False Positive
0.08057823,0,0,31,80.55,2,2,Low Risk,Month 5,5,77.886917118,0-10%,25-48 months,8.1,1,True Negative
0.23568045,0,1,67,108.75,3,3,Low Risk,Month 4,4,307.56298725,20-30%,49+ months,23.6,0,False Negative
0.7880449,1,0,22,88.75,1,1,High Risk,Month 4,4,839.2678185000001,70-80%,13-24 months,78.8,0,False Positive
0.11312181,0,0,63,81.2,3,1,Low Risk,Month 3,3,110.22589166400002,10-20%,49+ months,11.3,1,True Negative
0.07014197,0,0,70,79.6,3,3,Low Risk,Month 2,2,66.999609744,0-10%,49+ months,7.0,1,True Negative
0.5575069,1,0,1,20.45,0,0,Medium Risk,Month 3,3,136.81219326,50-60%,0-12 months,55.8,0,False Positive
0.41476995,0,1,49,100.45,3,1,Medium Risk,Month 5,5,499.96369773000004,40-50%,49+ months,41.5,0,False Negative
0.050925955,0,0,71,89.45,3,2,Low Risk,Month 1,1,54.66392009700001,0-10%,49+ months,5.1,1,True Negative
0.0827933,0,0,23,66.25,1,4,Low Risk,Month 2,2,65.8206735,0-10%,13-24 months,8.3,1,True Negative
0.021488857,0,0,72,90.8,3,4,Low Risk,Month 1,1,23.4142585872,0-10%,49+ months,2.1,1,True Negative
0.023575243,0,0,72,71.45,3,2,Low Risk,Month 1,1,20.213413348200003,0-10%,49+ months,2.4,1,True Negative
0.7407454,1,1,2,69.75,0,0,High Risk,Month 6,6,620.0038998,70-80%,0-12 months,74.1,1,True Positive
0.2594922,0,0,42,59.65,2,3,Low Risk,Month 5,5,185.74451675999998,20-30%,25-48 months,25.9,1,True Negative
0.031263474,0,0,47,19.75,2,0,Low Risk,Month 4,4,7.409443338,0-10%,25-48 months,3.1,1,True Negative
0.05147826,0,0,29,19.85,2,0,Low Risk,Month 1,1,12.262121532,0-10%,25-48 months,5.1,1,True Negative
0.020643318,0,0,72,63.8,3,4,Low Risk,Month 4,4,15.8045242608,0-10%,49+ months,2.1,1,True Negative
0.9359211,1,1,1,69.55,0,0,High Risk,Month 4,4,781.1197500599999,90-100%,0-12 months,93.6,1,True Positive
0.4097311,0,0,40,51.1,2,1,Medium Risk,Month 2,2,251.24711052000004,40-50%,25-48 months,41.0,1,True Negative
0.5799841,1,1,1,62.05,0,2,Medium Risk,Month 4,4,431.85616085999993,50-60%,0-12 months,58.0,1,True Positive
0.9509411,1,1,1,85.0,0,1,High Risk,Month 3,3,969.959922,90-100%,0-12 months,95.1,1,True Positive
0.16461985,0,1,70,98.3,3,1,Low Risk,Month 4,4,194.18557506,10-20%,49+ months,16.5,0,False Negative
0.034368083,0,0,49,19.9,3,0,Low Risk,Month 5,5,8.207098220399999,0-10%,49+ months,3.4,1,True Negative
0.7231612,1,1,17,76.65,1,1,High Risk,Month 1,1,665.16367176,70-80%,13-24 months,72.3,1,True Positive
0.32582715,0,0,33,66.4,2,2,Medium Risk,Month 3,3,259.61907312000005,30-40%,25-48 months,32.6,1,True Negative
0.83318895,1,1,17,100.45,1,1,High Risk,Month 4,4,1004.3259603300002,80-90%,13-24 months,83.3,1,True Positive
0.32119894,0,0,21,75.9,1,1,Medium Risk,Month 4,4,292.54799455200003,30-40%,13-24 months,32.1,1,True Negative
0.2510482,0,1,35,85.95,2,3,Low Risk,Month 6,6,258.93111348,20-30%,25-48 months,25.1,0,False Negative
0.33691812,0,0,12,60.65,0,3,Medium Risk,Month 5,5,245.209007736,30-40%,0-12 months,33.7,1,True Negative
0.43936506,0,0,9,50.85,0,1,Medium Risk,Month 2,2,268.100559612,40-50%,0-12 months,43.9,1,True Negative
0.0114191845,0,0,72,24.45,3,0,Low Risk,Month 1,1,3.3503887323,0-10%,49+ months,1.1,1,True Negative
0.40332368,0,0,18,59.1,1,1,Medium Risk,Month 5,5,286.03715385600003,40-50%,13-24 months,40.3,1,True Negative
0.30251724,0,0,58,109.1,3,3,Medium Risk,Month 1,1,396.055570608,30-40%,49+ months,30.3,1,True Negative
0.76894474,1,0,30,101.3,2,1,High Risk,Month 4,4,934.729225944,70-80%,25-48 months,76.9,0,False Positive
0.14005344,0,0,56,115.85,3,4,Low Risk,Month 6,6,194.70229228799997,10-20%,49+ months,14.0,1,True Negative
0.88815594,1,1,10,94.9,0,1,High Risk,Month 4,4,1011.4319844720002,80-90%,0-12 months,88.8,1,True Positive
0.86269313,1,1,2,35.1,0,0,High Risk,Month 3,3,363.36634635600007,80-90%,0-12 months,86.3,1,True Positive
0.07324777,0,0,18,24.65,1,0,Low Risk,Month 5,5,21.666690365999997,0-10%,13-24 months,7.3,1,True Negative
0.32665664,0,0,51,56.15,3,2,Medium Risk,Month 4,4,220.10124403199998,30-40%,49+ months,32.7,1,True Negative
0.5426756,1,0,60,109.45,3,3,Medium Risk,Month 4,4,712.7501330400002,50-60%,49+ months,54.3,0,False Positive
0.3253186,0,0,24,55.15,1,2,Medium Risk,Month 6,6,215.29584948,30-40%,13-24 months,32.5,1,True Negative
0.44724187,0,1,70,115.65,3,4,Medium Risk,Month 3,3,620.6822671860001,40-50%,49+ months,44.7,0,False Negative
0.4005648,0,0,12,53.75,0,2,Medium Risk,Month 6,6,258.364296,40-50%,0-12 months,40.1,1,True Negative
0.095310666,0,0,25,61.6,2,3,Low Risk,Month 6,6,70.45364430720001,0-10%,25-48 months,9.5,1,True Negative
0.059215922,0,0,36,20.35,2,0,Low Risk,Month 2,2,14.4605281524,0-10%,25-48 months,5.9,1,True Negative
0.8104127,1,0,11,90.6,0,0,High Risk,Month 1,1,881.0806874399998,80-90%,0-12 months,81.0,0,False Positive
0.8372921,1,1,7,89.75,0,2,High Risk,Month 2,2,901.7635917,80-90%,0-12 months,83.7,1,True Positive
0.7904653,1,0,26,98.1,2,1,High Risk,Month 1,1,930.5357511599999,70-80%,25-48 months,79.0,0,False Positive
0.6481391,1,0,41,74.25,2,1,High Risk,Month 1,1,577.4919381,60-70%,25-48 months,64.8,0,False Positive
0.67215335,1,0,57,55.0,3,2,High Risk,Month 5,5,443.621211,60-70%,49+ months,67.2,0,False Positive
0.5012929,1,1,28,90.1,2,0,Medium Risk,Month 1,1,541.9978834799999,50-60%,25-48 months,50.1,1,True Positive
0.21413682,0,0,10,64.9,0,2,Low Risk,Month 3,3,166.769755416,20-30%,0-12 months,21.4,1,True Negative
0.16584663,0,0,41,56.3,2,1,Low Risk,Month 5,5,112.04598322799998,10-20%,25-48 months,16.6,1,True Negative
0.65014887,1,0,22,89.05,1,2,High Risk,Month 1,1,694.749082482,60-70%,13-24 months,65.0,0,False Positive
0.26239133,0,1,57,112.95,3,3,Low Risk,Month 5,5,355.645208682,20-30%,49+ months,26.2,0,False Negative
0.07605313,0,0,13,19.45,1,0,Low Risk,Month 3,3,17.750800541999997,0-10%,13-24 months,7.6,1,True Negative
0.21063335,0,0,61,100.7,3,3,Low Risk,Month 2,2,254.52934014000002,20-30%,49+ months,21.1,1,True Negative
0.6262073,1,0,1,20.05,0,0,High Risk,Month 5,5,150.66547638000003,60-70%,0-12 months,62.6,0,False Positive
0.04822018,0,0,18,19.35,1,0,Low Risk,Month 4,4,11.196725796,0-10%,13-24 months,4.8,1,True Negative
0.8443258,1,0,6,87.95,0,1,High Risk,Month 6,6,891.1014493200001,80-90%,0-12 months,84.4,0,False Positive
0.47950593,0,1,7,59.5,0,1,Medium Risk,Month 5,5,342.36723402,40-50%,0-12 months,48.0,0,False Negative
0.574087,1,0,9,55.3,0,1,Medium Risk,Month 5,5,380.96413319999994,50-60%,0-12 months,57.4,0,False Positive
0.72128916,1,1,1,49.25,0,1,High Risk,Month 3,3,426.28189356,70-80%,0-12 months,72.1,1,True Positive
0.85721356,1,1,9,80.8,0,0,High Risk,Month 2,2,831.154267776,80-90%,0-12 months,85.7,1,True Positive
0.063974254,0,0,49,20.45,3,0,Low Risk,Month 5,5,15.699281931599996,0-10%,49+ months,6.4,1,True Negative
0.76077855,1,1,15,99.1,1,2,High Risk,Month 5,5,904.71785166,70-80%,13-24 months,76.1,1,True Positive
0.07751586,0,0,30,19.55,2,0,Low Risk,Month 6,6,18.185220756000003,0-10%,25-48 months,7.8,1,True Negative
0.12145779,0,0,70,75.65,3,0,Low Risk,Month 3,3,110.259381762,10-20%,49+ months,12.1,1,True Negative
0.75356513,1,0,25,105.5,2,3,High Risk,Month 3,3,954.01345458,70-80%,25-48 months,75.4,0,False Positive
0.07371652,0,0,49,35.8,3,2,Low Risk,Month 5,5,31.668616991999993,0-10%,49+ months,7.4,1,True Negative
0.41889352,0,0,18,25.15,1,0,Medium Risk,Month 3,3,126.42206433599999,40-50%,13-24 months,41.9,1,True Negative
0.114851624,0,0,25,19.2,2,0,Low Risk,Month 6,6,26.461814169599997,10-20%,25-48 months,11.5,1,True Negative
0.05205674,0,0,23,40.1,1,3,Low Risk,Month 6,6,25.049703288,0-10%,13-24 months,5.2,1,True Negative
0.16503489,0,0,67,103.15,3,3,Low Risk,Month 3,3,204.280186842,10-20%,49+ months,16.5,1,True Negative
0.032191418,0,0,35,20.5,2,0,Low Risk,Month 5,5,7.919088828,0-10%,25-48 months,3.2,1,True Negative
0.7930123,1,1,1,45.85,0,0,High Risk,Month 5,5,436.31536746000006,70-80%,0-12 months,79.3,1,True Positive
0.049327116,0,0,72,114.45,3,4,Low Risk,Month 2,2,67.7458611144,0-10%,49+ months,4.9,1,True Negative
0.6715298,1,0,1,20.7,0,0,High Risk,Month 6,6,166.80800231999999,60-70%,0-12 months,67.2,0,False Positive
0.44691604,0,0,60,80.95,3,1,Medium Risk,Month 4,4,434.13424125600005,40-50%,49+ months,44.7,1,True Negative
0.35219422,0,0,7,59.1,0,1,Medium Risk,Month 5,5,249.776140824,30-40%,0-12 months,35.2,1,True Negative
0.02445242,0,0,64,19.55,3,0,Low Risk,Month 3,3,5.736537732,0-10%,49+ months,2.4,1,True Negative
0.4877489,0,0,15,48.85,1,1,Medium Risk,Month 6,6,285.91840518000004,40-50%,13-24 months,48.8,1,True Negative
0.0723862,0,1,2,19.85,0,0,Low Risk,Month 3,3,17.24239284,0-10%,0-12 months,7.2,0,False Negative
0.6586942,1,0,13,78.75,1,2,High Risk,Month 1,1,622.466019,60-70%,13-24 months,65.9,0,False Positive
0.85002166,1,1,26,98.35,2,1,High Risk,Month 6,6,1003.1955631319998,80-90%,25-48 months,85.0,1,True Positive
0.098058574,0,0,52,35.45,3,2,Low Risk,Month 1,1,41.714117379600005,0-10%,49+ months,9.8,1,True Negative
0.65798414,1,1,1,20.2,0,0,High Risk,Month 3,3,159.495355536,60-70%,0-12 months,65.8,1,True Positive
0.76219785,1,1,15,89.85,1,1,High Risk,Month 6,6,821.8017218699998,70-80%,13-24 months,76.2,1,True Positive
0.7958535,1,1,2,74.9,0,0,High Risk,Month 6,6,715.3131258000001,70-80%,0-12 months,79.6,1,True Positive
0.71124625,1,1,31,91.15,2,1,High Risk,Month 4,4,777.9611482500001,70-80%,25-48 months,71.1,1,True Positive
0.14411752,0,0,26,75.5,2,1,Low Risk,Month 5,5,130.57047312,10-20%,25-48 months,14.4,1,True Negative
0.4562777,0,0,10,29.75,0,1,Medium Risk,Month 4,4,162.89113890000002,40-50%,0-12 months,45.6,1,True Negative
0.6500722,1,0,1,20.05,0,0,High Risk,Month 3,3,156.40737132,60-70%,0-12 months,65.0,0,False Positive
0.893303,1,1,2,79.6,0,0,High Risk,Month 3,3,853.2830255999999,80-90%,0-12 months,89.3,1,True Positive
0.07393795,0,1,2,19.3,0,0,Low Risk,Month 5,5,17.12402922,0-10%,0-12 months,7.4,0,False Negative
0.6401869,1,1,13,48.75,1,1,High Risk,Month 5,5,374.5093365,60-70%,13-24 months,64.0,1,True Positive
0.22250143,0,0,33,74.75,2,2,Low Risk,Month 5,5,199.58378271,20-30%,25-48 months,22.3,1,True Negative
0.20837186,0,0,46,91.3,2,2,Low Risk,Month 5,5,228.29220981599997,20-30%,25-48 months,20.8,1,True Negative
0.6328549,1,0,13,49.15,1,1,High Risk,Month 1,1,373.25782002,60-70%,13-24 months,63.3,0,False Positive
0.672247,1,1,37,106.75,2,2,High Risk,Month 4,4,861.148407,60-70%,25-48 months,67.2,1,True Positive
0.031603936,0,0,61,19.1,3,0,Low Risk,Month 1,1,7.2436221312,0-10%,49+ months,3.2,1,True Negative
0.62183076,1,0,1,20.8,0,0,High Risk,Month 4,4,155.20895769600003,60-70%,0-12 months,62.2,0,False Positive
0.7878226,1,0,9,75.85,0,1,High Risk,Month 4,4,717.07613052,70-80%,0-12 months,78.8,0,False Positive
0.78691304,1,0,3,69.6,0,0,High Risk,Month 6,6,657.229771008,70-80%,0-12 months,78.7,0,False Positive
0.0195826,0,0,69,19.9,3,0,Low Risk,Month 3,3,4.676324879999999,0-10%,49+ months,2.0,1,True Negative
0.027413715,0,0,62,20.3,3,0,Low Risk,Month 2,2,6.677980974000001,0-10%,49+ months,2.7,1,True Negative
0.044335376,0,0,20,19.7,1,0,Low Risk,Month 2,2,10.4808828864,0-10%,13-24 months,4.4,1,True Negative
0.4515929,0,0,61,104.0,3,2,Medium Risk,Month 5,5,563.5879392,40-50%,49+ months,45.2,1,True Negative
0.16713144,0,0,4,23.9,0,0,Low Risk,Month 4,4,47.93329699199999,10-20%,0-12 months,16.7,1,True Negative
0.30235752,0,0,63,102.6,3,1,Medium Risk,Month 2,2,372.26257862399996,30-40%,49+ months,30.2,1,True Negative
0.28651688,0,0,50,35.0,3,2,Low Risk,Month 1,1,120.33708959999998,20-30%,49+ months,28.7,1,True Negative
0.9360867,1,1,1,80.5,0,0,High Risk,Month 5,5,904.2597522000001,90-100%,0-12 months,93.6,1,True Positive
0.15050219,0,0,70,74.1,3,4,Low Risk,Month 1,1,133.826547348,10-20%,49+ months,15.1,1,True Negative
0.04445175,0,0,72,76.8,3,1,Low Risk,Month 5,5,40.966732799999996,0-10%,49+ months,4.4,1,True Negative
0.24291852,0,0,35,60.55,2,3,Low Risk,Month 5,5,176.504596632,20-30%,25-48 months,24.3,1,True Negative
0.49518955,0,0,12,67.25,0,3,Medium Risk,Month 1,1,399.61796684999996,40-50%,0-12 months,49.5,1,True Negative
0.40498617,0,0,56,109.8,3,3,Medium Risk,Month 1,1,533.6097775919999,40-50%,49+ months,40.5,1,True Negative
0.7467396,1,1,12,73.75,0,0,High Risk,Month 6,6,660.8645459999999,70-80%,0-12 months,74.7,1,True Positive
0.14875017,0,0,36,55.8,2,1,Low Risk,Month 3,3,99.60311383199998,10-20%,25-48 months,14.9,1,True Negative
0.46250442,0,0,40,105.75,2,2,Medium Risk,Month 3,3,586.91810898,40-50%,25-48 months,46.3,1,True Negative
0.38978344,0,1,3,19.6,0,0,Medium Risk,Month 5,5,91.677065088,30-40%,0-12 months,39.0,0,False Negative
0.6097905,1,0,40,103.75,2,2,High Risk,Month 6,6,759.1891725,60-70%,25-48 months,61.0,0,False Positive
0.05491745,0,0,67,70.9,3,4,Low Risk,Month 6,6,46.72376646,0-10%,49+ months,5.5,1,True Negative
0.13622214,0,0,67,72.35,3,3,Low Risk,Month 5,5,118.26806194799998,10-20%,49+ months,13.6,1,True Negative
0.7368348,1,0,7,66.85,0,0,High Risk,Month 3,3,591.0888765599999,70-80%,0-12 months,73.7,0,False Positive
0.77752405,1,0,3,90.4,0,2,High Risk,Month 1,1,843.4580894400002,70-80%,0-12 months,77.8,0,False Positive
0.79079366,1,0,42,100.3,2,1,High Risk,Month 5,5,951.7992491759999,70-80%,25-48 months,79.1,0,False Positive
0.32034302,0,0,40,26.2,2,0,Medium Risk,Month 4,4,100.71584548799999,30-40%,25-48 months,32.0,1,True Negative
0.28489336,0,0,53,94.0,3,3,Low Risk,Month 3,3,321.35971007999996,20-30%,49+ months,28.5,1,True Negative
0.38463438,0,0,3,19.55,0,0,Medium Risk,Month 6,6,90.235225548,30-40%,0-12 months,38.5,1,True Negative
0.9054496,1,0,9,90.1,0,1,High Risk,Month 2,2,978.9721075199998,90-100%,0-12 months,90.5,0,False Positive
0.012824661,0,0,72,20.1,3,0,Low Risk,Month 4,4,3.0933082332,0-10%,49+ months,1.3,1,True Negative
0.49845725,0,1,46,85.0,2,1,Medium Risk,Month 1,1,508.426395,40-50%,25-48 months,49.8,0,False Negative
0.043847345,0,0,61,24.1,3,0,Low Risk,Month 4,4,12.680652174000002,0-10%,49+ months,4.4,1,True Negative
0.027185105,0,0,54,69.95,3,3,Low Risk,Month 1,1,22.819177137000004,0-10%,49+ months,2.7,1,True Negative
0.41894016,0,1,11,41.6,0,1,Medium Risk,Month 2,2,209.13492787200002,40-50%,0-12 months,41.9,0,False Negative
0.04394815,0,0,29,19.55,2,0,Low Risk,Month 2,2,10.31023599,0-10%,25-48 months,4.4,1,True Negative
0.45303655,0,1,67,111.3,3,3,Medium Risk,Month 5,5,605.0756161799999,40-50%,49+ months,45.3,0,False Negative
0.54779035,1,0,49,97.95,3,1,Medium Risk,Month 5,5,643.87277739,50-60%,49+ months,54.8,0,False Positive
0.0451185,0,0,72,100.55,3,3,Low Risk,Month 4,4,54.439982099999995,0-10%,49+ months,4.5,1,True Negative
0.028734988,0,0,71,87.25,3,4,Low Risk,Month 6,6,30.085532436,0-10%,49+ months,2.9,1,True Negative
0.2972331,0,0,44,74.85,2,2,Low Risk,Month 3,3,266.97477041999997,20-30%,25-48 months,29.7,1,True Negative
0.12478281,0,0,41,60.3,2,3,Low Risk,Month 3,3,90.29284131599998,10-20%,25-48 months,12.5,1,True Negative
0.56878644,1,0,11,58.95,0,0,Medium Risk,Month 6,6,402.35952765600007,50-60%,0-12 months,56.9,0,False Positive
0.16943912,0,0,13,19.3,1,0,Low Risk,Month 2,2,39.242100192,10-20%,13-24 months,16.9,1,True Negative
0.060965266,0,0,55,88.8,3,2,Low Risk,Month 6,6,64.96458744959999,0-10%,49+ months,6.1,1,True Negative
0.37279785,0,1,11,48.55,0,1,Medium Risk,Month 1,1,217.19202740999995,30-40%,0-12 months,37.3,0,False Negative
0.32845625,0,0,48,45.55,2,2,Medium Risk,Month 6,6,179.53418624999998,30-40%,25-48 months,32.8,1,True Negative
0.17423663,0,0,31,81.7,2,1,Low Risk,Month 1,1,170.82159205200003,10-20%,25-48 months,17.4,1,True Negative
0.24945857,0,0,63,109.2,3,4,Low Risk,Month 6,6,326.890510128,20-30%,49+ months,24.9,1,True Negative
0.19204247,0,0,61,65.2,3,1,Low Risk,Month 4,4,150.25402852800002,10-20%,49+ months,19.2,1,True Negative
0.010234879,0,0,72,24.25,3,0,Low Risk,Month 6,6,2.978349789,0-10%,49+ months,1.0,1,True Negative
0.4926234,0,0,53,108.25,3,3,Medium Risk,Month 1,1,639.9177966,40-50%,49+ months,49.3,1,True Negative
0.6418319,1,0,7,48.2,0,1,High Risk,Month 4,4,371.2355709600001,60-70%,0-12 months,64.2,0,False Positive
0.7407963,1,1,28,81.05,2,0,High Risk,Month 6,6,720.4984813799999,70-80%,25-48 months,74.1,1,True Positive
0.7010874,1,1,16,72.65,1,0,High Risk,Month 4,4,611.2079953200001,70-80%,13-24 months,70.1,1,True Positive
0.842265,1,0,7,71.05,0,0,High Risk,Month 4,4,718.115139,80-90%,0-12 months,84.2,0,False Positive
0.7296602,1,0,5,64.0,0,1,High Risk,Month 5,5,560.3790336,70-80%,0-12 months,73.0,0,False Positive
0.01734942,0,0,71,23.9,3,0,Low Risk,Month 4,4,4.975813656,0-10%,49+ months,1.7,1,True Negative
0.5695622,1,1,7,34.5,0,2,Medium Risk,Month 4,4,235.7987508,50-60%,0-12 months,57.0,1,True Positive
0.85563046,1,0,11,111.4,0,3,High Risk,Month 4,4,1143.806798928,80-90%,0-12 months,85.6,0,False Positive
0.057597395,0,0,52,63.9,3,4,Low Risk,Month 6,6,44.165682486,0-10%,49+ months,5.8,1,True Negative
0.055051077,0,0,49,67.4,3,4,Low Risk,Month 1,1,44.5253110776,0-10%,49+ months,5.5,1,True Negative
0.03299739,0,0,19,18.8,1,0,Low Risk,Month 3,3,7.444211184000001,0-10%,13-24 months,3.3,1,True Negative
0.8843923,1,1,2,80.95,0,0,High Risk,Month 6,6,859.0986802200001,80-90%,0-12 months,88.4,1,True Positive
0.60351914,1,0,52,95.65,3,2,High Risk,Month 6,6,692.7192688920001,60-70%,49+ months,60.4,0,False Positive
0.6288524,1,0,23,84.25,1,2,High Risk,Month 4,4,635.7697764,60-70%,13-24 months,62.9,0,False Positive
0.83205986,1,0,8,69.7,0,0,High Risk,Month 4,4,695.934866904,80-90%,0-12 months,83.2,0,False Positive
0.36633766,0,0,65,103.9,3,2,Medium Risk,Month 3,3,456.7497944880001,30-40%,49+ months,36.6,1,True Negative
0.8225497,1,0,2,55.3,0,0,High Risk,Month 2,2,545.8439809199999,80-90%,0-12 months,82.3,0,False Positive
0.024279712,0,0,62,23.65,3,0,Low Risk,Month 4,4,6.890582265599998,0-10%,49+ months,2.4,1,True Negative
0.83033806,1,0,3,89.85,0,2,High Risk,Month 3,3,895.2704962919998,80-90%,0-12 months,83.0,0,False Positive
0.40367055,0,0,49,93.65,3,2,Medium Risk,Month 4,4,453.6449640900001,40-50%,49+ months,40.4,1,True Negative
0.55728644,1,1,15,69.0,1,0,Medium Risk,Month 1,1,461.43317232000004,50-60%,13-24 months,55.7,1,True Positive
0.06318896,0,0,41,20.25,2,0,Low Risk,Month 6,6,15.35491728,0-10%,25-48 months,6.3,1,True Negative
0.78307647,1,0,46,104.45,2,2,High Risk,Month 6,6,981.5080474980001,70-80%,25-48 months,78.3,0,False Positive
0.039704204,0,0,56,25.95,3,0,Low Risk,Month 5,5,12.363889125599998,0-10%,49+ months,4.0,1,True Negative
0.62043643,1,0,48,95.4,2,2,High Risk,Month 4,4,710.2756250640001,60-70%,25-48 months,62.0,0,False Positive
0.7407555,1,0,2,70.7,0,0,High Risk,Month 3,3,628.4569662000001,70-80%,0-12 months,74.1,0,False Positive
0.010321019,0,0,72,23.75,3,0,Low Risk,Month 5,5,2.941490415,0-10%,49+ months,1.0,1,True Negative
0.2067138,0,0,45,78.8,2,3,Low Risk,Month 5,5,195.46856928,20-30%,25-48 months,20.7,1,True Negative
0.049598925,0,0,37,62.8,2,3,Low Risk,Month 2,2,37.377749879999996,0-10%,25-48 months,5.0,1,True Negative
0.3465681,0,0,61,89.2,3,1,Medium Risk,Month 6,6,370.96649424000003,30-40%,49+ months,34.7,1,True Negative
0.06721006,0,0,60,20.6,3,0,Low Risk,Month 5,5,16.614326832000003,0-10%,49+ months,6.7,1,True Negative
0.6327997,1,1,2,50.15,0,1,High Risk,Month 6,6,380.81885945999994,60-70%,0-12 months,63.3,1,True Positive
0.032084472,0,0,63,75.55,3,4,Low Risk,Month 5,5,29.0877823152,0-10%,49+ months,3.2,1,True Negative
0.92249775,1,1,4,84.6,0,0,High Risk,Month 4,4,936.5197158,90-100%,0-12 months,92.2,1,True Positive
0.26538214,0,1,62,102.0,3,3,Low Risk,Month 3,3,324.82773936,20-30%,49+ months,26.5,0,False Negative
0.14520702,0,0,62,92.05,3,3,Low Risk,Month 6,6,160.39567429199997,10-20%,49+ months,14.5,1,True Negative
0.17375523,0,0,69,97.65,3,3,Low Risk,Month 6,6,203.60637851400006,10-20%,49+ months,17.4,1,True Negative
0.6978689,1,1,4,105.65,0,3,High Risk,Month 1,1,884.7581914200001,60-70%,0-12 months,69.8,1,True Positive
0.28720024,0,0,49,56.3,3,2,Low Risk,Month 1,1,194.03248214399997,20-30%,49+ months,28.7,1,True Negative
0.12287489,0,0,51,81.15,3,4,Low Risk,Month 3,3,119.65556788200001,10-20%,49+ months,12.3,1,True Negative
0.4054151,0,0,26,44.65,2,2,Medium Risk,Month 5,5,217.22141057999997,40-50%,25-48 months,40.5,1,True Negative
0.6545146,1,0,9,43.75,0,0,High Risk,Month 6,6,343.620165,60-70%,0-12 months,65.5,0,False Positive
0.25586298,0,0,57,94.7,3,2,Low Risk,Month 2,2,290.76269047200003,20-30%,49+ months,25.6,1,True Negative
0.2128273,0,0,37,19.5,2,0,Low Risk,Month 4,4,49.8015882,20-30%,25-48 months,21.3,1,True Negative
0.52128565,1,0,30,97.0,2,1,Medium Risk,Month 3,3,606.7764966000001,50-60%,25-48 months,52.1,0,False Positive
0.5065355,1,0,70,107.9,3,3,Medium Risk,Month 6,6,655.8621654000001,50-60%,49+ months,50.7,0,False Positive
0.7099922,1,1,22,89.4,1,2,High Risk,Month 5,5,761.6796321600001,70-80%,13-24 months,71.0,1,True Positive
0.25610986,0,1,39,48.95,2,3,Low Risk,Month 5,5,150.43893176400005,20-30%,25-48 months,25.6,0,False Negative
0.6474404,1,1,33,80.6,2,1,High Risk,Month 4,4,626.20435488,60-70%,25-48 months,64.7,1,True Positive
0.33927712,0,0,60,116.6,3,4,Medium Risk,Month 3,3,474.7165463039999,30-40%,49+ months,33.9,1,True Negative
0.6130697,1,0,1,19.45,0,0,High Risk,Month 3,3,143.09046798,60-70%,0-12 months,61.3,0,False Positive
0.43081272,0,0,12,58.35,0,1,Medium Risk,Month 1,1,301.655066544,40-50%,0-12 months,43.1,1,True Negative
0.028990937,0,0,51,19.95,3,0,Low Risk,Month 6,6,6.9404303178,0-10%,49+ months,2.9,1,True Negative
0.7511908,1,0,22,80.15,1,0,High Risk,Month 5,5,722.4953114400001,70-80%,13-24 months,75.1,0,False Positive
0.06765361,0,0,1,18.8,0,0,Low Risk,Month 6,6,15.262654416000002,0-10%,0-12 months,6.8,1,True Negative
0.5089774,1,0,39,100.0,2,1,Medium Risk,Month 6,6,610.77288,50-60%,25-48 months,50.9,0,False Positive
0.88749087,1,1,4,93.5,0,2,High Risk,Month 4,4,995.76475614,80-90%,0-12 months,88.7,1,True Positive
0.22742097,0,1,39,80.45,2,2,Low Risk,Month 5,5,219.55220443800002,20-30%,25-48 months,22.7,0,False Negative
0.44763255,0,0,69,84.9,3,2,Medium Risk,Month 6,6,456.0480419400001,40-50%,49+ months,44.8,1,True Negative
0.4980457,0,0,8,64.4,0,2,Medium Risk,Month 5,5,384.88971696000004,40-50%,0-12 months,49.8,1,True Negative
0.025926301,0,0,68,25.05,3,0,Low Risk,Month 2,2,7.7934460806,0-10%,49+ months,2.6,1,True Negative
0.78922254,1,1,2,70.75,0,0,High Risk,Month 4,4,670.04993646,70-80%,0-12 months,78.9,1,True Positive
0.48504,0,1,24,39.1,1,1,Medium Risk,Month 2,2,227.58076800000003,40-50%,13-24 months,48.5,0,False Negative
0.50006425,1,1,42,50.25,2,0,Medium Risk,Month 6,6,301.53874275,50-60%,25-48 months,50.0,1,True Positive
0.31870943,0,0,59,80.1,3,2,Medium Risk,Month 4,4,306.343504116,30-40%,49+ months,31.9,1,True Negative
0.9285504,1,1,1,80.0,0,0,High Risk,Month 2,2,891.408384,90-100%,0-12 months,92.9,1,True Positive
0.27135217,0,0,46,35.05,2,2,Low Risk,Month 5,5,114.13072270199999,20-30%,25-48 months,27.1,1,True Negative
0.78662497,1,1,4,29.65,0,1,High Risk,Month 4,4,279.881164326,70-80%,0-12 months,78.7,1,True Positive
0.27549163,0,0,11,20.45,0,0,Low Risk,Month 3,3,67.60564600199999,20-30%,0-12 months,27.5,1,True Negative
0.07629819,0,0,59,66.4,3,3,Low Risk,Month 2,2,60.794397792000005,0-10%,49+ months,7.6,1,True Negative
0.11523667,0,0,53,60.6,3,1,Low Risk,Month 5,5,83.800106424,10-20%,49+ months,11.5,1,True Negative
0.80097234,1,0,3,54.2,0,0,High Risk,Month 4,4,520.9524099360001,80-90%,0-12 months,80.1,0,False Positive
0.019328073,0,0,72,25.25,3,0,Low Risk,Month 5,5,5.856406119000001,0-10%,49+ months,1.9,1,True Negative
0.16621684,0,1,9,18.95,0,0,Low Risk,Month 4,4,37.797709416,10-20%,0-12 months,16.6,0,False Negative
0.06575876,0,0,24,20.8,1,0,Low Risk,Month 6,6,16.413386496,0-10%,13-24 months,6.6,1,True Negative
0.6263945,1,0,45,86.1,2,1,High Risk,Month 4,4,647.1907973999998,60-70%,25-48 months,62.6,0,False Positive
0.3201501,0,0,49,40.65,3,1,Medium Risk,Month 4,4,156.16921878,30-40%,49+ months,32.0,1,True Negative
0.028677477,0,0,61,24.4,3,0,Low Risk,Month 6,6,8.3967652656,0-10%,49+ months,2.9,1,True Negative
0.85251224,1,0,2,70.3,0,0,High Risk,Month 3,3,719.179325664,80-90%,0-12 months,85.3,0,False Positive
0.8102875,1,1,5,85.4,0,1,High Risk,Month 2,2,830.3826300000002,80-90%,0-12 months,81.0,1,True Positive
0.7857283,1,1,2,42.6,0,2,High Risk,Month 1,1,401.66430696000003,70-80%,0-12 months,78.6,1,True Positive
0.24922878,0,0,25,81.75,2,4,Low Risk,Month 5,5,244.49343318,20-30%,25-48 months,24.9,1,True Negative
0.7151969,1,0,60,106.15,3,2,High Risk,Month 4,4,911.0178112200001,70-80%,49+ months,71.5,0,False Positive
0.39994746,0,0,51,110.05,3,3,Medium Risk,Month 5,5,528.1706156759999,30-40%,49+ months,40.0,1,True Negative
0.545293,1,1,2,56.7,0,1,Medium Risk,Month 2,2,371.01735720000005,50-60%,0-12 months,54.5,1,True Positive
0.5613523,1,1,62,103.75,3,2,Medium Risk,Month 2,2,698.8836135,50-60%,49+ months,56.1,1,True Positive
0.20157298,0,0,52,81.4,3,4,Low Risk,Month 1,1,196.89648686400002,20-30%,49+ months,20.2,1,True Negative
0.2104085,0,0,68,76.9,3,3,Low Risk,Month 3,3,194.1649638,20-30%,49+ months,21.0,1,True Negative
0.7049127,1,0,22,84.15,1,0,High Risk,Month 4,4,711.82084446,70-80%,13-24 months,70.5,0,False Positive
0.8699216,1,1,1,25.05,0,0,High Risk,Month 3,3,261.49843296,80-90%,0-12 months,87.0,1,True Positive
0.8306791,1,1,3,41.15,0,1,High Risk,Month 4,4,410.18933957999997,80-90%,0-12 months,83.1,1,True Positive
0.8771066,1,1,16,96.4,1,0,High Risk,Month 6,6,1014.6369148800001,80-90%,13-24 months,87.7,1,True Positive
0.68884003,1,1,32,74.4,2,1,High Risk,Month 3,3,614.9963787840001,60-70%,25-48 months,68.9,1,True Positive
0.05054271,0,0,50,24.9,3,0,Low Risk,Month 4,4,15.102161747999997,0-10%,49+ months,5.1,1,True Negative
0.68581504,1,0,1,48.75,0,1,High Risk,Month 5,5,401.20179840000003,60-70%,0-12 months,68.6,0,False Positive
0.8144719,1,1,6,83.9,0,1,High Risk,Month 3,3,820.01030892,80-90%,0-12 months,81.4,1,True Positive
0.84887934,1,1,1,50.75,0,1,High Risk,Month 4,4,516.96751806,80-90%,0-12 months,84.9,1,True Positive
0.02762487,0,0,29,20.2,2,0,Low Risk,Month 6,6,6.696268487999999,0-10%,25-48 months,2.8,1,True Negative
0.5633606,1,1,1,19.3,0,0,Medium Risk,Month 6,6,130.47431496000002,50-60%,0-12 months,56.3,1,True Positive
0.5959233,1,0,58,95.3,3,1,Medium Risk,Month 2,2,681.49788588,50-60%,49+ months,59.6,0,False Positive
0.49731985,0,0,35,76.05,2,2,Medium Risk,Month 6,6,453.85409510999995,40-50%,25-48 months,49.7,1,True Negative
0.03499896,0,0,43,19.55,2,0,Low Risk,Month 4,4,8.210756016000001,0-10%,25-48 months,3.5,1,True Negative
0.096513756,0,0,41,50.05,2,1,Low Risk,Month 3,3,57.96616185359999,0-10%,25-48 months,9.7,1,True Negative
0.025822585,0,0,47,19.3,2,0,Low Risk,Month 4,4,5.980510686000001,0-10%,25-48 months,2.6,1,True Negative
0.778067,1,0,33,100.0,2,1,High Risk,Month 6,6,933.6804,70-80%,25-48 months,77.8,0,False Positive
0.020525021,0,0,67,20.5,3,0,Low Risk,Month 4,4,5.049155166,0-10%,49+ months,2.1,1,True Negative
0.028243994,0,0,72,19.4,3,0,Low Risk,Month 3,3,6.5752018032,0-10%,49+ months,2.8,1,True Negative
0.12147271,0,0,50,54.9,3,1,Low Risk,Month 5,5,80.02622134799999,10-20%,49+ months,12.1,1,True Negative
0.09306398,0,0,49,49.8,3,1,Low Risk,Month 2,2,55.615034447999996,0-10%,49+ months,9.3,1,True Negative
0.89167154,1,1,4,74.35,0,0,High Risk,Month 1,1,795.549347988,80-90%,0-12 months,89.2,1,True Positive
0.30629826,0,0,61,94.15,3,3,Medium Risk,Month 2,2,346.05577414800007,30-40%,49+ months,30.6,1,True Negative
0.07424374,0,0,7,20.65,0,0,Low Risk,Month 2,2,18.397598772,0-10%,0-12 months,7.4,1,True Negative
0.7550789,1,1,14,90.45,1,0,High Risk,Month 2,2,819.56263806,70-80%,13-24 months,75.5,1,True Positive
0.41371298,0,0,26,73.05,2,2,Medium Risk,Month 2,2,362.66079826799995,40-50%,25-48 months,41.4,1,True Negative
0.652608,1,0,35,70.55,2,0,High Risk,Month 5,5,552.4979328,60-70%,25-48 months,65.3,0,False Positive
0.4605279,0,0,54,99.1,3,2,Medium Risk,Month 2,2,547.6597786799999,40-50%,49+ months,46.1,1,True Negative
0.8629208,1,1,8,95.65,0,0,High Risk,Month 3,3,990.4604942400002,80-90%,0-12 months,86.3,1,True Positive
0.9247779,1,1,1,71.65,0,0,High Risk,Month 6,6,795.1240384200001,90-100%,0-12 months,92.5,1,True Positive
0.25357494,0,0,67,100.25,3,3,Low Risk,Month 4,4,305.05065282000004,20-30%,49+ months,25.4,1,True Negative
0.030604571,0,0,24,19.75,1,0,Low Risk,Month 5,5,7.253283327,0-10%,13-24 months,3.1,1,True Negative
0.053441886,0,0,64,24.9,3,0,Low Risk,Month 2,2,15.968435536799998,0-10%,49+ months,5.3,1,True Negative
0.64361197,1,1,34,79.6,2,1,High Risk,Month 2,2,614.778153744,60-70%,25-48 months,64.4,1,True Positive
0.084326565,0,0,8,19.9,0,0,Low Risk,Month 1,1,20.137183722,0-10%,0-12 months,8.4,1,True Negative
0.2500293,0,0,6,20.2,0,0,Low Risk,Month 2,2,60.607102319999996,20-30%,0-12 months,25.0,1,True Negative
0.839943,1,1,13,99.0,1,1,High Risk,Month 3,3,997.8522839999999,80-90%,13-24 months,84.0,1,True Positive
0.027377956,0,0,62,24.25,3,0,Low Risk,Month 2,2,7.9669851959999995,0-10%,49+ months,2.7,1,True Negative
0.803339,1,1,34,100.05,2,1,High Risk,Month 1,1,964.4888033999999,80-90%,25-48 months,80.3,1,True Positive
0.8930914,1,0,9,99.3,0,1,High Risk,Month 2,2,1064.2077122399999,80-90%,0-12 months,89.3,0,False Positive
0.05174596,0,0,22,20.3,1,0,Low Risk,Month 4,4,12.605315856,0-10%,13-24 months,5.2,1,True Negative
0.2801134,0,1,40,55.25,2,2,Low Risk,Month 2,2,185.7151842,20-30%,25-48 months,28.0,0,False Negative
0.5267012,1,1,35,100.5,2,3,Medium Risk,Month 3,3,635.2016472,50-60%,25-48 months,52.7,1,True Positive
0.27237278,0,0,7,23.5,0,0,Low Risk,Month 4,4,76.80912396,20-30%,0-12 months,27.2,1,True Negative
0.07406212,0,0,32,19.8,2,0,Low Risk,Month 5,5,17.597159712,0-10%,25-48 months,7.4,1,True Negative
0.03767485,0,0,61,19.75,3,0,Low Risk,Month 1,1,8.928939450000001,0-10%,49+ months,3.8,1,True Negative
0.25081694,0,0,2,20.75,0,0,Low Risk,Month 5,5,62.45341806,20-30%,0-12 months,25.1,1,True Negative
0.20756961,0,0,56,103.2,3,2,Low Risk,Month 4,4,257.054205024,20-30%,49+ months,20.8,1,True Negative
0.4805335,0,1,65,106.25,3,2,Medium Risk,Month 1,1,612.6802125,40-50%,49+ months,48.1,0,False Negative
0.2678575,0,0,28,49.9,2,0,Low Risk,Month 6,6,160.393071,20-30%,25-48 months,26.8,1,True Negative
0.3476722,0,0,18,69.5,1,2,Medium Risk,Month 6,6,289.95861479999996,30-40%,13-24 months,34.8,1,True Negative
0.037354972,0,0,71,90.55,3,4,Low Risk,Month 1,1,40.589912575199996,0-10%,49+ months,3.7,1,True Negative
0.029086184,0,0,72,88.6,3,3,Low Risk,Month 3,3,30.924430828799995,0-10%,49+ months,2.9,1,True Negative
0.95605695,1,1,1,76.45,0,0,High Risk,Month 5,5,877.0866459300001,90-100%,0-12 months,95.6,1,True Positive
0.5934658,1,1,1,19.75,0,0,Medium Risk,Month 5,5,140.6513946,50-60%,0-12 months,59.3,1,True Positive
0.12928435,0,0,34,20.35,2,0,Low Risk,Month 2,2,31.571238270000002,10-20%,25-48 months,12.9,1,True Negative
0.90567344,1,1,8,87.05,0,0,High Risk,Month 2,2,946.0664754239999,90-100%,0-12 months,90.6,1,True Positive
0.778531,1,1,47,106.4,2,2,High Risk,Month 3,3,994.0283808000001,70-80%,25-48 months,77.9,1,True Positive
0.011842592,0,0,72,24.05,3,0,Low Risk,Month 4,4,3.4177720512000005,0-10%,49+ months,1.2,1,True Negative
0.04541466,0,0,52,25.05,3,0,Low Risk,Month 4,4,13.651646796000001,0-10%,49+ months,4.5,1,True Negative
0.31174308,0,1,3,19.85,0,0,Medium Risk,Month 3,3,74.257201656,30-40%,0-12 months,31.2,0,False Negative
0.034853864,0,0,60,37.7,3,3,Low Risk,Month 4,4,15.7678880736,0-10%,49+ months,3.5,1,True Negative
0.93857807,1,1,3,96.6,0,0,High Risk,Month 5,5,1087.999698744,90-100%,0-12 months,93.9,1,True Positive
0.7178628,1,1,19,86.0,1,0,High Risk,Month 1,1,740.8344096000001,70-80%,13-24 months,71.8,1,True Positive
0.9359211,1,0,1,69.9,0,0,High Risk,Month 3,3,785.0506186800001,90-100%,0-12 months,93.6,0,False Positive
0.9308388,1,1,6,105.3,0,2,High Risk,Month 5,5,1176.2079076799998,90-100%,0-12 months,93.1,1,True Positive
0.20465186,0,0,49,59.6,3,3,Low Risk,Month 6,6,146.36701027200002,20-30%,49+ months,20.5,1,True Negative
0.6770897,1,1,22,90.5,1,1,High Risk,Month 4,4,735.3194142,60-70%,13-24 months,67.7,1,True Positive
0.05679807,0,0,42,19.05,2,0,Low Risk,Month 4,4,12.984038802,0-10%,25-48 months,5.7,1,True Negative
0.8163758,1,0,46,98.85,2,1,High Risk,Month 2,2,968.3849739599998,80-90%,25-48 months,81.6,0,False Positive
0.35418588,0,0,68,39.9,3,1,Medium Risk,Month 4,4,169.58419934399998,30-40%,49+ months,35.4,1,True Negative
0.08423028,0,0,2,20.5,0,0,Low Risk,Month 4,4,20.720648880000002,0-10%,0-12 months,8.4,1,True Negative
0.070250966,0,0,0,20.25,0,0,Low Risk,Month 2,2,17.070984738,0-10%,0-12 months,7.0,1,True Negative
0.2943226,0,1,35,72.25,2,3,Low Risk,Month 3,3,255.1776942,20-30%,25-48 months,29.4,0,False Negative
0.48634246,0,0,2,19.5,0,0,Medium Risk,Month 3,3,113.80413564,40-50%,0-12 months,48.6,1,True Negative
0.03413112,0,0,68,62.65,3,4,Low Risk,Month 1,1,25.659776016,0-10%,49+ months,3.4,1,True Negative
0.82405776,1,0,16,75.4,1,0,High Risk,Month 3,3,745.607461248,80-90%,13-24 months,82.4,0,False Positive
0.20044355,0,0,72,110.9,3,3,Low Risk,Month 2,2,266.75027634,20-30%,49+ months,20.0,1,True Negative
0.12085888,0,0,37,94.3,2,2,Low Risk,Month 3,3,136.76390860799998,10-20%,25-48 months,12.1,1,True Negative
0.041372623,0,0,53,25.55,3,0,Low Risk,Month 2,2,12.6848462118,0-10%,49+ months,4.1,1,True Negative
0.59758335,1,0,40,83.85,2,0,Medium Risk,Month 6,6,601.2883667699999,50-60%,25-48 months,59.8,0,False Positive
0.4458832,0,0,46,94.15,2,2,Medium Risk,Month 4,4,503.7588393600001,40-50%,25-48 months,44.6,1,True Negative
0.94194794,1,1,3,100.95,0,1,High Risk,Month 5,5,1141.0757345160002,90-100%,0-12 months,94.2,1,True Positive
0.90636116,1,1,1,75.3,0,1,High Risk,Month 5,5,818.9879441759999,90-100%,0-12 months,90.6,1,True Positive
0.20241845,0,1,7,19.25,0,0,Low Risk,Month 4,4,46.75866195,20-30%,0-12 months,20.2,0,False Negative
0.6356428,1,1,6,30.5,0,1,High Risk,Month 1,1,232.64526479999998,60-70%,0-12 months,63.6,1,True Positive
0.5052658,1,0,46,89.15,2,1,Medium Risk,Month 4,4,540.5333528400001,50-60%,25-48 months,50.5,0,False Positive
0.3689425,0,1,54,70.15,3,0,Medium Risk,Month 4,4,310.5757965,30-40%,49+ months,36.9,0,False Negative
0.8224473,1,1,15,79.4,1,0,High Risk,Month 5,5,783.62778744,80-90%,13-24 months,82.2,1,True Positive
0.91949815,1,1,3,85.3,0,0,High Risk,Month 4,4,941.1983063399999,90-100%,0-12 months,91.9,1,True Positive
0.017505908,0,0,70,20.05,3,0,Low Risk,Month 2,2,4.2119214648000005,0-10%,49+ months,1.8,1,True Negative
0.18921399,0,0,39,100.55,2,1,Low Risk,Month 3,3,228.305600334,10-20%,25-48 months,18.9,1,True Negative
0.2811676,0,0,2,20.0,0,0,Low Risk,Month 3,3,67.480224,20-30%,0-12 months,28.1,1,True Negative
0.66196734,1,0,18,75.6,1,0,High Risk,Month 5,5,600.536770848,60-70%,13-24 months,66.2,0,False Positive
0.013145195,0,0,72,25.1,3,0,Low Risk,Month 4,4,3.9593327340000006,0-10%,49+ months,1.3,1,True Negative
0.4067951,0,0,47,55.3,2,2,Medium Risk,Month 3,3,269.94922835999995,40-50%,25-48 months,40.7,1,True Negative
0.1575002,0,0,22,19.9,1,0,Low Risk,Month 6,6,37.61104776,10-20%,13-24 months,15.8,1,True Negative
0.02999696,0,0,71,89.9,3,4,Low Risk,Month 4,4,32.360720448,0-10%,49+ months,3.0,1,True Negative
0.870355,1,0,8,74.85,0,0,High Risk,Month 2,2,781.7528609999999,80-90%,0-12 months,87.0,0,False Positive
0.018737411,0,0,71,19.9,3,0,Low Risk,Month 2,2,4.4744937467999994,0-10%,49+ months,1.9,1,True Negative
0.2902322,0,0,53,94.45,3,3,Low Risk,Month 2,2,328.94917548,20-30%,49+ months,29.0,1,True Negative
0.649115,1,0,37,72.25,2,0,High Risk,Month 2,2,562.782705,60-70%,25-48 months,64.9,0,False Positive
0.19515118,0,0,64,70.15,3,2,Low Risk,Month 2,2,164.27826332400002,10-20%,49+ months,19.5,1,True Negative
0.5353234,1,0,5,48.65,0,1,Medium Risk,Month 2,2,312.52180092,50-60%,0-12 months,53.5,0,False Positive
0.31203315,0,0,60,104.7,3,2,Medium Risk,Month 3,3,392.03844966,30-40%,49+ months,31.2,1,True Negative
0.71480674,1,0,2,50.3,0,1,High Risk,Month 2,2,431.4573482639999,70-80%,0-12 months,71.5,0,False Positive
0.2848117,0,0,25,54.2,2,2,Low Risk,Month 6,6,185.24152968,20-30%,25-48 months,28.5,1,True Negative
0.2544565,0,0,6,19.7,0,0,Low Risk,Month 1,1,60.15351659999999,20-30%,0-12 months,25.4,1,True Negative
0.25684825,0,0,60,110.6,3,3,Low Risk,Month 4,4,340.88899739999994,20-30%,49+ months,25.7,1,True Negative
0.79839563,1,1,30,100.2,2,1,High Risk,Month 3,3,959.9909055120002,70-80%,25-48 months,79.8,1,True Positive
0.10267693,0,0,67,49.35,3,3,Low Risk,Month 6,6,60.805277946000004,10-20%,49+ months,10.3,1,True Negative
0.062289067,0,0,53,24.05,3,0,Low Risk,Month 2,2,17.9766247362,0-10%,49+ months,6.2,1,True Negative
0.44387504,0,1,10,55.2,0,2,Medium Risk,Month 3,3,294.02282649600005,40-50%,0-12 months,44.4,0,False Negative
0.7657646,1,1,1,52.2,0,1,High Risk,Month 6,6,479.6749454400001,70-80%,0-12 months,76.6,1,True Positive
0.32594976,0,1,55,54.55,3,2,Medium Risk,Month 6,6,213.36671289599997,30-40%,49+ months,32.6,0,False Negative
0.07410606,0,0,70,84.7,3,3,Low Risk,Month 5,5,75.321399384,0-10%,49+ months,7.4,1,True Negative
0.21669611,0,0,34,50.2,2,1,Low Risk,Month 3,3,130.53773666400002,20-30%,25-48 months,21.7,1,True Negative
0.2517156,0,0,68,110.25,3,3,Low Risk,Month 2,2,333.01973879999997,20-30%,49+ months,25.2,1,True Negative
0.39264077,0,0,59,109.15,3,3,Medium Risk,Month 5,5,514.280880546,30-40%,49+ months,39.3,1,True Negative
0.7728839,1,0,9,74.85,0,1,High Risk,Month 6,6,694.2043189799999,70-80%,0-12 months,77.3,0,False Positive
0.8382849,1,1,6,80.5,0,0,High Risk,Month 4,4,809.7832134,80-90%,0-12 months,83.8,1,True Positive
0.59968764,1,0,50,103.95,3,2,Medium Risk,Month 4,4,748.050362136,50-60%,49+ months,60.0,0,False Positive
0.031843666,0,1,72,92.45,3,4,Low Risk,Month 3,3,35.3273630604,0-10%,49+ months,3.2,0,False Negative
0.7264865,1,0,41,53.95,2,2,High Risk,Month 5,5,470.3273601000001,70-80%,25-48 months,72.6,0,False Positive
0.58962476,1,0,4,50.8,0,1,Medium Risk,Month 2,2,359.4352536959999,50-60%,0-12 months,59.0,0,False Positive
0.123492375,0,0,47,40.3,2,3,Low Risk,Month 3,3,59.720912549999994,10-20%,25-48 months,12.3,1,True Negative
0.15586603,0,0,62,94.95,3,2,Low Risk,Month 3,3,177.593754582,10-20%,49+ months,15.6,1,True Negative
0.17551714,0,0,18,20.45,1,0,Low Risk,Month 4,4,43.07190615599999,10-20%,13-24 months,17.6,1,True Negative
0.89444023,1,1,3,75.85,0,0,High Risk,Month 2,2,814.1194973459999,80-90%,0-12 months,89.4,1,True Positive
0.029551053,0,0,65,25.1,3,0,Low Risk,Month 2,2,8.9007771636,0-10%,49+ months,3.0,1,True Negative
0.31983098,0,1,59,85.55,3,0,Medium Risk,Month 4,4,328.33848406799996,30-40%,49+ months,32.0,0,False Negative
0.08068249,0,0,60,70.15,3,3,Low Risk,Month 3,3,67.918520082,0-10%,49+ months,8.1,1,True Negative
0.24438098,0,0,10,20.55,0,0,Low Risk,Month 4,4,60.26434966800001,20-30%,0-12 months,24.4,1,True Negative
0.08352127,0,0,7,38.55,0,3,Low Risk,Month 2,2,38.636939502,0-10%,0-12 months,8.4,1,True Negative
0.5794523,1,0,28,91.0,2,2,Medium Risk,Month 4,4,632.7619116000001,50-60%,25-48 months,57.9,0,False Positive
0.7071946,1,0,29,79.3,2,1,High Risk,Month 4,4,672.9663813599999,70-80%,25-48 months,70.7,0,False Positive
0.22783615,0,0,0,19.7,0,0,Low Risk,Month 1,1,53.86046585999999,20-30%,0-12 months,22.8,1,True Negative
0.109046385,0,0,37,64.65,2,1,Low Risk,Month 3,3,84.59818548300001,10-20%,25-48 months,10.9,1,True Negative
0.069834486,0,0,45,24.65,2,0,Low Risk,Month 2,2,20.657040958799996,0-10%,25-48 months,7.0,1,True Negative
0.35420844,0,0,61,79.8,3,2,Medium Risk,Month 1,1,339.190002144,30-40%,49+ months,35.4,1,True Negative
0.040564597,0,0,64,19.45,3,0,Low Risk,Month 6,6,9.467776939799998,0-10%,49+ months,4.1,1,True Negative
0.2594562,0,0,63,91.35,3,1,Low Risk,Month 3,3,284.41588644,20-30%,49+ months,25.9,1,True Negative
0.7777985,1,1,37,76.5,2,0,High Risk,Month 5,5,714.019023,70-80%,25-48 months,77.8,1,True Positive
0.01615116,0,0,72,24.3,3,0,Low Risk,Month 3,3,4.709678256000001,0-10%,49+ months,1.6,1,True Negative
0.059140153,0,0,66,89.9,3,4,Low Risk,Month 5,5,63.80039705640001,0-10%,49+ months,5.9,1,True Negative
0.93666786,1,1,1,95.65,0,0,High Risk,Month 5,5,1075.107369708,90-100%,0-12 months,93.7,1,True Positive
0.86084795,1,0,9,79.75,0,0,High Risk,Month 4,4,823.83148815,80-90%,0-12 months,86.1,0,False Positive
0.75423324,1,0,1,25.35,0,0,High Risk,Month 4,4,229.43775160800004,70-80%,0-12 months,75.4,0,False Positive
0.8940028,1,1,4,99.8,0,2,High Risk,Month 3,3,1070.65775328,80-90%,0-12 months,89.4,1,True Positive
0.67508614,1,1,38,74.95,2,0,High Risk,Month 3,3,607.172474316,60-70%,25-48 months,67.5,1,True Positive
0.2716027,0,0,44,61.9,2,3,Low Risk,Month 6,6,201.74648555999997,20-30%,25-48 months,27.2,1,True Negative
0.42963365,0,0,22,54.7,1,2,Medium Risk,Month 5,5,282.01152786,40-50%,13-24 months,43.0,1,True Negative
0.4809789,0,1,53,106.95,3,2,Medium Risk,Month 6,6,617.28832026,40-50%,49+ months,48.1,0,False Negative
0.82680905,1,0,23,90.45,1,0,High Risk,Month 2,2,897.4185428700001,80-90%,13-24 months,82.7,0,False Positive
0.16383807,0,0,20,18.9,1,0,Low Risk,Month 5,5,37.158474276,10-20%,13-24 months,16.4,1,True Negative
0.03941852,0,0,51,24.75,3,0,Low Risk,Month 6,6,11.70730044,0-10%,49+ months,3.9,1,True Negative
0.01740451,0,0,62,20.65,3,0,Low Risk,Month 2,2,4.312837578,0-10%,49+ months,1.7,1,True Negative
0.19842708,0,0,7,18.95,0,0,Low Risk,Month 1,1,45.122317992,10-20%,0-12 months,19.8,1,True Negative
0.7835643,1,0,17,83.55,1,1,High Risk,Month 5,5,785.60156718,70-80%,13-24 months,78.4,0,False Positive
0.13762671,0,0,41,70.2,2,3,Low Risk,Month 4,4,115.93674050400003,10-20%,25-48 months,13.8,1,True Negative
0.6377533,1,0,7,94.05,0,1,High Risk,Month 5,5,719.76837438,60-70%,0-12 months,63.8,0,False Positive
0.8437003,1,0,1,50.05,0,0,High Risk,Month 2,2,506.72640017999987,80-90%,0-12 months,84.4,0,False Positive
0.082549,0,0,64,58.35,3,2,Low Risk,Month 5,5,57.8008098,0-10%,49+ months,8.3,1,True Negative
0.8914037,1,1,3,75.5,0,0,High Risk,Month 2,2,807.6117522000001,80-90%,0-12 months,89.1,1,True Positive
0.67716753,1,1,50,71.05,3,0,High Risk,Month 2,2,577.353036078,60-70%,49+ months,67.7,1,True Positive
0.4040212,0,0,18,56.8,1,1,Medium Risk,Month 2,2,275.38084992,40-50%,13-24 months,40.4,1,True Negative
0.52008945,1,1,13,55.95,1,0,Medium Risk,Month 5,5,349.18805673,50-60%,13-24 months,52.0,1,True Positive
0.056164805,0,0,69,80.65,3,3,Low Risk,Month 5,5,54.356298279,0-10%,49+ months,5.6,1,True Negative
0.9250787,1,0,1,79.15,0,1,High Risk,Month 4,4,878.6397492600001,90-100%,0-12 months,92.5,0,False Positive
0.8197816,1,0,4,90.65,0,1,High Risk,Month 3,3,891.7584244800001,80-90%,0-12 months,82.0,0,False Positive
0.81002504,1,1,1,53.5,0,0,High Risk,Month 6,6,520.03607568,80-90%,0-12 months,81.0,1,True Positive
0.12011255,0,0,25,53.65,2,2,Low Risk,Month 3,3,77.32845968999999,10-20%,25-48 months,12.0,1,True Negative
0.42215517,0,0,18,55.95,1,0,Medium Risk,Month 5,5,283.43498113800007,40-50%,13-24 months,42.2,1,True Negative
0.037262104,0,0,48,23.55,2,0,Low Risk,Month 4,4,10.5302705904,0-10%,25-48 months,3.7,1,True Negative
0.06062499,0,0,26,20.65,2,0,Low Risk,Month 3,3,15.022872521999998,0-10%,25-48 months,6.1,1,True Negative
0.9359211,1,1,1,69.1,0,0,High Risk,Month 4,4,776.0657761199999,90-100%,0-12 months,93.6,1,True Positive
0.6036539,1,0,4,57.2,0,3,High Risk,Month 3,3,414.34803696000006,60-70%,0-12 months,60.4,0,False Positive
0.57464176,1,0,1,20.3,0,0,Medium Risk,Month 5,5,139.982732736,50-60%,0-12 months,57.5,0,False Positive
0.835612,1,1,11,74.35,0,0,High Risk,Month 4,4,745.5330263999999,80-90%,0-12 months,83.6,1,True Positive
0.46282956,0,1,4,61.45,0,1,Medium Risk,Month 2,2,341.290517544,40-50%,0-12 months,46.3,0,False Negative
0.35189798,0,1,8,19.65,0,0,Medium Risk,Month 6,6,82.977543684,30-40%,0-12 months,35.2,0,False Negative
0.90388435,1,0,6,90.75,0,1,High Risk,Month 3,3,984.33005715,90-100%,0-12 months,90.4,0,False Positive
0.012204097,0,0,72,92.0,3,4,Low Risk,Month 4,4,13.473323088,0-10%,49+ months,1.2,1,True Negative
0.049629197,0,0,27,52.85,2,2,Low Risk,Month 6,6,31.4748367374,0-10%,25-48 months,5.0,1,True Negative
0.932143,1,1,1,71.0,0,0,High Risk,Month 4,4,794.185836,90-100%,0-12 months,93.2,1,True Positive
0.08166836,0,0,17,20.15,1,0,Low Risk,Month 2,2,19.747409448,0-10%,13-24 months,8.2,1,True Negative
0.045920163,0,0,66,68.75,3,4,Low Risk,Month 6,6,37.884134475,0-10%,49+ months,4.6,1,True Negative
0.043319553,0,0,53,19.5,3,0,Low Risk,Month 4,4,10.136775402,0-10%,49+ months,4.3,1,True Negative
0.469864,0,0,44,84.8,2,2,Medium Risk,Month 3,3,478.13360639999996,40-50%,25-48 months,47.0,1,True Negative
0.06335818,0,0,52,20.85,3,0,Low Risk,Month 2,2,15.852216636000001,0-10%,49+ months,6.3,1,True Negative
0.113807835,0,0,70,90.05,3,4,Low Risk,Month 5,5,122.98074650099998,10-20%,49+ months,11.4,1,True Negative
0.60460734,1,0,1,25.75,0,0,High Risk,Month 4,4,186.82366806000002,60-70%,0-12 months,60.5,0,False Positive
0.18053477,0,1,61,94.1,3,2,Low Risk,Month 4,4,203.85986228399997,10-20%,49+ months,18.1,0,False Negative
0.6736499,1,1,19,100.95,1,1,High Risk,Month 6,6,816.0594888600001,60-70%,13-24 months,67.4,1,True Positive
0.072828114,0,0,11,20.6,0,0,Low Risk,Month 5,5,18.003109780800003,0-10%,0-12 months,7.3,1,True Negative
0.6907861,1,0,26,85.75,2,1,High Risk,Month 2,2,710.8188968999999,60-70%,25-48 months,69.1,0,False Positive
0.05076636,0,0,60,19.85,3,0,Low Risk,Month 3,3,12.092546952000001,0-10%,49+ months,5.1,1,True Negative
0.94688076,1,1,1,84.85,0,1,High Risk,Month 2,2,964.1139898319999,90-100%,0-12 months,94.7,1,True Positive
0.6219686,1,0,26,92.4,2,2,High Risk,Month 5,5,689.6387836800001,60-70%,25-48 months,62.2,0,False Positive
0.7408809,1,0,24,80.5,1,1,High Risk,Month 1,1,715.6909493999999,70-80%,13-24 months,74.1,0,False Positive
0.5828603,1,0,22,100.05,1,2,Medium Risk,Month 4,4,699.78207618,50-60%,13-24 months,58.3,0,False Positive
0.56875044,1,0,51,98.85,3,1,Medium Risk,Month 5,5,674.6517719279999,50-60%,49+ months,56.9,0,False Positive
0.120567456,0,0,61,85.55,3,2,Low Risk,Month 6,6,123.77455032959999,10-20%,49+ months,12.1,1,True Negative
0.17603518,0,0,44,54.3,2,2,Low Risk,Month 3,3,114.70452328799999,10-20%,25-48 months,17.6,1,True Negative
0.13419282,0,0,0,80.85,0,3,Low Risk,Month 5,5,130.19387396399998,10-20%,0-12 months,13.4,1,True Negative
0.7747621,1,0,5,75.65,0,1,High Risk,Month 2,2,703.32903438,70-80%,0-12 months,77.5,0,False Positive
0.9387494,1,1,1,78.8,0,0,High Risk,Month 5,5,887.6814326399999,90-100%,0-12 months,93.9,1,True Positive
0.13235411,0,0,26,61.55,2,2,Low Risk,Month 2,2,97.75674564599998,10-20%,25-48 months,13.2,1,True Negative
0.6641659,1,0,15,84.35,1,2,High Risk,Month 3,3,672.2687239799999,60-70%,13-24 months,66.4,0,False Positive
0.88683015,1,1,4,80.35,0,0,High Risk,Month 5,5,855.08163063,80-90%,0-12 months,88.7,1,True Positive
0.74294776,1,0,12,84.6,0,3,High Risk,Month 2,2,754.2405659519999,70-80%,0-12 months,74.3,0,False Positive
0.6518792,1,1,1,49.9,0,1,High Risk,Month 2,2,390.34526495999995,60-70%,0-12 months,65.2,1,True Positive
0.27865994,0,0,22,57.95,1,3,Low Risk,Month 5,5,193.78012227600001,20-30%,13-24 months,27.9,1,True Negative
0.13573886,0,0,49,49.65,3,1,Low Risk,Month 5,5,80.87321278799999,10-20%,49+ months,13.6,1,True Negative
0.042200692,0,0,13,19.75,1,0,Low Risk,Month 5,5,10.001564003999999,0-10%,13-24 months,4.2,1,True Negative
0.15874314,0,0,66,90.55,3,3,Low Risk,Month 5,5,172.49029592399998,10-20%,49+ months,15.9,1,True Negative
0.05626856,0,0,62,39.0,3,1,Low Risk,Month 4,4,26.33368608,0-10%,49+ months,5.6,1,True Negative
0.058212362,0,0,66,63.3,3,1,Low Risk,Month 3,3,44.21811017519999,0-10%,49+ months,5.8,1,True Negative
0.722129,1,1,3,35.2,0,0,High Risk,Month 3,3,305.0272896,70-80%,0-12 months,72.2,1,True Positive
0.06392542,0,0,63,68.8,3,4,Low Risk,Month 2,2,52.77682675199999,0-10%,49+ months,6.4,1,True Negative
0.042756747,0,0,15,19.35,1,0,Low Risk,Month 6,6,9.9281166534,0-10%,13-24 months,4.3,1,True Negative
0.6604349,1,0,43,94.1,2,2,High Risk,Month 4,4,745.76308908,60-70%,25-48 months,66.0,0,False Positive
0.35107344,0,0,65,109.05,3,3,Medium Risk,Month 3,3,459.414703584,30-40%,49+ months,35.1,1,True Negative
0.9186225,1,1,2,85.7,0,0,High Risk,Month 4,4,944.7113790000001,90-100%,0-12 months,91.9,1,True Positive
0.3163775,0,0,14,50.1,1,1,Medium Risk,Month 6,6,190.206153,30-40%,13-24 months,31.6,1,True Negative
0.27617282,0,0,68,109.05,3,3,Low Risk,Month 2,2,361.3997522519999,20-30%,49+ months,27.6,1,True Negative
0.2495666,0,0,20,19.6,1,0,Low Risk,Month 4,4,58.69806432000001,20-30%,13-24 months,25.0,1,True Negative
0.10883146,0,0,57,65.2,3,3,Low Risk,Month 4,4,85.14973430400002,10-20%,49+ months,10.9,1,True Negative
0.02069866,0,0,72,19.8,3,0,Low Risk,Month 4,4,4.918001616000001,0-10%,49+ months,2.1,1,True Negative
0.85679805,1,1,6,84.4,0,1,High Risk,Month 1,1,867.7650650400001,80-90%,0-12 months,85.7,1,True Positive
0.09080652,0,0,53,73.9,3,3,Low Risk,Month 6,6,80.527221936,0-10%,49+ months,9.1,1,True Negative
0.12512304,0,1,57,70.1,3,1,Low Risk,Month 6,6,105.25350124799998,10-20%,49+ months,12.5,0,False Negative
0.70549405,1,1,1,20.1,0,0,High Risk,Month 4,4,170.16516486,70-80%,0-12 months,70.5,1,True Positive
0.68862724,1,0,15,49.0,1,0,High Risk,Month 5,5,404.91281712,60-70%,13-24 months,68.9,0,False Positive
0.58621025,1,1,40,79.2,2,2,Medium Risk,Month 6,6,557.1342216,50-60%,25-48 months,58.6,1,True Positive
0.02088503,0,0,71,53.95,3,4,Low Risk,Month 5,5,13.520968422000001,0-10%,49+ months,2.1,1,True Negative
0.74995446,1,0,13,45.3,1,0,High Risk,Month 2,2,407.6752444559999,70-80%,13-24 months,75.0,0,False Positive
0.020271583,0,0,72,91.15,3,4,Low Risk,Month 4,4,22.173057485400005,0-10%,49+ months,2.0,1,True Negative
0.2504459,0,0,52,95.7,3,2,Low Risk,Month 4,4,287.61207156,20-30%,49+ months,25.0,1,True Negative
0.12355636,0,0,63,81.15,3,2,Low Risk,Month 3,3,120.31918336800001,10-20%,49+ months,12.4,1,True Negative
0.022330537,0,0,29,19.1,2,0,Low Risk,Month 5,5,5.118159080400001,0-10%,25-48 months,2.2,1,True Negative
0.66087687,1,0,29,100.55,2,1,High Risk,Month 6,6,797.4140313419999,60-70%,25-48 months,66.1,0,False Positive
0.362482,0,0,3,20.75,0,0,Medium Risk,Month 6,6,90.258018,30-40%,0-12 months,36.2,1,True Negative
0.14384042,0,0,19,20.6,1,0,Low Risk,Month 4,4,35.557351824,10-20%,13-24 months,14.4,1,True Negative
0.54007137,1,0,61,99.9,3,1,Medium Risk,Month 2,2,647.4375583560002,50-60%,49+ months,54.0,0,False Positive
0.49475113,0,0,10,54.25,0,2,Medium Risk,Month 6,6,322.08298563,40-50%,0-12 months,49.5,1,True Negative
0.46633732,0,0,67,109.7,3,3,Medium Risk,Month 5,5,613.886448048,40-50%,49+ months,46.6,1,True Negative
0.07618908,0,0,42,19.55,2,0,Low Risk,Month 2,2,17.873958168,0-10%,25-48 months,7.6,1,True Negative
0.9339429,1,1,1,75.7,0,1,High Risk,Month 6,6,848.3937303600001,90-100%,0-12 months,93.4,1,True Positive
0.9167496,1,0,5,84.0,0,0,High Risk,Month 6,6,924.0835968,90-100%,0-12 months,91.7,0,False Positive
0.06753585,0,0,20,19.5,1,0,Low Risk,Month 4,4,15.803388899999998,0-10%,13-24 months,6.8,1,True Negative
0.91267186,1,1,1,69.5,0,0,High Risk,Month 4,4,761.16833124,90-100%,0-12 months,91.3,1,True Positive
0.79855275,1,0,6,78.95,0,2,High Risk,Month 3,3,756.5488753500001,70-80%,0-12 months,79.9,0,False Positive
0.7713742,1,1,34,106.35,2,2,High Risk,Month 1,1,984.4277540399999,70-80%,25-48 months,77.1,1,True Positive
0.035614543,0,0,21,19.6,1,0,Low Risk,Month 3,3,8.3765405136,0-10%,13-24 months,3.6,1,True Negative
0.372555,0,0,46,108.65,2,3,Medium Risk,Month 5,5,485.7372090000001,30-40%,25-48 months,37.3,1,True Negative
0.6894423,1,0,34,97.7,2,1,High Risk,Month 1,1,808.30215252,60-70%,25-48 months,68.9,0,False Positive
0.21070392,0,0,29,45.0,2,4,Low Risk,Month 3,3,113.78011679999999,20-30%,25-48 months,21.1,1,True Negative
0.16671427,0,0,27,80.65,2,2,Low Risk,Month 3,3,161.34607050600002,10-20%,25-48 months,16.7,1,True Negative
0.013943517,0,0,72,89.8,3,4,Low Risk,Month 4,4,15.025533919199999,0-10%,49+ months,1.4,1,True Negative
0.28959993,0,0,42,54.55,2,2,Low Risk,Month 6,6,189.57211417799996,20-30%,25-48 months,29.0,1,True Negative
0.72502184,1,1,27,78.05,2,1,High Risk,Month 3,3,679.0554553439999,70-80%,25-48 months,72.5,1,True Positive
0.04690774,0,0,66,66.1,3,3,Low Risk,Month 3,3,37.207219368,0-10%,49+ months,4.7,1,True Negative
0.8914037,1,1,2,75.55,0,0,High Risk,Month 5,5,808.1465944199999,80-90%,0-12 months,89.1,1,True Positive
0.7356448,1,1,32,96.2,2,1,High Risk,Month 4,4,849.22835712,70-80%,25-48 months,73.6,1,True Positive
0.85733604,1,1,14,74.95,1,0,High Risk,Month 2,2,771.088034376,80-90%,13-24 months,85.7,1,True Positive
0.5554199,1,0,19,89.95,1,2,Medium Risk,Month 4,4,599.52024006,50-60%,13-24 months,55.5,0,False Positive
0.10366884,0,0,48,64.4,2,3,Low Risk,Month 2,2,80.115279552,10-20%,25-48 months,10.4,1,True Negative
0.8617716,1,1,4,73.9,0,1,High Risk,Month 2,2,764.21905488,80-90%,0-12 months,86.2,1,True Positive
0.6256185,1,0,57,89.85,3,1,High Risk,Month 4,4,674.5418666999999,60-70%,49+ months,62.6,0,False Positive
0.15759002,0,0,58,75.2,3,2,Low Risk,Month 3,3,142.209234048,10-20%,49+ months,15.8,1,True Negative
0.08956779,0,0,56,68.45,3,4,Low Risk,Month 6,6,73.57098270600001,0-10%,49+ months,9.0,1,True Negative
0.02599663,0,0,69,19.75,3,0,Low Risk,Month 3,3,6.16120131,0-10%,49+ months,2.6,1,True Negative
0.07584102,0,0,10,53.7,0,4,Low Risk,Month 4,4,48.871953288,0-10%,0-12 months,7.6,1,True Negative
0.83243126,1,0,3,80.0,0,2,High Risk,Month 5,5,799.1340096,80-90%,0-12 months,83.2,0,False Positive
0.088718444,0,0,35,26.2,2,0,Low Risk,Month 1,1,27.893078793599997,0-10%,25-48 months,8.9,1,True Negative
0.17333484,0,1,11,19.25,0,0,Low Risk,Month 5,5,40.04034804,10-20%,0-12 months,17.3,0,False Negative
0.5446062,1,0,56,100.55,3,1,Medium Risk,Month 2,2,657.12184092,50-60%,49+ months,54.5,0,False Positive
0.058691893,0,0,51,24.95,3,0,Low Risk,Month 6,6,17.572352764199998,0-10%,49+ months,5.9,1,True Negative
0.6848251,1,1,36,90.85,2,1,High Risk,Month 2,2,746.5963240199999,60-70%,25-48 months,68.5,1,True Positive
0.04279195,0,0,5,20.45,0,0,Low Risk,Month 3,3,10.50114453,0-10%,0-12 months,4.3,1,True Negative
0.13664088,0,0,1,20.4,0,0,Low Risk,Month 1,1,33.449687424,10-20%,0-12 months,13.7,1,True Negative
0.83693945,1,1,7,74.4,0,0,High Risk,Month 6,6,747.2195409600001,80-90%,0-12 months,83.7,1,True Positive
0.062382378,0,0,69,53.65,3,2,Low Risk,Month 4,4,40.161774956399995,0-10%,49+ months,6.2,1,True Negative
0.10974704,0,1,22,67.5,1,3,Low Risk,Month 4,4,88.8951024,10-20%,13-24 months,11.0,0,False Negative
0.02523186,0,0,63,24.2,3,0,Low Risk,Month 1,1,7.327332143999999,0-10%,49+ months,2.5,1,True Negative
0.098982796,0,0,55,75.75,3,3,Low Risk,Month 5,5,89.975361564,0-10%,49+ months,9.9,1,True Negative
0.6715148,1,0,3,57.55,0,1,High Risk,Month 2,2,463.74812087999993,60-70%,0-12 months,67.2,0,False Positive
0.07697078,0,0,67,81.35,3,3,Low Risk,Month 6,6,75.13887543599999,0-10%,49+ months,7.7,1,True Negative
0.71337974,1,1,3,25.25,0,0,High Risk,Month 2,2,216.15406122000002,70-80%,0-12 months,71.3,1,True Positive
0.5934658,1,0,1,19.75,0,0,Medium Risk,Month 2,2,140.6513946,50-60%,0-12 months,59.3,0,False Positive
0.67111343,1,1,16,89.05,1,1,High Risk,Month 1,1,717.151811298,60-70%,13-24 months,67.1,1,True Positive
0.3402619,0,0,62,104.05,3,2,Medium Risk,Month 4,4,424.85100833999996,30-40%,49+ months,34.0,1,True Negative
0.45149407,0,0,8,65.5,0,3,Medium Risk,Month 4,4,354.87433902000004,40-50%,0-12 months,45.1,1,True Negative
0.08311044,0,0,9,20.1,0,0,Low Risk,Month 1,1,20.046238128,0-10%,0-12 months,8.3,1,True Negative
0.29188785,0,1,6,19.5,0,0,Low Risk,Month 5,5,68.3017569,20-30%,0-12 months,29.2,0,False Negative
0.07698042,0,0,28,59.0,2,2,Low Risk,Month 4,4,54.50213736,0-10%,25-48 months,7.7,1,True Negative
0.06607167,0,0,26,19.4,2,0,Low Risk,Month 4,4,15.381484775999999,0-10%,25-48 months,6.6,1,True Negative
0.71550953,1,0,38,101.15,2,1,High Risk,Month 4,4,868.4854675140001,70-80%,25-48 months,71.6,0,False Positive
0.66664577,1,0,18,50.3,1,0,High Risk,Month 3,3,402.38738677199996,60-70%,13-24 months,66.7,0,False Positive
0.6374653,1,1,3,31.0,0,1,High Risk,Month 4,4,237.1370916,60-70%,0-12 months,63.7,1,True Positive
0.67494524,1,0,3,25.0,0,0,High Risk,Month 2,2,202.483572,60-70%,0-12 months,67.5,0,False Positive
0.053734154,0,0,70,72.95,3,3,Low Risk,Month 2,2,47.0388784116,0-10%,49+ months,5.4,1,True Negative
0.09318272,0,0,67,69.35,3,4,Low Risk,Month 6,6,77.546659584,0-10%,49+ months,9.3,1,True Negative
0.01593561,0,0,71,24.35,3,0,Low Risk,Month 6,6,4.656385242000001,0-10%,49+ months,1.6,1,True Negative
0.58160406,1,0,16,69.1,1,2,Medium Risk,Month 3,3,482.26608655199993,50-60%,13-24 months,58.2,0,False Positive
0.55290365,1,0,10,65.5,0,2,Medium Risk,Month 3,3,434.5822689,50-60%,0-12 months,55.3,0,False Positive
0.93037915,1,1,1,90.85,0,1,High Risk,Month 5,5,1014.2993493299999,90-100%,0-12 months,93.0,1,True Positive
0.47003555,0,0,12,56.3,0,0,Medium Risk,Month 3,3,317.55601757999995,40-50%,0-12 months,47.0,1,True Negative
0.461255,0,1,5,53.85,0,2,Medium Risk,Month 1,1,298.06298100000004,40-50%,0-12 months,46.1,0,False Negative
0.46516857,0,1,40,99.2,2,2,Medium Risk,Month 2,2,553.736665728,40-50%,25-48 months,46.5,0,False Negative
0.38489065,0,0,21,64.95,1,2,Medium Risk,Month 5,5,299.98377261,30-40%,13-24 months,38.5,1,True Negative
0.38329464,0,0,9,68.25,0,3,Medium Risk,Month 5,5,313.91831016000003,30-40%,0-12 months,38.3,1,True Negative
0.46412057,0,0,7,50.3,0,1,Medium Risk,Month 1,1,280.14317605199994,40-50%,0-12 months,46.4,1,True Negative
0.058033712,0,0,38,20.05,2,0,Low Risk,Month 2,2,13.962911107200002,0-10%,25-48 months,5.8,1,True Negative
0.8598827,1,1,1,50.5,0,1,High Risk,Month 2,2,521.0889162,80-90%,0-12 months,86.0,1,True Positive
0.8396658,1,0,7,74.9,0,1,High Risk,Month 5,5,754.6916210400001,80-90%,0-12 months,84.0,0,False Positive
0.8546952,1,1,2,70.95,0,0,High Risk,Month 1,1,727.68749328,80-90%,0-12 months,85.5,1,True Positive
0.057468325,0,0,56,19.55,3,0,Low Risk,Month 2,2,13.482069045000001,0-10%,49+ months,5.7,1,True Negative
0.6492308,1,0,6,50.35,0,0,High Risk,Month 5,5,392.26524936000004,60-70%,0-12 months,64.9,0,False Positive
0.108826876,0,0,63,58.55,3,1,Low Risk,Month 2,2,76.4617630776,10-20%,49+ months,10.9,1,True Negative
0.25298986,0,0,64,110.5,3,3,Low Risk,Month 5,5,335.46455436,20-30%,49+ months,25.3,1,True Negative
0.67501634,1,0,29,45.9,2,0,High Risk,Month 2,2,371.79900007199996,60-70%,25-48 months,67.5,0,False Positive
0.70607066,1,0,32,85.65,2,0,High Risk,Month 1,1,725.6994243480001,70-80%,25-48 months,70.6,0,False Positive
0.9230266,1,0,2,84.05,0,0,High Risk,Month 2,2,930.96462876,90-100%,0-12 months,92.3,0,False Positive
0.41674456,0,1,60,94.4,3,1,Medium Risk,Month 5,5,472.08823756800007,40-50%,49+ months,41.7,0,False Negative
0.2640879,0,0,22,65.05,1,3,Low Risk,Month 6,6,206.14701473999997,20-30%,13-24 months,26.4,1,True Negative
0.5918019,1,0,11,35.65,0,2,Medium Risk,Month 5,5,253.17285281999997,50-60%,0-12 months,59.2,0,False Positive
0.2511746,0,0,57,90.65,3,2,Low Risk,Month 3,3,273.2277298800001,20-30%,49+ months,25.1,1,True Negative
0.7682236,1,1,1,44.15,0,0,High Risk,Month 5,5,407.00486328,70-80%,0-12 months,76.8,1,True Positive
0.029897714,0,0,62,19.2,3,0,Low Risk,Month 2,2,6.888433305599999,0-10%,49+ months,3.0,1,True Negative
0.6370273,1,1,47,98.75,2,3,High Risk,Month 3,3,754.8773504999999,60-70%,25-48 months,63.7,1,True Positive
0.03229859,0,0,61,88.1,3,4,Low Risk,Month 6,6,34.146069348,0-10%,49+ months,3.2,1,True Negative
0.84937555,1,0,3,70.15,0,0,High Risk,Month 1,1,715.0043379900001,80-90%,0-12 months,84.9,0,False Positive
0.27527565,0,0,64,81.05,3,2,Low Risk,Month 1,1,267.73309718999997,20-30%,49+ months,27.5,1,True Negative
0.8818819,1,0,6,94.05,0,2,High Risk,Month 2,2,995.29191234,80-90%,0-12 months,88.2,0,False Positive
0.035807494,0,0,56,20.05,3,0,Low Risk,Month 1,1,8.615283056400001,0-10%,49+ months,3.6,1,True Negative
0.25665995,0,0,27,49.85,2,1,Low Risk,Month 2,2,153.53398209000002,20-30%,25-48 months,25.7,1,True Negative
0.43612796,0,0,46,45.55,2,2,Medium Risk,Month 4,4,238.38754293599996,40-50%,25-48 months,43.6,1,True Negative
0.8458274,1,1,1,45.1,0,0,High Risk,Month 3,3,457.76178888000004,80-90%,0-12 months,84.6,1,True Positive
0.039712746,0,0,11,20.4,0,0,Low Risk,Month 6,6,9.7216802208,0-10%,0-12 months,4.0,1,True Negative
0.7349085,1,0,32,98.85,2,1,High Risk,Month 5,5,871.7484626999998,70-80%,25-48 months,73.5,0,False Positive
0.8327676,1,1,4,77.85,0,0,High Risk,Month 3,3,777.97149192,80-90%,0-12 months,83.3,1,True Positive
0.2789011,0,1,24,55.65,1,1,Low Risk,Month 3,3,186.25015458,20-30%,13-24 months,27.9,0,False Negative
0.37818575,0,0,35,108.95,2,3,Medium Risk,Month 3,3,494.44004955,30-40%,25-48 months,37.8,1,True Negative
0.3677118,0,1,46,105.2,2,3,Medium Risk,Month 4,4,464.19937632,30-40%,25-48 months,36.8,0,False Negative
0.92635196,1,1,1,70.0,0,0,High Risk,Month 3,3,778.1356463999999,90-100%,0-12 months,92.6,1,True Positive
0.037174802,0,0,72,110.15,3,3,Low Risk,Month 4,4,49.13765328360001,0-10%,49+ months,3.7,1,True Negative
0.6021184,1,0,63,103.5,3,2,High Risk,Month 3,3,747.8310528000001,60-70%,49+ months,60.2,0,False Positive
0.8116181,1,1,21,86.5,1,0,High Risk,Month 4,4,842.4595878,80-90%,13-24 months,81.2,1,True Positive
0.14991157,0,0,37,40.2,2,3,Low Risk,Month 4,4,72.317341368,10-20%,25-48 months,15.0,1,True Negative
0.35804164,0,0,55,100.9,3,2,Medium Risk,Month 3,3,433.51681771200003,30-40%,49+ months,35.8,1,True Negative
0.4730866,0,0,14,66.6,1,1,Medium Risk,Month 6,6,378.09081072,40-50%,13-24 months,47.3,1,True Negative
0.28475505,0,0,53,71.85,3,2,Low Risk,Month 5,5,245.51580410999998,20-30%,49+ months,28.5,1,True Negative
0.21451102,0,0,50,84.15,3,3,Low Risk,Month 2,2,216.613227996,20-30%,49+ months,21.5,1,True Negative
0.80148846,1,0,38,102.6,2,2,High Risk,Month 6,6,986.7925919519998,80-90%,25-48 months,80.1,0,False Positive
0.80454034,1,1,30,99.7,2,1,High Risk,Month 4,4,962.5520627760001,80-90%,25-48 months,80.5,1,True Positive
0.14437206,0,0,28,59.9,2,3,Low Risk,Month 6,6,103.77463672799999,10-20%,25-48 months,14.4,1,True Negative
0.3632383,0,1,46,59.9,2,3,Medium Risk,Month 5,5,261.09569003999997,30-40%,25-48 months,36.3,0,False Negative
0.04684582,0,0,67,20.55,3,0,Low Risk,Month 3,3,11.552179212000002,0-10%,49+ months,4.7,1,True Negative
0.750004,1,1,1,45.95,0,0,High Risk,Month 1,1,413.5522056000001,70-80%,0-12 months,75.0,1,True Positive
0.04935363,0,0,50,19.8,3,0,Low Risk,Month 3,3,11.726422488000003,0-10%,49+ months,4.9,1,True Negative
0.56692016,1,0,56,98.0,3,1,Medium Risk,Month 4,4,666.6981081600001,50-60%,49+ months,56.7,0,False Positive
0.6543539,1,0,1,19.95,0,0,High Risk,Month 5,5,156.65232366,60-70%,0-12 months,65.4,0,False Positive
0.57288057,1,0,3,35.1,0,2,Medium Risk,Month 3,3,241.29729608400004,50-60%,0-12 months,57.3,0,False Positive
0.1992502,0,0,72,109.55,3,3,Low Risk,Month 2,2,261.93431291999997,10-20%,49+ months,19.9,1,True Negative
0.11319059,0,1,48,60.35,2,3,Low Risk,Month 5,5,81.972625278,10-20%,25-48 months,11.3,0,False Negative
0.20902021,0,0,9,39.55,0,3,Low Risk,Month 6,6,99.200991666,20-30%,0-12 months,20.9,1,True Negative
0.43299216,0,0,19,69.6,1,0,Medium Risk,Month 4,4,361.635052032,40-50%,13-24 months,43.3,1,True Negative
0.051310495,0,0,46,81.0,2,3,Low Risk,Month 2,2,49.87380114,0-10%,25-48 months,5.1,1,True Negative
0.60661155,1,0,56,107.25,3,2,High Risk,Month 3,3,780.70906485,60-70%,49+ months,60.7,0,False Positive
0.71201295,1,0,35,83.15,2,0,High Risk,Month 1,1,710.44652151,70-80%,25-48 months,71.2,0,False Positive
0.035245106,0,0,25,19.8,2,0,Low Risk,Month 6,6,8.3742371856,0-10%,25-48 months,3.5,1,True Negative
0.71948427,1,0,21,68.65,1,0,High Risk,Month 2,2,592.7111416260001,70-80%,13-24 months,71.9,0,False Positive
0.021464951,0,0,71,25.35,3,0,Low Risk,Month 4,4,6.529638094200001,0-10%,49+ months,2.1,1,True Negative
0.92249805,1,1,1,79.35,0,0,High Risk,Month 3,3,878.40264321,90-100%,0-12 months,92.2,1,True Positive
0.05617929,0,0,62,84.5,3,3,Low Risk,Month 4,4,56.96580006,0-10%,49+ months,5.6,1,True Negative
0.26039258,0,0,53,78.75,3,2,Low Risk,Month 5,5,246.0709881,20-30%,49+ months,26.0,1,True Negative
0.8565703,1,0,2,74.9,0,0,High Risk,Month 5,5,769.8853856400001,80-90%,0-12 months,85.7,0,False Positive
0.013775086,0,0,72,93.05,3,4,Low Risk,Month 2,2,15.381261027599999,0-10%,49+ months,1.4,1,True Negative
0.61215025,1,0,24,79.65,1,1,High Risk,Month 1,1,585.0932089500001,60-70%,13-24 months,61.2,0,False Positive
0.34712255,0,0,41,55.7,2,1,Medium Risk,Month 2,2,232.01671242,30-40%,25-48 months,34.7,1,True Negative
0.9109536,1,1,2,94.2,0,0,High Risk,Month 6,6,1029.74194944,90-100%,0-12 months,91.1,1,True Positive
0.8652133,1,1,2,67.75,0,0,High Risk,Month 6,6,703.4184129,80-90%,0-12 months,86.5,1,True Positive
0.7685712,1,1,27,95.55,2,2,High Risk,Month 4,4,881.24373792,70-80%,25-48 months,76.9,1,True Positive
0.7583619,1,1,53,101.9,3,1,High Risk,Month 4,4,927.3249313200001,70-80%,49+ months,75.8,1,True Positive
0.083925486,0,1,34,64.4,2,3,Low Risk,Month 5,5,64.8576155808,0-10%,25-48 months,8.4,0,False Negative
0.9357822,1,0,1,85.0,0,1,High Risk,Month 2,2,954.497844,90-100%,0-12 months,93.6,0,False Positive
0.03234681,0,0,48,19.55,2,0,Low Risk,Month 6,6,7.588561626,0-10%,25-48 months,3.2,1,True Negative
0.8617954,1,1,3,75.05,0,0,High Risk,Month 3,3,776.1329372399999,80-90%,0-12 months,86.2,1,True Positive
0.022951355,0,0,71,64.05,3,4,Low Risk,Month 3,3,17.640411453,0-10%,49+ months,2.3,1,True Negative
0.61261594,1,0,24,85.95,1,3,High Risk,Month 4,4,631.852080516,60-70%,13-24 months,61.3,0,False Positive
0.79703987,1,0,5,70.05,0,0,High Risk,Month 1,1,669.9917147219999,70-80%,0-12 months,79.7,0,False Positive
0.88486636,1,1,8,75.75,0,0,High Risk,Month 2,2,804.34352124,80-90%,0-12 months,88.5,1,True Positive
0.26202562,0,0,15,19.8,1,0,Low Risk,Month 5,5,62.25728731200001,20-30%,13-24 months,26.2,1,True Negative
0.84724015,1,1,2,74.7,0,1,High Risk,Month 1,1,759.4660704600001,80-90%,0-12 months,84.7,1,True Positive
0.07765382,0,0,13,25.0,1,0,Low Risk,Month 4,4,23.296146,0-10%,13-24 months,7.8,1,True Negative
0.63769895,1,1,17,85.35,1,2,High Risk,Month 2,2,653.1312645899999,60-70%,13-24 months,63.8,1,True Positive
0.1938107,0,0,24,58.35,1,2,Low Risk,Month 3,3,135.70625214,10-20%,13-24 months,19.4,1,True Negative
0.027458852,0,0,50,20.55,3,0,Low Risk,Month 3,3,6.7713529032,0-10%,49+ months,2.7,1,True Negative
0.059434675,0,0,57,74.35,3,2,Low Risk,Month 3,3,53.027617035,0-10%,49+ months,5.9,1,True Negative
0.7722269,1,1,3,25.3,0,0,High Risk,Month 5,5,234.44808684000003,70-80%,0-12 months,77.2,1,True Positive
0.645063,1,0,37,91.15,2,1,High Risk,Month 3,3,705.5699094000001,60-70%,25-48 months,64.5,0,False Positive
0.023174629,0,0,71,25.6,3,0,Low Risk,Month 4,4,7.119246028800001,0-10%,49+ months,2.3,1,True Negative
0.014228973,0,0,72,66.5,3,3,Low Risk,Month 4,4,11.354720454,0-10%,49+ months,1.4,1,True Negative
0.03376667,0,0,52,25.6,3,0,Low Risk,Month 5,5,10.373121024000001,0-10%,49+ months,3.4,1,True Negative
0.44172683,0,0,4,19.85,0,0,Medium Risk,Month 6,6,105.21933090600001,40-50%,0-12 months,44.2,1,True Negative
0.40382907,0,0,9,69.5,0,3,Medium Risk,Month 5,5,336.79344438,40-50%,0-12 months,40.4,1,True Negative
0.8927266,1,0,7,74.85,0,0,High Risk,Month 2,2,801.84703212,80-90%,0-12 months,89.3,0,False Positive
0.06705951,0,0,48,70.1,2,3,Low Risk,Month 1,1,56.410459812,0-10%,25-48 months,6.7,1,True Negative
0.35765386,0,0,47,58.6,2,1,Medium Risk,Month 3,3,251.502194352,30-40%,25-48 months,35.8,1,True Negative
0.7790452,1,0,4,72.75,0,1,High Risk,Month 4,4,680.1064596,70-80%,0-12 months,77.9,0,False Positive
0.45749673,0,0,47,103.7,2,3,Medium Risk,Month 1,1,569.3089308120001,40-50%,25-48 months,45.7,1,True Negative
0.56284916,1,0,24,29.1,1,1,Medium Risk,Month 4,4,196.546926672,50-60%,13-24 months,56.3,0,False Positive
0.78945065,1,1,1,50.45,0,1,High Risk,Month 4,4,477.93342351000007,70-80%,0-12 months,78.9,1,True Positive
0.70641476,1,1,1,44.65,0,2,High Risk,Month 3,3,378.497028408,70-80%,0-12 months,70.6,1,True Positive
0.50197375,1,0,1,19.25,0,0,Medium Risk,Month 5,5,115.95593625,50-60%,0-12 months,50.2,0,False Positive
0.43825394,0,0,48,108.1,2,2,Medium Risk,Month 2,2,568.5030109679999,40-50%,25-48 months,43.8,1,True Negative
0.07299861,0,0,27,20.1,2,0,Low Risk,Month 1,1,17.607264732,0-10%,25-48 months,7.3,1,True Negative
0.027723296,0,0,60,59.85,3,3,Low Risk,Month 5,5,19.9108711872,0-10%,49+ months,2.8,1,True Negative
0.1444082,0,0,26,56.05,2,2,Low Risk,Month 4,4,97.12895531999997,10-20%,25-48 months,14.4,1,True Negative
0.044849586,0,0,51,19.6,3,0,Low Risk,Month 5,5,10.5486226272,0-10%,49+ months,4.5,1,True Negative
0.8873235,1,1,4,79.0,0,0,High Risk,Month 4,4,841.182678,80-90%,0-12 months,88.7,1,True Positive
0.4732908,0,0,26,66.05,2,1,Medium Risk,Month 2,2,375.13028807999996,40-50%,25-48 months,47.3,1,True Negative
0.6162676,1,0,41,106.5,2,4,High Risk,Month 5,5,787.5899928,60-70%,25-48 months,61.6,0,False Positive
0.22150166,0,0,68,114.9,3,4,Low Risk,Month 5,5,305.406488808,20-30%,49+ months,22.2,1,True Negative
0.051364336,0,0,45,54.65,2,2,Low Risk,Month 5,5,33.684731548799995,0-10%,25-48 months,5.1,1,True Negative
0.30700788,0,1,22,69.5,1,1,Medium Risk,Month 3,3,256.04457192,30-40%,13-24 months,30.7,0,False Negative
0.7742178,1,0,12,79.95,0,0,High Risk,Month 4,4,742.78455732,70-80%,0-12 months,77.4,0,False Positive
0.72966504,1,0,1,43.95,0,0,High Risk,Month 3,3,384.82534209600004,70-80%,0-12 months,73.0,0,False Positive
0.9291281,1,0,7,94.1,0,0,High Risk,Month 1,1,1049.1714505199998,90-100%,0-12 months,92.9,0,False Positive
0.66190445,1,1,1,20.2,0,0,High Risk,Month 6,6,160.44563867999997,60-70%,0-12 months,66.2,1,True Positive
0.6453818,1,1,13,23.9,1,0,High Risk,Month 2,2,185.09550023999998,60-70%,13-24 months,64.5,1,True Positive
0.029525924,0,0,51,20.45,3,0,Low Risk,Month 6,6,7.245661749599999,0-10%,49+ months,3.0,1,True Negative
0.62236995,1,0,4,44.8,0,0,High Risk,Month 4,4,334.5860851199999,60-70%,0-12 months,62.2,0,False Positive
0.6214722,1,0,26,84.3,2,2,High Risk,Month 2,2,628.68127752,60-70%,25-48 months,62.1,0,False Positive
0.6620959,1,0,24,88.95,1,1,High Risk,Month 4,4,706.72116366,60-70%,13-24 months,66.2,0,False Positive
0.3100772,0,0,61,94.2,3,4,Medium Risk,Month 6,6,350.51126688000005,30-40%,49+ months,31.0,1,True Negative
0.104704134,0,0,72,114.9,3,4,Low Risk,Month 5,5,144.36605995920002,10-20%,49+ months,10.5,1,True Negative
0.11409224,0,0,55,84.25,3,2,Low Risk,Month 5,5,115.34725464,10-20%,49+ months,11.4,1,True Negative
0.62647176,1,1,12,81.7,0,2,High Risk,Month 5,5,614.1929135040001,60-70%,0-12 months,62.6,1,True Positive
0.089931935,0,0,64,93.4,3,2,Low Risk,Month 5,5,100.79571274800003,0-10%,49+ months,9.0,1,True Negative
0.825977,1,1,37,96.55,2,0,High Risk,Month 5,5,956.9769521999999,80-90%,25-48 months,82.6,1,True Positive
0.015656777,0,0,72,88.7,3,4,Low Risk,Month 2,2,16.6650734388,0-10%,49+ months,1.6,1,True Negative
0.08509854,0,0,11,19.5,0,0,Low Risk,Month 4,4,19.91305836,0-10%,0-12 months,8.5,1,True Negative
0.6403646,1,0,52,109.1,3,3,High Risk,Month 2,2,838.3653343199999,60-70%,49+ months,64.0,0,False Positive
0.10603224,0,0,58,44.1,3,0,Low Risk,Month 6,6,56.112261408,10-20%,49+ months,10.6,1,True Negative
0.5685249,1,0,4,55.2,0,2,Medium Risk,Month 6,6,376.59089376000003,50-60%,0-12 months,56.9,0,False Positive
0.049879678,0,0,38,20.3,2,0,Low Risk,Month 1,1,12.1506895608,0-10%,25-48 months,5.0,1,True Negative
0.2926198,0,0,3,20.85,0,0,Low Risk,Month 5,5,73.21347396,20-30%,0-12 months,29.3,1,True Negative
0.15459792,0,0,62,92.3,3,2,Low Risk,Month 6,6,171.23265619199998,10-20%,49+ months,15.5,1,True Negative
0.14203696,0,0,8,54.25,0,2,Low Risk,Month 2,2,92.46606096,10-20%,0-12 months,14.2,1,True Negative
0.2713753,0,0,16,19.75,1,0,Low Risk,Month 4,4,64.31594609999999,20-30%,13-24 months,27.1,1,True Negative
0.46539107,0,0,8,43.55,0,0,Medium Risk,Month 6,6,243.21337318199997,40-50%,0-12 months,46.5,1,True Negative
0.6021466,1,1,1,19.8,0,0,High Risk,Month 1,1,143.07003216,60-70%,0-12 months,60.2,1,True Positive
0.044367947,0,0,52,50.2,3,3,Low Risk,Month 5,5,26.727251272800004,0-10%,49+ months,4.4,1,True Negative
0.012573323,0,0,72,26.0,3,0,Low Risk,Month 3,3,3.9228767760000003,0-10%,49+ months,1.3,1,True Negative
0.7098538,1,0,16,69.65,1,0,High Risk,Month 6,6,593.29580604,70-80%,13-24 months,71.0,0,False Positive
0.33575374,0,0,18,89.6,1,1,Medium Risk,Month 6,6,361.00242124799996,30-40%,13-24 months,33.6,1,True Negative
0.58331376,1,1,1,20.25,0,0,Medium Risk,Month 6,6,141.74524368000002,50-60%,0-12 months,58.3,1,True Positive
0.056321755,0,0,72,75.4,3,2,Low Risk,Month 4,4,50.959923924,0-10%,49+ months,5.6,1,True Negative
0.052404493,0,0,49,20.7,3,0,Low Risk,Month 6,6,13.0172760612,0-10%,49+ months,5.2,1,True Negative
0.7777884,1,0,1,44.0,0,0,High Risk,Month 5,5,410.6722752,70-80%,0-12 months,77.8,0,False Positive
0.23096927,0,0,51,93.5,3,3,Low Risk,Month 3,3,259.14752094,20-30%,49+ months,23.1,1,True Negative
0.20637238,0,0,72,97.25,3,1,Low Risk,Month 5,5,240.83656746,20-30%,49+ months,20.6,1,True Negative
0.03602475,0,0,72,77.35,3,3,Low Risk,Month 1,1,33.43817295,0-10%,49+ months,3.6,1,True Negative
0.034777857,0,0,16,19.05,1,0,Low Risk,Month 4,4,7.950218110200002,0-10%,13-24 months,3.5,1,True Negative
0.4131848,0,0,16,84.9,1,3,Medium Risk,Month 2,2,420.95267424,40-50%,13-24 months,41.3,1,True Negative
0.6678067,1,0,1,19.65,0,0,High Risk,Month 2,2,157.46881986,60-70%,0-12 months,66.8,0,False Positive
0.8996409,1,1,10,85.6,0,0,High Risk,Month 1,1,924.1111324799998,80-90%,0-12 months,90.0,1,True Positive
0.5221017,1,0,57,100.75,3,1,Medium Risk,Month 5,5,631.2209553,50-60%,49+ months,52.2,0,False Positive
0.3326364,0,0,32,90.8,2,2,Medium Risk,Month 3,3,362.44062144,30-40%,25-48 months,33.3,1,True Negative
0.023625694,0,0,72,101.3,3,3,Low Risk,Month 5,5,28.719393626399995,0-10%,49+ months,2.4,1,True Negative
0.4828611,0,0,58,97.8,3,1,Medium Risk,Month 1,1,566.68578696,40-50%,49+ months,48.3,1,True Negative
0.2600698,0,0,23,73.75,1,1,Low Risk,Month 3,3,230.161773,20-30%,13-24 months,26.0,1,True Negative
0.77765405,1,1,25,89.5,2,1,High Risk,Month 4,4,835.2004497,70-80%,25-48 months,77.8,1,True Positive
0.17126034,0,0,32,19.45,2,0,Low Risk,Month 5,5,39.972163355999996,10-20%,25-48 months,17.1,1,True Negative
0.33041587,0,0,69,104.0,3,2,Medium Risk,Month 3,3,412.35900576,30-40%,49+ months,33.0,1,True Negative
0.03329431,0,0,72,109.5,3,4,Low Risk,Month 4,4,43.74872334,0-10%,49+ months,3.3,1,True Negative
0.09449443,0,0,50,35.4,3,2,Low Risk,Month 6,6,40.141233864,0-10%,49+ months,9.4,1,True Negative
0.5110145,1,1,28,106.1,2,2,Medium Risk,Month 4,4,650.6236614,50-60%,25-48 months,51.1,1,True Positive
0.091392174,0,0,10,20.1,0,0,Low Risk,Month 2,2,22.043792368800002,0-10%,0-12 months,9.1,1,True Negative
0.19743821,0,0,58,94.7,3,2,Low Risk,Month 1,1,224.368781844,10-20%,49+ months,19.7,1,True Negative
0.88173074,1,0,7,75.4,0,0,High Risk,Month 6,6,797.789973552,80-90%,0-12 months,88.2,0,False Positive
0.5585524,1,1,4,49.35,0,1,Medium Risk,Month 1,1,330.77473127999997,50-60%,0-12 months,55.9,1,True Positive
0.085050866,0,0,34,60.8,2,3,Low Risk,Month 6,6,62.05311183359999,0-10%,25-48 months,8.5,1,True Negative
0.08242348,0,0,70,115.15,3,4,Low Risk,Month 4,4,113.89276466400001,0-10%,49+ months,8.2,1,True Negative
0.19177093,0,0,71,72.9,3,3,Low Risk,Month 6,6,167.761209564,10-20%,49+ months,19.2,1,True Negative
0.7071662,1,0,21,103.85,1,2,High Risk,Month 5,5,881.2705184399998,70-80%,13-24 months,70.7,0,False Positive
0.07047012,0,0,56,60.25,3,3,Low Risk,Month 6,6,50.94989676,0-10%,49+ months,7.0,1,True Negative
0.023770709,0,0,71,76.9,3,4,Low Risk,Month 3,3,21.9356102652,0-10%,49+ months,2.4,1,True Negative
0.81704044,1,1,14,87.25,1,1,High Risk,Month 5,5,855.4413406799999,80-90%,13-24 months,81.7,1,True Positive
0.07658111,0,0,41,19.5,2,0,Low Risk,Month 3,3,17.91997974,0-10%,25-48 months,7.7,1,True Negative
0.78224754,1,1,3,74.4,0,0,High Risk,Month 4,4,698.390603712,70-80%,0-12 months,78.2,1,True Positive
0.034006592,0,0,58,20.5,3,0,Low Risk,Month 4,4,8.365621632,0-10%,49+ months,3.4,1,True Negative
0.01618249,0,0,72,65.7,3,4,Low Risk,Month 6,6,12.758275116000002,0-10%,49+ months,1.6,1,True Negative
0.73779917,1,1,13,89.4,1,3,High Risk,Month 6,6,791.510949576,70-80%,13-24 months,73.8,1,True Positive
0.06933441,0,0,43,79.15,2,3,Low Risk,Month 5,5,65.85382261800001,0-10%,25-48 months,6.9,1,True Negative
0.51254463,1,0,41,51.35,2,1,Medium Risk,Month 3,3,315.830001006,50-60%,25-48 months,51.3,0,False Positive
0.7255512,1,1,2,70.0,0,0,High Risk,Month 3,3,609.463008,70-80%,0-12 months,72.6,1,True Positive
0.5884223,1,0,1,20.3,0,0,Medium Risk,Month 5,5,143.33967228,50-60%,0-12 months,58.8,0,False Positive
0.8805255,1,1,4,79.9,0,0,High Risk,Month 2,2,844.2478494000001,80-90%,0-12 months,88.1,1,True Positive
0.69948995,1,0,1,19.9,0,0,High Risk,Month 2,2,167.03820006,60-70%,0-12 months,69.9,0,False Positive
0.036553796,0,0,72,114.1,3,4,Low Risk,Month 3,3,50.049457483199994,0-10%,49+ months,3.7,1,True Negative
0.03650916,0,0,69,64.15,3,3,Low Risk,Month 3,3,28.104751368000002,0-10%,49+ months,3.7,1,True Negative
0.2669904,0,0,27,45.85,2,2,Low Risk,Month 3,3,146.89811808000002,20-30%,25-48 months,26.7,1,True Negative
0.39878953,0,0,14,59.8,1,1,Medium Risk,Month 2,2,286.17136672799995,30-40%,13-24 months,39.9,1,True Negative
0.44588873,0,0,19,45.0,1,0,Medium Risk,Month 1,1,240.7799142,40-50%,13-24 months,44.6,1,True Negative
0.74838173,1,0,18,95.95,1,1,High Risk,Month 1,1,861.686723922,70-80%,13-24 months,74.8,0,False Positive
0.78799784,1,0,5,90.35,0,2,High Risk,Month 6,6,854.3472581279998,70-80%,0-12 months,78.8,0,False Positive
0.48474717,0,0,28,100.35,2,2,Medium Risk,Month 3,3,583.7325421139999,40-50%,25-48 months,48.5,1,True Negative
0.1347612,0,0,30,74.65,2,4,Low Risk,Month 3,3,120.71908296000001,10-20%,25-48 months,13.5,1,True Negative
0.19604026,0,0,71,104.05,3,1,Low Risk,Month 5,5,244.77586863599998,10-20%,49+ months,19.6,1,True Negative
0.6805072,1,1,1,53.95,0,2,High Risk,Month 2,2,440.56036128000005,60-70%,0-12 months,68.1,1,True Positive
0.16043958,0,0,71,97.2,3,1,Low Risk,Month 6,6,187.13672611200002,10-20%,49+ months,16.0,1,True Negative
0.21304125,0,0,32,62.45,2,2,Low Risk,Month 5,5,159.65311275000002,20-30%,25-48 months,21.3,1,True Negative
0.13914603,0,0,70,75.5,3,3,Low Risk,Month 1,1,126.06630318,10-20%,49+ months,13.9,1,True Negative
0.8813075,1,0,1,55.25,0,0,High Risk,Month 3,3,584.3068725,80-90%,0-12 months,88.1,0,False Positive
0.92564595,1,1,1,71.0,0,0,High Risk,Month 6,6,788.6503494000001,90-100%,0-12 months,92.6,1,True Positive
0.67463344,1,0,4,48.75,0,0,High Risk,Month 6,6,394.6605624,60-70%,0-12 months,67.5,0,False Positive
0.67873377,1,0,43,94.3,2,2,High Risk,Month 4,4,768.0551341319999,60-70%,25-48 months,67.9,0,False Positive
0.021079252,0,0,72,92.3,3,4,Low Risk,Month 4,4,23.347379515199997,0-10%,49+ months,2.1,1,True Negative
0.027363654,0,0,72,114.95,3,4,Low Risk,Month 2,2,37.745424327600006,0-10%,49+ months,2.7,1,True Negative
0.86506283,1,1,4,74.4,0,0,High Risk,Month 6,6,772.328094624,80-90%,0-12 months,86.5,1,True Positive
0.101155855,0,0,24,24.6,1,0,Low Risk,Month 2,2,29.861208396000006,10-20%,13-24 months,10.1,1,True Negative
0.96700656,1,1,1,95.1,0,0,High Risk,Month 6,6,1103.5478862719997,90-100%,0-12 months,96.7,1,True Positive
0.41346028,0,0,1,18.85,0,0,Medium Risk,Month 5,5,93.52471533600001,40-50%,0-12 months,41.3,1,True Negative
0.911093,1,0,14,95.6,1,0,High Risk,Month 4,4,1045.2058895999999,90-100%,13-24 months,91.1,0,False Positive
0.79635805,1,1,36,84.1,2,0,High Risk,Month 4,4,803.68454406,70-80%,25-48 months,79.6,1,True Positive
0.6952815,1,0,40,81.2,2,1,High Risk,Month 2,2,677.4822936,60-70%,25-48 months,69.5,0,False Positive
0.35102296,0,0,67,105.05,3,3,Medium Risk,Month 2,2,442.49954337599996,30-40%,49+ months,35.1,1,True Negative
0.07893523,0,0,69,92.15,3,2,Low Risk,Month 2,2,87.28657733400001,0-10%,49+ months,7.9,1,True Negative
0.6106629,1,0,1,20.6,0,0,High Risk,Month 2,2,150.95586888000003,60-70%,0-12 months,61.1,0,False Positive
0.14119,0,0,10,40.25,0,3,Low Risk,Month 5,5,68.19477,10-20%,0-12 months,14.1,1,True Negative
0.05143413,0,1,55,57.55,3,3,Low Risk,Month 3,3,35.520410178,0-10%,49+ months,5.1,0,False Negative
0.20071894,0,1,68,113.15,3,4,Low Risk,Month 1,1,272.53617673200006,20-30%,49+ months,20.1,0,False Negative
0.6407439,1,1,66,99.5,3,1,High Risk,Month 6,6,765.0482166,60-70%,49+ months,64.1,1,True Positive
0.75054556,1,0,7,69.9,0,0,High Risk,Month 6,6,629.557615728,70-80%,0-12 months,75.1,0,False Positive
0.048059247,0,0,10,20.15,0,0,Low Risk,Month 6,6,11.620725924599999,0-10%,0-12 months,4.8,1,True Negative
0.6655664,1,0,1,29.15,0,1,High Risk,Month 6,6,232.81512671999997,60-70%,0-12 months,66.6,0,False Positive
0.06530484,0,0,55,19.35,3,0,Low Risk,Month 2,2,15.163783848000001,0-10%,49+ months,6.5,1,True Negative
0.7208782,1,0,45,107.75,2,2,High Risk,Month 3,3,932.0955126,70-80%,25-48 months,72.1,0,False Positive
0.561201,1,0,10,67.8,0,1,Medium Risk,Month 5,5,456.59313359999993,50-60%,0-12 months,56.1,0,False Positive
0.13977866,0,0,69,116.0,3,4,Low Risk,Month 5,5,194.57189472,10-20%,49+ months,14.0,1,True Negative
0.96550024,1,1,1,85.05,0,0,High Risk,Month 2,2,985.3895449439999,90-100%,0-12 months,96.6,1,True Positive
0.05323112,0,0,33,25.7,2,0,Low Risk,Month 5,5,16.416477408,0-10%,25-48 months,5.3,1,True Negative
0.05984031,0,0,45,81.65,2,3,Low Risk,Month 2,2,58.631535738000004,0-10%,25-48 months,6.0,1,True Negative
0.72187096,1,0,1,44.75,0,0,High Risk,Month 2,2,387.64470551999995,70-80%,0-12 months,72.2,0,False Positive
0.40368766,0,0,31,71.05,2,2,Medium Risk,Month 4,4,344.184098916,40-50%,25-48 months,40.4,1,True Negative
0.05352722,0,0,50,20.35,3,0,Low Risk,Month 4,4,13.071347124,0-10%,49+ months,5.4,1,True Negative
0.3029901,0,0,57,87.55,3,3,Medium Risk,Month 4,4,318.32139906,30-40%,49+ months,30.3,1,True Negative
0.9231106,1,1,1,74.25,0,0,High Risk,Month 1,1,822.4915446,90-100%,0-12 months,92.3,1,True Positive
0.85903585,1,1,2,75.8,0,1,High Risk,Month 6,6,781.37900916,80-90%,0-12 months,85.9,1,True Positive
0.90759724,1,1,3,105.35,0,2,High Risk,Month 3,3,1147.3844308079997,90-100%,0-12 months,90.8,1,True Positive
0.753269,1,0,67,94.65,3,0,High Risk,Month 2,2,855.5629302000001,70-80%,49+ months,75.3,0,False Positive
0.7530049,1,1,42,104.75,2,2,High Risk,Month 6,6,946.5271593,70-80%,25-48 months,75.3,1,True Positive
0.036242936,0,0,70,26.0,3,0,Low Risk,Month 6,6,11.307796032,0-10%,49+ months,3.6,1,True Negative
0.05543717,0,0,71,20.85,3,0,Low Risk,Month 6,6,13.870379934,0-10%,49+ months,5.5,1,True Negative
0.86564845,1,0,9,75.85,0,0,High Risk,Month 5,5,787.91321919,80-90%,0-12 months,86.6,0,False Positive
0.0147709595,0,0,72,45.25,3,4,Low Risk,Month 5,5,8.0206310085,0-10%,49+ months,1.5,1,True Negative
0.61186516,1,0,53,105.25,3,2,High Risk,Month 4,4,772.78569708,60-70%,49+ months,61.2,0,False Positive
0.72636086,1,0,19,105.0,1,3,High Risk,Month 1,1,915.2146836,70-80%,13-24 months,72.6,0,False Positive
0.88418484,1,1,9,94.4,0,0,High Risk,Month 3,3,1001.6045867520002,80-90%,0-12 months,88.4,1,True Positive
0.05668568,0,0,72,105.5,3,3,Low Risk,Month 3,3,71.76407088,0-10%,49+ months,5.7,1,True Negative
0.061345045,0,0,20,39.4,1,3,Low Risk,Month 3,3,29.003937276,0-10%,13-24 months,6.1,1,True Negative
0.053579506,0,0,43,20.0,2,0,Low Risk,Month 5,5,12.85908144,0-10%,25-48 months,5.4,1,True Negative
0.10573211,0,0,50,79.6,3,2,Low Risk,Month 4,4,100.995311472,10-20%,49+ months,10.6,1,True Negative
0.39849278,0,0,55,89.8,3,1,Medium Risk,Month 1,1,429.415819728,30-40%,49+ months,39.8,1,True Negative
0.8795716,1,1,2,94.2,0,1,High Risk,Month 2,2,994.2677366400001,80-90%,0-12 months,88.0,1,True Positive
0.041675035,0,0,9,20.35,0,0,Low Risk,Month 5,5,10.177043547,0-10%,0-12 months,4.2,1,True Negative
0.6277328,1,1,10,33.9,0,0,High Risk,Month 1,1,255.36170303999995,60-70%,0-12 months,62.8,1,True Positive
0.02500504,0,0,71,77.35,3,4,Low Risk,Month 6,6,23.209678127999997,0-10%,49+ months,2.5,1,True Negative
0.5587901,1,1,32,84.15,2,1,Medium Risk,Month 4,4,564.26624298,50-60%,25-48 months,55.9,1,True Positive
0.93793654,1,1,3,105.9,0,2,High Risk,Month 4,4,1191.9297550320002,90-100%,0-12 months,93.8,1,True Positive
0.6956536,1,1,16,74.3,1,1,High Risk,Month 4,4,620.2447497599999,60-70%,13-24 months,69.6,1,True Positive
0.5541863,1,0,25,69.75,2,0,Medium Risk,Month 5,5,463.8539331,50-60%,25-48 months,55.4,0,False Positive
0.25027663,0,1,38,70.45,2,0,Low Risk,Month 3,3,211.58386300200002,20-30%,25-48 months,25.0,0,False Negative
0.03310793,0,0,40,20.15,2,0,Low Risk,Month 5,5,8.005497474,0-10%,25-48 months,3.3,1,True Negative
0.030779773,0,0,61,24.2,3,0,Low Risk,Month 4,4,8.938446079199998,0-10%,49+ months,3.1,1,True Negative
0.052590284,0,0,25,20.05,2,0,Low Risk,Month 3,3,12.653222330400002,0-10%,25-48 months,5.3,1,True Negative
0.10040246,0,1,48,95.5,2,3,Low Risk,Month 6,6,115.06121916,10-20%,25-48 months,10.0,0,False Negative
0.7973043,1,1,3,69.55,0,0,High Risk,Month 5,5,665.4301687799999,70-80%,0-12 months,79.7,1,True Positive
0.3774198,0,0,63,108.25,3,3,Medium Risk,Month 5,5,490.26832020000006,30-40%,49+ months,37.7,1,True Negative
0.77675533,1,1,37,76.25,2,0,High Risk,Month 6,6,710.73112695,70-80%,25-48 months,77.7,1,True Positive
0.7098648,1,0,1,49.8,0,1,High Risk,Month 6,6,424.2152044799999,70-80%,0-12 months,71.0,0,False Positive
0.67984587,1,1,17,80.85,1,0,High Risk,Month 5,5,659.5864630739999,60-70%,13-24 months,68.0,1,True Positive
0.74913317,1,1,3,69.35,0,1,High Risk,Month 5,5,623.4286240739999,70-80%,0-12 months,74.9,1,True Positive
0.7298764,1,0,21,86.05,1,1,High Risk,Month 5,5,753.6703706399999,70-80%,13-24 months,73.0,0,False Positive
0.04380634,0,0,67,36.15,3,2,Low Risk,Month 5,5,19.003190292,0-10%,49+ months,4.4,1,True Negative
0.0743265,0,0,34,20.1,2,0,Low Risk,Month 4,4,17.927551800000003,0-10%,25-48 months,7.4,1,True Negative
0.70485264,1,1,18,90.7,1,1,High Risk,Month 5,5,767.1616133760001,70-80%,13-24 months,70.5,1,True Positive
0.018504921,0,0,72,88.7,3,4,Low Risk,Month 2,2,19.696637912400004,0-10%,49+ months,1.9,1,True Negative
0.639104,1,1,18,95.15,1,1,High Risk,Month 6,6,729.7289472000001,60-70%,13-24 months,63.9,1,True Positive
0.76489633,1,1,3,75.0,0,0,High Risk,Month 6,6,688.406697,70-80%,0-12 months,76.5,1,True Positive
0.7840585,1,1,1,49.95,0,0,High Risk,Month 1,1,469.96466490000006,70-80%,0-12 months,78.4,1,True Positive
0.6368126,1,1,10,72.15,0,0,High Risk,Month 5,5,551.35234908,60-70%,0-12 months,63.7,1,True Positive
0.24273846,0,0,10,20.9,0,0,Low Risk,Month 2,2,60.87880576799999,20-30%,0-12 months,24.3,1,True Negative
0.067410424,0,0,29,20.0,2,0,Low Risk,Month 3,3,16.17850176,0-10%,25-48 months,6.7,1,True Negative
0.73642975,1,1,34,94.25,2,2,High Risk,Month 5,5,832.90204725,70-80%,25-48 months,73.6,1,True Positive
0.94300675,1,1,7,101.95,0,1,High Risk,Month 2,2,1153.67445795,90-100%,0-12 months,94.3,1,True Positive
0.066881984,0,0,69,86.9,3,3,Low Risk,Month 5,5,69.74453291520001,0-10%,49+ months,6.7,1,True Negative
0.07640682,0,0,36,54.45,2,1,Low Risk,Month 5,5,49.92421618800001,0-10%,25-48 months,7.6,1,True Negative
0.019689806,0,0,72,85.95,3,3,Low Risk,Month 4,4,20.308065908400003,0-10%,49+ months,2.0,1,True Negative
0.061769933,0,0,42,20.65,2,0,Low Risk,Month 1,1,15.306589397399998,0-10%,25-48 months,6.2,1,True Negative
0.44309035,0,0,42,99.0,2,3,Medium Risk,Month 3,3,526.3913358,40-50%,25-48 months,44.3,1,True Negative
0.07999807,0,0,67,43.9,3,2,Low Risk,Month 4,4,42.142983275999995,0-10%,49+ months,8.0,1,True Negative
0.7982589,1,0,21,95.4,1,0,High Risk,Month 6,6,913.8467887200002,70-80%,13-24 months,79.8,0,False Positive
0.8502623,1,0,23,93.5,1,0,High Risk,Month 5,5,953.9943006,80-90%,13-24 months,85.0,0,False Positive
0.6449758,1,1,15,86.2,1,1,High Risk,Month 3,3,667.16296752,60-70%,13-24 months,64.5,1,True Positive
0.1454125,0,0,34,64.2,2,2,Low Risk,Month 5,5,112.02579000000001,10-20%,25-48 months,14.5,1,True Negative
0.9444545,1,1,7,99.25,0,1,High Risk,Month 4,4,1124.8453095,90-100%,0-12 months,94.4,1,True Positive
0.19959088,0,0,9,20.4,0,0,Low Risk,Month 5,5,48.859847423999994,10-20%,0-12 months,20.0,1,True Negative
0.23580801,0,0,34,24.7,2,0,Low Risk,Month 2,2,69.893494164,20-30%,25-48 months,23.6,1,True Negative
0.89329576,1,1,1,35.55,0,0,High Risk,Month 5,5,381.079971216,80-90%,0-12 months,89.3,1,True Positive
0.34598556,0,0,25,108.9,2,3,Medium Risk,Month 4,4,452.1339298080001,30-40%,25-48 months,34.6,1,True Negative
0.022101007,0,0,72,115.5,3,4,Low Risk,Month 6,6,30.631995701999998,0-10%,49+ months,2.2,1,True Negative
0.667665,1,1,1,20.55,0,0,High Risk,Month 3,3,164.646189,60-70%,0-12 months,66.8,1,True Positive
0.67793155,1,0,60,99.8,3,1,High Risk,Month 5,5,811.89082428,60-70%,49+ months,67.8,0,False Positive
0.1366119,0,0,43,84.25,2,3,Low Risk,Month 6,6,138.1146309,10-20%,25-48 months,13.7,1,True Negative
0.091959015,0,0,3,21.2,0,0,Low Risk,Month 2,2,23.394373416,0-10%,0-12 months,9.2,1,True Negative
0.03576875,0,0,72,84.1,3,3,Low Risk,Month 6,6,36.0978225,0-10%,49+ months,3.6,1,True Negative
0.68153757,1,1,2,45.35,0,0,High Risk,Month 5,5,370.8927455940001,60-70%,0-12 months,68.2,1,True Positive
0.6594354,1,0,10,98.9,0,2,High Risk,Month 1,1,782.6179327200001,60-70%,0-12 months,65.9,0,False Positive
0.9122685,1,1,7,98.05,0,1,High Risk,Month 3,3,1073.3751171,90-100%,0-12 months,91.2,1,True Positive
0.11816003,0,0,33,51.45,2,1,Low Risk,Month 5,5,72.95200252200002,10-20%,25-48 months,11.8,1,True Negative
0.7249317,1,0,31,81.15,2,1,High Risk,Month 1,1,705.93848946,70-80%,25-48 months,72.5,0,False Positive
0.7432441,1,0,38,94.75,2,0,High Risk,Month 4,4,845.0685417,70-80%,25-48 months,74.3,0,False Positive
0.65051174,1,0,24,84.35,1,2,High Risk,Month 3,3,658.447983228,60-70%,13-24 months,65.1,0,False Positive
0.30377996,0,0,28,59.55,2,1,Medium Risk,Month 4,4,217.081159416,30-40%,25-48 months,30.4,1,True Negative
0.021803927,0,0,72,38.5,3,3,Low Risk,Month 1,1,10.073414274000001,0-10%,49+ months,2.2,1,True Negative
0.18291686,0,0,20,19.25,1,0,Low Risk,Month 6,6,42.25379466,10-20%,13-24 months,18.3,1,True Negative
0.11938349,0,0,60,79.0,3,3,Low Risk,Month 6,6,113.17554851999999,10-20%,49+ months,11.9,1,True Negative
0.91734576,1,1,4,89.2,0,1,High Risk,Month 6,6,981.926901504,90-100%,0-12 months,91.7,1,True Positive
0.25353643,0,0,46,55.0,2,1,Low Risk,Month 5,5,167.3340438,20-30%,25-48 months,25.4,1,True Negative
0.01571094,0,0,72,82.3,3,4,Low Risk,Month 2,2,15.516124343999998,0-10%,49+ months,1.6,1,True Negative
0.670844,1,1,41,113.2,2,3,High Risk,Month 5,5,911.2744896,60-70%,25-48 months,67.1,1,True Positive
0.47541735,0,0,65,100.75,3,1,Medium Risk,Month 1,1,574.77957615,40-50%,49+ months,47.5,1,True Negative
0.35311344,0,0,43,29.3,2,1,Medium Risk,Month 1,1,124.15468550400001,30-40%,25-48 months,35.3,1,True Negative
0.16288333,0,0,21,64.85,1,2,Low Risk,Month 3,3,126.75580740599999,10-20%,13-24 months,16.3,1,True Negative
0.07204997,0,0,54,20.4,3,0,Low Risk,Month 4,4,17.637832656,0-10%,49+ months,7.2,1,True Negative
0.43639863,0,1,61,104.4,3,2,Medium Risk,Month 5,5,546.7202036640001,40-50%,49+ months,43.6,0,False Negative
0.3887322,0,0,20,55.0,1,4,Medium Risk,Month 5,5,256.56325200000003,30-40%,13-24 months,38.9,1,True Negative
0.5518686,1,0,69,105.2,3,2,Medium Risk,Month 4,4,696.6789206400001,50-60%,49+ months,55.2,0,False Positive
0.8458274,1,0,1,45.2,0,0,High Risk,Month 3,3,458.77678176000006,80-90%,0-12 months,84.6,0,False Positive
0.37233672,0,0,33,93.55,2,3,Medium Risk,Month 6,6,417.985201872,30-40%,25-48 months,37.2,1,True Negative
0.031168977,0,0,19,20.85,1,0,Low Risk,Month 3,3,7.7984780454000004,0-10%,13-24 months,3.1,1,True Negative
0.82456607,1,1,2,79.0,0,0,High Risk,Month 4,4,781.68863436,80-90%,0-12 months,82.5,1,True Positive
0.34296015,0,0,13,63.15,1,2,Medium Risk,Month 2,2,259.89520167,30-40%,13-24 months,34.3,1,True Negative
0.7930123,1,0,1,45.8,0,0,High Risk,Month 5,5,435.83956007999996,70-80%,0-12 months,79.3,0,False Positive
0.26247716,0,0,55,55.7,3,2,Low Risk,Month 5,5,175.43973374400002,20-30%,49+ months,26.2,1,True Negative
0.8660064,1,0,22,95.1,1,0,High Risk,Month 2,2,988.2865036799998,80-90%,13-24 months,86.6,0,False Positive
0.7067577,1,1,27,75.5,2,0,High Risk,Month 1,1,640.3224762000001,70-80%,25-48 months,70.7,1,True Positive
0.7114947,1,1,13,89.05,1,2,High Risk,Month 5,5,760.30323642,70-80%,13-24 months,71.1,1,True Positive
0.11418063,0,0,26,50.35,2,1,Low Risk,Month 5,5,68.98793664600001,10-20%,25-48 months,11.4,1,True Negative
0.027784148,0,0,35,20.1,2,0,Low Risk,Month 3,3,6.701536497600001,0-10%,25-48 months,2.8,1,True Negative
0.6483085,1,0,56,104.75,3,2,High Risk,Month 6,6,814.9237844999999,60-70%,49+ months,64.8,0,False Positive
0.9661549,1,1,1,95.45,0,0,High Risk,Month 2,2,1106.6338224600001,90-100%,0-12 months,96.6,1,True Positive
0.9342951,1,0,1,74.3,0,0,High Risk,Month 4,4,833.0175111599999,90-100%,0-12 months,93.4,0,False Positive
0.7608911,1,1,23,90.6,1,1,High Risk,Month 6,6,827.24080392,70-80%,13-24 months,76.1,1,True Positive
0.7668846,1,1,7,75.45,0,0,High Risk,Month 3,3,694.3373168400001,70-80%,0-12 months,76.7,1,True Positive
0.76236147,1,0,22,104.6,1,3,High Risk,Month 5,5,956.9161171439998,70-80%,13-24 months,76.2,0,False Positive
0.043708857,0,0,56,59.5,3,2,Low Risk,Month 3,3,31.208123897999997,0-10%,49+ months,4.4,1,True Negative
0.086006396,0,0,71,82.55,3,3,Low Risk,Month 3,3,85.19793587759999,0-10%,49+ months,8.6,1,True Negative
0.03990327,0,0,59,19.85,3,0,Low Risk,Month 6,6,9.504958914,0-10%,49+ months,4.0,1,True Negative
0.797388,1,1,18,96.05,1,1,High Risk,Month 3,3,919.0694087999999,70-80%,13-24 months,79.7,1,True Positive
0.02383089,0,0,60,61.35,3,3,Low Risk,Month 6,6,17.544301218,0-10%,49+ months,2.4,1,True Negative
0.46015105,0,0,8,44.45,0,0,Medium Risk,Month 2,2,245.44457007000005,40-50%,0-12 months,46.0,1,True Negative
0.6237858,1,0,1,19.75,0,0,High Risk,Month 2,2,147.8372346,60-70%,0-12 months,62.4,0,False Positive
0.9138005,1,1,1,70.45,0,0,High Risk,Month 1,1,772.5269427000001,90-100%,0-12 months,91.4,1,True Positive
0.25211796,0,0,28,82.85,2,1,Low Risk,Month 5,5,250.65567583199996,20-30%,25-48 months,25.2,1,True Negative
0.5543897,1,0,18,74.15,1,0,Medium Risk,Month 3,3,493.29595506000004,50-60%,13-24 months,55.4,0,False Positive
0.8113702,1,1,24,90.35,1,0,High Risk,Month 6,6,879.6875708399999,80-90%,13-24 months,81.1,1,True Positive
0.03826169,0,0,68,60.3,3,3,Low Risk,Month 4,4,27.686158883999997,0-10%,49+ months,3.8,1,True Negative
0.27111724,0,0,71,104.65,3,3,Low Risk,Month 6,6,340.469029992,20-30%,49+ months,27.1,1,True Negative
0.03808703,0,0,64,19.7,3,0,Low Risk,Month 2,2,9.003773892,0-10%,49+ months,3.8,1,True Negative
0.06136234,0,0,72,110.75,3,3,Low Risk,Month 6,6,81.55054986,0-10%,49+ months,6.1,1,True Negative
0.32671645,0,0,69,110.25,3,3,Medium Risk,Month 5,5,432.24586335,30-40%,49+ months,32.7,1,True Negative
0.27076313,0,0,67,53.4,3,2,Low Risk,Month 5,5,173.505013704,20-30%,49+ months,27.1,1,True Negative
0.64817786,1,0,20,80.7,1,0,High Risk,Month 5,5,627.6954396240001,60-70%,13-24 months,64.8,0,False Positive
0.024777671,0,0,25,18.7,2,0,Low Risk,Month 5,5,5.5601093723999995,0-10%,25-48 months,2.5,1,True Negative
0.09512388,0,0,50,89.7,3,2,Low Risk,Month 4,4,102.391344432,0-10%,49+ months,9.5,1,True Negative
0.6443331,1,0,6,48.95,0,0,High Risk,Month 2,2,378.4812629400001,60-70%,0-12 months,64.4,0,False Positive
0.44307703,0,1,2,19.6,0,0,Medium Risk,Month 1,1,104.211717456,40-50%,0-12 months,44.3,0,False Negative
0.06666053,0,0,18,20.1,1,0,Low Risk,Month 6,6,16.078519836,0-10%,13-24 months,6.7,1,True Negative
0.7634229,1,0,2,56.55,0,1,High Risk,Month 4,4,518.0587799399999,70-80%,0-12 months,76.3,0,False Positive
0.7380277,1,1,3,40.15,0,1,High Risk,Month 5,5,355.58174585999996,70-80%,0-12 months,73.8,1,True Positive
0.49053216,0,0,9,69.4,0,1,Medium Risk,Month 4,4,408.51518284800005,40-50%,0-12 months,49.1,1,True Negative
0.9359211,1,1,1,69.9,0,0,High Risk,Month 2,2,785.0506186800001,90-100%,0-12 months,93.6,1,True Positive
0.15199955,0,0,70,113.65,3,4,Low Risk,Month 2,2,207.29698629000004,10-20%,49+ months,15.2,1,True Negative
0.67366606,1,1,46,96.05,2,0,High Risk,Month 5,5,776.4675007559999,60-70%,25-48 months,67.4,1,True Positive
0.53728724,1,0,15,48.8,1,0,Medium Risk,Month 4,4,314.63540774399996,50-60%,13-24 months,53.7,0,False Positive
0.08685233,0,0,53,19.85,3,0,Low Risk,Month 2,2,20.688225006000003,0-10%,49+ months,8.7,1,True Negative
0.8831226,1,1,1,55.4,0,0,High Risk,Month 4,4,587.09990448,80-90%,0-12 months,88.3,1,True Positive
0.16627161,0,0,29,19.35,2,0,Low Risk,Month 1,1,38.608267842,10-20%,25-48 months,16.6,1,True Negative
0.95424074,1,1,1,77.15,0,0,High Risk,Month 4,4,883.4360770920001,90-100%,0-12 months,95.4,1,True Positive
0.047833834,0,0,69,60.05,3,3,Low Risk,Month 3,3,34.46906078039999,0-10%,49+ months,4.8,1,True Negative
0.086076535,0,0,63,36.1,3,2,Low Risk,Month 5,5,37.288354962,0-10%,49+ months,8.6,1,True Negative
0.08954207,0,0,51,25.0,3,0,Low Risk,Month 3,3,26.862621,0-10%,49+ months,9.0,1,True Negative
0.28156975,0,0,64,73.55,3,1,Low Risk,Month 4,4,248.51346134999997,20-30%,49+ months,28.2,1,True Negative
0.28026736,0,0,52,84.05,3,3,Low Risk,Month 1,1,282.677659296,20-30%,49+ months,28.0,1,True Negative
0.040694464,0,0,70,59.5,3,3,Low Risk,Month 1,1,29.055847296,0-10%,49+ months,4.1,1,True Negative
0.38233623,0,0,9,54.8,0,2,Medium Risk,Month 3,3,251.42430484799996,30-40%,0-12 months,38.2,1,True Negative
0.7803978,1,1,3,83.75,0,1,High Risk,Month 4,4,784.299789,70-80%,0-12 months,78.0,1,True Positive
0.06793325,0,0,70,74.8,3,3,Low Risk,Month 4,4,60.97688519999999,0-10%,49+ months,6.8,1,True Negative
0.81171274,1,0,21,84.1,1,0,High Risk,Month 3,3,819.180497208,80-90%,13-24 months,81.2,0,False Positive
0.8160115,1,1,5,75.55,0,1,High Risk,Month 5,5,739.7960258999999,80-90%,0-12 months,81.6,1,True Positive
0.66658986,1,0,20,108.2,1,4,High Risk,Month 6,6,865.500274224,60-70%,13-24 months,66.7,0,False Positive
0.05781608,0,0,72,109.75,3,3,Low Risk,Month 5,5,76.14377736,0-10%,49+ months,5.8,1,True Negative
0.0106134,0,0,72,20.3,3,0,Low Risk,Month 1,1,2.5854242400000005,0-10%,49+ months,1.1,1,True Negative
0.8650622,1,1,2,70.65,0,0,High Risk,Month 4,4,733.3997331600001,80-90%,0-12 months,86.5,1,True Positive
0.5409197,1,0,23,75.3,1,1,Medium Risk,Month 2,2,488.77504092,50-60%,13-24 months,54.1,0,False Positive
0.3489085,0,1,4,20.95,0,0,Medium Risk,Month 2,2,87.7155969,30-40%,0-12 months,34.9,0,False Negative
0.6192461,1,1,32,80.35,2,1,High Risk,Month 6,6,597.0770896199999,60-70%,25-48 months,61.9,1,True Positive
0.22775252,0,0,36,89.65,2,3,Low Risk,Month 2,2,245.01616101600007,20-30%,25-48 months,22.8,1,True Negative
0.33848414,0,0,24,49.7,1,1,Medium Risk,Month 4,4,201.87194109600003,30-40%,13-24 months,33.8,1,True Negative
0.5270694,1,0,6,49.5,0,1,Medium Risk,Month 4,4,313.07922360000003,50-60%,0-12 months,52.7,0,False Positive
0.04600296,0,0,23,59.7,1,2,Low Risk,Month 5,5,32.95652054400001,0-10%,13-24 months,4.6,1,True Negative
0.03412938,0,0,48,20.65,2,0,Low Risk,Month 4,4,8.457260364,0-10%,25-48 months,3.4,1,True Negative
0.28830302,0,0,28,54.9,2,1,Low Risk,Month 1,1,189.934029576,20-30%,25-48 months,28.8,1,True Negative
0.6326338,1,1,52,49.15,3,1,High Risk,Month 3,3,373.12741524,60-70%,49+ months,63.3,1,True Positive
0.8914037,1,0,3,74.95,0,0,High Risk,Month 4,4,801.7284877800001,80-90%,0-12 months,89.1,0,False Positive
0.8172998,1,1,2,80.55,0,0,High Risk,Month 1,1,790.00198668,80-90%,0-12 months,81.7,1,True Positive
0.09906383,0,0,4,19.95,0,0,Low Risk,Month 3,3,23.715880902,0-10%,0-12 months,9.9,1,True Negative
0.84129256,1,1,5,69.7,0,0,High Risk,Month 1,1,703.657097184,80-90%,0-12 months,84.1,1,True Positive
0.94325095,1,1,1,69.6,0,0,High Risk,Month 1,1,787.80319344,90-100%,0-12 months,94.3,1,True Positive
0.024929095,0,0,66,19.75,3,0,Low Risk,Month 3,3,5.908195514999999,0-10%,49+ months,2.5,1,True Negative
0.6220215,1,0,52,102.7,3,2,High Risk,Month 2,2,766.5792966,60-70%,49+ months,62.2,0,False Positive
0.8142797,1,1,1,24.6,0,0,High Risk,Month 4,4,240.37536744000005,80-90%,0-12 months,81.4,1,True Positive
0.302755,0,0,35,89.2,2,2,Medium Risk,Month 5,5,324.068952,30-40%,25-48 months,30.3,1,True Negative
0.65065354,1,0,3,55.8,0,2,High Risk,Month 5,5,435.67761038399993,60-70%,0-12 months,65.1,0,False Positive
0.4833475,0,0,66,102.85,3,2,Medium Risk,Month 2,2,596.5474844999999,40-50%,49+ months,48.3,1,True Negative
0.0906751,0,0,59,68.7,3,2,Low Risk,Month 2,2,74.75255244,0-10%,49+ months,9.1,1,True Negative
0.030442625,0,0,52,25.75,3,0,Low Risk,Month 2,2,9.406771125,0-10%,49+ months,3.0,1,True Negative
0.8683497,1,0,8,73.5,0,0,High Risk,Month 5,5,765.8844354,80-90%,0-12 months,86.8,0,False Positive
0.71938556,1,0,5,53.8,0,1,High Risk,Month 5,5,464.4353175359999,70-80%,0-12 months,71.9,0,False Positive
0.8487354,1,1,4,44.55,0,0,High Risk,Month 1,1,453.73394483999994,80-90%,0-12 months,84.9,1,True Positive
0.045759052,0,0,50,70.5,3,2,Low Risk,Month 6,6,38.712157992,0-10%,49+ months,4.6,1,True Negative
0.13903043,0,0,62,108.15,3,4,Low Risk,Month 1,1,180.43369205400003,10-20%,49+ months,13.9,1,True Negative
0.05324867,0,0,61,19.45,3,0,Low Risk,Month 4,4,12.428239577999998,0-10%,49+ months,5.3,1,True Negative
0.4598712,0,0,55,85.5,3,0,Medium Risk,Month 5,5,471.8278512,40-50%,49+ months,46.0,1,True Negative
0.27084997,0,0,5,20.05,0,0,Low Risk,Month 6,6,65.16650278200001,20-30%,0-12 months,27.1,1,True Negative
0.10485516,0,0,35,54.95,2,2,Low Risk,Month 5,5,69.14149250400001,10-20%,25-48 months,10.5,1,True Negative
0.64745855,1,0,22,89.1,1,1,High Risk,Month 5,5,692.2626816599999,60-70%,13-24 months,64.7,0,False Positive
0.06619906,0,0,57,53.35,3,2,Low Risk,Month 3,3,42.38063821200001,0-10%,49+ months,6.6,1,True Negative
0.5670141,1,1,57,95.25,3,2,Medium Risk,Month 5,5,648.0971162999999,50-60%,49+ months,56.7,1,True Positive
0.029693358,0,0,64,19.45,3,0,Low Risk,Month 1,1,6.930429757199999,0-10%,49+ months,3.0,1,True Negative
0.347367,0,0,26,95.85,2,3,Medium Risk,Month 6,6,399.5415233999999,30-40%,25-48 months,34.7,1,True Negative
0.35760313,0,0,39,99.1,2,2,Medium Risk,Month 4,4,425.2616421959999,30-40%,25-48 months,35.8,1,True Negative
0.4226005,0,0,19,59.8,1,1,Medium Risk,Month 5,5,303.2581188,40-50%,13-24 months,42.3,1,True Negative
0.6204724,1,1,31,93.8,2,2,High Risk,Month 4,4,698.40373344,60-70%,25-48 months,62.0,1,True Positive
0.2579274,0,0,6,19.85,0,0,Low Risk,Month 5,5,61.43830668,20-30%,0-12 months,25.8,1,True Negative
0.14617836,0,0,52,89.45,3,1,Low Risk,Month 4,4,156.90785162400002,10-20%,49+ months,14.6,1,True Negative
0.27039889,0,0,53,85.7,3,3,Low Risk,Month 5,5,278.078218476,20-30%,49+ months,27.0,1,True Negative
0.48683748,0,1,56,111.95,3,3,Medium Risk,Month 1,1,654.017470632,40-50%,49+ months,48.7,0,False Negative
0.042108044,0,0,56,75.85,3,3,Low Risk,Month 1,1,38.326741648799995,0-10%,49+ months,4.2,1,True Negative
0.7881688,1,1,49,99.8,3,1,High Risk,Month 2,2,943.91095488,70-80%,49+ months,78.8,1,True Positive
0.0459884,0,0,39,25.0,2,0,Low Risk,Month 2,2,13.79652,0-10%,25-48 months,4.6,1,True Negative
0.603125,1,1,61,99.15,3,1,High Risk,Month 6,6,717.5981250000001,60-70%,49+ months,60.3,1,True Positive
0.25578037,0,0,43,34.0,2,2,Low Risk,Month 2,2,104.35839096,20-30%,25-48 months,25.6,1,True Negative
0.123143554,0,0,5,19.55,0,0,Low Risk,Month 6,6,28.889477768400003,10-20%,0-12 months,12.3,1,True Negative
0.22445343,0,0,11,20.3,0,0,Low Risk,Month 3,3,54.676855548000006,20-30%,0-12 months,22.4,1,True Negative
0.34957433,0,0,2,24.85,0,0,Medium Risk,Month 2,2,104.24306520600001,30-40%,0-12 months,35.0,1,True Negative
0.8400355,1,1,13,96.65,1,2,High Risk,Month 5,5,974.2731729000002,80-90%,13-24 months,84.0,1,True Positive
0.015937435,0,0,72,81.0,3,4,Low Risk,Month 5,5,15.49118682,0-10%,49+ months,1.6,1,True Negative
0.2544701,0,0,46,69.1,2,2,Low Risk,Month 4,4,211.00660691999997,20-30%,25-48 months,25.4,1,True Negative
0.3283702,0,0,71,108.55,3,3,Medium Risk,Month 4,4,427.73502252,30-40%,49+ months,32.8,1,True Negative
0.6450872,1,1,36,87.55,2,2,High Risk,Month 5,5,677.7286123199999,60-70%,25-48 months,64.5,1,True Positive
0.38799784,0,0,64,108.5,3,3,Medium Risk,Month 2,2,505.17318767999996,30-40%,49+ months,38.8,1,True Negative
0.81415266,1,1,1,75.3,0,1,High Risk,Month 6,6,735.6683435759999,80-90%,0-12 months,81.4,1,True Positive
0.7976801,1,1,15,84.3,1,1,High Risk,Month 6,6,806.93318916,70-80%,13-24 months,79.8,1,True Positive
0.053694114,0,0,36,20.0,2,0,Low Risk,Month 5,5,12.88658736,0-10%,25-48 months,5.4,1,True Negative
0.09446194,0,0,6,40.55,0,3,Low Risk,Month 2,2,45.965180004,0-10%,0-12 months,9.4,1,True Negative
0.31663138,0,0,30,50.0,2,1,Medium Risk,Month 5,5,189.97882800000002,30-40%,25-48 months,31.7,1,True Negative
0.87848955,1,1,1,59.85,0,0,High Risk,Month 1,1,630.93119481,80-90%,0-12 months,87.8,1,True Positive
0.8276671,1,1,13,80.85,1,0,High Risk,Month 1,1,803.00262042,80-90%,13-24 months,82.8,1,True Positive
0.032065827,0,0,61,20.4,3,0,Low Risk,Month 3,3,7.849714449599999,0-10%,49+ months,3.2,1,True Negative
0.06077488,0,0,72,107.7,3,3,Low Risk,Month 4,4,78.54545491200001,0-10%,49+ months,6.1,1,True Negative
0.060263306,0,0,67,74.0,3,3,Low Risk,Month 6,6,53.513815728000004,0-10%,49+ months,6.0,1,True Negative
0.2445088,0,0,34,79.95,2,3,Low Risk,Month 5,5,234.58174272000002,20-30%,25-48 months,24.5,1,True Negative
0.010695241,0,0,72,20.5,3,0,Low Risk,Month 5,5,2.631029286,0-10%,49+ months,1.1,1,True Negative
0.056667466,0,0,46,65.65,2,4,Low Risk,Month 3,3,44.6426297148,0-10%,25-48 months,5.7,1,True Negative
0.8155702,1,1,7,75.1,0,0,High Risk,Month 3,3,734.9918642399999,80-90%,0-12 months,81.6,1,True Positive
0.71189564,1,1,7,76.45,0,1,High Risk,Month 3,3,653.0930601360001,70-80%,0-12 months,71.2,1,True Positive
0.012620897,0,0,72,67.8,3,4,Low Risk,Month 6,6,10.2683617992,0-10%,49+ months,1.3,1,True Negative
0.6954241,1,0,32,86.1,2,1,High Risk,Month 1,1,718.5121801199998,60-70%,25-48 months,69.5,0,False Positive
0.07717283,0,0,39,53.85,2,1,Low Risk,Month 6,6,49.869082746000004,0-10%,25-48 months,7.7,1,True Negative
0.29657337,0,0,47,96.1,2,3,Low Risk,Month 4,4,342.0084102839999,20-30%,25-48 months,29.7,1,True Negative
0.68291044,1,1,50,95.05,3,2,High Risk,Month 4,4,778.9276478639999,60-70%,49+ months,68.3,1,True Positive
0.11021319,0,0,58,19.55,3,0,Low Risk,Month 5,5,25.856014374000004,10-20%,49+ months,11.0,1,True Negative
0.5539841,1,0,41,81.3,2,1,Medium Risk,Month 4,4,540.4668879599999,50-60%,25-48 months,55.4,0,False Positive
0.9239136,1,0,4,83.25,0,0,High Risk,Month 6,6,922.9896864,90-100%,0-12 months,92.4,0,False Positive
0.17412493,0,0,32,61.4,2,3,Low Risk,Month 6,6,128.295248424,10-20%,25-48 months,17.4,1,True Negative
0.62260884,1,0,1,20.75,0,0,High Risk,Month 3,3,155.02960116000003,60-70%,0-12 months,62.3,0,False Positive
0.04396196,0,0,19,19.65,1,0,Low Risk,Month 3,3,10.366230168,0-10%,13-24 months,4.4,1,True Negative
0.46008852,0,0,62,104.85,3,2,Medium Risk,Month 4,4,578.883375864,40-50%,49+ months,46.0,1,True Negative
0.22704643,0,0,1,74.1,0,2,Low Risk,Month 6,6,201.889685556,20-30%,0-12 months,22.7,1,True Negative
0.38579607,0,1,12,61.65,0,3,Medium Risk,Month 2,2,285.411932586,30-40%,0-12 months,38.6,0,False Negative
0.37595248,0,1,48,45.3,2,2,Medium Risk,Month 4,4,204.36776812799997,30-40%,25-48 months,37.6,0,False Negative
0.5303576,1,0,3,64.5,0,2,Medium Risk,Month 5,5,410.4967824,50-60%,0-12 months,53.0,0,False Positive
0.58522403,1,0,40,78.85,2,1,Medium Risk,Month 5,5,553.7389771859999,50-60%,25-48 months,58.5,0,False Positive
0.4890484,0,0,19,25.15,1,0,Medium Risk,Month 2,2,147.59480711999998,40-50%,13-24 months,48.9,1,True Negative
0.93045217,1,1,1,70.25,0,0,High Risk,Month 5,5,784.37117931,90-100%,0-12 months,93.0,1,True Positive
0.027018469,0,0,67,24.9,3,0,Low Risk,Month 6,6,8.0731185372,0-10%,49+ months,2.7,1,True Negative
0.6666062,1,0,16,100.7,1,2,High Risk,Month 2,2,805.52693208,60-70%,13-24 months,66.7,0,False Positive
0.66562116,1,0,1,19.55,0,0,High Risk,Month 2,2,156.15472413600003,60-70%,0-12 months,66.6,0,False Positive
0.057997063,0,0,21,53.15,1,4,Low Risk,Month 6,6,36.9905267814,0-10%,13-24 months,5.8,1,True Negative
0.45754924,0,0,29,35.65,2,2,Medium Risk,Month 2,2,195.739564872,40-50%,25-48 months,45.8,1,True Negative
0.31356868,0,0,20,94.3,1,3,Medium Risk,Month 6,6,354.83431828799996,30-40%,13-24 months,31.4,1,True Negative
0.7833292,1,1,13,94.1,1,2,High Risk,Month 4,4,884.5353326399998,70-80%,13-24 months,78.3,1,True Positive
0.6541748,1,1,9,29.95,0,1,High Risk,Month 2,2,235.11042311999998,60-70%,0-12 months,65.4,1,True Positive
0.055009056,0,0,51,83.25,3,4,Low Risk,Month 6,6,54.954046944,0-10%,49+ months,5.5,1,True Negative
0.14897613,0,0,60,79.05,3,3,Low Risk,Month 4,4,141.318756918,10-20%,49+ months,14.9,1,True Negative
0.74817985,1,1,20,79.15,1,1,High Risk,Month 4,4,710.6212215300001,70-80%,13-24 months,74.8,1,True Positive
0.63550574,1,1,9,34.7,0,0,High Risk,Month 3,3,264.62459013600005,60-70%,0-12 months,63.6,1,True Positive
0.8373534,1,1,8,80.65,0,1,High Risk,Month 4,4,810.3906205200001,80-90%,0-12 months,83.7,1,True Positive
0.0671907,0,0,63,79.8,3,2,Low Risk,Month 2,2,64.34181432,0-10%,49+ months,6.7,1,True Negative
0.27819222,0,0,10,65.9,0,2,Low Risk,Month 3,3,219.99440757600001,20-30%,0-12 months,27.8,1,True Negative
0.5486906,1,0,3,69.95,0,1,Medium Risk,Month 6,6,460.5708896400001,50-60%,0-12 months,54.9,0,False Positive
0.058205012,0,0,44,20.6,2,0,Low Risk,Month 3,3,14.388278966400001,0-10%,25-48 months,5.8,1,True Negative
0.43386918,0,0,8,51.3,0,1,Medium Risk,Month 5,5,267.089867208,40-50%,0-12 months,43.4,1,True Negative
0.4131579,0,1,61,106.0,3,2,Medium Risk,Month 3,3,525.5368488,40-50%,49+ months,41.3,0,False Negative
0.72134423,1,0,43,99.3,2,1,High Risk,Month 5,5,859.553784468,70-80%,25-48 months,72.1,0,False Positive
0.24638735,0,0,43,56.35,2,0,Low Risk,Month 2,2,166.60712607000002,20-30%,25-48 months,24.6,1,True Negative
0.67066,1,1,5,50.6,0,0,High Risk,Month 6,6,407.224752,60-70%,0-12 months,67.1,1,True Positive
0.08554479,0,0,29,69.05,2,2,Low Risk,Month 4,4,70.88241299399999,0-10%,25-48 months,8.6,1,True Negative
0.7885642,1,0,54,99.05,3,1,High Risk,Month 2,2,937.28740812,70-80%,49+ months,78.9,0,False Positive
0.5707562,1,0,50,98.25,3,1,Medium Risk,Month 1,1,672.9215598000001,50-60%,49+ months,57.1,0,False Positive
0.09958673,0,0,68,88.15,3,4,Low Risk,Month 2,2,105.34284299400002,0-10%,49+ months,10.0,1,True Negative
0.93357384,1,1,1,69.25,0,0,High Risk,Month 4,4,775.79986104,90-100%,0-12 months,93.4,1,True Positive
0.047247473,0,0,72,108.3,3,4,Low Risk,Month 3,3,61.402815910799994,0-10%,49+ months,4.7,1,True Negative
0.575967,1,0,55,73.1,3,0,Medium Risk,Month 5,5,505.23825239999996,50-60%,49+ months,57.6,0,False Positive
0.79505986,1,0,3,70.3,0,0,High Risk,Month 4,4,670.7124978959998,70-80%,0-12 months,79.5,0,False Positive
0.34697244,0,0,1,19.05,0,0,Medium Risk,Month 2,2,79.317899784,30-40%,0-12 months,34.7,1,True Negative
0.04446096,0,0,7,19.85,0,0,Low Risk,Month 4,4,10.590600672,0-10%,0-12 months,4.4,1,True Negative
0.8578941,1,1,9,84.4,0,0,High Risk,Month 5,5,868.87514448,80-90%,0-12 months,85.8,1,True Positive
0.107700504,0,0,37,35.8,2,0,Low Risk,Month 2,2,46.2681365184,10-20%,25-48 months,10.8,1,True Negative
0.045572586,0,0,62,86.1,3,4,Low Risk,Month 2,2,47.08559585519999,0-10%,49+ months,4.6,1,True Negative
0.03444982,0,0,56,61.3,3,3,Low Risk,Month 1,1,25.341287591999997,0-10%,49+ months,3.4,1,True Negative
0.0689696,0,0,27,24.5,2,0,Low Risk,Month 5,5,20.277062400000002,0-10%,25-48 months,6.9,1,True Negative
0.11233233,0,0,49,87.2,3,4,Low Risk,Month 5,5,117.54455011200001,10-20%,49+ months,11.2,1,True Negative
0.030650198,0,0,28,20.3,2,0,Low Risk,Month 4,4,7.466388232800001,0-10%,25-48 months,3.1,1,True Negative
0.3093343,0,0,5,20.65,0,0,Medium Risk,Month 5,5,76.65303954,30-40%,0-12 months,30.9,1,True Negative
0.11019997,0,0,56,19.7,3,0,Low Risk,Month 5,5,26.051272907999998,10-20%,49+ months,11.0,1,True Negative
0.014912521,0,0,72,70.45,3,4,Low Risk,Month 4,4,12.6070452534,0-10%,49+ months,1.5,1,True Negative
