gender,SeniorCitizen,Partner,Dependents,tenure,PhoneService,MultipleLines,OnlineSecurity,OnlineBackup,DeviceProtection,TechSupport,StreamingTV,StreamingMovies,PaperlessBilling,MonthlyCharges,TotalCharges,Contract_Month-to-month,Contract_One year,Contract_Two year,InternetService_DSL,InternetService_Fiber optic,InternetService_No,PaymentMethod_Bank transfer (automatic),PaymentMethod_Credit card (automatic),PaymentMethod_Electronic check,PaymentMethod_Mailed check,tenure_group,avg_monthly_spend_ratio,support_score,streaming_count,is_high_value,engagement_score,churn_probability
0.094305106,-0.008657775,-0.00046253228,-0.19993193,-0.76328295,-0.0061427783,0.05096896,-0.23057072,-0.04473916,0.009073228,-0.09446543,0.02028585,0.048644993,0.050429177,0.27742812,-0.23732127,-1.0403492,-0.17176725,-0.3749773,0.0022200078,0.19698866,0.04918642,-0.008016503,0.01738649,-0.14666529,0.0034260422,-0.008959781,0.2598147,-0.31876022,0.17083155,0.0076438896,-0.07694695,0.08526777
-0.0090786,0.08935873,0.00036784803,0.030712869,0.19056611,-0.017055038,0.124313764,0.042980425,0.018926954,-0.0064342692,-0.13252564,0.030078601,0.027797733,0.10029857,0.30903,0.10445958,0.5209811,-0.032952663,0.0793678,0.0017788117,0.33708036,0.087912224,-0.00079046574,0.023110645,-0.2040687,-0.0045573576,0.01571018,0.17547046,-0.009582017,0.13752908,0.0012981314,0.00066291913,0.8940977
-0.019314738,-0.03350505,0.00081797875,-0.09094683,0.002233715,-0.032228045,0.04734572,-0.18357947,-0.014422075,0.0038965445,0.028414167,0.016147397,-0.112667404,0.06191789,-0.025475185,0.073777765,-0.86927927,0.09173714,0.094163485,-0.015551721,-0.25299692,0.07857289,0.002965148,0.02484064,-0.17495076,0.00086730294,-0.013660374,-0.24068947,-0.12616727,-0.05720184,-0.0074298615,0.0413774,0.16792016
0.0005250152,-0.027578652,0.016196208,0.021264803,0.040557325,-0.020478824,-0.08415281,0.041240204,0.010977325,0.00790146,-0.12750266,-0.0264413,-0.025305947,-0.2573889,-0.04921873,-0.049855705,0.56310254,-0.028269729,0.05964503,0.0010898644,0.271621,0.076643825,0.00011476656,0.0007934602,0.22813703,0.0033376608,-0.016539186,-0.15144295,-0.04264943,-0.09381076,-0.0007203236,-0.005735867,0.60745007
-0.030372864,-0.033383712,0.009089564,-0.0030590266,-1.1074142,-0.054443482,0.07797906,-0.20931172,-0.034375228,0.0038787392,0.0448481,0.035279192,0.060108997,0.07575647,-0.15543376,-0.0695122,-0.9372933,-0.16305415,-0.36742687,-0.01560486,-0.24655347,0.051693074,0.0039220797,0.009317502,-0.22239822,0.003122917,-0.013660374,-0.5688982,-0.1624287,0.17971325,-0.0074298615,-0.007891196,0.022872414
-0.0090786,-0.018268786,0.000890011,0.032188427,0.09033929,-0.024419805,0.093672186,0.049139973,-0.024346124,-0.004596591,0.045025624,0.035766963,0.042707466,0.1241258,0.29861444,-0.067900725,0.48032764,-0.03164714,0.07567156,0.0032249663,0.3083549,0.08335206,-0.00051650277,0.022132732,-0.21614201,0.000664123,-0.012065866,-0.17999543,-0.008888737,0.1449306,0.0012981314,0.0008101554,0.8078222
-0.013773733,-0.018335378,-0.006992618,0.03081341,0.07490845,-0.0138059,-0.083606064,0.038540266,-0.02033697,-0.009548129,-0.15234089,0.026020022,0.031146238,0.113611065,0.2903618,-0.05320001,0.4799451,-0.041772928,0.077552415,0.0032249663,0.30295026,0.077278756,0.0029057034,-0.003326398,-0.19435559,0.000664123,-0.012065866,-0.16085571,-0.034640722,0.1446833,0.0012981314,0.0010961159,0.7268291
-0.0065226154,-0.025235439,0.00032475818,-0.09460405,0.014698557,-0.02486549,0.11477053,0.035809886,0.008216113,-0.0030344771,0.034792144,-0.02077373,-0.04683336,0.08735505,-0.15440008,0.02606358,0.4577116,-0.02082121,0.06383116,-0.0010760127,-0.4073487,-0.6037095,-0.008276807,0.0052240454,-0.21779878,0.0040040654,-0.00022914249,-0.22942287,0.069693245,-0.110233344,-0.0012617838,-0.0061122496,0.2769754
-0.001369939,-0.03411473,0.014616449,-0.07710245,-0.14512992,-0.037114017,-0.05611085,0.022903837,0.006899247,-0.0030344771,0.0328213,-0.032802075,-0.07342348,-0.15602186,-0.2794905,-0.14468688,-0.9952748,-0.07882365,-0.34676504,-0.0071152085,-0.22544047,-0.4042256,-0.010452036,-0.005138503,-0.15005276,0.003965047,-0.018133692,-0.4570444,0.060764845,-0.14050353,-0.0007203236,0.006438206,0.025802765
3.2454263e-06,0.1352655,-0.0070805494,0.031132141,0.0027799043,-0.038581617,-0.10315428,0.044948466,0.0120164,-0.0042767343,0.038388878,-0.02761542,-0.036456477,0.085796356,-0.052604426,0.028198648,0.4891746,-0.022174085,0.056907568,0.00387488,-0.36029992,0.08881387,-0.0027380586,0.00042789127,0.2817589,0.00226224,-0.00022914249,-0.19527999,0.080865666,-0.11166857,-0.0012617838,0.0026962254,0.6277182
0.0821866,-0.007596769,0.011804362,-0.13649957,-0.102389984,-0.023986135,0.08404472,-0.23762672,-0.054911196,-0.009577213,0.0315926,0.041402668,0.028905151,0.10507578,0.281219,0.057553463,0.43610546,-0.033662282,0.038026698,0.0022200078,0.257761,0.060800362,-0.0010378641,-0.0062639494,0.18460217,0.003605046,-0.020766744,-0.66458756,-0.06410688,0.16493458,0.0076438896,0.020320818,0.6541524
-0.106639,0.048979145,0.0065302863,0.0139116375,-1.2842007,-0.026039287,0.045827355,-0.20915258,-0.040268004,0.007871601,-0.09053577,0.017845117,0.048121054,0.047666628,0.2107766,-0.30719256,-1.0403492,-0.16814746,-0.37982368,-0.004809904,0.14186208,0.046750754,0.0026413726,-0.0035669028,-0.15036364,-0.0017954379,-0.008959781,-0.56695807,-0.2754738,0.17367063,0.0076438896,-0.111196876,0.020738132
0.0023420057,-0.033377666,-0.020124933,0.0395703,-0.118882254,0.2604525,-0.027534638,0.060968194,0.004273753,0.015283003,0.07707605,-0.029726375,-0.048105985,0.06794244,-0.120974414,-0.06827987,0.46292606,-0.021835228,0.06753472,-0.0025759486,-0.39457768,0.07550001,-0.008119906,0.005142048,-0.22411238,0.004000881,-0.03565284,-0.41938564,-0.007169332,-0.09602288,-0.0012617838,0.007247268,0.39486447
0.002763031,0.10250817,-4.2297477e-05,0.025613816,0.06877351,-0.025427496,0.12346609,0.060339294,0.012726236,0.0013355415,0.03844084,-0.02755881,0.045911536,0.08939896,0.015708007,0.07735271,0.5712824,-0.020894738,0.078715846,0.0017788117,0.3279459,0.08613411,-0.0028095834,0.016109541,-0.21088728,-0.0020059345,0.01571018,0.10768055,0.10553106,-0.023416879,-0.0012617838,-0.0003509922,0.85335
-0.0016854351,-0.03920333,-0.006513477,-0.09397259,0.020771734,-0.019406939,-0.08215712,0.042143457,0.007079493,-0.009548129,-0.13007545,-0.01806883,-0.028234998,-0.18252562,-0.084825546,0.056394666,0.483234,-0.027274,0.06800323,-0.00036300294,-0.39228404,0.0762817,-0.0001591963,-0.0042391494,-0.21147437,-0.027160332,-0.004702462,-0.1890165,-0.024156177,-0.08313299,-0.0007203236,0.0012497583,0.30891606
0.01957866,-0.013182238,0.007454513,-0.05552337,-0.87968415,-0.027521232,0.09895307,0.09896875,0.019225096,-0.06409672,0.049469613,-0.038625713,0.074281454,0.10040179,-0.14483386,-0.04778855,-1.1286167,-0.11900849,-0.40253744,0.0022200078,0.1809565,0.07602497,0.003220764,-0.0073147756,-0.2505615,0.00651263,-0.009956456,-0.30772018,0.20524612,0.0011512788,-0.0012617838,-0.0012694574,0.07905276
0.0046698414,-0.024370631,0.008428222,-0.09310502,0.055907235,-0.029152673,-0.08602002,0.03444712,0.0072779786,-0.0075020734,0.0313062,-0.018744037,-0.053870443,-0.14208543,-0.20034128,0.01995344,-1.0671971,-0.08005939,-0.39997122,-0.00401444,-0.26245317,-0.46584514,0.12170381,-0.0021184543,-0.14821689,0.0040040654,0.011749474,0.02125059,0.08490426,-0.13007434,-0.0007203236,0.0072179525,0.062826514
0.0025622144,-0.01997111,-0.005007517,-0.088277966,0.052699853,-0.022585077,0.09784626,0.05603971,-0.025962174,-0.009686171,0.037941333,0.0253119,-0.032336522,0.13657498,0.026900973,-0.05924098,0.5684098,-0.025095414,0.06199487,0.003234196,0.28560925,0.08587486,0.00060130714,-0.0030434774,0.27594173,0.0007970896,-0.012065866,-0.04195686,-0.0031519802,-0.029816777,0.0012981314,-0.0015686352,0.80852014
-0.09506757,-0.0079330485,0.008456259,0.042446807,-0.036733076,-0.027360883,0.0789227,0.06656435,-0.028163364,0.008180016,0.034754407,0.052510798,0.10497666,0.10064809,0.39854565,-0.23443785,-0.75573933,0.10638998,0.07971202,0.0013452024,0.20031393,0.06802393,-0.0070717474,0.0001864488,-0.14357987,0.0034260422,-0.009956456,-0.26120052,-0.045940623,0.24616198,0.0012981314,0.017816456,0.5170049
-0.008396699,-0.040897273,0.031810183,0.043433964,-0.038646236,0.27033547,-0.07530145,-0.14586227,-0.0047086156,0.010981727,0.04990179,-0.024199799,-0.1063223,-0.16581872,-0.099841714,0.05335304,-0.91320837,0.052093517,0.09199965,0.006694847,-0.23234554,0.078059405,0.00032992676,0.00909574,-0.15163983,0.0040398994,-0.018133692,-0.24144788,-0.031064041,-0.17146243,-0.0022597408,0.0027040532,0.15893516
0.0025622144,0.12223256,-0.0046523926,0.022069426,0.18974294,-0.025178107,0.1052217,0.066587225,0.009716883,-0.0075020734,0.032574702,-0.029948734,-0.035866156,0.12122829,-0.12031581,0.12504807,0.63268554,-0.017327778,0.079105295,0.0016519134,0.2552888,0.10430805,-0.0027380586,-0.0018698368,-0.1741213,0.002975505,0.01571018,0.35322344,0.08375973,-0.09837264,-0.0012617838,-0.001405701,0.8705334
-0.0026462856,-0.037323933,0.038224664,0.047551446,0.00054599065,0.25289106,-0.0706138,-0.1463285,0.014810417,-0.01298639,0.052127328,-0.03177446,-0.028200518,-0.2110181,-0.058677025,0.023691557,0.49400294,-0.022693602,0.053247645,0.0045861946,-0.3490642,0.0780741,-0.0001591963,-0.0058370912,0.27421302,0.0042189034,-0.004702462,-0.20650533,0.004907203,-0.092989415,-0.0022597408,0.03448058,0.5484335
-0.0009490076,-0.03171397,0.009284249,0.026024418,-0.11348169,-0.050159372,-0.08005574,0.035736676,0.004616179,-0.0042767343,0.0296397,-0.029726375,-0.10963195,0.039286766,-0.28165597,-0.014235201,-0.8837939,0.061858125,0.08706323,-0.0023954913,-0.25713778,-0.5064937,0.070365675,-0.0017554217,-0.1398206,0.003965047,-0.013660374,-0.3282744,0.08974703,-0.19937934,-0.0012617838,0.0012822244,0.076531135
-0.00096402504,-0.038942218,0.008428222,-0.08592762,-0.0041463184,-0.031109858,-0.08033665,0.033269946,-0.0013101278,-0.0055263527,0.028489966,-0.021133961,-0.1086613,-0.1765861,-0.2004993,0.0048778225,-0.92210966,0.07183907,0.090250514,-0.010462622,-0.23676023,-0.51529217,-0.023101352,0.00046219444,-0.131987,-0.02797465,-0.006526134,-0.08649732,0.057918355,-0.19843356,-0.0007203236,0.0060363985,0.074959815
-0.0035119895,-0.035943482,0.009284249,0.023748666,-0.124617286,-0.03423274,-0.076503426,0.05156357,0.027043179,-0.0042767343,0.036502898,-0.031315465,-0.052914966,-0.17359978,-0.17902647,-0.32555935,0.5300691,-0.02109329,0.063985966,-0.004953173,0.28066605,0.07464958,0.0064649438,0.00073681935,-0.17265527,-0.06202233,-0.025240064,-0.17623653,0.07701846,-0.10790228,-0.0007203236,0.007926386,0.4201605
-0.000299135,0.15629022,0.010063273,0.026012992,0.02284322,-0.047173277,-0.08541608,-0.16893618,-0.0071324324,-0.009686171,0.027577052,-0.02065408,-0.030862445,0.075998545,-0.10481389,0.045594722,0.48522893,-0.02445184,0.06887884,0.0020608448,-0.38157296,0.07560661,-0.0009954252,-0.0047403118,-0.23769802,-0.00027398748,-0.00022914249,-0.10693894,-0.030728528,-0.07624239,-0.0074298615,-0.0043819337,0.43685114
-0.010763362,-0.025622495,-0.0070805494,0.026690986,0.01930765,-0.03006731,-0.085895956,0.049017597,0.019439263,-0.0042767343,0.04589983,0.04368031,0.039332423,-0.2666401,-0.055520717,-0.08870503,0.51828605,-0.03199819,0.061653163,0.00030331686,0.2816694,0.0818226,-0.0035565912,-0.0019660713,0.22399807,0.0008539788,-0.016539186,-0.20946854,0.100119375,0.14856431,-0.0007203236,-0.000597395,0.7154026
0.0053248946,-0.018268786,-0.00033598556,0.02933337,0.082946435,-0.029764902,0.09038668,0.052631248,0.019394733,0.0038965445,0.041084066,0.03928536,0.042707466,0.124941304,0.3417796,-0.05087334,0.49688953,-0.0316218,0.07649029,0.003234196,0.34483296,0.08381708,-0.00051650277,-0.0059972284,-0.22040296,0.000664123,-0.012065866,0.0053703063,-0.010044295,0.14525846,0.0012981314,-0.0026966932,0.8518934
0.0017858649,-0.024536755,-0.005007517,-0.07733621,-0.0438217,-0.033212483,0.09757324,0.03922666,0.0089216875,-0.0042767343,0.037975334,-0.021208422,-0.052579656,0.09673477,-0.15454374,0.107386835,-0.99003106,-0.0795936,-0.2956293,-0.0010852423,-0.26250196,-0.5786572,-0.0042471294,-0.0044504856,0.30020133,0.00418307,-0.013660374,-0.2285762,0.069947734,-0.12955955,-0.0012617838,-0.0015992762,0.10499741
-0.006740152,-0.019089596,-0.0070805494,0.027515445,0.17994197,-0.029547002,-0.11818135,0.06563563,0.029201722,-0.0075020734,0.040490095,0.039959796,0.031448375,0.14282072,0.048886772,0.029160231,0.58573616,-0.029625868,0.06548714,0.0036696398,0.25295424,0.10163522,-0.0028095834,-0.0018026705,0.21521284,0.0008539788,0.01571018,0.3040338,0.12737855,0.13894942,-0.0012617838,0.0004958269,0.9108524
0.0063653495,0.120313644,-0.0053745727,0.033167385,-0.13754782,-0.025087725,0.13431223,0.064394526,-0.0361355,-0.009577213,0.047254488,-0.02496374,0.037183046,0.10288249,-0.09959842,-0.10297163,0.4950217,-0.027002996,0.05426785,-0.0052453475,0.22422417,0.07213498,0.004445269,-0.0024960306,0.24447037,0.002828623,-0.020766744,-0.66393435,-0.02033558,-0.043111406,0.0012981314,-0.0006920975,0.62721175
0.0010779605,-0.042598538,-0.013592728,-0.12785451,0.23019277,0.14291169,-0.0059106555,0.055982795,0.011827608,-0.010802291,0.05542063,-0.018339682,-0.031077556,-0.18407238,-0.115218885,-0.019726122,0.58300215,-0.025388403,0.07884291,0.0003377794,-0.33311048,0.06625365,-0.004748535,0.0004068188,-0.17691064,-0.029038789,0.01731373,0.7435508,0.0570693,-0.08226023,-0.0007203236,0.021161484,0.72001404
0.0038213423,-0.028645363,0.014616449,-0.10128131,-0.23397934,-0.03321347,-0.042110234,0.028209796,0.007299479,-0.0030344771,0.018676056,-0.03483177,-0.12824577,0.07271564,-0.47946808,-0.22260472,-0.8739708,0.06535862,0.08791366,-0.0077844113,-0.23846893,-0.4811902,0.003736945,-0.008994715,-0.14125928,0.003965047,-0.013660374,-0.4933995,0.050784253,-0.25653762,-0.0012617838,-0.0037468146,0.033244986
0.0016827883,-0.028247977,-0.0046523926,0.029583378,-0.22937177,-0.038956016,0.035373535,0.039659496,0.0069572944,-0.0042767343,0.04085041,-0.041754723,-0.079181,-0.15816867,-0.34346202,-0.21244511,-0.9886955,-0.07756663,-0.3395381,-0.0075506526,-0.24003579,-0.40124914,0.013467894,-0.0026551413,-0.15707344,0.003965047,-0.018133692,-0.51856416,0.063904,-0.18015717,-0.0007203236,-0.0005547179,0.023270635
-0.006740152,-0.024465144,-0.0070805494,0.027515445,0.16855063,-0.02891241,-0.1122485,0.06270789,0.029201722,-0.0075020734,0.041583147,0.039959796,0.031448375,0.14318854,0.033258367,0.028987795,0.59083635,-0.029625868,0.06548714,0.0036696398,0.23141015,0.10461404,-0.0028095834,-0.0018026705,0.19395877,0.0008539788,0.01571018,0.36840746,0.12737855,0.13894942,0.0012981314,0.0004958269,0.9112372
-0.02766216,0.06357227,-0.00041298848,-0.09697776,-0.33482823,-0.019239876,0.10510612,0.059557125,-0.031713225,0.0038787392,0.044920795,-0.035929598,0.048023243,0.08868202,0.09979979,-0.14036432,0.46015835,-0.023700347,0.062050138,-0.004809904,0.2201155,0.072335586,0.0031788251,-0.0056689098,-0.17520764,0.00074513315,-0.020766744,-0.7069973,-0.03221949,-0.032337263,0.0012981314,-0.018119216,0.43217495
0.00018402422,0.20175974,-0.0063583693,0.025741523,0.15580924,-0.034538988,-0.07434099,0.049226128,0.011960703,-0.0075020734,0.036801435,-0.027540958,-0.035866156,-0.2018633,-0.054146603,0.0981848,0.58371663,-0.024398752,0.07738642,-0.0014984233,-0.3379255,0.10709247,-0.005328142,6.48587e-05,-0.14917353,-0.011556774,0.01731373,0.40629888,0.06624933,-0.105533466,-0.0007203236,0.0123520065,0.70524484
-0.00053518993,-0.034260772,0.01584378,-0.10204706,-0.19064316,-0.039615497,-0.04268402,0.027510347,0.006899247,-0.0042767343,0.028523287,-0.032802075,-0.067304835,-0.12526253,-0.37052587,-0.22872373,-0.9952748,-0.079347916,-0.35672134,-0.0075506526,-0.2365325,-0.38861042,0.07932951,0.0009790433,-0.1502432,0.003965047,-0.018133692,-0.48168045,0.05606606,-0.2073876,-0.0007203236,0.0069253654,0.021159237
-0.0041539203,-0.022026302,-0.0056658243,0.02778974,0.26773888,-0.02561763,0.091145,0.073622,0.013428563,-0.0075020734,0.0650725,-0.021016382,-0.02673132,0.1162897,-0.15081023,0.16968168,0.64573795,-0.014375024,0.0630167,0.0028857982,0.25403255,0.07843797,-0.0014004464,-0.0044504856,0.2509603,0.0014986708,0.01571018,0.90878415,0.09238533,-0.080674626,-0.0012617838,-0.0014010416,0.94642866
0.00084931287,-0.030603908,-0.0135611715,0.02156302,-0.105400756,-0.029206816,-0.042518303,0.059772514,0.008189633,0.00790146,-0.13960761,-0.023599055,-0.026597703,0.10626132,0.07300874,-0.14123602,0.46776327,-0.033548377,0.05527441,-0.0043899836,-0.40175506,0.07816324,0.0013105889,0.000759157,0.25806597,0.0042189034,-0.03565284,-0.40050852,-0.035843752,-0.08200118,-0.0012617838,-0.0042554694,0.4236283
-0.0019130702,0.19627352,-0.011082981,0.031446673,-0.17727461,-0.04283891,-0.049691938,0.018082514,0.0064134216,-0.0030344771,0.028456751,-0.039209068,-0.07957355,-0.11625422,-0.50817615,-0.23512079,-0.9952748,-0.07868088,-0.35700837,-0.009441481,-0.20020851,-0.4168643,-0.0040991167,-0.00559736,-0.15086643,-0.0012564331,-0.018133692,-0.403477,0.03395788,-0.21175018,-0.0007203236,0.0036738012,0.024157807
0.0025622144,-0.024653576,0.0075704553,0.026933622,0.18958326,-0.032665946,0.117939934,0.06441113,0.030445246,0.022882042,0.035158563,0.039959796,-0.02279063,0.14976,0.064551115,0.07079322,0.6283102,-0.021004083,0.0637717,0.003234196,0.23531996,0.10509671,0.0003273443,0.0006757373,0.22325435,0.0007970896,0.01571018,0.37721244,-0.006504574,-0.024392959,0.0012981314,-0.0006924272,0.9202248
-0.0027755625,-0.022730995,-0.0063583693,0.020353666,-0.081525475,-0.030279705,-0.036996342,0.05954963,0.0065968065,-0.0042767343,0.039332498,-0.03095523,-0.052522413,0.08786593,-0.13034603,0.08157768,0.533344,-0.015260261,0.07292342,0.0008258063,0.31202218,0.07680284,-0.0022359001,-0.0019531252,-0.19793914,0.004257016,-0.020766744,-0.3132067,0.12514101,-0.107041694,-0.0012617838,0.002143052,0.61416507
-8.8055735e-05,-0.029978361,0.009284249,0.024068177,0.12826459,-0.038770076,-0.085575186,0.03985897,0.009173011,-0.0075020734,0.032630477,-0.0321163,-0.03574673,0.108403094,-0.15753515,0.03974144,0.53346115,-0.019453097,0.07399299,-0.00038958143,-0.39693102,-0.73071796,-0.0152652925,-0.0017554217,-0.1839579,-0.02797465,0.011666397,0.2022179,0.067711875,-0.101276346,-0.0012617838,0.0019448125,0.38146713
0.014647669,-0.038869143,-0.0135611715,0.021871483,-0.03993645,-0.02183617,-0.032693878,-0.14864582,0.006776128,-0.009548129,-0.10370319,0.029651796,-0.082669005,-0.199681,-0.18086596,0.09366091,-0.88049805,0.13436635,0.0788721,-0.0030692965,-0.2589598,0.074890375,0.0022584489,-0.005301048,0.26526684,0.0010072883,-0.018133692,-0.22060676,-0.07669833,-0.05975026,-0.0022597408,-0.010249824,0.17026974
0.008977047,-0.024543453,-0.00038716447,0.044466868,0.07949029,-0.02298651,-0.07076281,-0.13900627,-0.028816812,0.018246867,-0.0704414,0.019612094,0.021828946,0.08815841,0.2922339,0.14915344,0.530628,-0.040290482,0.04741326,0.003234196,0.3254493,0.07726562,-0.0020630057,-0.0036868306,0.16183287,0.0008431269,0.014451931,0.19012773,-0.28345066,0.10742485,0.0076438896,0.0047737737,0.8330462
-0.004202394,-0.022168802,-0.0053745727,0.02519065,0.13849086,-0.025276488,0.12035681,0.06354066,0.012560273,-0.0062524555,0.032654807,-0.031389926,-0.036456477,0.12395873,-0.10482649,0.048629086,0.6124163,-0.014003519,0.061200034,0.0012704796,0.3225822,0.091408856,-0.0027380586,-0.0044504856,0.26048774,0.00339455,0.01571018,0.14621472,0.089255325,-0.09836906,-0.0012617838,-0.0011189845,0.8712418
3.2454263e-06,-0.025421042,-0.0135611715,0.028708493,0.07895908,-0.028687162,-0.101269715,0.053862028,-0.027214022,-0.011523848,-0.12816934,0.022412878,-0.023888765,0.11229736,-0.18334149,0.014785964,0.52333474,-0.035968315,0.058926314,-0.017539432,-0.44934842,0.09033625,0.0003273443,-0.0012954681,0.24892408,0.00088981254,0.011666397,0.08596627,-0.0565459,-0.0322581,-0.0012617838,-0.00409402,0.5721339
-0.0061453283,-0.024018493,0.014616449,-0.09918347,-0.23568875,-0.03776989,-0.040134326,0.02788044,0.007299479,-0.0030344771,0.020312415,-0.03273393,-0.12824577,0.07297812,-0.43516034,-0.23080385,-0.87763363,0.06532653,0.087036595,-0.0023954913,-0.21839082,-0.47955388,0.003736945,-0.00681409,-0.14125928,0.003965047,-0.013660374,-0.6930945,0.050473787,-0.25963968,-0.0012617838,-0.00023996597,0.028953416
-0.0049346453,-0.027198473,-0.0046523926,0.019570304,0.0051399264,-0.031998713,0.07124356,0.053298514,0.009928371,-0.0042767343,0.037966583,-0.02892554,-0.052522413,-0.21108352,-0.09534464,-0.17616434,0.5502089,-0.016747344,0.069270164,-0.0052041607,0.31883878,0.07427795,0.018453974,-0.005553007,-0.20593417,0.003215546,-0.016539186,-0.30266833,0.09343612,-0.107670724,-0.0007203236,-0.0006580478,0.53160846
0.0016827883,-0.041905414,-0.010268778,0.029583378,-0.15196198,-0.04001136,0.035373535,0.03549559,0.0069572944,-0.0042767343,0.034795627,-0.04414465,-0.07957355,-0.1686064,-0.33688143,-0.31287697,-0.96136206,-0.07756663,-0.3395381,-0.0072996654,-0.24656746,-0.4110266,0.0017824265,-0.0026551413,-0.1569247,-0.026851054,-0.018133692,-0.39811435,0.043518096,-0.21187595,-0.0007203236,-0.0005547179,0.022754855
-0.011892228,-0.023100825,0.010917179,-0.11581195,0.25174817,-0.028066311,0.09182885,-0.24800824,0.039731562,0.022882042,0.051397305,0.020884601,0.010004738,0.10223573,0.28942537,0.13382772,0.55959916,-0.03522764,0.06406851,0.0052849576,0.25598174,0.063484,0.0005471462,-0.0033745037,0.2224571,0.00065773795,0.01571018,0.8057195,-0.060229603,0.086411744,0.0076438896,0.020061709,0.937459
-0.00031783234,-0.036778685,-0.0063583693,0.024066864,0.14477113,-0.034124054,-0.075547956,0.03379593,0.011960703,-0.0075020734,0.031496078,-0.030086609,-0.03574673,-0.21275191,-0.2018557,0.039202265,0.5363252,-0.021306261,0.071935855,-0.0037634526,-0.38854963,-0.67219985,-0.023101352,-0.00251579,-0.16178516,-0.02797465,0.01731373,0.14706673,0.0542962,-0.10084107,-0.0007203236,0.007728147,0.30505976
-0.0014556585,-0.028723048,-0.006513477,-0.06871662,0.17384386,-0.016185641,-0.08811342,0.053061478,0.0048814095,-0.016643587,-0.116702415,-0.020098522,-0.020106288,0.10079588,-0.059944242,0.05932316,0.5251905,-0.025513541,0.07924744,-0.0058979164,-0.4342411,0.09462718,0.000547503,-0.0038761168,-0.2084352,-0.027160332,0.011666397,0.3078019,-0.016330047,-0.06719172,-0.0012617838,-0.002337719,0.5685871
-0.0012452818,-0.039726317,-0.0062531615,-0.065952964,0.23558573,-0.03224142,-0.036053278,-0.23361634,0.009504553,-0.01678163,0.03633277,-0.018339682,-0.018337684,-0.17866237,-0.040096663,0.04985185,0.60429204,-0.022784658,0.07561543,-0.0014984724,-0.35011938,0.06833924,0.00017486108,-0.008081329,-0.19024865,-0.027160332,0.01731373,0.7678342,-0.026687237,-0.060528953,-0.0022597408,0.00098953,0.64329827
-0.0019321012,-0.02103184,-0.0063583693,0.028901203,0.08465931,-0.031174242,-0.1066168,0.054207504,0.01390956,-0.0062524555,0.0347001,0.03928536,-0.040410154,0.08466814,-0.02359841,0.04429508,0.6075109,-0.017043184,0.078257784,0.0031492573,0.3244566,0.08888896,0.016224083,-0.0021527575,-0.20850614,0.0006749749,0.01571018,0.13195802,0.12295237,-0.014971737,-0.0012617838,-0.0012982145,0.8009676
0.0069405995,-0.03190821,0.007979916,-0.05874237,-0.084559426,-0.035157688,-0.037309892,-0.18568121,0.004907126,0.0038965445,0.029937083,-0.019809147,0.10366608,0.08220625,-0.18723819,-0.021563917,-0.78594345,0.14681688,0.11312329,-0.006879053,-0.25488305,0.07722852,0.0012390643,0.0035783732,-0.1588358,0.0034078744,-0.013660374,-0.24860318,-0.033209365,-0.06939662,-0.0074298615,-0.009711203,0.17292407
0.025907008,-0.021875007,0.014370329,-0.088624656,-0.09712761,-0.019410254,0.094338045,-0.19781795,-0.008910078,-0.009577213,0.017633382,-0.036729213,-0.11227485,0.07852431,-0.0983746,-0.12122455,-1.0363797,0.056211703,0.07626287,-0.005922495,0.18649025,0.06796846,-0.024149124,-0.0035095871,-0.17281845,0.0055707647,-0.009956456,-0.40954044,-0.018291598,-0.22624788,-0.0074298615,-0.017038478,0.11718082
-0.015753806,-0.040496785,0.02377019,-0.17191692,-0.10871801,0.11579342,-0.01982052,0.048477884,0.00054586167,-0.010427773,-0.19201855,0.026900064,-0.10964741,-0.175736,-0.10662244,-0.053876474,-0.89091974,0.09832672,0.09802157,0.0038591493,-0.24122272,0.08719435,0.000383731,0.0016982048,-0.15889814,-0.017326474,-0.018133692,-0.24891534,-0.033539962,-0.056406386,-0.0007203236,0.0030654848,0.11279235
-0.00053518993,-0.037651457,0.008428222,-0.10204706,-0.060178414,-0.03838074,-0.055419378,0.03167425,0.006899247,-0.0042767343,0.03925513,-0.028132048,-0.073228456,-0.14565824,-0.46245024,0.092547715,-0.9952748,-0.07887855,-0.35883957,-0.0072996654,-0.23000082,-0.4168643,-0.0040991167,0.0007794114,-0.1295243,-0.026851054,-0.018133692,-0.5108099,0.0656171,-0.14747,-0.0007203236,0.0075785886,0.027135715
-0.017555803,-0.047781687,0.016299136,-0.07178058,-1.0288948,-0.020812806,0.041269366,-0.17990552,-0.032483652,-0.069180794,-0.13590518,0.029926334,-0.0595735,-0.1328531,-0.26936752,-0.12284082,-1.0184326,-0.12707634,-0.34963536,-0.012700976,-0.22411013,0.05853448,0.0030667465,-0.009300483,-0.21453175,-0.08011143,-0.018133692,-0.18890727,-0.08166144,-0.04294443,-0.0022597408,0.018440625,0.013510912
-0.00029873662,-0.031149797,-0.0070805494,0.027101452,-0.099054776,-0.044367045,-0.08762163,0.032686837,0.0066704587,-0.0042767343,0.02986157,-0.03016107,-0.10125187,0.07920757,-0.39236608,-0.037661515,-0.8954845,0.061890215,0.07490542,-0.0077844113,-0.25859734,-0.61765057,-0.00672577,0.00042789127,0.24921265,0.0041440516,-0.013660374,-0.3404571,0.06369083,-0.20128387,-0.0012617838,0.0009955079,0.07966916
0.0094660185,-0.026955005,0.0072008925,-0.07625708,-0.018512735,-0.023508443,-0.057795264,0.05553371,0.01120035,-0.0030344771,0.037727058,0.026224095,0.107649975,-0.21319318,-0.047473025,0.04615323,-0.88190395,0.14606872,0.10301162,-0.006395852,0.22294538,0.08258293,-0.0018750957,-0.006492388,-0.1368172,0.0018380434,-0.014429775,-0.2029107,0.16148967,0.24049972,0.0007410736,-0.0040461905,0.4107859
-0.0012937553,-0.037121102,0.008428222,-0.07873517,0.09062357,-0.031480405,-0.06960995,-0.14263614,0.008136878,-0.01678163,0.026071083,-0.021133961,-0.023126287,-0.19492415,-0.04869635,0.0454204,0.5209462,-0.022784658,0.07578363,-0.0014984724,-0.44297886,0.082463615,-0.0001591963,-0.0076839933,-0.19376197,-0.027160332,0.01731373,0.21574211,-0.022454862,-0.073953405,-0.0022597408,0.00098953,0.4334559
0.00527999,-0.033276595,-0.005466596,0.020275824,0.13701163,-0.036088,-0.08085272,0.049309365,-0.019167224,-0.011692051,0.031420067,-0.024666922,-0.028257573,-0.21819584,-0.045313388,0.04422709,0.55660063,-0.026339062,0.07716128,-0.0005925991,-0.3659075,0.0980992,-0.0001591963,0.016145026,-0.17835972,0.0040398994,0.01731373,0.33375406,-0.024153247,-0.056462023,-0.0007203236,0.0014993269,0.5834658
-0.0010155052,-0.032636717,-0.013300857,0.021762522,0.21452186,-0.039868195,-0.048096787,-0.23988615,-0.01974623,-0.01678163,0.03803236,-0.02292822,-0.01399145,0.10902568,-0.06420946,0.029361565,0.6029379,-0.01959814,0.060347613,-0.0056706094,-0.33402967,0.069157474,0.001885115,-0.0077182963,0.24343923,0.0042189034,0.011666397,0.68738246,-0.07334808,-0.04361333,-0.0074298615,-0.0044748564,0.76601505
-0.0010639786,-0.031903796,-0.007924927,0.02853136,0.16939019,-0.028074928,-0.0798125,-0.17340767,-0.00738311,-0.016643587,-0.10010175,-0.01992176,-0.018704591,0.08906615,-0.15908183,0.06431469,0.5204409,-0.027881252,0.07858856,-0.013099852,-0.43381992,0.085351355,0.000547503,-0.008624468,-0.18514512,-0.024108186,0.011666397,0.2527952,-0.105638005,-0.060014047,-0.0074298615,-0.0043762173,0.47180033
3.2454263e-06,-0.03319249,0.009284249,0.0273796,-0.0033555077,-0.04658648,-0.09313982,0.05205328,0.004273753,0.008197821,0.03857643,-0.0321163,-0.036386285,0.0905499,-0.079836816,0.048803568,0.48058534,-0.023455603,0.07090841,-0.005197134,-0.39404652,0.08716805,0.000547503,0.0009568607,-0.24751657,-0.027160332,-0.00022914249,-0.20762539,-0.01070213,-0.084209666,-0.0012617838,-0.001600991,0.42365655
-0.024338692,-0.037308928,-0.0051745554,0.026185049,0.07056679,-0.0186047,0.08792729,0.04771637,0.003851918,-0.009548129,-0.123232864,0.03802956,0.091718465,-0.22924316,-0.12328781,0.109019555,-0.79902864,0.1492191,0.111791186,-0.016691161,-0.2703709,0.08243875,-0.00023072094,-0.0074759987,-0.15116532,-0.014274329,0.011749474,-0.004198376,-0.021449877,0.21038382,-0.0007203236,-0.007830656,0.32672662
-0.001727179,-0.026214894,0.009417468,-0.10595963,0.292631,-0.026623443,-0.08927442,0.069566146,0.020319747,-0.0075020734,0.058293156,0.024774367,-0.031077556,0.074599974,0.013844388,0.12941718,0.64780664,-0.019744283,0.08127548,0.005015563,0.2705549,0.0801525,-0.0016206052,-0.0017554217,-0.19633792,-0.014943178,0.01571018,0.9108566,0.11245847,1.1950964e-05,-0.0012617838,-0.0023227157,0.9161301
0.010256141,-0.028944654,0.013591305,-0.025541801,-0.9828229,-0.04398753,0.025243266,0.04219651,0.00744312,-0.0042767343,0.03868817,-0.032802075,-0.079181,-0.1714624,-0.24383105,-0.31063938,-0.9808106,-0.07908277,-0.3641922,-0.0075506526,-0.2283468,-0.39191285,0.013840335,-0.00059128786,-0.21231017,0.003965047,-0.018133692,-0.45942044,0.114440024,-0.2135359,-0.0007203236,0.017162522,0.01106634
-0.0060331495,-0.032475483,0.00982293,0.029245602,-0.050114613,-0.050560538,-0.07821073,0.02576615,0.0062702275,-0.0042767343,0.034705143,-0.03177446,-0.04642959,-0.18218856,-0.36845165,-0.043957014,-1.0131372,-0.078098126,-0.29682675,-0.0075506526,-0.25666094,-0.52527994,-0.017349645,0.00046219444,0.28966954,0.00418307,-0.018133692,-0.29023755,0.04535205,-0.14423299,-0.0007203236,0.0076736794,0.047925293
0.003061593,0.10066204,-0.0053745727,0.02320435,-0.008483487,-0.03196223,0.09589253,0.060092222,0.009194958,-0.0042767343,0.039315365,-0.027993502,-0.039165415,0.11380826,-0.07380541,-0.16780315,0.55013645,-0.017568136,0.060583424,-0.0015004657,0.27433795,0.08171504,-0.0004058597,-0.0016702046,0.28878853,0.00047340413,-0.012065866,-0.24726066,0.08880516,-0.11209049,-0.0012617838,-0.0015394653,0.75701714
0.009203482,-0.025682049,0.008428222,-0.058645505,-0.03676942,-0.03370091,-0.07353138,0.05534586,0.00022843748,-0.0042767343,0.03574139,-0.019972892,0.11731459,-0.18895395,-0.06628118,-0.1253802,-0.9690961,0.103706844,0.11046458,-0.010024552,0.21902356,0.0873169,0.018164596,0.00066182646,-0.14021137,0.003215546,-0.014429775,-0.19621915,0.15086487,-0.05722393,-0.0007203236,-0.0023531767,0.26830465
-0.031476483,-0.039092325,0.008233537,-0.090859525,-0.020343747,-0.02029868,0.07727256,-0.18761764,-0.01812913,0.0038787392,0.023529164,0.033048682,-0.112667404,0.05246824,-0.18278863,0.01436594,-0.8498348,0.083188795,0.0872509,-0.013496208,-0.21122521,0.070434,0.004296635,0.018856898,-0.17146696,0.003122917,-0.013660374,-0.4731033,-0.16177638,-0.05294154,-0.0074298615,0.041505296,0.11545372
-0.00033532374,-0.034330416,-0.0063583693,0.025046833,0.007829546,-0.03373811,-0.079477616,0.033347648,-0.0017959531,-0.0055263527,0.02721979,-0.027696684,-0.10254265,-0.15223609,-0.14230321,0.036565527,-0.9161621,0.062326357,0.08937345,-0.005324689,-0.2314093,-0.49127185,0.12170381,-0.00251579,-0.13452892,0.0040040654,-0.006526134,-0.03855385,0.07828619,-0.2086935,-0.0007203236,0.0070655593,0.11621943
0.053030577,-0.010724293,0.007652609,-0.17374036,-0.039618414,-0.0023802135,0.07158378,-0.15842123,-0.04473916,-0.00943917,-0.10350856,0.021702139,0.048644993,0.06856218,0.5048725,-0.17538323,-0.88319474,-0.13439162,-0.2775542,0.0024709953,0.23072241,0.05302982,-0.0010378641,-0.00502862,-0.12938206,-0.0915301,-0.009956456,-0.33994472,-0.1306817,0.15014707,0.0076438896,0.0075812475,0.19901508
-0.004964076,-0.02175403,3.8954677e-05,-0.07952499,0.05510952,-0.02265818,0.108590655,0.05528684,0.0076265046,-0.0030344771,0.03276535,-0.022002585,-0.04080271,0.109597325,-0.11704762,0.08452389,0.5914705,-0.019285867,0.07311189,0.00083503575,0.33631733,0.08624901,-0.0027380586,-0.0034589884,-0.2235962,0.003215546,-0.012065866,-0.030202078,0.082720146,-0.10707564,-0.0012617838,-0.0061421534,0.7330974
-8.8055735e-05,-0.029978361,-0.0063583693,0.024661591,0.083096325,-0.033318043,-0.041616544,0.03587897,0.009173011,-0.0075020734,0.03275439,-0.0321163,-0.0418968,0.118036486,-0.31439802,-0.1226196,0.5495392,-0.019453097,0.07399299,-0.00038958143,-0.37302575,-0.763326,-0.008912372,-0.0021527575,-0.16827911,-0.02797465,0.011666397,0.2778057,0.06789577,-0.10166015,-0.0012617838,0.0019448125,0.3297466
-0.0026451391,-0.041905414,0.016699808,0.022395551,-0.13580549,-0.049549375,-0.053081315,0.028257124,0.0064134216,-0.0042767343,0.032143645,-0.04414465,-0.07342348,-0.15875445,-0.33727077,-0.17983015,-0.9952748,-0.07862598,-0.34676504,-0.0068642218,-0.23127726,-0.4042256,-0.010452036,0.0005065894,-0.15264268,-0.026851054,-0.018133692,-0.43441072,0.041686803,-0.20681348,-0.0007203236,0.007954526,0.02326795
0.0066301012,-0.034330416,-0.005466596,0.025046833,0.006631287,-0.033120245,-0.08536868,0.029710334,-0.0017959531,-0.004284095,0.027607126,-0.027696684,-0.1086613,-0.17127511,-0.21151327,0.023522835,-0.9161621,0.062326357,0.08937345,-0.005324689,-0.2314093,-0.5185562,-0.023101352,0.009143923,-0.13452892,0.0040040654,-0.006526134,-0.03967075,0.053137418,-0.20830809,-0.0007203236,0.006291683,0.089167334
0.010881532,-0.043812472,0.0133003825,0.028988613,-0.36242992,-0.016793814,0.09424433,-0.17423236,-0.025963465,0.007871601,-0.11144472,-0.04586415,0.055088356,0.055363577,-0.11747651,-0.15558025,-0.98443854,-0.15636939,-0.3662821,-0.015809951,-0.26174045,0.060443155,0.0039220797,-0.008571484,-0.1604964,-0.08994529,-0.0126637,-0.2848611,-0.21517456,-0.036230013,-0.0074298615,0.009572559,0.038665194
-0.022740625,-0.025527667,0.009905084,-0.07117934,0.08700687,-0.009191656,-0.07221376,0.036744606,0.012606826,0.00790146,-0.12015113,0.019895174,0.08862359,-0.22653665,0.28897145,-0.04785772,-0.8825858,0.14713858,0.10919391,0.0020938371,0.21202783,0.0748789,0.007265287,-0.0014371017,-0.12704152,0.000664123,-0.009471314,-0.0494659,-0.030508894,0.22018944,0.0007410736,-0.0018799512,0.43256575
0.0046832194,-0.020325173,-0.007371801,0.030596767,0.26344594,-0.028853165,-0.09823275,0.07260328,0.025941245,-0.0075020734,0.066684194,0.026219321,0.024692552,0.097135946,0.059295412,0.108596735,0.60492295,-0.032578625,0.066782266,0.004849514,0.25438657,0.07825306,-0.0014719713,0.0007779781,0.23298503,0.00066858984,0.01571018,0.89089084,0.12818025,0.11092654,-0.0012617838,-7.294695e-05,0.95572746
-0.00033532374,-0.035262264,0.008428222,-0.07199064,0.07916345,-0.028766727,-0.07277202,0.03543384,0.00067646813,-0.0075020734,0.027560057,-0.021133961,-0.10504689,-0.20668674,-0.21857922,0.05257053,-0.9733497,0.077790774,0.09856052,-0.005073702,-0.27343658,-0.5685827,-0.023101352,-0.0021184543,-0.10996758,-0.02797465,0.011749474,0.1379789,0.058797028,-0.18381156,-0.0007203236,0.0063231154,0.09616086
0.085645646,0.00072442275,0.012712765,0.047945254,-0.288145,-0.011741098,0.081010826,0.05985728,-0.04962349,0.007883655,-0.08813656,0.032742847,0.026145756,0.10413174,0.1995472,-0.21339245,0.4081909,-0.041378893,0.042750854,0.0022200078,0.26759487,0.069679596,-0.0010378641,-0.0024679478,0.15951857,0.003605046,-0.020766744,-0.56469995,-0.18176833,0.12289185,0.0012981314,-0.024484323,0.58637625
-0.004202394,-0.027483119,-0.0046523926,0.015125818,0.14613993,-0.021430401,0.10592847,0.06712837,0.0077302875,-0.0075020734,0.03258125,-0.033345155,-0.035866156,0.118514426,-0.056202147,0.10683605,0.6160736,-0.014375024,0.07804603,0.001521467,0.33088532,0.09248586,-0.0027380586,-0.0044504856,-0.19351484,-0.024922505,0.01571018,0.3137203,0.08372396,-0.09822689,-0.0012617838,-0.0011189845,0.8457188
-0.0024870168,0.223367,-0.02038678,0.034823976,0.23009965,0.19348651,-0.0011883641,0.05183443,0.011341783,-0.010802291,0.051632307,-0.024746677,-0.031077556,-0.1635776,-0.08818007,-0.010602012,0.58202624,-0.02208365,0.07725919,-0.0021992056,-0.31293538,0.07924111,-0.004886615,-0.0021738298,-0.17371108,-0.011556774,0.01731373,0.74669784,0.05272018,-0.0934724,-0.0007203236,0.022190645,0.8172458
-0.015527851,-0.018798692,0.014109212,-0.12728688,0.060328353,-0.0073965085,-0.090878785,0.037271384,-0.032271758,0.00790146,-0.159428,0.016076444,0.024955103,0.11024399,0.28807995,-0.013967186,0.46692768,-0.047428593,0.065223165,0.0032249663,0.28195536,0.080053255,-0.00051650277,-0.0025139241,0.21730143,0.000999621,-0.012065866,-0.14162388,-0.19364686,0.10324999,0.0012981314,0.014752567,0.73713917
-0.08189989,0.0011572903,0.0023718437,0.050439328,-0.17526168,-0.008006007,0.07933923,0.053609222,-0.040268004,0.003582378,-0.12382844,0.032068416,0.05090624,0.087316744,0.47167617,-0.17241707,-0.8875963,-0.13077183,-0.29072207,0.0026554517,0.22228737,0.06053924,-0.0010378641,0.0009767856,-0.12922187,0.0034260422,-0.009956456,-0.40523446,-0.11163521,0.15016668,0.0012981314,0.0033341886,0.23323113
0.002763031,0.10038239,-4.2297477e-05,0.021952856,0.042035565,-0.022364,0.096489444,0.05876082,0.012726236,-0.0030344771,0.045009173,-0.02755881,0.0457174,0.09373241,0.0067842286,-0.11583121,0.5218677,-0.021506598,0.07523082,0.0013341382,0.28305387,0.08543728,-0.0009665075,0.015131629,-0.2224089,-0.0020059345,-0.012065866,-0.19686764,0.086907774,-0.019266272,-0.0012617838,-0.0004847563,0.7408138
-0.0033882172,-0.025336197,0.0023718437,0.02323135,0.04826922,-0.009926248,0.074803226,-0.13730228,0.020437308,-0.0044585485,-0.11615954,0.027606651,-0.037824843,-0.20616567,0.16732974,-0.02064237,0.51482886,-0.032166775,0.069087155,-0.00013212702,0.31985655,0.07144886,-0.000882713,0.010290477,-0.20555761,0.0008206171,-0.016539186,-0.30258298,-0.058046732,-0.025798004,0.0023248363,-0.008007694,0.5602901
0.0040561575,-0.026617348,-0.0063583693,0.028188055,-0.05234248,-0.04482619,-0.090358295,0.033204783,0.005837709,-0.0042767343,0.035989422,-0.029726375,-0.0728359,0.042417627,-0.4226309,-0.03945758,-1.0037817,-0.07790889,-0.36715055,-0.0010852423,-0.25572577,-0.47927362,0.039703477,-0.0021527575,-0.16206399,0.0040040654,-0.013660374,-0.27276707,0.09011927,-0.1454712,-0.0012617838,0.002177061,0.039715618
0.003061593,-0.022166826,-0.0053745727,0.021529691,-0.0012006862,-0.03196223,0.09589253,0.060800582,0.009194958,-0.0042767343,0.039322857,-0.031389926,-0.039165415,0.12482634,-0.082249686,-0.17103143,0.55013645,-0.017568136,0.060401224,0.0003903624,0.29976445,0.08152818,-0.0004058597,-0.0016702046,0.29089963,0.00339455,-0.012065866,-0.2518102,0.08984908,-0.112105556,-0.0012617838,-0.0015394653,0.7396786
-0.0016369607,-0.03733263,-0.0062531615,-0.08170593,0.23968841,-0.028345522,-0.0116083985,0.05984052,0.011827608,-0.0075020734,0.047534212,-0.018339682,-0.031077556,-0.18791114,-0.048603334,-0.027976366,0.6045774,-0.021503137,0.07791112,-0.00036300294,-0.35120285,0.07924111,-0.004994085,-0.00251579,-0.17821789,-0.029038789,0.01731373,0.8633998,0.07084508,-0.0790457,-0.0007203236,0.011896279,0.7366699
-0.0034903237,-0.040130872,-0.02169149,0.040976763,-0.047001313,0.15696444,-0.02360051,-0.13708834,0.0014251163,0.009789953,-0.21181497,-0.022878418,-0.0595735,-0.1220115,-0.19251235,-0.14519507,-1.0096234,-0.09487453,-0.37793475,-0.00035063096,-0.237384,0.07093482,0.002301368,0.00016314036,-0.1733764,-0.026036736,-0.018133692,-0.20032685,-0.06585422,-0.12061883,-0.0022597408,-0.0071047535,0.04844073
0.004803547,-0.024683971,0.0072008925,-0.050525047,0.17687958,-0.026877198,-0.0878857,0.052553657,0.0104599325,-0.0062598167,0.031466797,-0.019972892,-0.035866156,-0.21337563,-0.15840182,0.07086207,0.6197881,-0.02290373,0.07784073,-0.0021033916,0.3107663,0.091131605,-0.005328142,0.007422156,-0.1535527,0.003215546,0.021357514,0.28283224,0.06603882,-0.09250298,-0.0007203236,0.0064097373,0.7389698
-0.002093849,0.14022891,-0.011082981,0.03139113,-0.14098653,-0.040841546,-0.05969877,0.02247131,0.008035183,-0.0030344771,0.03354372,-0.03364469,-0.07342348,0.05490368,-0.45437095,-0.23995931,-0.9829502,-0.07854655,-0.36860707,-0.003411514,-0.20883636,-0.42869273,-0.0026159743,-0.007272947,-0.16466185,-0.0012564331,-0.013660374,-0.42781073,0.048941128,-0.21677461,-0.0012617838,-0.0021095339,0.028538737
-0.00225724,0.1652593,-0.02110896,0.039787255,0.22857061,0.1926864,-0.01649662,0.05354609,0.013384075,-0.010802291,0.054135412,-0.02482114,-0.02673132,0.10009324,-0.08097774,-0.029342104,0.58129126,-0.020230485,0.061991382,0.0031740977,-0.30428678,0.08320929,-0.0012929767,-0.0018107973,0.25674987,0.00226224,0.011666397,0.7332766,0.06983419,-0.091260925,-0.0012617838,0.012534865,0.89391047
-0.00031783234,-0.030650463,0.009284249,0.024354484,0.1001199,-0.03894149,-0.03181412,0.03379593,0.011960703,-0.0075020734,0.031372163,-0.027696684,-0.029628087,-0.19875799,-0.13809004,-0.14333363,0.5363252,-0.021306261,0.071935855,-0.00401444,-0.38854963,-0.6853393,0.12170381,-0.0021184543,-0.16266029,0.0040040654,0.01731373,0.109919675,0.074719295,-0.101610295,-0.0007203236,0.007728147,0.3190885
-0.017949503,0.082680814,-0.010400724,0.033906244,0.093463704,-0.027752561,0.094395876,0.04953382,-0.032825958,0.008197821,0.044032026,0.027541617,0.035992395,0.1328814,0.34186292,-0.051345978,0.48486742,-0.03240922,0.049552087,0.0017788117,0.2751133,0.08222519,-0.00051650277,-0.004302816,0.23001353,-0.0020780188,-0.012065866,-0.07628287,-0.039265748,0.122847416,0.0012981314,0.014972081,0.8808508
0.00034423638,-0.022395458,-0.0070805494,0.025407018,0.05181436,-0.03243275,-0.10835279,0.05406792,0.0120164,-0.0062524555,0.03283841,-0.031389926,-0.036456477,0.111242,-0.18411632,0.02698692,0.59943193,-0.02130222,0.062383164,0.00083503575,0.3100816,0.08779294,-0.0027380586,0.00042789127,0.25158435,0.00339455,0.01571018,0.07286624,0.086065575,-0.10063425,-0.0012617838,0.0018560058,0.79466623
-0.007182054,-0.021353235,-0.0050995406,-0.09514363,0.029620754,-0.025160098,-0.11334649,0.050830793,0.013805776,-0.0030344771,0.0349084,0.028155867,-0.04080271,0.09979163,-0.030540295,0.080607794,0.5893567,-0.022325533,0.075591505,0.0027138134,0.33297163,0.087291636,-0.0029582174,-0.0044427277,-0.21719567,0.0006749749,-0.012065866,-0.03077674,0.10432457,-0.016019667,-0.0012617838,-0.006321383,0.7263469
-0.02098224,-0.025967842,-0.0047644787,0.042034462,-0.1672927,-0.026232352,0.042311214,-0.20126419,-0.028758856,0.008197821,0.023253791,0.022881715,0.03974535,0.09361337,0.15715183,-0.18262091,0.4111848,-0.032722652,0.044462483,0.0034759536,0.31192845,0.06722558,-0.0011226799,-0.006144897,-0.1639992,-0.034694895,-0.020766744,-0.3348465,-0.1424433,0.11473891,0.0076438896,-0.04632043,0.5123612
0.00018402422,-0.03421713,0.008966903,-0.0829692,0.0031032385,-0.04368219,-0.08663451,0.045009706,0.015545815,0.008197821,0.038478546,-0.022821812,0.036309432,-0.2439631,-0.08084945,0.026280146,0.47779095,-0.038509447,0.058257833,-0.010669788,-0.37558332,0.08373166,-0.00023072094,0.00059382815,0.2466778,0.0034303837,-0.004702462,-0.19115105,-0.034302205,-0.017242232,-0.0007203236,-0.0096836295,0.4688344
0.005974627,-0.033425476,0.014616449,-0.07710245,-0.41627026,-0.039521266,-0.05808676,0.027517874,0.006899247,-0.0030344771,0.037247177,-0.032802075,-0.07342348,-0.17055783,-0.29583913,-0.22612384,-1.0035285,-0.07972766,-0.3641432,-0.0075506526,-0.23788652,-0.400727,-0.010975225,-0.0073191277,-0.15956047,0.003965047,-0.018133692,-0.4134726,0.09483525,-0.20362753,-0.0007203236,0.021617536,0.017630534
-0.09975959,-0.003921533,0.014589193,0.04422122,0.017484073,-0.008179566,0.0797291,0.056054443,-0.04855694,0.007883655,-0.07251092,0.02269935,0.028678907,0.091951616,0.3103824,-0.05375521,-0.90361047,-0.14066067,-0.30506527,0.0026554517,0.22656439,0.060930096,-0.0010378641,-0.00071972294,0.13688613,0.003605046,-0.009956456,-0.27791026,-0.15015857,0.1585335,0.0012981314,-0.008015245,0.32758647
-0.017989008,-0.03857902,0.010063273,0.028536912,-0.11129032,-0.04814774,-0.048480198,-0.1899227,0.025188236,0.008197821,0.026939007,0.040268317,-0.112667404,0.07904901,-0.22796655,-0.1355389,-0.8562823,0.08618573,0.09217279,-0.016457593,-0.23212862,0.0754285,0.0041683945,-0.0026106937,-0.17674029,-0.022152625,-0.013660374,-0.08683659,-0.027713817,-0.06199523,-0.0074298615,-0.0045539406,0.13442414
0.07850517,-0.011790769,0.009852706,-0.16259098,-0.00066371355,-0.025072245,-0.0820326,-0.14901489,-0.042363107,0.008180016,0.031752802,0.040596187,0.053141695,0.063832365,0.5562413,-0.12472418,-0.8998918,-0.12602496,-0.2730115,0.0022200078,0.22371192,0.051056087,-0.0070717474,-0.0046839174,-0.1453636,0.0034260422,-0.009956456,-0.30209783,-0.14980556,0.17173092,0.0076438896,0.020614242,0.25103432
-0.00018745707,-0.036156036,0.008966903,-0.09624771,-0.037965573,-0.03961049,-0.07665756,0.026331075,0.0152899185,-0.0042767343,0.034950156,-0.022821812,-0.037628807,-0.20531173,-0.1571865,-0.048218403,0.45627886,-0.023911487,0.049847487,-0.0075506526,-0.403007,-0.6009873,-0.02080765,0.00046219444,0.19536763,0.00418307,-0.04012616,-0.49183047,0.035937335,-0.08872891,-0.0007203236,0.006698987,0.18166997
-0.0066911355,-0.021116143,3.8954677e-05,-0.11500083,-0.106961206,-0.029017933,0.03829039,0.04063161,0.007843351,-0.0030344771,0.03876367,-0.02783368,-0.12824577,0.083619826,-0.23512347,-0.16273895,-0.8485297,0.061355587,0.08518476,-0.0023954913,-0.23579778,-0.47535253,0.0043725106,-0.0047830343,-0.14817742,0.003965047,-0.013660374,-0.5571865,0.07673465,-0.19882004,-0.0012617838,-0.0034017533,0.05820699
0.0050431523,-0.030627484,-0.0063583693,0.02555606,0.17796907,-0.030358093,-0.097086444,0.05880419,0.02715943,-0.0075020734,0.03913382,0.047338095,0.035155922,-0.25983003,0.033663504,0.050806426,0.58416617,-0.03443179,0.08312507,0.0032196296,0.27383694,0.09766704,-0.0053996667,0.00041494553,-0.15133427,-0.015088648,0.021357514,0.21406262,0.11811416,0.1541759,0.0007410736,-0.0007503475,0.81954896
0.00018402422,-0.03690525,0.011213054,0.027940871,0.020473368,-0.03443926,-0.07670311,0.04356296,0.0071832766,-0.009548129,-0.1262232,-0.024631552,-0.027842445,-0.19429785,-0.09581012,0.04972149,0.4956758,-0.030169614,0.06882196,0.0012436527,-0.44874346,0.08055948,0.0033641588,-0.0012611649,-0.21449855,0.0040398994,-0.004702462,-0.15952589,-0.037758473,-0.099258885,-0.0007203236,0.0017054861,0.3303063
-0.006577798,-0.025672963,-0.015783632,0.040979825,0.15884517,0.18764482,-0.03372859,0.054101795,0.009173011,-0.009560035,0.044013843,-0.029726375,-0.035866156,0.12980412,-0.08625007,-0.060186174,0.56171596,-0.021205645,0.080095485,-0.0031557914,-0.34799722,0.11056974,-0.0027380586,-0.0061178464,-0.20094937,0.004096789,0.011666397,0.41884494,0.0644257,-0.102136046,-0.0012617838,0.008254141,0.7302456
-0.00225724,-0.03395464,0.039190035,0.047668338,0.22076347,0.22825374,-0.015017591,0.057433855,0.013384075,-0.010802291,0.051175073,-0.02736679,-0.02673132,0.114944555,-0.086644664,-0.034101896,0.58129126,-0.020230485,0.06264332,-0.0038565737,-0.31597131,0.08320929,-0.0012929767,9.148056e-05,0.2595859,0.0042757927,0.011666397,0.7121864,0.06872756,-0.091260925,-0.0012617838,0.012534865,0.88067377
-0.09853998,0.054854248,-0.0037882826,0.0037474066,-1.3539182,-0.021221854,0.03475817,-0.20915258,-0.03267279,0.007871601,-0.090077914,-0.031166423,0.048121054,0.044461925,0.3358458,-0.14087535,-1.0619133,-0.11591481,-0.32280993,-0.004809904,0.12668467,0.055719133,0.0026413726,-0.005630756,-0.13905866,0.00074513315,-0.008959781,-0.5817161,-0.22475906,-0.043977216,0.0076438896,-0.013587154,0.024580708
3.2454263e-06,-0.025108794,-0.0070805494,0.026026249,0.15163381,-0.03530681,-0.097565554,0.05482556,0.014002996,-0.0075020734,0.03763223,-0.03016107,-0.031519923,0.13134743,-0.06557632,0.02791426,0.5683028,-0.022545587,0.062770545,-0.0031557914,-0.33954182,0.10659147,-0.0027380586,0.00042789127,0.2495528,0.0042757927,0.011666397,0.3423073,0.08440724,-0.103322,-0.0012617838,0.0026962254,0.76933306
0.00315471,-0.024399474,-4.2297477e-05,0.023876484,0.076749146,-0.028786048,0.11208109,-0.18382871,0.004817625,-0.004596591,0.027436325,-0.03095523,-0.031255,0.10130257,-0.031118322,0.13382366,0.5995607,-0.015285039,0.07085718,0.0017908623,0.33323827,0.07562034,0.000547503,0.035391755,-0.23074469,0.0031586569,-0.012065866,-0.007991454,-0.011249454,-0.09388237,-0.0074298615,-0.0043034493,0.7283018
0.09217711,0.052644167,0.010554182,-0.07928329,-1.133431,-0.010116648,-0.07650677,-0.18438621,0.039128166,0.003582378,-0.13599405,0.027305368,0.048644993,0.065361075,0.43829426,-0.00016764086,-0.99460983,-0.14490126,-0.2918544,-0.0052453475,0.14460775,0.04918642,0.0026556358,0.014680984,-0.19015011,-0.0017954379,-0.009956456,-0.5205769,-0.15097718,0.21174163,0.0076438896,0.027093047,0.069519
-0.0018226652,-0.039167877,0.009284249,0.034547154,0.077092744,-0.0490072,-0.05505722,0.034709822,0.0064134216,-0.0042767343,0.045094524,-0.030086609,-0.073228456,-0.14703411,-0.3706286,0.15805864,-0.9886955,-0.078211516,-0.35883957,-0.0072996654,-0.2419221,-0.4168643,-0.0040991167,0.0010096412,-0.13226297,-0.026851054,-0.018133692,-0.44093472,0.06519407,-0.13910736,-0.0007203236,0.0076736794,0.043746024
0.0380179,0.06500271,-5.4301447e-05,0.0375501,-0.3716601,-0.014204018,-0.11051846,0.048542056,-0.025807124,0.003582378,-0.1342583,-0.033712585,0.05090624,0.080366656,0.05142759,-0.24152647,-1.0483433,-0.13520701,-0.4104086,-0.0052453475,0.17050043,0.0688941,0.0026556358,-0.0063725756,-0.1611558,0.00074513315,-0.009956456,-0.35103714,-0.12212685,-0.07250536,0.0012981314,-0.011296074,0.072739094
-0.0019569555,-0.026041556,-0.007371801,0.02738364,0.25102338,-0.032195184,-0.08033501,0.06259123,0.01567871,0.022882042,0.061299376,-0.022629771,-0.019122738,-0.22999664,-0.06350249,0.12103601,0.6602191,-0.01815459,0.06126562,-0.0004880731,0.2477785,0.074807614,0.00017486108,-0.0023841562,0.22351113,0.0014417815,0.021357514,1.0115278,-0.00821768,-0.061722003,-0.0007203236,-0.0027215194,0.91582817
-0.016085267,-0.046499483,-0.0011079938,-0.11887146,-0.07267587,-0.0059390566,0.10420869,-0.12981875,-0.04293658,0.0035703243,-0.12048772,0.011373609,0.048644993,-0.08766591,-0.18540408,-0.06968692,-0.96518767,-0.18224236,-0.34522974,-0.011795103,-0.25880378,0.052438833,0.0037385698,0.0059159724,-0.12618458,0.003122917,-0.0112654185,-0.47596824,-0.14984874,0.094938494,0.0023248363,-0.13763653,0.04186598
0.0127066625,-0.03987605,-0.014897438,-0.14922345,-0.012784,0.050597616,-0.019343883,-0.14373629,0.00054586167,-0.010427773,-0.21240446,0.015613599,-0.10785316,-0.15783851,-0.15485156,-0.14225064,-0.87804663,0.11641334,0.09752099,0.008705955,-0.24118872,0.07346605,-0.0035190913,-0.001465604,-0.15228544,0.0014993282,-0.018133692,-0.2395067,-0.054073,-0.06177169,-0.0022597408,-0.008717818,0.0871584
-0.0018836273,-0.022026302,-0.007371801,0.02797837,0.26235119,-0.029296447,-0.08445237,0.06916597,0.01288469,-0.0075020734,0.06600869,-0.021016382,-0.02673132,0.10506853,-0.13749923,0.11339527,0.64573795,-0.015019904,0.06332275,0.0028857982,0.24823147,0.07843797,-0.0014004464,-0.0021527575,0.24828991,0.0014986708,0.01571018,0.8762118,0.089195594,-0.07751528,-0.0012617838,0.0018606656,0.93045217
0.0029938347,-0.037784874,0.005884825,0.031628914,-0.2162783,-0.017883334,0.10955333,-0.17639299,-0.025963465,0.007871601,-0.11646913,-0.026508883,0.05456442,0.041013256,-0.23270424,-0.09637889,-0.9688068,-0.15171017,-0.35886025,-0.014904077,-0.23823404,0.059903078,-0.01277255,-0.005315128,-0.15132786,0.005663488,-0.0126637,-0.49400592,-0.20909145,-0.036452256,-0.0074298615,0.00807639,0.03991636
-0.002434576,-0.02177893,0.009207246,-0.079722635,0.006833192,-0.028135346,-0.08183091,0.056927595,-0.017962791,0.008197821,0.041709952,0.023335507,-0.046985272,0.09898292,-0.019746307,0.005272066,0.5430827,-0.023100974,0.07380691,0.0032249663,0.32534665,0.075574,-0.0032750377,-0.0010740692,-0.19173484,0.00077457976,-0.020766744,-0.33507216,-0.043322492,-0.03470009,-0.0012617838,-0.00135474,0.60314023
-0.0048839515,-0.031162525,-0.005696787,0.019254249,-0.041265,-0.029905554,0.058936074,-0.17874849,-0.017007908,0.008197821,0.03279489,-0.021752719,-0.04185399,-0.17908624,-0.020443903,-0.17443562,0.52883524,-0.023912862,0.063627385,-0.0015754605,0.2986298,0.062997304,-0.00037101062,-0.0062334444,-0.15405792,0.0034367496,-0.025240064,-0.342362,-0.08141613,-0.0807893,0.0023248363,-0.0034736544,0.4289615
-0.010874571,0.09478696,-0.0070805494,0.027507037,-0.031136053,-0.029052844,-0.085467696,0.05581133,0.01665157,-0.0042767343,0.047176,0.035779994,0.039332423,0.105845846,0.008483815,0.12841998,0.49507204,-0.029866224,0.06292663,0.0013341382,0.2816495,0.08018045,0.0007149881,-0.0016030385,0.22898,-0.0010256971,-0.020766744,-0.3373585,0.1582096,0.15087283,0.0012981314,0.0004961566,0.8268652
-0.008559815,-0.032196492,-0.005466596,0.027077194,0.021749279,-0.034586113,-0.08341492,0.030347781,0.011960703,-0.0062598167,0.031258535,-0.027696684,-0.03936114,-0.16789842,-0.1625807,0.008791459,0.47682014,-0.021268463,0.06711087,-0.004449884,-0.47376007,-0.58689797,-0.023101352,-0.0027671396,-0.180463,0.0040040654,0.01731373,-0.1016254,0.049059894,-0.10811188,-0.0007203236,0.0034474218,0.22763845
-0.0002693584,-0.044605855,-0.006620217,0.024066864,0.19738825,-0.033111773,-0.011246243,0.03687493,0.011341783,-0.0075020734,0.03963613,-0.027292328,-0.0371082,-0.19114766,-0.25919077,0.005716888,0.6009539,-0.021306261,0.07369216,-0.0037634526,-0.35880136,-0.44239438,-0.011843623,-0.00251579,-0.15707307,-0.02797465,0.01731373,0.818575,0.055097904,-0.09592948,-0.0007203236,0.007728147,0.561812
0.0033907238,0.16862099,0.03103116,0.05515109,-0.06255366,0.2742005,-0.0801756,0.05059981,0.007888641,0.010981727,0.068735756,-0.027180728,0.045332752,0.06735621,-0.039430764,0.040210087,0.45210537,-0.023872592,0.071169026,0.0018241168,-0.36524922,0.08017568,0.0009651013,-0.0038353882,-0.2468223,-0.00027398748,-0.00022914249,-0.33107826,-0.018358188,-0.01655704,-0.0012617838,0.00034807867,0.5778025
0.08072315,0.041282177,-0.012344054,0.050477467,-0.14390168,-0.0100566065,0.078978606,-0.16632606,0.049717546,0.007883655,-0.080331884,0.03208145,0.026417661,0.07708684,0.49965024,-0.17485392,-0.90043515,-0.13022572,-0.2255373,-0.0052453475,0.18524906,0.053420678,-0.0010378641,-0.007378981,0.20369253,0.0006839002,-0.009956456,-0.27167535,-0.15417403,0.1801548,0.0076438896,0.0034624548,0.35107344
0.02221141,-0.029636152,-0.0063583693,0.02320029,-0.027591193,-0.04692206,-0.058269836,0.061177384,0.011129949,-0.0042767343,0.03935457,0.03500379,0.11731459,0.09619784,-0.19224435,-0.12454712,-0.74251723,0.17638683,0.11228758,-0.006879053,-0.27478462,0.0808003,0.0040479894,0.0006275234,-0.17313777,0.00076769805,-0.0020528147,-0.2331078,0.16613711,0.23348817,-0.0012617838,-0.0013980509,0.34427485
-0.0022309548,-0.026908893,-0.0051745554,0.025012234,-0.06945685,-0.018868532,0.05246015,0.05909245,0.012693211,-0.009548129,-0.1446864,0.029976824,-0.060582645,0.092777744,-0.26296565,0.04630938,-0.99935794,-0.11740153,-0.37991124,-0.01695959,-0.25929397,0.0756278,-0.00861851,-0.0028461171,-0.21414049,0.0008282846,-0.013660374,-0.18477489,-0.028719107,-0.05478488,-0.0012617838,-0.0034613635,0.08391641
-0.004799188,0.20218317,-0.0053745727,0.022695964,-0.03306615,-0.040530965,0.0052106823,0.04474326,0.011988974,0.008197821,0.03871805,-0.02922881,-0.03474899,-0.2320418,-0.07365963,0.010013998,0.46800587,-0.024030404,0.051353194,0.005749662,-0.36883956,0.07884838,0.0024786075,-0.0054213735,0.24895625,0.002361845,-0.04012616,-0.34825325,-0.02146235,-0.077693515,-0.0007203236,-0.008636917,0.48835763
0.0046698414,-0.032015275,-0.0063583693,0.027958231,0.06777647,-0.034124054,-0.087136894,0.03549828,0.006792153,-0.0075020734,0.03295551,-0.030086609,-0.06613916,-0.15228476,-0.28174785,0.03382863,-1.0606177,-0.07772979,-0.39997122,-0.0037634526,-0.25525847,-0.5057681,-0.016748432,-0.00251579,-0.15008043,-0.02797465,0.011749474,0.018379264,0.06436862,-0.14005865,-0.0007203236,0.007960396,0.050877612
-0.0025288947,-0.03824921,-0.007924927,0.019899687,-0.090289846,-0.028317014,-0.026709368,0.04567236,-0.014761155,-0.009548129,-0.1320827,-0.018104905,-0.0399547,-0.19311407,-0.091269456,-0.10481181,0.46678662,-0.03633913,0.06678166,-0.0012810095,-0.42684364,0.07263203,0.0006060698,-0.0040395176,-0.17885265,0.0040398994,-0.04012616,-0.38136038,-0.051386245,-0.06774318,-0.0007203236,-0.00909692,0.22820288
0.011062311,-0.04261164,-0.008915808,0.021433713,-0.38853204,-0.012147797,0.07335013,-0.15562733,-0.028213346,0.007871601,-0.10971207,-0.035807054,0.05456442,-0.11245247,-0.12992556,-0.101966485,-0.9985764,-0.16139147,-0.3546834,-0.01109432,-0.25358394,0.057075962,-0.008040524,-0.008001212,-0.13484323,0.005663488,-0.0112654185,-0.38244864,-0.14639851,-0.03079419,-0.0022597408,0.0044443915,0.035802595
0.061776243,-0.010544826,0.00068441615,-0.117291756,-0.10040853,-0.015902266,0.11043575,0.06120582,0.039644897,0.0038787392,0.036312845,0.045548595,0.048023243,0.097284175,0.16135566,-0.18348098,0.44966844,-0.03133833,0.064657904,0.0022200078,0.28298134,0.07146653,0.0031788251,-0.007849535,-0.18823807,0.0034260422,-0.020766744,-0.54279226,-0.03902517,0.19308893,0.0012981314,-0.018842328,0.63696283
0.08072315,-0.012699577,0.0056742593,-0.1854858,0.015600255,-0.0010423788,0.067729,-0.17051907,-0.04473916,0.007871601,-0.058458865,0.023060339,0.048121054,0.03727355,0.38941452,0.116810374,-0.9459032,-0.14428046,-0.3230663,0.0022200078,0.22715472,0.050594155,0.0022689302,-0.005315128,-0.08696314,0.0034260422,-0.008959781,-0.24076577,-0.29634413,0.14324911,0.0076438896,-0.13806672,0.20862654
-0.085081816,-0.006225884,0.0103850635,0.04330384,-0.18250005,-0.011290435,0.08915107,0.045415152,-0.040268004,-0.00943917,-0.14893131,0.039150774,0.0503823,0.10519167,0.46267322,-0.21363279,-0.919122,-0.13077183,-0.27001685,0.0026554517,0.22260441,0.058103573,-0.0070717474,-0.0016685445,-0.14877787,0.0034260422,-0.009956456,-0.21920653,-0.05122466,0.17837727,0.0012981314,0.014249381,0.26341996
-0.0021618777,0.15471612,-0.0063583693,0.021663327,0.16722113,-0.0335287,-0.091774695,0.05538922,0.009637648,0.022882042,0.031826846,-0.02791904,-0.028257573,-0.23509458,-0.10684043,0.08123514,0.6330444,-0.01815459,0.07802293,-0.0012865142,0.25080222,0.09669706,-0.0001591963,-0.0023841562,-0.15358956,0.004853961,0.021357514,0.22262794,-0.020099325,-0.080271155,-0.0007203236,-0.002439462,0.75795287
-0.023070358,-0.03107415,0.016545257,-0.09629383,-0.11096799,-0.009645227,-0.036262684,0.049829453,0.0049172933,-0.0044585485,-0.1050792,-0.026685646,-0.10964741,0.08015567,-0.22304851,-0.04202623,-0.88395417,0.081449635,0.08990919,-0.0023035489,-0.20870154,0.07944085,0.009884584,0.00018701423,-0.18400489,0.0042789737,-0.013660374,-0.4763293,-0.0051547564,-0.20327477,-0.0012617838,-0.0036459598,0.09250692
-0.020334218,-0.038431,-0.005466596,0.024165796,-0.081989124,-0.0420365,-0.073470995,0.026097719,-0.0017959531,-0.0030344771,0.023424147,-0.027696684,-0.115750596,-0.25501317,-1.0914853,-0.040675458,-0.89764065,0.06252978,0.08950702,-0.0138143785,-0.261371,-0.5089973,-0.019047124,-0.0025672186,-0.12489962,0.0041100304,-0.006155194,-0.31132954,0.06569293,-0.20408414,-0.0007203236,0.0027848342,0.023001108
0.07850517,-0.0107315015,0.0006784231,0.04889883,0.029710013,-0.015863588,-0.067259416,-0.15426677,-0.045364335,0.007871601,-0.05802036,0.032742847,0.026417661,0.05998436,0.3508692,-0.16743156,-0.94667554,-0.13857359,-0.24498883,0.0022200078,0.24114202,0.053420678,-0.0010378641,-0.0046839174,0.15581878,0.003605046,-0.008959781,-0.24234049,-0.35059607,0.15643577,0.0076438896,0.026495911,0.25468445
-0.00018745707,-0.037572104,0.00982293,0.028364565,-0.09534896,-0.050560538,-0.076295406,0.02876828,0.011438779,-0.0042767343,0.03474186,-0.03177446,-0.037628807,-0.19605501,-0.1646667,-0.01839101,0.4565775,-0.021581894,0.04769536,-0.0075506526,-0.40366933,-0.6015205,-0.02091475,0.00046219444,0.199419,0.0041440516,-0.04012616,-0.47026438,0.040848352,-0.10287408,-0.0007203236,0.00744143,0.19596542
0.013132865,-0.023611024,0.01078396,0.034171116,-0.1426421,-0.030585058,0.12051283,-0.19935459,-0.042611666,-0.009577213,0.03967833,0.031721417,-0.028496992,0.10597424,0.083067104,-0.105122864,0.47979808,-0.021630978,0.050373748,0.0022200078,0.25939354,0.062154282,0.0030301912,-0.0013680859,0.23582512,0.003605046,-0.020766744,-0.6270687,-0.05935426,-0.043111406,0.0076438896,-0.001893559,0.5711247
0.00084361504,-0.028392287,-0.0063583693,0.020381404,0.021429434,-0.03167143,-0.06478036,0.052796245,0.0065968065,-0.0042767343,0.039308786,-0.033345155,-0.052914966,0.09834592,-0.18499185,-0.04832326,0.55067164,-0.02191408,0.07502206,0.0006413499,0.28562108,0.08555218,-0.0008949827,0.0006275234,-0.23036854,-0.024922505,-0.012065866,-0.23403676,0.08093277,-0.10878484,-0.0012617838,0.0017222418,0.5821826
4.18555e-05,-0.027721984,0.009207246,-0.07882144,0.041043982,-0.029804237,-0.07691542,-0.17902437,0.011482721,0.008197821,0.03325436,0.036838412,-0.036479384,0.09146015,-0.021333518,-0.028449526,0.54896945,-0.023905482,0.0742722,0.0034851832,0.29313013,0.07266215,0.00060130714,0.00057067093,-0.21547186,-0.013210192,-0.012065866,-0.16604504,-0.028547438,-0.039657973,-0.0074298615,-0.0023167795,0.5838426
-0.011016615,-0.036316372,0.033738986,0.04630062,-0.048793998,0.16641477,-0.024788866,-0.12562792,0.0014251163,0.005488677,-0.20948792,-0.020488493,-0.0595735,-0.12319578,-0.18267196,-0.16976325,-1.0096234,-0.09487453,-0.37793475,0.0005552423,-0.237384,0.07093482,0.002301368,-0.019862084,-0.17789836,0.004000881,-0.018133692,-0.20425443,-0.063211404,-0.12061883,-0.0022597408,-0.011098761,0.051311377
0.00315471,-0.02408865,0.00089498167,0.024164107,0.12254268,-0.032588948,0.10419755,-0.18382871,0.0054072333,-0.0065723117,0.027312411,-0.03095523,-0.031255,0.09059944,-0.020589357,0.07860589,0.6178341,-0.015285039,0.07440054,0.0017908623,0.33095685,0.08157126,0.000547503,0.026708717,-0.2230839,0.0031586569,0.01571018,0.15353274,-0.01153209,-0.0919184,-0.0074298615,-0.0043034493,0.7649857
0.06848115,-0.0065647173,0.008215916,0.019312961,-0.8980049,-0.048421115,0.0960652,0.09220734,-0.045700427,-0.06931883,0.05097754,0.04786171,0.0397162,0.1249715,0.075140454,-0.17575985,-1.0851978,-0.14647211,-0.3560514,0.0022200078,0.20526278,0.06363086,0.0026556358,-0.00066240714,0.37909466,0.003605046,-0.009956456,-0.20119923,-0.039001618,0.21294254,0.0012981314,-0.0043439837,0.18355505
0.0024020025,-0.035733555,-0.0053745727,0.02488308,0.02436126,-0.03694298,0.09039604,0.05682887,-0.021075012,-0.009686171,0.031943057,-0.0287447,-0.032040052,-0.283914,0.055714317,0.10778286,0.49947912,-0.030826682,0.055196308,-0.004623552,-0.39465916,0.08653122,-0.0001591963,-0.00489535,0.25871864,0.0042189034,-0.004702462,-0.10342091,-0.008720618,-0.071370445,-0.0007203236,-0.008923963,0.57748866
0.0025622144,0.09211485,-0.0053745727,0.023434082,0.18672602,-0.025358511,0.12286917,0.06628043,0.014546867,-0.0075020734,0.032647315,-0.027993502,-0.031519923,0.11944516,-0.07944341,0.07000718,0.6225063,-0.017327778,0.06332612,-0.0010557922,0.24452792,0.099800624,-0.0027380586,-0.0018698368,0.23730998,0.00047340413,0.01571018,0.30227286,0.09053971,-0.09571083,-0.0012617838,-0.001405701,0.9010628
0.0014478723,-0.026494091,0.022380067,-0.1720403,-0.008985172,0.15727866,-0.08936706,0.049756065,0.012502225,-0.0075769536,0.05791324,-0.021208422,-0.037748232,0.09782404,-0.101643436,-0.0144296335,0.4789991,-0.023477165,0.057559498,-0.0025759486,-0.35105926,0.09069525,-0.0027380586,0.0026721293,0.29251742,0.0042757927,-0.00022914249,-0.21999873,0.068985656,-0.09594868,-0.0012617838,0.011505706,0.5817791
0.0005250152,-0.032328613,-0.0063583693,0.014832879,0.19494388,-0.030980943,-0.097086444,0.059184812,0.013588996,-0.0062524555,0.037148148,-0.031315465,0.041847706,-0.20783235,0.00018826907,0.050826915,0.5969585,-0.026717044,0.08147326,-0.00040907052,0.31872186,0.09005651,-0.0053996667,6.48587e-05,-0.15393981,-0.024922505,0.021357514,0.2702159,0.11154069,0.007531999,-0.0007203236,-0.0009902301,0.80000186
-0.0024870168,-0.041147716,-0.02038678,0.033445373,0.20605509,0.20790619,-0.0005633079,0.055722196,-0.018360546,-0.020081848,0.055563297,-0.023960717,-0.023076419,-0.17590809,-0.07414137,-0.033063374,0.5951926,-0.02835687,0.07791112,0.0005428703,-0.33272335,0.073851794,-0.0026872274,-0.0038971894,-0.1739295,0.0040398994,0.01731373,0.75206345,-0.021648696,-0.07020884,-0.0007203236,0.035021808,0.75911444
-0.001407184,-0.0330674,-0.006620217,0.02443998,0.24833344,-0.033518907,-0.0208031,0.06467584,0.00855409,-0.0075020734,0.04896821,-0.029322019,-0.031077556,0.096958436,-0.05192338,-0.00857505,0.5991133,-0.01732038,0.07996826,-0.004762447,-0.3523896,0.08271837,-0.0014004464,-0.0021527575,-0.20630015,-0.029038789,0.011666397,0.83976614,0.084021606,-0.093626134,-0.0012617838,0.002982942,0.79586506
-0.0041180104,0.103788465,0.00089498167,0.022240479,-0.13992904,-0.027113201,0.06964246,0.06654333,0.013134883,-0.0030344771,0.044885263,-0.02755881,0.05509975,0.090730324,0.02580956,-0.0040107467,0.50285316,-0.024459353,0.070158124,0.0008986943,0.27729875,0.080922365,0.0007149881,-0.0054624695,-0.19753997,-0.00096446445,-0.020766744,-0.30239066,0.14545597,-0.02040735,-0.0012617838,-0.003857511,0.7086316
0.062051006,0.00087552844,0.009533781,0.051560305,-0.19578367,-0.013548356,-0.09227892,-0.1413788,-0.0370754,-0.00434959,-0.13626502,0.036244236,0.048644993,0.07781705,0.57961345,-0.12968251,-0.8989574,-0.13436946,-0.27307212,0.0022200078,0.22726029,0.05302982,0.0031788251,0.022216849,-0.13404562,0.0034260422,-0.009956456,-0.36021483,-0.1246779,0.17110638,0.0076438896,0.02786697,0.23133005
0.0051912037,0.17815657,0.0075704553,0.026693787,-0.07341136,-0.04401681,0.036740195,0.051308535,0.016791577,0.008197821,0.046576563,0.038183197,0.046159565,-0.22659929,-0.20642224,-0.06842516,-0.97666276,-0.16535129,-0.3629257,-0.00611916,-0.24324395,0.0706262,0.00053236494,-0.000776871,0.29485944,-0.00096724584,-0.018133692,-0.20146158,-0.020923393,0.14736232,-0.0007203236,-0.0070753,0.1754135
-0.021466007,-0.028944654,0.01584378,-0.10039861,-0.7538653,-0.050633598,-0.029787095,0.0617079,0.006899247,-0.09310274,0.044399146,-0.030704236,-0.067304835,-0.15165244,-0.20902283,-0.1942656,-1.011008,-0.079672754,-0.35820836,-0.0071152085,-0.20542455,-0.38347548,0.08429738,0.0005065894,-0.19798964,0.003965047,-0.018133692,-0.10104248,0.028970027,-0.2188316,-0.0007203236,0.01195583,0.018822983
-0.0062139286,-0.031229148,0.008428222,-0.0964971,-0.077391125,-0.038283933,-0.09121733,0.034239948,0.006323535,-0.0042767343,0.036073804,-0.023163654,-0.06707838,0.067866325,-0.40138555,-0.04027827,-0.9927733,-0.08029339,-0.37043828,-0.0012696986,-0.2561129,-0.48287845,-0.0130786905,0.000825227,-0.15952209,-0.026851054,-0.013660374,-0.30108237,0.08441155,-0.13587733,-0.0012617838,0.0011479007,0.033174172
0.0010785274,-0.018437477,-0.0027097545,0.024102984,-0.043143906,-0.01335489,-0.12593651,0.04827992,0.016061964,-0.0044585485,-0.1567717,0.0342584,0.05090624,0.09989271,0.0866863,-0.19732217,-1.0010841,-0.1518603,-0.40709415,0.0026554517,0.24462037,0.07104237,0.0018473383,0.010744192,-0.18301731,0.0034260422,-0.009956456,-0.16176155,-0.013481769,0.15894642,0.0012981314,0.0011271208,0.17757475
-0.00031783234,-0.042154234,-0.0063583693,0.024066864,0.115846425,-0.033489462,-0.030110287,0.03379593,0.011960703,-0.0075020734,0.031496078,-0.030086609,-0.0418968,-0.21915373,-0.241149,-0.13994993,0.5613165,-0.021306261,0.071935855,-0.0037634526,-0.3636002,-0.7252623,-0.016748432,-0.00251579,-0.13843401,-0.02797465,0.01731373,0.2408254,0.057030637,-0.10122487,-0.0007203236,0.007728147,0.28498805
-0.017712133,-0.043661438,-0.0074027637,0.017343758,-0.101522386,-0.048813026,-0.012698408,-0.18093906,0.009257775,-0.009686171,0.024833934,-0.023559961,-0.112667404,-0.15876111,0.0019142913,-0.106759205,-0.8941681,0.076566786,0.09199965,-7.823086e-05,-0.25397146,0.078059405,0.0006038896,-0.007881697,-0.14689282,-0.027160332,-0.018133692,-0.25713757,-0.03285186,-0.15373996,-0.0022597408,-0.010019737,0.09732138
-0.048024233,-0.021583498,0.006579831,0.04381863,-0.039365306,-0.02963986,0.060746208,-0.16687569,-0.015963169,-0.009577213,0.019992925,0.01566002,0.09669877,-0.17998357,0.43543923,-0.074582666,-0.7496825,0.12226645,0.07680398,-0.0015764469,0.21403703,0.05678722,0.0066285143,-0.0036763768,-0.12478717,0.0034260422,-0.014429775,-0.37372655,-0.048059054,0.22434679,0.0023248363,0.017377116,0.40178117
-0.0012143033,-0.032880083,-0.0063583693,0.028092822,-0.02219497,-0.03711447,-0.09461885,0.029975481,0.0071864147,-0.0042767343,0.03592642,-0.0321163,-0.03936114,0.08092834,-0.26137593,-0.0252965,0.46569872,-0.019449929,0.065682985,-0.0012696986,-0.4009827,-0.60583735,-0.0152652925,0.00042789127,-0.2130897,-0.02797465,-0.00022914249,-0.3058716,0.06914421,-0.12172369,-0.0012617838,0.001658096,0.2002887
0.0031746135,-0.05063025,0.017155161,0.024715848,-0.086495645,-0.016125437,0.10554638,-0.12915075,0.014326675,0.007883655,-0.12100739,-0.029465541,0.05456442,-0.12972188,-0.09507752,0.052965634,-0.9736117,-0.14834559,-0.351665,-0.01109432,-0.24237914,0.058971547,-0.008412966,-0.009193715,-0.16041149,0.005663488,-0.018133692,-0.05578318,-0.11879389,-0.035264537,-0.0022597408,0.023888564,0.089185834
-0.002434576,-0.022264065,0.009284249,0.020669026,0.031044705,-0.035796285,-0.061325427,0.05262903,0.0065968065,-0.0042767343,0.039184876,-0.03095523,-0.052522413,0.09233942,-0.18706167,-0.09288098,0.55067164,-0.018961325,0.07414499,0.0008258063,0.28471687,0.08131775,0.005585165,-0.0015557897,-0.23124368,0.003215546,-0.012065866,-0.23119022,0.07684868,-0.10423358,-0.0012617838,0.0020089583,0.58458024
0.00016508182,-0.020325173,-0.007371801,0.029915951,0.26728064,-0.029476015,-0.09823275,0.06933318,0.024663905,-0.0075020734,0.064500086,0.026219321,-0.02673132,0.0868313,-0.010478004,0.10859264,0.63957936,-0.020367444,0.064827606,0.004329132,0.2515911,0.080643415,-0.0016206052,0.00042789127,0.2452487,0.00066858984,0.01571018,0.9246456,0.116430394,-0.0008784046,-0.0012617838,-0.0018669884,0.94765043
0.0027649102,-0.03350505,0.0069547715,-0.078741886,-0.031111967,-0.03684735,0.027667439,-0.20891812,-0.02189507,-0.009686171,0.036480714,0.019053932,-0.042974696,0.08277887,-0.1940724,-0.0027391193,0.45471206,-0.03368284,0.06518138,-0.01695959,-0.40113404,0.06448493,-0.00861851,-0.0051718904,-0.21779016,0.00086730294,-0.03565284,-0.37230384,-0.048681106,-0.031645194,-0.0074298615,-0.0057116863,0.2721431
0.010589371,-0.04241754,-0.0063583693,0.023185825,0.17573373,-0.03380436,-0.0138173085,0.036815923,0.011837362,-0.0075020734,0.036019508,-0.030086609,-0.032940708,-0.17824657,-0.09140094,0.20403065,0.59415144,-0.021361167,0.073819384,-0.0041988967,-0.3677078,-0.4963329,-0.018196542,0.0023650632,-0.13843401,-0.022659583,0.01731373,0.6241286,0.055097904,-0.105034515,-0.0007203236,0.00744143,0.5894906
-0.0030923206,-0.019178793,0.01496524,0.033692762,0.05719598,-0.018809505,-0.08073534,-0.12721702,-0.024158882,-0.009548129,-0.12236312,0.023787918,-0.02278354,0.10936043,0.17046413,-0.05779509,0.5151127,-0.029561749,0.061559074,0.0032249663,0.27275434,0.074027956,-0.00066513673,-0.0047711427,0.23583516,0.0008431269,-0.012065866,-0.12904492,-0.13810489,-0.03276275,0.0076438896,-0.0022288521,0.6997549
0.0005250152,-0.026196089,-0.0070805494,0.02478455,0.031942043,-0.032604165,-0.09684652,0.047493186,0.014804092,9.3284296e-05,0.0316038,-0.033003315,-0.036456477,-0.245041,-0.16434175,0.03554272,0.59941125,-0.01973312,0.06032603,-0.0025388354,0.30962864,0.08291479,-0.005328142,6.48587e-05,0.2130541,0.00339455,0.021357514,0.123435594,0.071552195,-0.08492623,-0.0007203236,0.0076393397,0.73600405
-0.004915432,-0.028247977,0.007031774,0.029870998,-0.17054375,-0.04331238,0.030381745,0.039492287,0.0069572944,-0.0042767343,0.04110554,-0.041754723,-0.079181,-0.15831675,-0.26446518,-0.23071656,-0.9698337,-0.07751173,-0.3295818,-0.0071152085,-0.22758974,-0.39541143,0.013467894,-0.001063742,-0.15760939,0.003965047,-0.018133692,-0.52872455,0.08021911,-0.16381519,-0.0007203236,-0.00026800128,0.027920725
-0.003640232,-0.028247977,0.00089498167,0.029870998,-0.2119193,-0.039712224,0.036324743,0.034045603,0.0069572944,-0.0030344771,0.04110554,-0.041754723,-0.07957355,-0.16388805,-0.25333247,-0.22650394,-0.9698337,-0.07751173,-0.3295818,-0.0071152085,-0.22758974,-0.4110266,0.0017824265,0.0019015484,-0.15760939,0.003965047,-0.018133692,-0.50559676,0.03873111,-0.18414173,-0.0007203236,-0.0010418775,0.025447002
-0.0026643523,0.134478,0.010063273,0.02182886,-0.017760146,-0.037229124,-0.069962494,0.05247112,-0.022137754,0.008197821,0.04406728,-0.019002471,0.047499303,-0.18611115,-0.017246487,-0.0075296904,0.5259858,-0.032287538,0.07405966,-0.0015875112,0.29057634,0.07189159,0.00031668955,-0.0014371017,-0.15985028,-0.0019063296,-0.025240064,-0.32076272,-0.060711596,-0.026272446,-0.0007203236,-0.002585516,0.59121275
-0.0045694113,-0.036300953,-0.0046523926,0.020251377,-0.13263762,-0.036301307,0.036014024,0.064591266,0.0071406784,-0.0042767343,0.04437087,-0.0321163,-0.052914966,0.091603555,-0.12887408,-0.14320184,0.4524403,-0.016915854,0.06480582,-0.005318074,-0.42453665,0.08238512,0.0012916186,-0.0042508533,-0.22646926,-0.062304083,-0.03565284,-0.3714545,0.08883911,-0.09444445,-0.0012617838,-0.00057453493,0.31761712
-0.0021618777,-0.025636222,0.00982293,0.016399736,0.15689947,-0.035671722,-0.09339158,0.055790786,0.014804092,-0.0075020734,0.031356458,-0.033003315,-0.031519923,-0.2635383,-0.16756935,0.0489633,0.616269,-0.020574134,0.060515776,-0.0021033916,0.29089826,0.09127465,-0.005328142,-0.0021184543,0.19043584,0.00339455,0.021357514,0.21454789,0.07203758,-0.09118489,-0.0007203236,0.007926056,0.7722784
-0.006267669,0.20366715,0.021841384,-0.13824189,-0.066068016,0.20689704,-0.01699705,0.05202801,0.008427376,-0.01298639,0.062268604,-0.015765438,-0.11740614,-0.10513385,-0.11688497,-0.0322801,-0.9042472,0.09650037,0.09057324,0.013725518,-0.19251628,0.08283627,-0.003760322,0.0016982048,-0.14833587,-0.0003130057,-0.018133692,-0.24401845,-0.011584858,-0.14889318,-0.0007203236,0.03348301,0.20981228
0.0025622144,-0.020790726,-0.0053745727,0.016490474,0.13350293,-0.025358511,0.11591734,0.06370787,0.012560273,-0.0062524555,0.032654807,-0.031389926,-0.032842066,0.13327344,-0.13233747,0.09714047,0.61555845,-0.017327778,0.063143924,0.00083503575,0.311358,0.091408856,-0.0027380586,-0.0018698368,0.24260478,0.00339455,0.01571018,0.26378226,0.0881043,-0.09851313,-0.0012617838,-0.001405701,0.88358223
0.00018402422,-0.037039798,0.011213054,0.0235088,0.14964758,-0.0341533,-0.07670311,0.048206598,0.009169873,-0.016643587,-0.12593725,-0.027021477,-0.020106288,-0.20838049,-0.086550616,0.064638436,0.54331934,-0.03026232,0.07806737,-0.0007976901,-0.40363598,0.09327293,-0.0001591963,-0.0012611649,-0.18498208,-0.027160332,0.01731373,0.26509705,-0.028402561,-0.07542781,-0.0007203236,0.0017054861,0.5051372
0.008038164,-0.033425476,0.01584378,-0.026175808,-0.9467832,-0.04775542,-0.041393686,0.034117877,0.006899247,-0.0042767343,0.036629464,-0.032802075,-0.067304835,-0.1399321,-0.23503388,-0.20517404,-1.0073452,-0.07972766,-0.36816466,-0.0075506526,-0.22414863,-0.38511184,0.07970195,0.0009790433,-0.20749219,0.003965047,-0.018133692,-0.4998836,0.1131291,-0.21341011,-0.0007203236,0.025540927,0.012538307
0.0051682484,-0.031959735,-4.2297477e-05,0.029237283,-0.123072155,-0.023805149,0.1250424,0.057504017,0.019963006,0.0038787392,0.04606917,-0.02892554,0.048023243,-0.18730444,-0.12188229,-0.13700119,0.50570756,-0.025636075,0.062004466,-0.0007016416,0.28314823,0.0696454,0.0037385698,0.0061691813,-0.17401917,0.0055707647,-0.025240064,-0.6313513,-0.041468546,-0.03411814,-0.0007203236,-0.006525232,0.44463968
-0.010649253,-0.043549713,0.014370329,-0.110790946,-0.16412194,-0.030186428,0.076420836,-0.20486762,-0.01961484,0.008197821,0.029817259,-0.028234659,-0.042974696,0.056269832,-0.1955696,-0.09813571,0.45169836,-0.02280398,0.059535097,-0.009558623,-0.3517214,0.059715353,-0.024149124,-0.006289576,-0.20486043,0.005663488,-0.03565284,-0.5907358,-0.1333778,-0.10537959,-0.0074298615,-0.0053247605,0.17026642
3.2454263e-06,-0.030290771,-0.0063583693,0.023956802,0.15873013,-0.037057966,-0.088405065,0.058042604,-0.010721953,-0.01678163,0.03802448,-0.029086538,-0.028257573,0.12156266,-0.07339997,0.0484695,0.5624012,-0.024823347,0.080095485,-0.005197134,-0.35681826,0.10494565,0.000547503,-0.0012954681,-0.20941216,-0.027160332,0.011666397,0.3656411,-0.018069405,-0.05983028,-0.0012617838,-0.001600991,0.6567418
0.0139232045,-0.030328058,-0.007924927,0.017895699,0.019946517,-0.024658473,-0.06877358,0.05052543,-0.005402942,-0.009548129,-0.12463011,-0.020134598,0.095066965,0.08981334,-0.20791242,-0.009926353,-0.82349885,0.16082995,0.11575151,-0.0074588945,-0.23148452,0.08866725,-0.002795099,-0.0012954681,-0.16129504,0.0032513803,-0.0020528147,-0.055846117,-0.040844414,-0.07408394,-0.0012617838,-0.004714523,0.23873106
0.011085043,-0.03378535,0.008883576,-0.09000041,-0.19334945,-0.007531291,0.12896134,0.059477005,0.03381207,0.007883655,-0.16517784,0.028888075,0.056825668,0.09653776,-0.22603977,-0.06494106,-0.9355548,-0.17709899,-0.38279584,-0.014904077,-0.2516909,0.058444113,-0.01277255,-0.0015617762,-0.18271273,0.003122917,-0.013660374,-0.48765376,-0.032245275,0.17232126,-0.0012617838,0.015534911,0.07639199
0.0016161479,-0.03678648,-0.0074027637,0.032856,-0.10682505,-0.03225609,-0.101390734,-0.17295252,0.018359246,0.008197821,0.034933887,0.04261812,-0.042246543,-0.15560675,-0.06865954,-0.26465964,0.5309677,-0.02178452,0.061431702,-0.00045065413,0.28891504,0.06373965,0.0034616953,0.0003577494,-0.16330405,-0.07904729,-0.025240064,-0.47119626,-0.049689062,-0.025293626,-0.0022597408,-0.003279368,0.34472102
-0.0016369607,-0.034658816,-0.0073423972,0.024505116,0.2139763,-0.035799038,-0.016372574,0.056530084,-0.028191498,-0.01678163,0.047662046,-0.028038494,-0.019122738,-0.24603754,-0.041562535,-0.0474587,0.6092456,-0.026339062,0.060586177,-0.0005925991,-0.3345887,0.07822926,0.00017486108,-0.0042391494,0.22026205,0.0042189034,0.01731373,0.84169483,-0.01213805,-0.044405654,-0.0007203236,0.002273203,0.7910384
0.0025622144,0.098278284,-0.0053745727,0.02320435,0.041946042,-0.02894774,0.09737757,0.05646993,0.009201282,0.008197821,0.036720403,-0.027993502,-0.033457235,0.11336787,-0.022839388,-0.06637503,0.5637921,-0.018536225,0.06154929,-0.0005354097,0.2635266,0.083074495,0.000821466,-0.001538571,0.2799728,0.000416515,-0.012065866,-0.15219687,0.004187448,-0.099500395,-0.0012617838,-0.0034088248,0.79757166
-0.006379837,-0.037594475,0.009284249,0.026904676,-0.03054788,-0.0481452,-0.0932225,0.03059354,0.004805557,-0.0042767343,0.03450747,-0.030086609,-0.06707838,-0.16853924,-0.2959401,-0.041002788,-1.0263773,-0.078098126,-0.36709666,-0.0072996654,-0.25801188,-0.46172315,-0.022612229,0.00046219444,-0.15122129,-0.02797465,-0.006526134,-0.28542405,0.07526276,-0.15214457,-0.0007203236,0.0076736794,0.0329902
-0.025462799,0.10070184,-0.004397423,-0.10548862,-0.099624276,-0.023836415,0.063311845,0.052349105,-0.03323001,0.008197821,0.04755194,0.022660801,0.047499303,0.10658289,0.26255465,-0.10650778,0.42570236,-0.03505225,0.053608283,0.0013341382,0.28548023,0.07400714,0.0006808276,-0.004302816,-0.1699598,-0.0039294534,-0.020766744,-0.33481312,-0.03551317,0.12563898,0.0012981314,0.015374577,0.68830365
-0.0027755625,-0.023578256,0.009284249,0.0210505,-0.09089364,-0.036017083,-0.06306525,0.062819734,-0.0144321555,-0.009686171,0.04518907,-0.027925469,0.048681255,0.097028054,0.002474752,0.09349096,0.5144066,-0.025267813,0.0745952,0.0032249663,0.31202218,0.074780256,-0.005019975,-0.0029290621,-0.1881398,0.003315151,-0.020766744,-0.3224071,-0.04104286,-0.039188296,-0.0012617838,-0.0006122961,0.6336492
0.014476284,-0.022570366,0.038224664,0.068831116,-0.06425778,0.24527553,-0.032133613,0.058340285,0.027996019,-0.0075769536,0.0881057,0.043876797,0.044259556,0.09166683,-0.14221632,0.064216875,0.42065346,-0.035184503,0.054897167,-0.004505773,-0.3696988,0.07265272,0.0037439538,0.0069126924,0.25900462,0.002737673,-0.03565284,-0.68396616,0.1388184,0.17076209,-0.0012617838,0.0015995034,0.64989495
-0.015477265,0.09450729,0.009284249,0.023978744,0.030017147,-0.034274478,-0.08269958,0.054518905,0.011129949,-0.0042767343,0.03879493,0.035105564,0.10181026,0.09323227,-0.022997618,-0.09312832,-0.91133976,0.12250309,0.108851925,2.3889006e-05,0.19699585,0.08538831,0.0052957847,-0.001205703,-0.16389762,-0.0045465054,-0.0049979943,-0.085980676,0.13217886,0.2484961,0.0012981314,0.0018023425,0.517728
0.035372004,0.048368674,0.008268292,0.039598726,-0.24595873,-0.0118122725,0.11742829,0.056735437,0.03882107,-0.00943917,-0.16080491,0.043883782,0.026145756,0.10664602,0.13589056,-0.10173706,0.4588786,-0.03968284,0.05493297,-0.0052453475,0.2254527,0.07048234,0.0031788251,-0.00066240714,0.22669746,0.0006839002,-0.020766744,-0.6334565,-0.014208496,0.15542078,0.0012981314,-0.00023260823,0.67056197
-0.004964076,-0.021594904,0.00032475818,-0.06671055,0.04788242,-0.021857336,0.09663682,0.057042554,0.0053034504,0.0038965445,0.036433853,-0.022002585,-0.042731386,0.10626945,-0.01911502,-0.06768854,0.5608334,-0.020865817,0.07317023,0.0013554185,0.29734662,0.08258358,0.000821466,0.0026858067,-0.23150986,0.0031586569,-0.012065866,-0.17939372,-0.006369825,-0.10081849,-0.0012617838,-0.008145277,0.6568302
-0.0015664533,-0.027296506,-0.012671953,-0.09305399,0.026548335,-0.0387216,-0.06575018,-0.17368318,-0.01276961,0.008197821,0.031475324,-0.014611316,-0.0296177,0.09068306,-0.19974603,-0.03453105,0.48642644,-0.02555572,0.05602356,-0.011614136,-0.37397483,0.07668199,0.000821466,-0.006569843,0.27007028,0.0034303837,-0.00022914249,-0.1766053,-0.16092525,-0.054140955,-0.0074298615,-0.0049714246,0.4073027
0.0041673677,-0.036078054,0.008428222,-0.09162058,-0.023417547,-0.03766379,-0.09160875,0.03051972,0.0052913823,-0.0042767343,0.034715764,-0.021133961,-0.06707838,-0.16860257,-0.29511708,-0.05055236,-1.0310891,-0.08037282,-0.35714036,-0.0068642218,-0.25630015,-0.46172315,-0.022612229,-0.0021184543,-0.15448552,-0.02797465,-0.006526134,-0.28141704,0.07568579,-0.13306274,-0.0007203236,0.0072179525,0.030978935
-0.00033532374,-0.035595473,0.008428222,-0.08741207,0.050673183,-0.028766727,-0.07277202,0.033441037,0.00067646813,-0.0075020734,0.027304173,-0.021133961,-0.1086613,-0.15774807,-0.3085321,0.02909582,-0.9582177,0.071008526,0.09285847,-0.005073702,-0.23819683,-0.53836846,-0.019536247,-0.0021184543,-0.12114841,-0.02797465,0.011749474,0.027289618,0.05908535,-0.18441908,-0.0007203236,0.0063231154,0.08273538
-0.0034315856,-0.03504645,0.0061757476,-0.093854114,-0.12175998,-0.036804494,0.071726575,0.03645216,0.010414196,-0.0042767343,0.036531862,-0.018744037,-0.05220796,-0.17166017,-0.13103169,0.01510408,0.44860652,-0.0232117,0.060153462,-0.0071152085,-0.4249083,-0.53536725,0.054594394,-0.0036887857,-0.16806325,0.0040040654,-0.04012616,-0.39837903,0.098569915,-0.08947921,-0.0007203236,-0.0012368239,0.19493936
-0.00031783234,-0.036133982,-0.0063583693,0.023185825,0.08769795,-0.034124054,-0.075547956,0.034803305,0.011960703,-0.0075020734,0.031496078,-0.030086609,-0.03574673,-0.1963254,-0.04219197,0.044584513,0.5363252,-0.021306261,0.071935855,-0.0037634526,-0.3964066,-0.6974446,-0.023101352,-0.00251579,-0.16178516,-0.02797465,0.01731373,0.20708568,0.0542962,-0.10084107,-0.0007203236,0.007728147,0.3382213
0.012531294,-0.01556695,0.019430486,0.02952923,-0.00931444,-0.029496003,0.11499398,0.058677882,-0.035068948,0.008180016,0.040042523,-0.05588666,0.0397162,0.11263727,-0.085360594,-0.0172771,-1.0953646,-0.1227421,-0.33023432,0.0022200078,0.2185515,0.07160036,0.004445269,0.0011925861,0.29763496,0.0057497686,-0.009956456,-0.33437642,-0.067990646,-0.061233543,0.0012981314,-0.0023272487,0.24356832
-0.00241409,-0.034880143,-0.0063583693,0.03018633,-0.14254454,-0.038195208,-0.030900761,-0.19562711,0.004273753,-0.009686171,0.039259166,-0.029726375,-0.042974696,0.06629241,-0.14662063,0.05527064,0.4573606,-0.018842256,0.063224696,-0.004412201,-0.40723926,0.062909,-0.023377987,-0.004863023,-0.23173064,0.004157375,-0.03565284,-0.5179735,-0.027165731,-0.09327013,-0.0074298615,-0.0018551736,0.23680875
0.0068773692,-0.02385014,-0.005466596,0.023780555,0.10532579,-0.03372211,-0.09144583,0.036221657,0.009173011,-0.0062598167,0.032772735,-0.029726375,-0.03574673,0.09209817,-0.15593494,0.026146717,0.49601376,-0.019453097,0.07399299,-0.00064056885,-0.4755919,-0.68775535,-0.0152652925,0.007468336,-0.17909724,0.0040040654,0.011666397,0.12301491,0.062877335,-0.101276346,-0.0012617838,0.0011709363,0.3431385
0.0033645504,-0.035119474,0.008428222,-0.08223654,0.19665068,-0.026543165,-0.020281387,0.04179777,0.009535495,-0.0075020734,0.03736221,-0.023163654,-0.032940708,0.10737681,-0.07914418,0.21530665,0.58868724,-0.02178269,0.07499945,-0.00038958143,-0.36652046,-0.5343967,-0.009356926,0.0005447829,-0.15786807,-0.022659583,0.011666397,0.6148342,0.07207103,-0.088391654,-0.0012617838,0.0012023682,0.63987446
-0.00071596884,-0.035337072,-0.011974754,0.03036674,-0.15349466,-0.045253105,-0.06804252,0.035785746,0.008035183,-0.0042767343,0.033525873,-0.04617434,-0.07342348,0.07638548,-0.3616829,-0.20859191,-0.9829502,-0.07854655,-0.36832005,-0.0012696986,-0.24289374,-0.42869273,-0.0026159743,0.0009447404,-0.16590215,-0.026851054,-0.013660374,-0.4428719,0.057537403,-0.21677461,-0.0012617838,0.0018844744,0.025666652
-0.050774936,-0.013339307,-0.0037200844,0.041786358,-0.22680293,-0.02452943,0.088361606,0.057372965,-0.012290106,-0.009577213,0.037719104,0.055299006,0.10497666,-0.21384053,0.28802982,-0.046443976,-0.78349006,0.13256592,0.095422335,-0.0015764469,0.1980473,0.06935842,-0.0027121627,-0.0045008683,-0.13213238,0.0034260422,-0.014429775,-0.42440873,-0.0495236,0.23489587,0.0007410736,-0.0011085188,0.37597963
0.00018402422,0.18506643,-0.0063583693,0.024740681,0.14983644,-0.03841392,-0.077523865,0.049226128,0.009637648,0.022882042,0.037228707,-0.027540958,-0.028257573,-0.20871885,-0.059237808,0.10733705,0.56588435,-0.025680272,0.07738642,-0.0026338927,-0.3628749,0.10593757,-0.0001591963,0.00019649253,-0.17758168,-0.009678318,0.01731373,0.25709912,-0.019746834,-0.07542781,-0.0007203236,0.0019864866,0.64381
0.010591614,0.103936434,0.0075704553,0.021204365,0.030647047,-0.030381162,0.08722949,-0.20071346,0.0113194985,-0.009686171,0.029208764,-0.027993502,0.074995376,0.10314871,-0.06318669,-0.019510172,-0.98934644,0.09491895,0.096199565,-0.005365031,0.19647172,0.07815631,0.0012390643,-0.0019155326,0.28081793,0.0005730091,-0.009956456,-0.18986095,-0.02208591,-0.0788403,-0.0074298615,-0.0018541592,0.41839945
-0.007059996,-0.027783459,-0.0063583693,0.028092822,-0.004301907,-0.03711447,-0.10620779,0.034250926,0.006427318,-0.0055263527,0.03286747,-0.0321163,-0.059989087,0.077164054,-0.3059915,-0.017332165,-1.0269789,-0.07765036,-0.40950453,-0.0008250253,-0.23653498,-0.49896502,-0.0152652925,0.00042789127,-0.1704411,-0.02797465,-0.0020528147,-0.07363588,0.07835105,-0.16369502,-0.0012617838,0.0018903445,0.0495222
0.02014563,-0.032872286,-0.0070357085,-0.084748685,-0.22442278,-0.036303047,-0.028886976,-0.1671832,0.0066653346,-0.009686171,0.026702164,-0.02880773,-0.11227485,-0.1391724,-0.1608845,-0.17321478,-0.8845972,0.117552616,0.08782256,0.00950031,-0.21253431,0.06687981,-0.01978954,-0.0068951016,-0.14790376,0.0034904545,-0.018133692,-0.59440637,-0.029094238,-0.17368777,-0.0022597408,-0.01078691,0.053846266
0.0014478723,0.16402428,-0.020124933,0.049827233,-0.0504583,0.22542977,-0.081055716,0.054404337,0.010801303,-0.0075769536,0.06151377,-0.027180728,0.050703377,0.058064662,-0.0388173,0.02126789,0.44494638,-0.028038787,0.07204609,0.002524899,-0.36629868,0.07784894,0.014208431,0.0007698514,-0.2406397,-0.00021709832,-0.00022914249,-0.3299549,0.12290689,-0.002874026,-0.0012617838,0.0046600434,0.58497214
-0.0009979019,-0.047109533,0.002017061,0.028600426,-0.05433078,-0.016128223,-0.07624172,-0.10590019,-0.018460693,0.0035881295,-0.084245645,-0.02643578,-0.0595735,-0.08364663,-0.2444464,-0.13350473,-1.0017095,-0.11082063,-0.356204,-0.005048082,-0.23286434,0.062274903,0.009177885,0.010044917,-0.1414333,0.005663488,-0.0112654185,-0.29731977,-0.07129564,-0.12150652,-0.0022597408,-0.013905549,0.04332487
0.00897913,-0.019246068,-0.007602712,0.027440874,-0.08377208,-0.013852254,-0.0816329,0.041124914,0.023128506,-0.009548129,-0.16222462,0.034932833,0.026145756,0.11615357,0.08636572,0.11069917,0.4716482,-0.042890873,0.061983656,0.0027895225,0.3042404,0.07785296,0.0001498599,-0.00074574933,0.22401285,0.000999621,-0.020766744,-0.34174907,-0.014669776,0.14351745,0.0012981314,-0.00090015534,0.74353296
0.0034082802,-0.022355258,0.0075704553,0.021817314,-0.12291141,-0.03364495,0.06400739,0.063866094,0.009201282,0.008197821,0.03960087,-0.031389926,-0.03474899,0.12365462,-0.0003928349,0.024349395,0.5348294,-0.018849658,0.057969294,0.00091074506,0.29829597,0.08056013,0.0014878287,0.0005252826,0.26921603,0.003494155,-0.020766744,-0.34832844,-0.014236713,-0.1005166,-0.0012617838,-0.003274731,0.7232889
0.0025579156,-0.039795637,-0.001608855,0.021199942,-0.122314885,-0.022673184,0.03179117,-0.14439203,0.0071375393,0.0036001834,-0.11983736,-0.020488493,-0.038945556,-0.15216099,-0.20802566,-0.1733134,0.4623838,-0.033511315,0.06427096,-0.0078043784,-0.42107895,0.066696696,0.0006038896,0.03393237,-0.17469272,0.0032513803,-0.04012616,-0.36288854,-0.07901697,-0.0745316,-0.0022597408,-0.011027348,0.18961447
-0.021784307,-0.021733254,-0.006148241,0.04207305,-0.012311643,-0.031393886,-0.10464488,0.046944693,0.034393445,0.008180016,0.05226431,0.04546836,0.0397162,-0.23714362,0.07996672,-0.08087458,-1.0176314,-0.13995057,-0.32055914,-0.00026619772,0.22969663,0.06342354,0.002472126,0.00082120416,0.24280646,0.003605046,-0.014429775,-0.38418007,-0.010849842,0.15818125,0.0007410736,-0.0012194652,0.22204024
0.022558097,-0.029636152,-0.0063583693,0.02320029,-0.07816459,-0.04706597,-0.044396244,0.06424289,0.011129949,-0.0042767343,0.03935457,0.03500379,0.11731459,0.09541327,-0.1799658,-0.15035047,-0.7133647,0.17638683,0.11203186,-0.006879053,-0.27437755,0.0808003,0.0040479894,0.0006275234,-0.15673555,0.00076769805,-0.013660374,-0.25174683,0.16084807,0.23581749,-0.0012617838,-0.0013980509,0.3363634
0.0061490415,-0.03191559,0.037685987,0.057444133,-0.005631105,0.24994226,-0.0766868,0.056015495,-0.018117256,-0.01298639,0.070061676,0.041469894,0.040016975,0.10695335,-0.07710484,0.05540093,0.43709195,-0.036981728,0.0753157,-0.011921937,-0.38565338,0.08613832,0.00047597828,0.00094876974,-0.23724122,-0.017326474,-0.00022914249,-0.14985074,-0.009266914,0.13234241,-0.0012617838,-0.0011246171,0.61791396
-0.00018745707,-0.042691097,-0.0063583693,0.027498093,-0.060718603,-0.04393644,-0.08311259,0.034709055,0.009974108,-0.0042767343,0.03643096,-0.030086609,-0.052600518,-0.16322188,-0.13902585,-0.03822515,0.45426685,-0.021581894,0.063138075,-0.0072996654,-0.42897776,-0.56211835,-0.0103777675,6.48587e-05,-0.17451806,-0.02797465,-0.04012616,-0.41980618,0.06530065,-0.112162836,-0.0007203236,0.00783125,0.1583788
0.007261133,-0.02527212,0.004240713,0.026502356,0.076101914,-0.025731243,0.09504913,0.044889405,0.023084624,-0.0042767343,0.042028014,0.04368031,0.03727686,-0.28685182,0.11606834,0.088633366,0.540018,-0.03330209,0.06335012,0.0029686424,0.3298698,0.08262236,-0.0038675189,-0.0028219032,0.2112821,0.00090001617,0.021357514,-0.005608239,0.109032825,0.15661119,0.0007410736,-0.00054343237,0.86245656
0.04098643,-0.010506984,0.009905084,-0.123186894,-0.24838044,-0.0044011795,-0.099639624,0.055643797,-0.027609164,-0.00943917,-0.133824,0.030142697,0.09393937,0.09331288,0.1742116,-0.09805188,-0.8057465,0.16417325,0.09876566,-0.004043718,0.20127147,0.067830905,-0.0070717474,-3.1196745e-05,-0.13341701,0.0034260422,-0.009956456,-0.48649433,-0.03133647,0.23138732,0.0012981314,-0.014940733,0.2929225
-0.013012067,-0.0365893,0.016699808,0.02202642,-0.4061369,-0.06214453,-0.040345956,0.0325418,0.0064134216,-0.0042767343,0.03867524,-0.036550578,-0.07342348,-0.17343849,-0.28494528,-0.22096914,-1.0071912,-0.07900572,-0.3541869,-0.0068642218,-0.2236452,-0.39909065,-0.010975225,0.0005065894,-0.16195996,-0.026851054,-0.018133692,-0.58535254,0.098747216,-0.22087476,-0.0007203236,0.026640706,0.016240379
0.0068773692,-0.02385014,-0.005466596,0.028552962,0.03652708,-0.03372211,-0.09144583,0.031256236,0.009173011,-0.0062598167,0.03251685,-0.029726375,-0.045511212,0.083067544,-0.30010834,-0.014479718,0.4843127,-0.019453097,0.06983882,-0.00064056885,-0.45117158,-0.6691488,-0.008912372,0.007468336,-0.19833443,0.0040040654,0.011666397,-0.019200198,0.06304551,-0.10492029,-0.0012617838,0.0011709363,0.25853735
0.018424138,0.08608691,0.01078396,0.034193866,0.019825771,-0.031912375,0.079357244,0.05372323,-0.032825958,0.008197821,0.047317684,0.027541617,0.037183046,0.1258842,0.32123882,0.0694048,0.46909067,-0.03567541,0.048572168,0.0008986943,0.28398708,0.07701345,0.0001498599,-0.001878993,0.24520575,-0.0019215249,-0.012065866,-0.2707239,-0.053333156,0.13865584,0.0012981314,0.015929798,0.86763155
-0.006740152,0.086239755,-0.0070805494,0.022467822,0.11177942,-0.029547002,-0.11818135,0.06164635,0.020016884,-0.0062524555,0.040507946,0.035779994,0.033213027,0.11455109,-0.02512436,0.05722864,0.5787884,-0.029625868,0.065669335,0.0017788117,0.29832292,0.09122394,-0.0028095834,-0.0018026705,0.2162854,-0.002067167,0.01571018,0.26556444,0.11783273,0.14238322,-0.0012617838,0.0004958269,0.9044385
0.015065719,-0.020837937,-2.0108833e-05,-0.12336828,0.06747703,-0.0034473778,-0.07234767,-0.14972107,-0.04564268,0.007889406,-0.102204785,0.011900619,0.026417661,0.06017116,0.335218,-0.035502754,-0.9747856,-0.13990381,-0.26331562,0.0022200078,0.2561584,0.059860837,-0.0023693512,-0.0034871986,0.17476398,0.0040034223,-0.008959781,-0.15444481,-0.3164409,0.12547691,0.0076438896,0.031461604,0.24406515
0.004862373,-0.019782677,0.008966903,-0.09113011,0.034302745,-0.02648355,-0.09826125,0.0529252,0.023315068,-0.0042767343,0.047242533,0.028830301,0.038141772,0.12282778,0.017912723,-0.08781727,0.51577836,-0.035148572,0.06458737,0.0027895225,0.28246313,0.08469537,-0.0009665075,0.0013749457,0.24872479,0.0008539788,-0.012065866,-0.16581587,0.104801625,0.16352056,0.0012981314,-0.00066709775,0.80350566
0.009159909,-0.024933172,0.00982293,0.026978606,-0.094736114,-0.03487819,-0.06798933,0.05376366,0.021771697,-0.0042767343,0.045775916,0.04368031,0.039332423,-0.24908105,0.0063145915,0.07195452,0.4876364,-0.034950946,0.05548792,-0.00013212702,0.2873888,0.077307686,-0.0018750957,0.0010119132,0.20129,0.0018954488,-0.025240064,-0.3577191,0.1498249,0.15951544,0.0007410736,-0.0007500178,0.72204804
0.012678168,-0.03778673,-0.007033154,0.04607106,-0.070161864,-0.015532448,-0.12239915,0.052481037,-0.03036608,0.0036001834,-0.17049079,0.018831912,0.057349604,0.07525382,-0.24940994,-0.15573838,-0.91858536,-0.18057573,-0.41624054,-0.014904077,-0.25941396,0.06087978,0.004445269,0.0073875836,-0.16904892,0.003122917,-0.013660374,-0.44618964,-0.13205895,0.14550741,-0.0012617838,0.026566908,0.057533562
0.0025109036,-0.02050988,0.0077036745,-0.10354635,0.266685,-0.025237849,0.09163842,0.07388261,0.01391439,-0.0075020734,0.061456967,-0.0174297,-0.02673132,0.115122974,-0.13968088,0.15733594,0.64573795,-0.019657372,0.06389377,0.0024503544,0.25437334,0.07843797,-0.0014004464,0.00019401684,0.24843207,0.0014986708,0.01571018,0.89089954,0.092969075,-0.082278945,-0.0012617838,-0.0024302022,0.9392167
0.0025622144,-0.020790726,-0.0053745727,0.016490474,0.18606664,-0.025358511,0.12286917,0.06698879,0.012560273,-0.0075020734,0.032629464,-0.031389926,-0.031519923,0.12875679,-0.0817026,0.06914424,0.61891204,-0.017327778,0.063143924,0.00083503575,0.28400597,0.09644946,-0.0027380586,-0.0018698368,0.23305221,0.00339455,0.01571018,0.27927443,0.091583624,-0.09769742,-0.0012617838,-0.001405701,0.8908099
-0.04376768,-0.018133204,-0.010922886,0.04470607,-0.08135442,-0.007013055,0.07163066,0.045751005,-0.05806876,0.007883655,-0.10368264,0.027305605,0.026145756,-0.22883369,0.18886097,-0.04416459,0.40575072,-0.045630906,0.040500782,-0.00026619772,0.27511233,0.06733306,-0.0017445633,-0.0031755767,0.13633192,0.003605046,-0.025240064,-0.52188015,-0.15756738,0.113743275,0.0007410736,-0.02727497,0.5441923
-0.0062637078,-0.025087062,0.010895709,-0.1026397,0.09211634,-0.022332234,-0.10106682,0.054585855,0.026218928,-0.011523848,-0.1408201,0.019521764,0.025272142,0.11315286,-0.17228398,0.014073066,0.49289802,-0.043449067,0.06033569,-0.018240213,-0.45072284,0.0900287,0.00047597828,-0.003478781,0.2595646,0.00088981254,0.011666397,0.09068285,-0.0061432626,0.11911565,-0.0012617838,-0.004269889,0.6159662
0.023449697,-0.023134537,0.03103116,0.066764586,-0.04759963,0.20717303,-0.024254676,0.060175877,0.02055061,-0.006334696,0.07984855,0.043202363,0.11783853,0.08597776,-0.19628586,0.049341228,-0.698001,0.15192354,0.108769424,0.005574764,-0.23980969,0.07609341,0.0037439538,-0.03582947,-0.16454372,0.0025586693,-0.013660374,-0.53369176,0.16344924,0.25693452,-0.0012617838,-0.0010821198,0.41810974
0.020584088,-0.023023581,0.0063394876,0.027747203,-0.13196608,-0.034178022,0.08143517,0.055054225,0.028898517,0.008197821,0.043712318,0.04368031,0.037183046,-0.27764404,0.2572851,-0.1261289,0.4576083,-0.034067195,0.055946928,-0.00013212702,0.29318988,0.076630756,-0.0005568393,-0.00042678427,0.20695998,0.001471031,-0.025240064,-0.36358577,-0.025524566,0.14377339,0.0007410736,-0.00040771725,0.7117929
-0.002305714,0.11970076,-0.020847112,0.04401914,0.1259815,0.21594867,-0.08053508,0.050467093,0.014009319,0.029967228,0.051493876,-0.02761542,-0.02391134,0.10963506,-0.05182588,0.088148974,0.5754618,-0.02061971,0.061241537,0.0031740977,-0.3340351,0.10990576,0.000547503,-0.0016791634,0.25419182,0.002205351,0.011666397,0.3308458,0.009219878,-0.08881513,-0.0012617838,0.0076677497,0.84058654
0.012987186,-0.019081278,-0.0057811853,-0.10084347,-0.00043619546,-0.025325032,-0.08491588,0.0511244,-0.033088304,-0.009686171,0.045415074,0.0253119,0.037183046,0.124234274,0.14601214,0.11083809,0.48106575,-0.037574373,0.06330289,0.0027895225,0.31471306,0.07932806,0.0001498599,-0.00074574933,0.2185998,0.000999621,-0.020766744,-0.35656807,-0.017697427,0.12712461,0.0012981314,-0.0013615986,0.773671
-0.018308906,-0.01774055,0.014447332,0.036233775,-0.015703145,-0.029361071,0.11274025,0.057681017,0.019524472,0.008180016,0.039500203,0.06074918,-0.06223348,0.09820304,-0.10914939,-0.054755557,-1.1196516,-0.08351378,-0.3511997,0.0026554517,0.207786,0.07029514,-0.012004693,0.000720132,-0.20670742,0.0030301935,-0.009956456,-0.3509093,-0.0423498,-0.050387926,0.0012981314,-0.0013802997,0.15424097
-0.110126525,-0.0057808924,0.008456259,0.043105274,-0.37984782,-0.037176646,0.0883034,0.064126484,-0.041084554,0.008180016,0.049514085,0.042467296,0.061419588,0.111288846,0.4539221,0.0631065,-0.9880551,-0.122767925,-0.27737808,0.0026554517,0.20777103,0.057439458,-0.0066993046,0.0001864488,-0.1436007,0.0034260422,-0.009956456,-0.5509449,-0.056484394,0.21242465,0.0012981314,0.009684842,0.24221441
-0.0016369607,-0.03314239,-0.0069753416,-0.070186995,0.21079463,-0.038298976,-0.073936634,0.057632264,0.027477046,0.022882042,0.0460688,-0.020027531,0.019464582,-0.24056865,-0.14827561,0.04780249,0.59320635,-0.033376947,0.06334165,-0.01789394,-0.33392638,0.07594061,0.00010333632,-0.0023841562,0.22088592,0.0034303837,0.01731373,0.74388987,-0.033184033,-0.010240862,-0.0007203236,-0.009776554,0.7642696
0.009572922,-0.03397701,-0.0037200844,0.02518819,0.0995101,-0.028414037,0.079998165,-0.16232046,0.022182425,-0.009686171,0.03212498,0.047338095,0.034429573,-0.24259777,0.3105661,0.060218237,0.5259334,-0.03458361,0.07305551,0.0032196296,0.34164172,0.07197814,-0.001223202,-0.0054811714,-0.19239801,-0.014661948,-0.016539186,-0.009433165,-0.02398287,0.14769576,0.0023248363,-0.0010830399,0.7698433
0.0022598335,-0.019862391,0.0111589,-0.055239026,0.22892453,-0.026196245,0.11377574,-0.22042914,0.013052422,0.01855528,0.027637621,-0.021472696,-0.023294352,0.12168245,0.0021841654,0.07160162,0.6244991,-0.020938892,0.061766285,0.0013554185,0.30124268,0.08027463,0.000547503,-0.00026017148,0.22496095,0.0033376608,0.01571018,0.3670688,-0.03231649,-0.07839856,-0.0074298615,-0.0020037855,0.8681048
-0.0008377974,-0.034330416,-0.0063583693,0.025046833,-0.009583585,-0.036207356,-0.079477616,0.033921115,-0.0017959531,-0.0042767343,0.03013928,-0.027696684,-0.121508114,-0.15136448,-0.20557153,0.00938623,-0.9155304,0.06312481,0.08937345,-0.008425458,-0.23637308,-0.51541305,0.09127886,-0.00251579,-0.13793665,0.0040040654,-0.006526134,-0.19274482,0.07852413,-0.19772604,-0.0007203236,0.0070655593,0.08623425
0.009364974,-0.025583452,3.8954677e-05,-0.09533856,0.058702063,-0.02526819,0.09373816,0.03437425,0.007821851,-0.0062598167,0.03298586,-0.018744037,-0.06613916,-0.16761477,-0.19205551,0.06586431,-1.0493659,-0.0794145,-0.382788,-0.00401444,-0.2507399,-0.49993044,-0.010866891,0.014462207,-0.14741823,0.0040040654,0.011749474,0.035616156,0.07248913,-0.12989491,-0.0007203236,-0.0017784515,0.06835902
0.012237165,0.11104174,0.0075704553,0.03708835,-0.1380224,-0.024857828,0.099880375,0.06405216,0.013724866,-0.0042767343,0.04521511,-0.027993502,-0.039165415,0.1000175,-0.13205592,-0.1697368,0.50722295,-0.01738309,0.052354854,-0.0015004657,0.23497762,0.074157566,0.009183268,0.00094109564,0.26761273,0.001446634,-0.020766744,-0.65696234,0.11574601,-0.12727083,-0.0012617838,-0.0014053714,0.62066275
-0.0009490076,-0.034752365,0.008428222,-0.08761302,-0.08830418,-0.035824522,-0.07599342,0.031596687,0.0056916135,-0.0042767343,0.029748283,-0.023163654,-0.12190066,0.07848879,-0.3681679,-0.055004306,-0.8935304,0.07054029,0.08921536,-0.0021445039,-0.25882968,-0.54210156,-0.008423249,-0.0017554217,-0.13615315,-0.02797465,-0.013660374,-0.32457206,0.08937864,-0.19199531,-0.0012617838,0.0005397804,0.05763987
0.013935611,-0.040192835,-0.0063583693,0.027077194,-0.010362916,-0.034124054,-0.075547956,0.032057907,0.011960703,-0.0075020734,0.024466781,-0.030086609,-0.03936114,-0.2656974,-1.0306342,0.017397316,0.48717672,-0.020935519,0.0662338,-0.0037634526,-0.45892793,-0.62586176,-0.019536247,-0.0025335916,-0.18012382,-0.028016057,0.002191492,-0.0425428,0.053601682,-0.10467133,-0.0007203236,0.007728147,0.101276375
-0.00053414423,-0.035998702,-0.0070805494,0.028862748,-0.046562575,-0.043380674,-0.09164802,0.03149201,0.014804092,-0.0042767343,0.036499754,-0.03177446,-0.04377888,-0.20321955,-0.1864454,-0.07259979,0.4783718,-0.021581894,0.05119573,-0.0075506526,-0.40382907,-0.613626,-0.016259309,6.48587e-05,0.22830692,0.00418307,-0.004702462,-0.3836152,0.053732987,-0.109516084,-0.0007203236,0.00744143,0.2153126
0.011085043,-0.029761834,0.020503264,-0.11702042,0.011108153,-0.010233639,0.10813057,0.05903193,-0.048975628,0.007883655,-0.14110577,0.020854533,0.035122275,0.08493249,-0.12803993,-0.040483676,-0.93611294,-0.1817823,-0.3282991,-0.014904077,-0.26983753,0.059322827,0.004445269,-0.0024679478,0.29467875,0.0033019204,-0.013660374,-0.5174637,-0.19629934,0.16406962,-0.0012617838,0.008049189,0.12082505
-0.0016854351,-0.034727413,-0.0059913136,-0.08248324,0.14754193,-0.027138341,-0.075910114,0.05304007,0.012446529,-0.0075020734,0.036735993,-0.021133961,-0.035866156,-0.20250395,-0.051740333,0.050040856,0.521278,-0.021503137,0.07716128,-0.00036300294,-0.43324295,0.095902935,-0.005328142,-0.00251579,-0.1744383,-0.029038789,0.01731373,0.19190916,0.070043385,-0.08845533,-0.0007203236,0.011896279,0.520881
0.004397144,-0.025043948,-0.0063583693,0.027211783,-0.011463302,-0.04246376,-0.10423188,0.03548199,0.006427318,-0.0042767343,0.035889704,-0.029726375,-0.060959738,0.048703913,-0.22166358,-0.034147196,-1.0239184,-0.07790889,-0.36873913,-0.0010852423,-0.25748688,-0.46231976,0.074732065,-0.0021527575,-0.17112748,0.0040040654,-0.0020528147,-0.26812944,0.10501142,-0.15261774,-0.0012617838,0.002177061,0.052922744
-0.00010554737,-0.02385014,-0.0063583693,0.026101703,0.06490232,-0.033566695,-0.08539516,0.035430692,0.0071923845,-0.0075020734,0.028478106,-0.029726375,-0.10254265,0.063179485,-0.29404268,0.014915892,-0.95410746,0.08823889,0.09499175,-0.0019508181,-0.25719494,-0.54811686,0.059957024,-0.0021527575,-0.1314468,0.0040040654,0.0061021405,0.081973985,0.08741333,-0.20036316,-0.0012617838,0.0012822244,0.1284236
-0.005266457,-0.02345968,0.003602811,0.028670128,0.06555253,-0.010891736,0.07657057,-0.17325607,-0.007006416,-0.0044585485,-0.110485226,-0.01876069,-0.03205769,0.08776396,-0.07106055,-0.10244312,0.5482001,-0.026489122,0.072540395,0.0013554185,0.29556823,0.07209724,0.000821466,0.00846281,-0.21021912,0.0031586569,-0.012065866,-0.14965412,-0.09796187,-0.08758381,-0.0074298615,-0.0063303467,0.5518218
0.026017733,0.10989569,0.008832305,0.024084762,0.028802639,-0.035241492,-0.10994829,0.060202833,-0.014420199,0.008197821,0.036744405,0.026867183,0.10497666,0.09321138,0.3238479,-0.17084964,-0.801125,0.13655046,0.104859784,-0.011509073,0.18258856,0.07653999,-0.003685564,0.0015065796,-0.13565996,-0.0013970619,-0.009956456,-0.20119502,-0.037537124,0.22892788,0.0012981314,0.0008299965,0.5381279
0.055188894,0.07318985,-0.00053115626,0.03779129,-0.047927022,-0.022040041,0.117858805,0.06040407,0.0329814,0.0038787392,0.037275404,0.05656938,0.048023243,0.08795012,0.21633825,-0.23439139,0.42389753,-0.029841444,0.06457902,-0.0052453475,0.24730141,0.07274659,0.0031788251,0.0008335011,-0.18677719,-0.0017954379,-0.020766744,-0.47584727,-0.036561973,0.17820714,0.0012981314,-0.003945616,0.7014833
3.2454263e-06,-0.02944351,-0.0063583693,0.020687662,0.13956992,-0.03910948,-0.085133485,0.0701184,0.019986141,-0.0075020734,0.0386402,-0.0321163,0.040083054,0.097979516,0.066439934,0.04307642,0.5050318,-0.029436804,0.08285095,-0.011243371,-0.4036867,0.09907843,-0.0028095834,0.00042789127,-0.20293908,-0.029038789,0.011666397,0.27798858,0.12024589,-0.0114613995,-0.0012617838,-0.00074471097,0.69891566
0.053211354,-0.011601092,0.008857987,0.046722308,-0.0306966,-0.0125924125,0.060002133,-0.13154684,-0.050806824,0.007871601,-0.10133307,0.027305605,0.026417661,-0.14508086,0.38070843,-0.12883589,-0.9584511,-0.13874668,-0.23266846,-0.0007016416,0.23769838,0.052141283,-0.0017445633,-0.003795857,0.12266214,0.003605046,-0.0075615,-0.30018744,-0.24693623,0.12942679,0.0023248363,-0.14817621,0.19909552
0.010256141,-0.041216165,0.014447332,-0.008805653,-1.0773154,-0.055479158,0.024782786,0.04210312,0.0069572944,-0.0042767343,0.038479876,-0.04414465,-0.07957355,-0.183276,-0.23579577,-0.29730085,-0.9808106,-0.07841574,-0.3641922,-0.0072996654,-0.2341836,-0.407528,0.0012592372,-0.00059128786,-0.21470965,-0.026851054,-0.018133692,-0.40644816,0.10006077,-0.21789846,-0.0007203236,0.017904967,0.0096781105
-0.0012143033,-0.02467127,-0.0067134937,-0.0998652,-0.00647604,-0.028398907,-0.10351644,0.03059142,0.012502225,-0.0055263527,0.033210438,-0.021208422,-0.035014912,0.08831811,-0.18619575,-0.0609152,0.48144692,-0.021466091,0.053740643,-0.0010760127,-0.38304394,-0.6623048,-0.0152652925,0.00042789127,0.24861118,0.00418307,-0.00022914249,-0.17336755,0.05993556,-0.10493179,-0.0012617838,0.0009156516,0.30401966
-0.0021134038,-0.027264554,-0.006649621,0.026018985,0.25308442,-0.03265529,-0.07205908,0.062898025,0.008519344,0.022882042,0.062202238,-0.018551994,-0.023076419,-0.17824127,-0.14254007,0.13303009,0.6714504,-0.01815459,0.07859057,-0.0004880731,0.26821,0.069080465,-0.0020397147,-0.0023841562,-0.18016107,0.0012627778,0.021357514,0.9517761,-0.03440804,-0.068538286,-0.0007203236,-0.0027215194,0.8719316
-0.0052790483,-0.03663833,0.017115366,-0.15764448,-0.091590196,0.039825868,-0.02303813,0.043382358,0.02125765,-0.005338193,-0.26980615,0.016915558,0.038167905,-0.18379049,-0.056931417,-0.12780668,0.42855224,-0.04582823,0.07118894,-0.007327246,-0.41425052,0.07494284,0.00053236494,-0.012714957,-0.18286988,0.0014993282,-0.04012616,-0.3816894,-0.025375078,0.11516062,-0.0007203236,-0.0078971535,0.24832414
-0.0015404223,-0.026636468,0.00982293,0.022286164,0.17433412,-0.03654176,-0.08918371,-0.20483838,0.014009319,-0.01678163,0.028536644,-0.031389926,-0.018780053,0.13360856,-0.13085513,0.023962986,0.63252676,-0.016301429,0.06119527,0.0012704796,0.22528845,0.09282995,0.000547503,-0.0073209605,0.21681517,0.0033376608,0.01571018,0.36621925,-0.009308903,-0.07805968,-0.0074298615,-0.0026957232,0.8092568
0.019964851,-0.02735879,-0.0050271945,-0.10939374,-0.195413,-0.011492897,-0.06753446,-0.18221834,-0.004718314,0.007889406,-0.0954663,-0.020088537,-0.10785316,0.024884166,-0.23773205,-0.2860287,-0.8808749,0.12398788,0.08915577,-0.0008328166,-0.21353248,0.06743343,-0.024149124,-0.0051859124,-0.13733315,0.004417373,-0.0126637,-0.58724016,-0.20266956,-0.15927123,-0.0074298615,-0.0065999753,0.04109822
0.01874715,-0.019701663,-0.010400724,0.03842879,-0.105211824,-0.026812688,0.08750211,-0.21562335,-0.046247225,0.008180016,0.023351744,0.0135716405,0.028905151,0.09763885,0.14005,-0.07076834,0.4141652,-0.03510272,0.03471522,0.0022200078,0.29167348,0.065997474,-0.0023693512,-0.005784927,0.17057881,0.003605046,-0.020766744,-0.34590498,-0.18889086,0.11709826,0.0076438896,-0.04549681,0.6284425
-0.001407184,-0.028877165,-0.0073423972,0.02610069,0.2276631,-0.035627622,-0.025929438,0.06145879,-0.01974623,-0.01678163,0.04930435,-0.026425105,-0.019122738,0.117909886,-0.041193925,-0.039073877,0.61038226,-0.01959814,0.06264332,-0.0038565737,-0.33511314,0.08205439,0.001885115,-0.0038761168,0.25109,0.0042189034,0.011666397,0.8300559,-0.0037557264,-0.0633727,-0.0012617838,-0.0013142745,0.85110676
0.00094849244,-0.025245927,0.04015347,0.050929427,0.15267642,0.22009155,-0.080283366,0.04961477,0.013541542,-0.017523231,-0.157945,-0.02709594,-0.015760055,0.110732,-0.067359895,0.08553264,0.5750793,-0.026176918,0.062799565,-0.0031557914,-0.343047,0.10208264,0.000547503,0.00094876974,0.2583016,0.0042189034,0.011666397,0.39279658,-0.0036652614,-0.09148933,-0.0012617838,0.0071000317,0.7990396
0.009455046,0.17584135,0.014447332,0.053376116,-0.38214096,-0.05368078,0.03289411,0.039381422,0.0069572944,-0.09310274,0.0407974,-0.031615,-0.079181,-0.14342958,-0.30722764,-0.31012446,-0.98065656,-0.07841574,-0.34724697,-0.009441481,-0.1967746,-0.3902765,0.01843576,-0.00059128786,-0.16961232,-0.0012564331,-0.018133692,-0.10353117,0.026621005,-0.24404952,-0.0007203236,0.0042596464,0.031731714
-0.0016854351,-0.037091095,-0.0063583693,0.023362072,0.16127084,-0.035902202,-0.071740024,0.05294668,-0.019167224,-0.01678163,0.037022047,-0.027056847,-0.028257573,-0.2475513,-0.053402033,0.09336177,0.57774633,-0.026339062,0.07716128,-0.0014984724,-0.36556512,0.10593757,-0.0001591963,-0.0042391494,-0.16287771,-0.027160332,0.01731373,0.35441098,-0.026400574,-0.056462023,-0.0007203236,0.002273203,0.5955462
-0.005375735,-0.04411496,-0.02038678,0.03069806,0.20612882,0.1905315,-0.00067690527,0.057978053,-0.00042827788,-0.010802291,0.047211576,-0.027292328,-0.100377716,-0.21271165,-0.09828896,-0.017845519,-1.1459877,0.07361281,0.10453577,0.001745649,-0.21288571,0.09327129,-0.004886615,-0.0021738298,-0.13524733,-0.029038789,0.011749474,0.5528923,0.081656955,-0.15962324,-0.0007203236,0.05399634,0.3492573
-0.0982831,-0.011921523,0.009878388,-0.1522607,-1.0202761,-0.01476266,0.048846465,-0.2679001,-0.053028096,0.013374504,-0.092499785,0.020960283,0.026417661,0.062422566,0.08411961,-0.32309344,-1.0552082,-0.1688145,-0.33343893,0.0026554517,0.18869445,0.049577277,-0.0015610534,-0.0035669028,0.25669566,0.003605046,-0.008959781,-0.18816745,-0.42514274,0.15226664,0.0076438896,-0.12912238,0.034881312
-0.0019321012,-0.028330378,-0.0063583693,0.015723662,0.1390875,-0.031549897,-0.103726916,0.06594242,-0.014759707,-0.011661891,0.038644932,-0.030315394,0.035631754,0.11374802,0.02227476,0.07151693,0.5971362,-0.025027458,0.08265333,0.003920627,0.32508424,0.09162609,0.00047597828,-0.00352603,-0.17902465,-0.023044048,0.01571018,0.32931006,-0.023485878,-0.029019192,-0.0012617838,-0.0006126258,0.8227952
0.005238246,-0.021736603,-0.0057578483,0.028551295,0.2837717,-0.031117482,-0.09478291,0.06893684,0.017510867,0.018580768,0.062335946,0.025544891,-0.023468973,0.083203815,0.024884926,0.13492168,0.65496564,-0.01869621,0.08127548,0.0052849576,0.27111834,0.0782448,0.0016649564,0.005908009,-0.20351717,0.0004326969,0.01571018,0.94604295,-0.018205235,-0.018898658,-0.0012617838,-0.0016685594,0.92241114
0.0050431523,0.12568937,-0.0070805494,0.026912307,0.033775494,-0.030759895,-0.087871864,0.047978543,0.019439263,-0.0042767343,0.04591768,0.039500512,0.038141772,-0.23603477,0.016303312,-0.08216507,0.51828605,-0.034950946,0.06271243,0.0010778143,0.25992277,0.07982204,-0.0035565912,0.00061457756,0.21597755,-0.002067167,-0.016539186,-0.16144899,0.09907546,0.1635916,0.0007410736,-0.0008841116,0.7744197
0.0046832194,-0.020325173,-0.007371801,0.030596767,0.2525968,-0.028853165,-0.09823275,0.07260328,0.025941245,-0.0075020734,0.066684194,0.026219321,0.024692552,0.097135946,0.013424483,0.108596735,0.60492295,-0.032578625,0.066782266,0.004849514,0.25438657,0.07825306,-0.0014719713,0.0007779781,0.23298503,0.00066858984,0.01571018,0.88737786,0.12818025,0.11092654,-0.0012617838,-7.294695e-05,0.9531077
-0.008559815,-0.034330416,-0.005466596,0.027958231,0.006683572,-0.034586113,-0.08341492,0.029340401,0.011960703,-0.004284095,0.031258535,-0.027696684,-0.03936114,-0.16314924,-0.21636447,-0.0036073262,0.47682014,-0.021268463,0.06544887,-0.004449884,-0.47240603,-0.5794226,-0.023101352,-0.0027671396,-0.18680434,0.0040040654,0.01731373,-0.21593578,0.049059894,-0.11586912,-0.0007203236,0.0034474218,0.19470558
0.00094849244,-0.02648687,-0.020847112,0.046235852,0.033018,0.19487976,-0.081104115,0.051241156,0.014002996,-0.010802291,0.043874253,-0.03016107,-0.035134334,0.10517217,-0.099799186,0.030816112,0.5122377,-0.020834142,0.058269516,-0.0031557914,-0.40886658,0.09618018,-0.0027380586,0.0007698514,0.2785907,0.0042757927,0.011666397,0.05041183,0.06837568,-0.10553835,-0.0012617838,0.012248149,0.70412844
-0.00031783234,-0.038324714,-0.0063583693,0.027958231,0.0117386365,-0.034124054,-0.075547956,0.032810505,0.011960703,-0.0055263527,0.031258535,-0.030086609,-0.03936114,-0.15783094,-0.21902138,0.017277941,0.47682014,-0.021213558,0.0662338,-0.0037634526,-0.47135657,-0.5794226,-0.023101352,-0.00251579,-0.18012382,-0.02797465,0.01731373,-0.15315388,0.053601682,-0.11293614,-0.0007203236,0.007728147,0.20956844
-0.001407184,-0.027779298,-0.018232137,0.024958951,0.19875771,-0.026948573,-0.03396188,0.055368725,0.00714814,-0.016643587,-0.343952,-0.02430166,-0.01599629,0.10945376,-0.05646515,-0.024726998,0.60354155,-0.023183947,0.06267234,-0.004992043,-0.32410955,0.08057928,0.001885115,-0.0038761168,0.2503014,0.0042189034,0.011666397,0.679741,-0.004094875,-0.060873736,-0.0012617838,-0.001595275,0.7643075
-0.0011448041,-0.02675186,-0.0063583693,0.024760524,0.0036775768,-0.035909828,-0.09295979,0.038232222,0.0052057877,-0.0055263527,0.028865444,-0.029726375,-0.10254265,0.05291945,-0.13612013,0.0063366527,-0.9099391,0.06109176,0.09083592,-0.0073397383,-0.239301,-0.5158888,0.07597986,0.00042789127,-0.15168956,0.0040040654,-0.0020528147,-0.07662566,0.08724399,-0.2179886,-0.0012617838,0.0009955079,0.12153224
0.002763031,-0.024066415,-0.00056446047,0.023981152,0.09355013,-0.01767789,0.121488295,0.05011894,0.004349847,-0.0044585485,-0.119797826,-0.0278901,-0.028234998,0.10695114,-0.03177193,0.08667043,0.60670584,-0.019867085,0.074145205,0.0017908623,0.34229434,0.08380586,0.000547503,0.024136212,-0.22481148,0.0031586569,0.01571018,0.005564528,-0.011386809,-0.09388237,-0.0012617838,-0.004043221,0.75741667
0.014654069,-0.017236385,-0.010400724,0.036055237,0.08844381,-0.028213633,0.09536658,0.05297958,-0.032825958,0.008197821,0.034600005,0.016478175,0.035992395,0.13510336,0.3414117,-0.0052860584,0.5153141,-0.03536198,0.050357815,0.003234196,0.3303228,0.08222519,-0.0017890426,-0.0039428463,0.22129555,0.0008431269,0.01571018,0.07193516,-0.046535388,0.1292406,0.0012981314,0.015795704,0.90166056
-0.0033342708,-0.034738917,-0.0046523926,0.023606978,0.04109186,-0.037577145,0.088664286,-0.18825261,0.004817625,-0.009686171,0.027670052,-0.0321163,-0.031255,0.10203306,-0.09454691,0.12007714,0.48584813,-0.021286579,0.06680187,-0.0065764827,-0.40800363,0.08020481,0.000547503,-0.010016024,-0.2592512,-0.027160332,-0.00022914249,-0.0851103,-0.01279361,-0.083098345,-0.0074298615,-0.004050308,0.44540557
0.05452491,-0.0069643706,0.012660389,0.039285198,-0.3858046,-0.03537955,0.10303343,-0.20597982,-0.041545115,0.008180016,0.035022307,0.0402352,-0.031918038,0.09621875,0.10666537,-0.15843172,-1.0983081,-0.08675228,-0.30905658,0.0022200078,0.20383169,0.06339501,0.0025070019,-0.005315128,0.30010173,0.003605046,-0.009956456,-0.48258638,-0.15796429,-0.07117982,0.0076438896,0.009829271,0.13037664
-0.0050458545,-0.022166826,0.0075704553,0.021930473,-0.10268627,-0.029699733,0.073735446,0.06696898,0.017112952,-0.0042767343,0.044965364,-0.031389926,0.044259556,0.11955666,0.030001657,0.08992265,0.50662005,-0.021506598,0.05984769,0.0032249663,0.29739177,0.081413284,0.0007149881,-0.0018369134,0.24752553,0.00443602,-0.020766744,-0.33489573,0.15577659,-0.012823902,-0.0012617838,0.00042321376,0.79988766
-0.00029873662,-0.034752365,-0.0059913136,-0.08667756,-0.092209384,-0.034384437,-0.07944836,0.033466678,0.0056916135,-0.0042767343,0.029971913,-0.023163654,-0.115750596,0.077833205,-0.334117,-0.03720496,-0.8911763,0.070572376,0.09009243,-0.007533424,-0.2575249,-0.5294629,-0.014776169,0.00042789127,-0.13561721,-0.02797465,-0.013660374,-0.32016197,0.08925207,-0.18978547,-0.0012617838,0.0002530638,0.060705356
-0.014610753,-0.044605855,-0.006620217,0.024066864,0.20960173,-0.033111773,-0.011246243,0.03687493,0.011341783,-0.0075020734,0.03963613,-0.027292328,-0.030958133,-0.18505287,-0.1235496,0.1760427,0.6009539,-0.021306261,0.07369216,-0.0037634526,-0.35880136,-0.42165476,-0.018196542,-0.00021558558,-0.15707307,-0.022659583,0.01731373,0.8241844,0.055097904,-0.09592948,-0.0007203236,0.007728147,0.64387304
-0.017864743,-0.033678394,3.8954677e-05,-0.107069746,-0.2796495,-0.025776995,0.09243778,0.06354486,0.033195987,-0.0030344771,0.052512754,0.043550063,0.05509975,0.09043089,-0.21751286,-0.1421623,0.40776473,-0.03200381,0.0672827,-0.01560486,-0.3703908,0.07224582,0.0037439538,-0.0041085836,-0.21272464,0.004064782,-0.03565284,-0.6847913,0.14054713,0.18305975,-0.0012617838,-0.0037610373,0.31497145
-0.11135763,-0.008657775,-0.012005199,-0.09875814,-1.1249676,-0.007722016,0.048456594,-0.20256162,-0.04473916,0.0035703243,-0.0905645,0.02028585,0.048644993,0.05069166,0.31938803,-0.27651313,-1.0403492,-0.1688145,-0.37248474,0.0026554517,0.1862311,0.04918642,-0.0015610534,0.009317502,-0.14545794,0.0034260422,-0.008959781,-0.5759041,-0.29978046,0.1547501,0.0076438896,-0.09204269,0.024640756
-0.0021372158,-0.038279217,0.011136051,-0.06599102,-0.0900732,-0.02447436,-0.027254649,-0.15213367,0.010694381,-0.009548129,-0.12505506,-0.014714324,0.03538272,-0.15754287,-0.17799483,-0.12799326,0.43827605,-0.04337701,0.06815948,-0.013850616,-0.41571188,0.06140773,0.00031668955,-0.0074843615,-0.17207144,0.0032513803,-0.04012616,-0.36876684,-0.054823786,-0.015077336,-0.0022597408,-0.010352908,0.19342317
0.0068598776,-0.022333717,-0.0050995406,-0.07560813,0.16114272,-0.024567697,-0.090148926,0.032872196,0.00767821,-0.0062598167,0.028923946,-0.02077373,-0.11119696,0.11052368,-0.30037606,0.02364711,-1.057376,0.09692105,0.09914593,-0.0019508181,-0.24356268,-0.6622478,-0.008912372,0.007468336,-0.124750465,0.0040040654,0.0061021405,0.19532928,0.07441374,-0.18301068,-0.0012617838,-0.00023409585,0.12088368
-0.013782968,-0.020787537,0.008643233,-0.06474396,-0.06529632,-0.0042333645,0.073109016,0.05629533,0.011337547,-0.009548129,-0.12745225,-0.019372147,0.07223598,0.1221975,-0.022366352,0.061121754,-0.9750363,0.11262862,0.094115034,0.0019147171,0.2272332,0.08789164,0.0014163038,-0.0035602727,0.27265698,0.003494155,-0.009956456,-0.19570976,-0.02228771,-0.0732995,0.0012981314,-0.0019155643,0.4203811
-0.0044203904,-0.022621147,0.008528592,0.020323168,-0.107495084,-0.025061497,0.06614921,-0.18388705,-0.020661023,-0.004596591,0.037305944,-0.024428587,0.03974535,0.09595716,0.123113886,0.066631064,0.4751972,-0.026885146,0.07121392,0.0027895225,0.31598917,0.06869022,0.0001498599,0.012963381,-0.18172118,0.0033611883,-0.020766744,-0.33313617,-0.04846423,-0.0438777,0.0076438896,-0.005887567,0.6135818
0.013935611,-0.04081034,0.008428222,-0.09310502,-0.014223074,-0.029152673,-0.074431084,0.032151297,0.012446529,-0.0055263527,0.024551162,-0.021133961,-0.03936114,-0.27114463,-1.0400853,-0.00840185,0.47682014,-0.023265112,0.064571805,-0.0037634526,-0.47204828,-0.586838,-0.019536247,-0.0021362556,-0.18426244,-0.028016057,0.002191492,-0.21994406,0.05384082,-0.0982834,-0.0007203236,0.006985704,0.077292494
0.002466688,-0.030707581,-0.0046523926,0.022292366,-0.11981351,-0.037850037,0.057547018,0.044342745,0.0051600514,-0.0042767343,0.03232632,-0.029726375,-0.12785321,0.080957696,-0.20134972,-0.10922454,-0.8583528,0.059591345,0.08608846,-0.0077844113,-0.25602987,-0.4856266,0.011669953,-0.0011227578,-0.15044749,0.003965047,-0.013660374,-0.40382007,0.086101726,-0.21629553,-0.0012617838,-0.0021721497,0.07806238
-0.014518665,-0.043344177,-0.009449792,0.04366231,0.017923728,0.16268586,-0.05190548,-0.1354893,0.0090071,0.0097779,-0.14429289,-0.019848656,-0.09613346,-0.11299256,-0.10679838,0.08433269,-0.9453849,0.080628596,0.09396902,-0.0029860863,-0.2144853,0.08459272,-0.0001591963,-0.006110624,-0.115854435,-0.027160332,0.00034214114,0.0077772257,-0.051652905,-0.15891951,-0.0022597408,-0.0077584283,0.17189515
0.008697482,-0.022522347,0.007454513,-0.026115466,-0.94316316,-0.044206575,0.042072136,0.042043384,0.009064881,-0.0030344771,0.04158285,-0.03273393,-0.07957355,0.08739698,-0.23404239,-0.32513547,-0.9721488,-0.07894844,-0.37579092,-0.0015206861,-0.22123918,-0.43035883,0.0038493213,-0.0062892083,-0.22610559,0.003965047,-0.013660374,-0.59517175,0.10392925,-0.21681648,-0.0012617838,0.012573812,0.012289315
0.017697321,-0.019788321,-0.0006765464,0.042189628,-0.15681209,-0.007566221,0.053244133,-0.18009011,-0.02794231,-0.0044585485,-0.08633314,0.018937662,0.034724705,0.090356834,0.22498181,-0.12345778,0.41080225,-0.045156322,0.05039505,0.0027895225,0.3132291,0.066763654,-0.0011226799,0.02985869,-0.16345286,0.0012920271,-0.020766744,-0.31816477,-0.15010113,0.12569004,0.0076438896,-0.006786151,0.56917137
-0.0015404223,0.09538925,-0.0070805494,0.018404257,0.13007715,-0.032358915,-0.09659559,-0.19463603,0.012022723,-0.011661891,0.02758535,-0.027993502,-0.023294352,0.105481945,-0.13663696,0.037029203,0.62047875,-0.016301429,0.06137747,-0.0006203484,0.2888335,0.080593325,0.000547503,-0.0077182963,0.23599538,0.000416515,0.01571018,0.28272682,-0.0019183123,-0.08084693,-0.0074298615,-0.0026957232,0.8121271
0.01876775,-0.04277707,0.010764749,0.031319894,-0.1977057,-0.01906585,-0.065926656,-0.13550343,-0.0010893808,-0.0044585485,-0.107439995,0.03042779,-0.108245715,-0.113895185,-0.2504746,-0.22318916,-0.8557128,0.13829437,0.09318561,-0.0010137828,-0.22868311,0.069040544,0.0035899358,0.01758078,-0.14701772,0.003122917,-0.018133692,-0.49918082,-0.10922478,-0.05300892,-0.0022597408,-0.014776172,0.06403568
-0.009010444,0.09139776,0.004962893,0.029614711,0.09129329,-0.025658024,0.11589321,0.049765244,0.018242652,-0.0031214077,0.04042651,0.035105564,0.040460464,0.093135156,0.13030781,0.089122854,0.51628244,-0.027918944,0.07933878,0.0017788117,0.33419812,0.08172215,0.016855843,-0.0041003986,-0.202401,-0.0045004683,0.01571018,0.07027548,0.11883636,0.15983734,0.0012981314,0.0007027421,0.88598835
-0.007523045,-0.028049791,-0.0059887595,0.025125891,0.01209253,-0.026111502,-0.105604514,0.043834593,0.0105291195,-0.0044585485,-0.12908117,0.029976824,-0.028234998,0.094607085,-0.22196558,0.10558871,0.4750862,-0.0341335,0.07156522,-0.017539432,-0.39757523,0.084561825,0.00060130714,0.0025583757,-0.2433885,0.00071080885,-0.00022914249,-0.17459187,-0.032461938,-0.03340894,-0.0012617838,-0.008088028,0.3911913
0.026375795,-0.036189977,0.015395474,-0.09987392,-0.18214023,-0.027713066,-0.07704191,-0.17916319,0.026106825,0.0038965445,0.036940172,0.042248104,0.10366608,0.08068162,-0.12778795,-0.051690385,-0.7094083,0.15688749,0.10389024,-0.0048235403,-0.24412245,0.0603081,0.004445269,0.007325072,-0.15721428,0.003122917,-0.013660374,-0.18647566,-0.05088374,0.23470621,-0.0074298615,-0.007902572,0.23921733
-0.016868673,-0.03222493,0.013411376,-0.09070065,0.09765649,-0.038731463,-0.078701206,-0.1408693,-0.009187779,0.01855528,0.024815425,0.022727292,-0.08076735,-0.1960245,-0.18361503,-0.008593266,-0.99529564,0.12369065,0.09041737,-0.015785288,-0.23465611,0.08444311,-0.0003793549,-0.0060552484,0.22254477,0.00088981254,0.011749474,0.20051527,-0.09815822,-0.050879747,-0.0022597408,-0.011085114,0.2177424
-0.00031783234,0.18273179,-0.0063583693,0.025741523,0.11040868,-0.034124054,-0.075547956,0.029908163,0.011960703,-0.0075020734,0.03153227,-0.027540958,-0.03574673,-0.15029427,-0.19972432,0.052123412,0.4988778,-0.021306261,0.07128392,-0.0031975626,-0.4474225,-0.64969164,-0.023101352,-0.00251579,-0.154561,-7.6639e-05,0.01731373,0.057542395,0.050925173,-0.10084107,-0.0007203236,0.007728147,0.3335966
-0.0012143033,-0.03135644,-0.0063583693,0.028552962,0.051528834,-0.034645226,-0.089030124,0.035060756,0.009173011,-0.0075020734,0.03251685,-0.0321163,-0.03936114,0.07474512,-0.22719209,-0.0076553375,0.4843127,-0.019136498,0.06916801,-0.0008250253,-0.47003236,-0.6565101,-0.0152652925,0.00042789127,-0.2022511,-0.02797465,0.011666397,-0.08385678,0.068063945,-0.109820135,-0.0012617838,0.001658096,0.25050145
0.00034423638,-0.021045754,-0.0135611715,0.01664586,0.18360227,-0.022954196,-0.12081554,0.055845436,0.015169835,0.022585683,-0.13658246,-0.02482791,0.014001168,0.12334787,0.018964238,0.044313155,0.6069475,-0.030727446,0.06623447,0.003234196,0.27860132,0.090682104,0.00047597828,0.00090961193,0.20381334,0.0033376608,0.01571018,0.340266,-0.054209646,-0.025344875,0.0012981314,-0.0011803431,0.8526617
-0.0015404223,-0.021260919,-0.0070805494,0.021998541,0.17702882,-0.032358915,-0.09659559,-0.20483838,0.014009319,-0.01678163,0.027567502,-0.031389926,-0.018780053,0.11941361,-0.17856589,0.024135422,0.62742656,-0.016301429,0.06119527,0.0012704796,0.24683255,0.08648193,0.000547503,-0.0077182963,0.23734432,0.0033376608,0.01571018,0.32325965,-0.0066032885,-0.07805968,-0.0074298615,-0.0026957232,0.79577756
-0.013498543,0.17191458,-0.026785713,0.052278154,-0.02763565,0.28319657,-0.04802774,0.054616246,-0.021983193,0.015283003,0.09383027,0.045225635,0.06786296,0.07050412,-0.14732493,-0.13441747,-0.9275393,-0.16072395,-0.40778,-0.004106331,-0.18374646,0.059648342,-0.01277255,0.004439364,-0.17929333,-0.0025754843,-0.013660374,-0.39537224,-0.050601725,0.16282116,-0.0012617838,0.0016254396,0.17146066
0.0071213786,-0.03985262,0.009908722,-0.05780049,0.015938506,-0.013108936,-0.025708957,-0.13179442,-0.002153748,-0.0044585485,-0.09933244,-0.014714324,0.098645434,-0.16513775,-0.18415122,0.09068133,-0.7942778,0.17072785,0.11148322,-0.0030692965,-0.25483233,0.07530883,0.0024070828,0.012789823,-0.13743636,0.0034078744,-0.018133692,-0.18641593,-0.052128505,-0.061792895,-0.0022597408,-0.014986277,0.17299104
0.022436496,-0.038518738,-0.007924927,0.021044407,-0.021653464,-0.02706299,-0.062259324,-0.14109227,0.001337376,-0.009548129,-0.10807772,0.023325076,0.098121494,-0.18905428,-0.17127194,-0.12000355,-0.737882,0.1894877,0.11035357,-0.0030692965,-0.28323784,0.06210603,0.00031668955,-0.005301048,-0.13511616,0.00071080885,-0.018133692,-0.2300901,-0.053518824,0.20989037,-0.0022597408,-0.008837275,0.17737523
-0.0026805273,-0.038136277,-4.2297477e-05,0.018243074,-0.11108071,-0.040896215,0.051721662,0.0357892,-0.0018416897,-0.0030344771,0.031068001,-0.027696684,-0.12190066,-0.1719149,-0.15653099,0.032906964,-0.87067735,0.060825948,0.084626004,-0.008425458,-0.26364163,-0.5016573,-0.006837212,0.010888045,-0.13259777,0.003965047,-0.018133692,-0.28458324,0.06831549,-0.19335343,-0.0007203236,-0.0019308443,0.07875272
0.050721083,-0.012241534,0.009288695,-0.13418129,-0.014463957,-0.00054643716,0.119119406,0.05461804,0.04472547,-0.00943917,-0.11933052,0.03563749,0.028678907,0.11794561,0.12816909,-0.12607469,-1.0178077,-0.15647615,-0.33721665,0.0022200078,0.23085974,0.06429497,0.0031788251,-0.00066240714,0.26033837,0.003605046,-0.009956456,-0.3095637,-0.023186749,0.19113244,0.0012981314,-0.01444966,0.30170006
0.0043343063,-0.037127882,0.015965585,-0.1778231,0.018087404,0.17793186,-0.071854904,-0.13733126,0.0016032481,0.010981727,0.05990945,0.020640561,-0.10055515,-0.17156194,-0.12025161,0.046607677,-0.9138254,0.09232071,0.09871355,0.00466263,-0.2067471,0.08545557,-0.0003793549,-0.0028153234,-0.15778378,0.0014993282,-0.006526134,-0.06455038,-0.03556212,-0.06844704,-0.0022597408,-0.012297062,0.17531243
-3.958179e-05,-0.030615393,0.009932275,-0.08973123,0.22700503,-0.027204748,-0.025437623,0.03798626,0.0138699,-0.0075020734,0.04153204,-0.018414142,-0.03276197,0.096450366,-0.12905031,0.04344197,0.59728366,-0.02178269,0.059830926,-0.00064056885,-0.341387,-0.539521,-0.004656333,-0.0017554217,0.2163557,0.00418307,0.011666397,0.8145496,0.060767237,-0.07906832,-0.0012617838,0.0015921881,0.72833014
-0.0019321012,-0.022202156,-0.0063583693,0.0156105,0.17898792,-0.032172747,-0.1026559,0.06267232,-0.008199657,-0.01678163,0.03285317,-0.027925469,-0.027865019,0.108271845,-0.092170626,0.053836983,0.6259669,-0.017297665,0.079897866,0.0012704796,0.29773217,0.09056922,-0.0009954252,-0.0038761168,-0.1810953,0.0031586569,0.01571018,0.320831,-0.026153002,-0.07604836,-0.0012617838,-0.0021544944,0.7926174
-0.010686633,0.0912106,-0.010922886,0.02537,-0.1340641,-0.009829727,0.07424529,0.052356113,-0.031573314,-0.009548129,-0.13979465,0.022514654,-0.025476992,0.11650243,0.12195597,-0.0043873526,0.4939181,-0.028916867,0.055051763,0.0013341382,0.25711498,0.0781605,1.2259407e-06,-0.005624126,0.22823311,-0.0019215249,-0.020766744,-0.33349997,-0.06975586,-0.03629425,0.0012981314,-0.001346614,0.69960296
-0.0021618777,-0.025636222,-0.0070805494,0.021353321,0.16165711,-0.030219693,-0.09168775,0.055790786,0.01679069,-0.0075020734,0.031504083,-0.033003315,-0.031519923,-0.29890692,-0.13391215,0.04246916,0.6261101,-0.01687307,0.060515776,-0.0021033916,0.2375798,0.10097383,-0.005328142,-0.00251579,0.1702129,0.00339455,0.021357514,0.23232226,0.0747432,-0.08919829,-0.0007203236,0.007926056,0.76618314
-0.0016369607,-0.03817989,0.009393593,-0.06676945,0.2337098,-0.033957127,-0.022648508,0.05984052,0.009504553,0.022882042,0.04538313,-0.018339682,-0.023468973,-0.19476669,-0.037014175,-0.009821832,0.6117364,-0.022784658,0.07791112,-0.0014984724,-0.35120285,0.07808621,0.00017486108,-0.0019868207,-0.18562259,-0.027160332,0.01731373,0.87474436,-0.020778943,-0.06175655,-0.0007203236,0.0015307588,0.7354878
-0.00031783234,-0.04045864,-0.0063583693,0.027958231,-0.0014307906,-0.034124054,-0.075547956,0.032810505,0.011960703,-0.0055263527,0.031258535,-0.030086609,-0.045511212,-0.16465403,-0.2830837,0.017277941,0.47682014,-0.021213558,0.064571805,-0.0037634526,-0.47135657,-0.5920613,-0.016748432,-0.00251579,-0.18646516,-0.02797465,0.01731373,-0.21389413,0.053601682,-0.11293614,-0.0007203236,0.007728147,0.18318787
-0.0063359877,-0.024404747,-0.005466596,0.020381404,-0.04014844,-0.028386673,-0.050768472,0.05607952,0.007005452,-0.0030344771,0.039308786,-0.03095523,-0.052914966,0.093190536,-0.1651936,0.101478204,0.533344,-0.02191408,0.07271681,0.0003903624,0.30643848,0.08103726,0.0025910914,-0.0054206406,-0.20097545,0.004257016,-0.020766744,-0.31541452,0.101768546,-0.11159296,-0.0012617838,-0.0021376729,0.60669607
-0.008444207,-0.031659603,0.008883576,-0.08808015,-0.052366145,-0.012599674,0.0511586,0.047694225,-0.028804658,-0.009548129,-0.1508619,0.012095198,0.056825668,-0.2154983,-0.08227187,0.04168512,-0.95439434,-0.18281506,-0.39161676,-0.013850616,-0.28587162,0.06297774,-0.00066039077,-0.0053961095,-0.16372946,0.00086730294,-0.018133692,-0.20218086,-0.058949463,0.120756805,-0.0007203236,0.020442802,0.08057823
-0.09999767,-0.008193957,0.0033922459,-0.16020985,0.025034316,0.0025799316,0.07405743,-0.15472938,0.041642707,0.003582378,-0.0562433,0.026578737,0.048644993,0.06640328,0.4848969,-0.16796978,-0.8844012,-0.13214412,-0.24899295,0.0026554517,0.21639717,0.05302982,-0.0010378641,0.009317502,-0.15780449,0.0034260422,-0.009956456,-0.29612422,-0.15047105,0.17295305,0.0076438896,0.0089806635,0.23568045
0.003061593,-0.01997111,0.0067144283,-0.08819326,0.04451077,-0.025865236,0.0981841,0.057388972,0.018380921,0.008197821,0.04179484,0.028830301,-0.033628277,0.12772578,0.0124232005,-0.09832569,0.5508402,-0.023574032,0.06199487,0.0027895225,0.27937055,0.08517803,0.00060130714,0.0008753693,0.2934917,0.0007970896,-0.012065866,-0.17422235,0.0036176313,-0.03546299,-0.0012617838,-0.0015686352,0.7880449
-0.030758496,-0.019365942,0.0028237866,0.025794312,-0.26475912,-0.0076695853,0.11885951,0.06243316,0.0061911126,-0.00434959,-0.11035721,-0.036867145,-0.10964741,0.09778223,-0.16763026,-0.13355139,-1.0410532,0.050835036,0.077764094,-0.00053357484,0.1819617,0.07959797,0.009884584,0.0018669525,-0.18815595,0.0055707647,-0.009956456,-0.5377098,-0.007825303,-0.20768283,-0.0012617838,-0.002022637,0.11312181
-0.012253755,-0.044872526,-0.013541312,0.025632966,0.039836265,-0.013045447,-0.09305317,-0.120062925,0.023012271,0.007883655,-0.11009958,0.02569074,0.05456442,-0.12442523,-0.15927334,-0.07360814,-0.93287337,-0.17317037,-0.36469817,-0.011795103,-0.26278195,0.050003164,-0.008412966,-0.006272495,-0.15216233,0.003122917,-0.018133692,-0.29152188,-0.12631163,0.17941983,-0.0022597408,0.020401722,0.07014197
-0.0010848348,-0.044605855,-0.006620217,0.024066864,0.19519988,-0.03380436,-0.013222149,0.03704214,0.011341783,-0.0075020734,0.03963613,-0.027292328,-0.0371082,-0.19099958,-0.26365262,0.0015166453,0.6009539,-0.021361167,0.07456923,-0.0041988967,-0.35985082,-0.44239438,-0.011843623,6.48587e-05,-0.15707307,-0.02797465,0.01731373,0.8164267,0.055097904,-0.09886246,-0.0007203236,0.00744143,0.5575069
-0.033030864,-0.034931727,0.0049447794,-0.054059222,-0.065253496,-0.023089292,0.10441213,0.05832807,-0.015225307,-0.009577213,0.035474658,0.0326902,0.1055006,-0.21908192,0.27322778,-0.14124238,-0.80059177,0.14219138,0.09544897,-0.0013254595,0.22711457,0.07843563,0.0011406391,-0.0022067847,-0.13298915,-0.0915301,-0.014429775,-0.1257815,-0.018963644,0.1800857,0.0007410736,-0.0012579416,0.41476995
-0.025360117,0.0956942,0.016251503,0.029064002,-0.39204168,-0.043559723,-0.10105242,0.055590555,-0.025837293,0.0038787392,0.049078885,-0.04243178,0.061943527,-0.17684492,-0.11145271,-0.10981296,-1.1381161,-0.12583607,-0.38827235,-0.007731553,0.1374576,0.06707161,0.0032153805,-0.006698829,-0.15535705,0.00034928447,-0.014429775,-0.5553527,-0.074757,-0.064079925,-0.0007203236,0.014485962,0.050925955
-0.01714137,-0.03663152,-0.0050271945,-0.081175365,-0.020787703,-0.022184085,-0.03970012,-0.15937515,-0.0029562733,0.007889406,-0.09686246,-0.013501415,-0.108245715,0.04004868,-0.19613478,-0.08937085,-0.93395513,0.10660405,0.09358857,-0.0104113575,-0.2547144,0.07782112,0.0013105889,-0.006172507,-0.14998578,-0.024108186,-0.0010561405,-0.22702311,-0.18718988,-0.13508454,-0.0074298615,-0.0065752463,0.0827933
0.024454601,-0.031160768,0.006307564,-0.039558887,-1.0228448,-0.009144136,0.0779448,-0.16265655,-0.040686697,0.0035703243,-0.12501648,0.020180099,0.048644993,0.053386014,-0.14651197,0.0026152171,-0.974161,-0.1852571,-0.3893206,-0.014904077,-0.26126853,0.051474772,0.0039220797,0.01738649,-0.18906373,0.003122917,-0.0126637,-0.3826927,-0.28402963,0.15399563,0.0076438896,-0.12275544,0.021488857
-0.017021542,-0.03759618,0.014370329,0.00446515,-1.0426378,-0.035233166,0.071774006,-0.19887196,0.020010298,0.008180016,0.038982376,0.039473616,-0.06360264,0.08531875,-0.24346854,0.02694795,-1.0109841,-0.09808868,-0.35712078,-0.01560486,-0.21481818,0.059440084,-0.011632251,-0.005383404,-0.24059288,0.003122917,-0.013660374,-0.45736757,-0.065646514,-0.04979433,-0.0074298615,-0.009781694,0.023575243
-0.0021618777,-0.026200391,-0.0063583693,0.020016402,0.17682713,-0.030166782,-0.08315231,0.056097582,0.011960703,-0.0075020734,0.031382415,-0.02892554,-0.0354736,-0.23495519,-0.18003556,0.05433117,0.6355496,-0.020574134,0.07784073,-0.0021033916,0.25152338,0.09659637,0.029862212,-0.00251579,-0.14189851,0.003215546,0.021357514,0.27883446,0.09094843,-0.09223046,-0.0007203236,0.007926056,0.7407454
-0.0021372158,-0.04142034,-0.0074027637,0.0216247,0.006301899,-0.045186386,-0.018867742,-0.1636347,-0.015577701,0.008197821,0.03311181,-0.020523863,-0.042974696,-0.15172797,-0.1586969,0.07090506,0.45855027,-0.03055928,0.065010086,-0.0078043784,-0.41590044,0.062924206,-0.0047374023,-0.0062529524,-0.17533658,0.0034078744,-0.04012616,-0.3850294,-0.069071375,-0.064742655,-0.0022597408,-0.009223054,0.2594922
0.0033197305,-0.037651457,0.008428222,-0.091944166,-0.06802502,-0.039188586,-0.077735156,0.03069132,0.0047017736,-0.0042767343,0.034815483,-0.021133961,-0.06707838,-0.15334009,-0.31953663,-0.02334023,-1.0050979,-0.08037282,-0.34888327,-0.0068642218,-0.25589305,-0.4549975,-0.02091475,0.0005371873,-0.14572667,-0.026851054,-0.018133692,-0.2960007,0.06581723,-0.12591621,-0.0007203236,0.0072179525,0.031263474
-0.00011795759,-0.04117467,-0.0059913136,-0.08499216,-0.08184564,-0.034924373,-0.06794209,0.029680852,-0.0013101278,-0.0042767343,0.02861388,-0.021133961,-0.115750596,-0.16243029,-0.26960844,-0.046087332,-0.8952865,0.07183907,0.08950702,-0.013563391,-0.25700045,-0.5015819,-0.022612229,6.48587e-05,-0.12182177,-0.02797465,-0.018133692,-0.32250816,0.070657745,-0.19190754,-0.0007203236,0.0060363985,0.05147826
-0.017644549,-0.038504988,0.015801528,-0.26592684,-0.9100431,0.12022362,-0.050939623,-0.18994847,-0.037494093,0.01979996,-0.28316796,0.019688653,0.05456442,0.035193983,-0.20880231,-0.077506565,-0.95464855,-0.1858351,-0.39783078,-0.01560486,-0.19988103,0.046904437,-0.012400107,-0.00085166283,-0.21561173,0.003122917,-0.0126637,-0.085621655,-0.28272176,0.16035345,-0.0074298615,0.015372796,0.020643318
0.00029292563,-0.022026302,-0.007371801,0.02989164,0.25528893,-0.029989028,-0.08642828,0.06933318,0.01288469,-0.0075020734,0.06437312,-0.021016382,-0.02673132,0.10480605,-0.10152034,0.121445775,0.64573795,-0.021673724,0.06419983,0.0024503544,0.24706988,0.07843797,-0.0014004464,0.00042789127,0.24828991,0.0014986708,0.01571018,0.93532544,0.089195594,-0.08044826,-0.0012617838,0.0015739491,0.9359211
0.00084931287,-0.032059416,-0.007602712,0.021959823,-0.048652668,-0.02565528,-0.049352016,0.05061674,0.008189633,-0.009548129,-0.13865042,-0.02709594,-0.026597703,0.10334303,-0.07878027,-0.12991762,0.46776327,-0.033548377,0.05527441,-0.0037114185,-0.40175506,0.08024603,0.0031151676,-0.001095836,0.27381915,0.0043753977,-0.03565284,-0.38767537,-0.012549914,-0.08200118,-0.0012617838,-0.0020157557,0.4097311
0.0023506922,-0.04148224,-0.01687778,0.025768114,0.18049543,-0.023173075,0.08285709,0.05874524,-0.006720889,0.022585683,-0.45914194,-0.011541983,-0.020342523,-0.19915213,-0.21794437,0.14585915,0.60995156,-0.033318505,0.076965384,-0.035415053,-0.34893936,0.07501323,0.00017486108,-0.0030403568,-0.16885248,-0.017341876,0.01731373,0.6601722,-0.056133814,-0.06646887,-0.0007203236,-0.00948702,0.5799841
-0.001727179,0.106773734,-0.007371801,0.02976619,0.2705894,-0.03140092,-0.096256845,0.07172771,0.023704143,0.022882042,0.06550777,-0.017619956,0.019464582,0.08635906,0.018887863,0.12439773,0.6309716,-0.023192644,0.06626042,0.0022386634,0.23835075,0.077578194,0.0018135904,-0.0016710367,0.24032277,-0.00080511585,0.01571018,0.96147716,-0.012450013,-0.01625191,-0.0012617838,-0.0008946831,0.9509411
0.05090186,-0.013238686,0.006821208,-0.12839638,-0.025668286,-0.019915119,0.09823574,0.054204132,-0.04678939,-0.009577213,0.037248854,0.042872913,0.061419588,-0.21013911,0.15482226,-0.1573874,-1.0063342,-0.15178151,-0.36855885,-0.0007016416,0.22754696,0.059225854,-0.0027121627,-0.0019645607,-0.1510013,0.0034260422,-0.014429775,-0.31903353,-0.052831274,0.17438254,0.0007410736,-0.016187105,0.16461985
-0.007044362,-0.026617348,-0.005466596,0.03164262,-0.102346726,-0.04402095,-0.1011503,0.029802563,0.005837709,-0.0030344771,0.035989422,-0.029726375,-0.06707838,0.06808868,-0.3770835,-0.022601504,-0.9927733,-0.07796379,-0.37043828,-0.0015206861,-0.24758956,-0.4662511,-0.006507653,-0.006969485,-0.16206399,0.003965047,-0.013660374,-0.39847782,0.076019555,-0.15379879,-0.0012617838,-0.0021036637,0.034368083
0.00034423638,-0.021888329,-0.0070805494,0.021718321,0.019951625,-0.03483071,-0.10092565,0.05272224,0.00865741,0.008197821,0.036406707,-0.031389926,-0.033457235,0.11805713,-0.10768365,-0.040594615,0.5604551,-0.019181106,0.061673146,0.00083503575,0.27167752,0.083074495,0.000821466,0.000759157,0.27717116,0.0033376608,-0.012065866,-0.159672,0.0027332339,-0.09634106,-0.0012617838,-0.002574975,0.7231612
-0.0066769775,-0.030601304,-0.006510991,0.023527721,-0.09842725,-0.04182745,-0.047557045,0.055597026,-0.017132392,0.0038965445,0.04207915,0.02676541,-0.04849854,0.09624043,-0.15527731,-0.02650147,0.45812973,-0.031998128,0.07031462,-0.01695959,-0.4216128,0.079735324,0.0010904303,-0.0059553995,-0.2079474,0.00086730294,-0.03565284,-0.39099374,-0.049707506,-0.037007123,-0.0012617838,-0.007806698,0.32582715
0.0053248946,0.0869191,-0.00033598556,0.02718437,0.06599915,-0.029385855,0.09111826,0.051922888,0.019394733,0.0038965445,0.041480962,0.035105564,0.042707466,0.110974535,0.29027185,-0.05964604,0.47715336,-0.0316218,0.076730825,0.0013433679,0.296449,0.08422434,-0.00051650277,-0.0059972284,-0.21701176,-0.0045573576,-0.012065866,-0.08071291,-0.0023614545,0.14525846,0.0012981314,-0.0026966932,0.83318895
0.020356942,-0.028425045,0.0061757476,-0.076519206,0.06590998,-0.03493046,0.075195976,-0.18799667,0.017984934,-0.009686171,0.031737037,0.023874292,0.09782636,0.103611425,-0.14293051,-0.08463758,-0.75634605,0.17131016,0.110023975,-0.006879053,-0.25935876,0.07387007,-0.002795099,-0.0051718904,-0.17890398,0.00071080885,-0.0020528147,-0.071194604,-0.007410427,0.21938846,-0.0074298615,-0.0041256426,0.32119894
-0.027413744,-0.032096434,-0.001608855,0.029223274,-0.1057813,-0.014270853,0.056571607,-0.17935513,0.011262307,0.0036001834,-0.09039895,0.022350313,0.09832404,0.079030715,-0.08678749,0.009616985,-0.7148818,0.16846052,0.10466197,-0.015551721,-0.2706888,0.06798505,0.0014163038,0.02398428,-0.15890682,0.00086730294,-0.013660374,-0.2302841,-0.1364478,0.19904509,-0.0074298615,0.015583714,0.2510482
-0.019718394,-0.034523245,-0.027327735,0.04276982,0.025374817,0.15868276,-0.07142929,0.044518877,-0.008525697,0.009789953,-0.20199534,0.025411807,0.07662378,-0.20773311,-0.20597889,0.0522969,-0.8075154,0.18377759,0.09805767,-0.015785288,-0.24425225,0.079534486,-0.00023072094,-0.0022684447,0.20184147,0.00088981254,0.011749474,-0.025919816,-0.099584825,0.19004814,-0.0007203236,-0.0054670204,0.33691812
-0.0016854351,-0.037424307,0.009284249,0.023994675,0.05674855,-0.041135967,-0.07348263,0.04966577,-0.016644927,-0.011661891,0.031296153,-0.027056847,-0.036386285,-0.19465017,-0.0551829,0.04884337,0.51251996,-0.026246356,0.071459234,-0.0014984724,-0.44371095,0.0910571,-0.0001591963,-0.0038418137,-0.19689517,-0.027160332,0.01731373,0.028359221,-0.021777999,-0.069782965,-0.0007203236,0.002273203,0.43936506
-0.016275393,-0.028944654,0.013591305,-0.023443956,-1.0070536,-0.043217834,0.022730904,0.0420293,0.00744312,-0.0042767343,0.03868817,-0.030704236,-0.079181,-0.17161047,-0.22334109,-0.3025505,-0.9808106,-0.07902787,-0.3542359,-0.0071152085,-0.21590075,-0.39191285,0.013840335,-0.001063742,-0.21231017,0.003965047,-0.018133692,-0.43527344,0.114440024,-0.20859921,-0.0007203236,0.01744924,0.0114191845
-0.007825426,0.15534897,0.008056919,0.025871051,0.015047688,-0.04865807,-0.09310609,-0.1630403,0.007888641,-0.004596591,0.031405937,-0.027180728,0.031739082,0.06384745,-0.18344566,0.038975645,0.44969952,-0.034047887,0.071634315,-0.010508761,-0.3701877,0.075218774,0.00047597828,0.012092148,-0.24737506,-0.0010625069,-0.00022914249,-0.20236608,-0.03667089,-0.03340894,-0.0074298615,-0.008348256,0.40332368
-0.04924007,-0.0029097614,0.0023718437,0.055859193,-0.007254953,-0.008370177,0.070779696,-0.14952672,-0.040268004,-0.00434959,-0.10314177,0.02072571,0.048644993,0.07607859,0.56529737,0.026330097,-0.88319474,-0.13077183,-0.25111118,0.0026554517,0.23025824,0.05302982,-0.0010378641,0.010579908,-0.15452681,0.0034260422,-0.009956456,-0.3561278,-0.112683415,0.15016668,0.0076438896,0.004733977,0.30251724
-0.023557326,0.08996169,-0.0045973714,-0.0935026,-0.09209956,-0.0024568732,0.07752303,0.053247154,0.032306544,-0.009548129,-0.15439321,0.023128632,0.026145756,0.11709545,0.24870893,0.011872184,0.45471808,-0.04079298,0.05733821,0.0013341382,0.2654452,0.07802841,0.0001498599,-0.005624126,0.22594233,-0.0019215249,-0.020766744,-0.3320492,-0.014568919,0.13275121,0.0012981314,0.00069468125,0.76894474
0.053211354,-0.016151879,-0.007744836,-0.15871029,-0.083337106,-0.0042931726,0.057903983,-0.13264401,-0.046989046,0.007871601,-0.09976457,0.021955311,0.048644993,-0.09978883,0.46625772,-0.15562634,-0.9488623,-0.13941371,-0.26595557,-0.00045065413,0.23026945,0.052098285,-0.0017445633,-0.003795857,-0.08540408,-0.0915301,-0.0075615,-0.32333407,-0.16505414,0.12093952,0.0023248363,-0.13871732,0.14005344
0.004862373,-0.019526,0.0025347366,0.027285716,0.079049155,-0.034537226,-0.12015726,0.045877967,0.021263847,0.0017026708,0.041017085,0.039959796,0.035127483,0.11996578,0.11503881,0.11145168,0.54466933,-0.0327981,0.06606245,0.003234196,0.3245217,0.08608688,-0.00079046574,0.00090961193,0.2322746,0.0008431269,0.01571018,0.12903483,0.00437868,0.12575822,0.0012981314,-0.0006194844,0.88815594
-0.0030722274,-0.025108794,0.038224664,0.051409848,0.1406357,0.22476101,-0.08097744,0.057274874,0.024816126,-0.010802291,0.049797986,-0.03016107,0.036375508,0.1282679,-0.027820522,0.062277302,0.55741,-0.02354144,0.06464893,-0.005786398,-0.3296713,0.11075889,-0.0028095834,9.148056e-05,0.22352289,0.0042757927,0.011666397,0.38093528,0.106698,-0.00049248687,-0.0012617838,0.0049467604,0.86269313
0.009594751,-0.020138817,3.8954677e-05,-0.09553951,0.03860661,-0.026140198,0.111820735,0.03617852,0.007457016,-0.0030344771,0.034631513,-0.02077373,-0.067461304,0.0864821,-0.21790415,0.03308589,-1.0010873,-0.07928017,-0.38236502,-0.00064056885,-0.24185154,-0.50576603,-0.008276807,0.008452075,-0.17339556,0.0040040654,-0.0020528147,-0.09309474,0.07969772,-0.14600083,-0.0012617838,-0.0023731524,0.07324777
-0.024129689,-0.030684322,0.028753344,-0.15933564,-0.058570568,0.060457394,-0.029895516,0.05392217,0.021718707,0.009789953,-0.26818812,0.018219804,0.07867935,0.09859418,-0.051140428,0.049811196,-0.7445387,0.182021,0.09119342,-0.009028351,-0.22999518,0.07402536,0.0043170284,0.006571872,0.25371364,0.0010072883,-0.013660374,-0.4020945,-0.032091755,0.19834416,-0.0012617838,-0.00042073586,0.32665664
0.060633853,-0.000780337,0.008508635,0.05083497,-0.22418271,-0.012368087,0.06649444,-0.19706948,0.044169195,0.007883655,-0.08969648,0.03558681,0.034200765,0.07435457,0.33473176,-0.17150101,0.3991576,-0.037880003,0.043482464,0.0022200078,0.28528807,0.059374504,0.0022689302,-0.005315128,-0.15646482,0.0034260422,-0.020766744,-0.51333827,-0.1477769,0.15040478,0.0076438896,-0.022956643,0.5426756
-0.0017962299,-0.03705622,0.01534018,-0.07093868,-0.034172345,-0.025059853,-0.04966831,-0.16048239,0.01146315,-0.009548129,-0.11603662,-0.018792098,-0.025196005,-0.22673647,0.052379478,-0.07571851,0.48683682,-0.032784723,0.0523108,-0.0012810095,-0.3999492,0.06635482,0.0006038896,-0.0074843615,0.2540363,0.0042189034,-0.004702462,-0.3466133,-0.046475686,-0.07039739,-0.0022597408,-0.010380593,0.3253186
0.09529836,-0.01713661,-0.011149173,0.05080812,0.017959405,-0.0058723055,0.054005787,-0.15209857,-0.01514662,0.0035703243,0.009396791,0.032321587,0.09220206,-0.08663303,0.34636348,-0.12108387,-0.78166884,0.18147507,0.08936613,-0.006965367,0.20977329,0.058760952,-0.0017445633,0.020258415,-0.06899373,0.0034260422,-0.0075615,-0.21996774,-0.17682832,0.2068997,0.0023248363,-0.11373189,0.44724187
3.2454263e-06,-0.033259083,-0.007924927,0.024155376,0.036556117,-0.02865959,-0.08910211,0.048491664,-0.00738311,-0.009548129,-0.11657691,-0.022524523,-0.028234998,0.09931724,-0.0752215,0.03602528,0.49427345,-0.029033888,0.072760455,-0.0058757,-0.46646798,0.08790738,0.000547503,-0.0012954681,-0.22211918,-0.027160332,0.011666397,-0.12881204,-0.027780429,-0.083003506,-0.0012617838,-0.0041217054,0.4005648
0.014120203,-0.03190821,0.009207246,-0.08080182,-0.014429179,-0.045711804,-0.04331721,-0.17617783,-0.0037728206,0.008197821,0.026495537,-0.014176622,-0.11227485,0.058303095,-0.22518136,-0.10308532,-0.9055661,0.10822946,0.09443662,-0.0008328166,-0.25946,0.07404864,-0.003753514,-0.003591858,-0.16618317,0.0032513803,-0.013660374,-0.26330507,-0.11273389,-0.15401694,-0.0074298615,-0.00592073,0.095310666
-0.007825027,-0.030140568,-0.005466596,0.025641562,-0.13160951,-0.042922385,-0.083477825,0.029735977,0.0052057877,-0.0030344771,0.029763615,-0.029726375,-0.12190066,0.07805556,-0.38687834,-0.040796775,-0.8911763,0.061890215,0.09009243,-0.0077844113,-0.2581872,-0.54210156,-0.008423249,-0.0044427277,-0.13869506,0.0040040654,-0.013660374,-0.31469893,0.08067618,-0.20393062,-0.0012617838,-0.0029985004,0.059215922
0.0050431523,-0.02427887,0.008966903,-0.10132368,0.051575992,-0.028789187,-0.107534125,0.05012597,0.02610276,-0.0042767343,0.03941588,0.032550815,0.03727686,-0.24790077,0.045445357,0.035379622,0.5652887,-0.03666868,0.06324025,0.0029686424,0.32350528,0.081567064,-0.0053996667,0.00081228116,0.20062734,0.0008539788,0.021357514,0.05731845,0.1079761,0.1516672,0.0007410736,-0.0014927913,0.8104127
0.00034423638,-0.019128535,0.01534018,-0.09664866,0.15682952,-0.016976126,-0.11680878,0.040387124,-0.028044421,-0.011523848,-0.12580189,0.018982979,-0.019153643,0.12495922,0.067351036,0.032834306,0.6152604,-0.030395418,0.06410678,0.003234196,0.3078453,0.088148706,0.0003273443,-0.0005480454,0.21253365,0.0007970896,0.01571018,0.30626217,-0.0405584,-0.024817225,-0.0012617838,-0.0019227869,0.8372921
-0.023557326,0.097274795,0.0058008065,0.026241373,-0.015430433,-0.032164343,0.07362437,0.053172708,0.019394733,0.008197821,0.04510837,0.035105564,0.047499303,0.104178555,0.24319127,0.06635203,0.47187567,-0.029812325,0.073804215,0.0013341382,0.30788207,0.07460272,0.0006808276,-0.0017052796,-0.19412014,-0.0044008633,-0.020766744,-0.32997593,-0.023258543,0.14403577,0.0012981314,0.0017181255,0.7904653
0.0011903027,-0.02387736,-0.007602712,0.021968717,-0.022172572,-0.015636325,-0.055570565,0.05519745,0.010522067,-0.009548129,-0.14319555,-0.028324796,-0.026597703,0.11333157,-0.102995805,0.023053914,0.5262633,-0.028975446,0.05465985,0.0003903624,0.27688915,0.07889818,0.0031853067,-0.001095836,0.259699,0.003494155,-0.020766744,-0.31285965,-0.017849049,-0.09737233,-0.0012617838,-0.0027218817,0.6481391
-0.016761731,0.16234106,-0.026805572,0.06048642,-0.073500365,0.2607612,-0.023358773,0.06413579,-0.031338673,0.015283003,0.10142117,0.0262243,0.038364995,0.08495874,0.079158835,0.06576838,0.42601433,-0.033535533,0.052574717,-0.004106331,-0.30793104,0.068662226,0.004445269,0.004669594,0.23856175,-0.00021774469,-0.03565284,-0.6490706,-0.052508656,0.12044572,-0.0012617838,-0.00083757075,0.67215335
-0.019611686,-0.020813776,0.008428222,-0.077942476,-0.04761053,-0.02465297,-0.064658225,0.05917574,0.018202092,-0.0042767343,0.03898538,0.028155867,0.10712604,0.10021984,-0.034233242,0.11901003,-0.89292395,0.13118525,0.10636447,0.0019147171,0.23544967,0.0808734,-0.0025252805,-0.001205703,-0.15671922,0.0017164449,-0.009956456,-0.1993535,0.18432324,0.23748244,0.0012981314,0.0011939923,0.5012929
-0.017260352,-0.038703717,-0.007924927,0.02096193,0.057967708,-0.027534181,-0.07759305,0.04512916,0.005730029,-0.011523848,-0.116847955,-0.02049483,0.091718465,-0.18275611,-0.19980352,0.050879315,-0.8554029,0.14694802,0.11777406,-0.016691161,-0.24274486,0.091251045,-0.00023072094,-0.0042391494,-0.11861552,-0.024108186,0.011749474,0.040309407,-0.045854334,-0.06266508,-0.0007203236,-0.009422209,0.21413682
-0.013178903,-0.03333371,-4.2297477e-05,0.01783555,-0.020680454,-0.03620232,0.017423214,0.06041402,-0.0036329518,-0.004596591,0.03151255,-0.026696613,-0.11779869,0.097584955,-0.16161153,0.004004119,-0.9014674,0.07232884,0.09211086,-0.0029821142,-0.26260766,0.091091365,0.0031853067,0.023158299,-0.18704484,0.0034078744,-0.013660374,-0.24022453,-0.038538963,-0.15945493,-0.0012617838,-0.004945214,0.16584663
-0.002042896,-0.022236682,-0.0135611715,0.021735564,0.038956232,-0.013992067,-0.08827921,-0.16277134,0.01180452,-0.009548129,-0.13260312,-0.02482791,0.02388451,0.109602496,-0.076389484,-0.07452241,0.53593326,-0.03291391,0.06220292,0.0032249663,0.27029893,0.07181514,0.0007499411,-0.004262307,0.2529092,0.0033376608,-0.012065866,-0.12756653,-0.047035936,-0.03369485,-0.0074298615,-0.0015686194,0.65014887
-0.06447683,-0.0029610605,-0.0047644787,0.054534554,-0.046115577,-0.026430322,0.07024267,-0.1767276,-0.041084554,0.008180016,0.031107465,0.014685256,0.053141695,0.0766945,0.47188324,-0.1099527,-0.88412917,-0.12129092,-0.26312423,0.0026554517,0.22986178,0.051056087,0.0022689302,-0.0034892552,-0.1214187,0.0034260422,-0.009956456,-0.36916965,-0.11718902,0.15811646,0.0076438896,-0.007345038,0.26239133
-0.00096402504,-0.04045864,-0.0063583693,0.024625935,0.0048654918,-0.033611998,-0.081453525,0.03452224,-0.0017959531,-0.0055263527,0.02721979,-0.030086609,-0.1086613,-0.18405603,-0.21529347,0.039786056,-0.9328685,0.062358446,0.09019218,-0.010462622,-0.24726468,-0.52181077,-0.023101352,6.48587e-05,-0.13418974,-0.02797465,-0.006526134,-0.12144026,0.057679217,-0.21124107,-0.0007203236,0.0067788423,0.07605313
-0.04321791,-0.011358591,-0.00041298848,-0.10617326,-0.3043933,-0.018938093,0.09121097,-0.1896474,-0.017725484,0.0038787392,0.025979374,-0.034126446,0.09722271,0.06893305,0.30298665,-0.10021774,-0.82919806,0.0787737,0.09684628,0.0013452024,0.17391904,0.07209219,0.0031788251,0.009317502,-0.143284,0.005966613,-0.009956456,-0.4805521,-0.12208693,-0.073148094,0.0076438896,0.023479091,0.21063335
-0.014610753,-0.043089435,0.009393593,-0.0834187,0.21464352,-0.028140396,-0.010129371,0.03696832,0.011827608,-0.0075020734,0.037266076,-0.018339682,-0.030958133,-0.18367699,-0.14255437,0.15584664,0.6009539,-0.023635855,0.07369216,-0.0037634526,-0.35813904,-0.42165476,-0.018196542,0.00018175028,-0.15487033,-0.022659583,0.01731373,0.84286404,0.055337045,-0.08178432,-0.0007203236,0.006985704,0.6262073
0.01053081,-0.033200894,0.008428222,-0.09162058,-0.0111925425,-0.029152673,-0.09160875,0.03444712,0.0052913823,-0.0055263527,0.029449278,-0.021133961,-0.059989087,-0.17598906,-0.1425679,0.021609092,-1.0308784,-0.079781346,-0.3879495,-0.0037634526,-0.23317124,-0.48287824,-0.023101352,-0.0021184543,-0.15107779,-0.02797465,-0.006526134,-0.031034209,0.0631303,-0.1402548,-0.0007203236,0.0072179525,0.04822018
0.0025622144,-0.022150857,-0.0051745554,0.015394139,0.17585687,-0.017081637,0.11925324,0.06353602,0.010525014,-0.011523848,-0.1329087,-0.0278901,0.023209969,0.114337526,0.0073137814,0.092600316,0.5965123,-0.030082565,0.08170759,0.003234196,0.33218598,0.085916564,-0.0012848054,-0.0032431097,-0.19511232,0.0031586569,0.01571018,0.35368362,-0.031873666,-0.025914617,-0.0012617838,-0.00097342784,0.8443258
-0.0014556585,-0.028962573,-0.006880532,0.028786851,0.08752537,-0.027941668,-0.09364826,0.049421977,0.011118729,-0.011523848,-0.123611555,0.03996133,-0.023720698,0.105489075,-0.1907832,0.035881527,0.5082057,-0.029279798,0.07572105,-0.019146087,-0.46557543,0.09192814,0.0003273443,-0.0038761168,-0.22573164,-0.014274329,0.011666397,0.10311397,-0.034216587,-0.026023032,-0.0012617838,-0.0038073033,0.47950593
-0.0037259506,-0.030152421,0.0061757476,-0.08068776,0.08501226,-0.030827407,0.085851625,0.067330435,-0.009720588,-0.011661891,0.033088084,-0.020133892,-0.036386285,0.105727516,0.040111676,0.08455176,0.51325274,-0.020911345,0.071664535,-0.0065764827,-0.4506014,0.09453437,0.000547503,-0.0041099917,-0.23314717,-0.027160332,0.011666397,0.04559533,-0.008007397,-0.067791045,-0.0012617838,-0.004251523,0.574087
-0.007574355,0.13691714,0.048290793,-0.08474885,0.21812855,-0.020386405,-0.03023748,0.051321294,0.00047460338,-0.011554008,-0.2858097,-0.014965481,-0.020342523,0.07894605,-0.073162846,-0.027888011,0.5988124,-0.030738749,0.08022242,0.0027394106,-0.33008856,0.08008836,0.001885115,0.00083660893,-0.20021302,-0.00027398748,0.011666397,0.7633985,-0.012423668,-0.06512481,-0.0012617838,-0.006618444,0.72128916
0.00034423638,-0.022168802,-0.0070805494,0.02549244,0.07122065,-0.032021087,-0.12015726,0.057338025,0.015631288,-0.0062524555,0.03860414,-0.031389926,0.042203993,0.106846705,-0.012433873,0.029595297,0.59453595,-0.024492374,0.06513863,0.0027138134,0.3024739,0.09245677,-0.0028095834,0.0007779781,0.24210066,0.00339455,0.01571018,0.14278962,0.11708603,-0.015571186,-0.0012617838,0.0009700171,0.85721356
-0.001178784,-0.038136277,0.009284249,0.025429687,-0.10973496,-0.050330788,-0.06854948,0.031347886,-0.002385562,-0.0042767343,0.028381383,-0.027696684,-0.121508114,-0.12958714,-0.34579548,-0.002313736,-0.89611846,0.06312481,0.08647784,-0.008425458,-0.2566133,-0.49125144,0.08566467,-0.0021184543,-0.12602517,0.003965047,-0.018133692,-0.30998716,0.08078923,-0.19435489,-0.0007203236,0.0070655593,0.063974254
-0.0023277495,-0.01866844,-0.0055786823,0.030708743,0.08805275,-0.02972207,-0.07755812,-0.15751588,-0.02115352,-0.004596591,0.033396367,0.031046985,0.034429573,0.11567377,0.3097775,-0.0109797465,0.4938657,-0.03197859,0.07608741,0.0036696398,0.30452484,0.07402448,-0.00051650277,0.015207671,-0.19579153,0.000664123,-0.012065866,-0.08853594,-0.036323402,0.13087869,0.0076438896,6.201118e-05,0.76077855
-0.001178784,-0.03504645,0.008428222,-0.083060086,-0.059939533,-0.037421755,-0.06448715,0.029918056,-0.0013101278,-0.0042767343,0.028489966,-0.018744037,-0.10963195,-0.15299514,-0.13983107,-0.024143208,-0.8952865,0.07180699,0.08862995,-0.008425458,-0.25730506,-0.47429764,0.12045601,-0.0021184543,-0.12269689,0.0040040654,-0.018133692,-0.32786882,0.09108083,-0.18735628,-0.0007203236,0.0063231154,0.07751586
-0.017033705,0.096369185,0.00831054,0.026110146,-0.11138678,-0.030557364,0.12467644,0.059519477,0.013153711,-0.0029255187,0.03540655,-0.034022775,-0.0735429,0.08450296,-0.12393301,0.039744385,-1.1234056,-0.0656831,-0.35253128,-0.0072090635,0.14697535,0.07664492,0.009183268,-0.0041085836,-0.20026371,0.0012911496,-0.009956456,-0.5319097,0.111164525,-0.22103778,-0.0012617838,-0.0015323884,0.12145779
0.012747115,-0.018244602,-0.012628863,0.043930158,0.018294474,-0.013770428,-0.0677578,-0.14405426,0.03478408,0.00790146,-0.1390874,0.027306318,0.02388451,0.1005536,0.37840354,0.13559188,0.4394865,-0.043966386,0.047552798,0.0027895225,0.31480214,0.06553554,0.0001498599,-0.0034871986,0.20127621,0.000999621,-0.020766744,-0.33925465,-0.1858196,0.12195987,0.0076438896,0.020411404,0.75356513
-0.014363798,-0.033474263,0.017894391,-0.16405421,-0.08398344,0.05333715,-0.02615236,-0.15769716,0.0023111734,-0.005338193,-0.19362777,-0.016744016,-0.108245715,0.06385294,-0.17346402,-0.1342628,-0.8863296,0.08280316,0.08949032,-0.001168079,-0.22698948,0.075984396,0.009579104,-0.015392201,-0.17562017,0.004000881,-0.013660374,-0.42601374,-0.012296605,-0.16628191,-0.0074298615,0.011831263,0.07371652
0.0011292712,-0.03996774,-0.020124933,0.040812433,-0.017015666,0.20210741,-0.06665116,0.04818381,0.009974108,-0.0075769536,0.049488336,-0.030086609,-0.04080271,-0.18013486,-0.10739918,0.035047285,0.46594775,-0.022966105,0.06885128,0.0003377794,-0.3684736,0.085678875,-0.005328142,0.0004068188,-0.21353869,-0.029038789,-0.004702462,-0.23795937,0.05148657,-0.1167363,-0.0007203236,0.021903928,0.41889352
0.020628337,-0.029856417,-0.005466596,0.027211783,-0.052274596,-0.042233232,-0.1081017,0.030449029,0.0071864147,-0.0030344771,0.033353645,-0.029726375,-0.046450444,0.18400693,-0.85799223,-0.060202625,0.45457655,-0.019116987,0.06406243,-0.0010852423,-0.43869328,-0.584776,-0.011211065,0.0076682568,-0.18132994,0.0041100304,-0.033914607,-0.43603992,0.07543166,-0.1097534,-0.0012617838,0.0011709363,0.114851624
-0.0038370108,-0.03581498,-0.014897438,-0.15440017,-0.011738109,0.11871681,-0.0797347,-0.12186261,0.0019109421,0.009789953,-0.18283457,-0.016458075,-0.0532284,-0.12322054,-0.16875431,0.044581085,-1.0477123,-0.09453108,-0.42231292,-0.00035063096,-0.21003531,0.076707736,-0.0001591963,-0.0035299752,-0.17593193,-0.027160332,-0.006526134,-0.105056375,-0.07784797,-0.106309794,-0.0022597408,-0.0077134334,0.05205674
0.069586255,-0.014504383,0.011781513,-0.12462735,0.024691872,-0.006017105,-0.100589156,0.043460865,-0.04278023,0.007883655,-0.1342074,0.027489334,0.0503823,-0.15582806,0.3128694,-0.15257937,-0.9358341,-0.16109975,-0.38985538,-0.0007016416,0.22452621,0.0561049,-0.0027121627,-0.0015198471,-0.12995219,0.0034260422,-0.014429775,-0.26187304,-0.11098262,0.16822137,0.0007410736,0.017145753,0.16503489
-0.0060331495,-0.02994983,0.008428222,-0.09448812,-0.11668526,-0.03955758,-0.079711065,0.029076587,0.0052913823,-0.0042767343,0.034815483,-0.018744037,-0.0728359,-0.13443561,-0.3933295,-0.046058115,-1.0078919,-0.08042772,-0.36550814,-0.0075506526,-0.25558847,-0.45139268,0.09003106,0.00046219444,-0.14547624,0.0040040654,-0.018133692,-0.27949533,0.09660323,-0.13123833,-0.0007203236,0.0069312355,0.032191418
-4.806486e-05,-0.0330674,-0.006620217,0.02443998,0.24614505,-0.034211494,-0.022779007,0.06484304,0.00855409,-0.0075020734,0.04896821,-0.029322019,-0.031077556,0.09669596,-0.054936327,-0.011954183,0.5991133,-0.022545587,0.08084533,-0.0040616645,-0.35343906,0.08271837,-0.0014004464,0.00042789127,-0.20630015,-0.029038789,0.011666397,0.8376178,0.084021606,-0.09655912,-0.0012617838,0.0026962254,0.7930123
0.08917612,-0.011438939,0.00039349427,0.03804326,-1.1891285,-0.021031309,0.044457696,-0.1855812,-0.04251789,0.009073228,-0.093223505,0.022278091,0.048644993,-0.11652566,0.23461409,-0.20650879,-1.040432,-0.17612231,-0.36337858,-0.0007016416,0.20150127,0.048254885,-0.0022677528,0.020258415,-0.13227312,0.0034260422,-0.0075615,-0.08607548,-0.21934654,0.17316242,0.0023248363,-0.100739166,0.049327116
-0.0002693584,-0.037913464,-0.0073423972,0.02543152,0.21758242,-0.033164684,-0.01699763,0.033657882,0.01617177,-0.0075020734,0.040496934,-0.02898018,-0.03276197,-0.21002394,-0.18154024,0.061929297,0.60267913,-0.021306261,0.05777379,-0.00401444,-0.3415249,-0.48173094,-0.011843623,-0.00251579,0.18969855,0.00418307,0.01731373,0.80708563,0.046264675,-0.09328274,-0.0007203236,0.007728147,0.6715298
0.018074607,0.08549741,0.0067144283,-0.0957813,-0.27796975,-0.022657512,0.1209651,-0.22151287,0.018383024,-0.009577213,0.035864774,-0.03569571,-0.0296177,0.08617906,-0.11614661,-0.0736555,0.5153131,-0.017094886,0.04887539,-0.007124125,0.20257798,0.06307881,0.009884584,-0.0035095871,0.26635307,0.002828623,-0.020766744,-0.7294351,-0.010076188,-0.11435322,-0.0074298615,-0.0018755617,0.44691604
-0.016638895,-0.026799703,-0.0070805494,0.014121991,0.098692864,-0.040054623,-0.0927289,-0.17336178,0.012170271,-0.01678163,0.027084157,-0.03016107,0.069294155,0.1212377,-0.17330448,0.008876368,-0.94959074,0.13959587,0.1053299,-0.016131561,-0.23278783,0.088126376,0.00047597828,-0.0077182963,0.25825703,0.0034303837,0.0061021405,0.21803583,-0.024068875,-0.061596118,-0.0074298615,-0.0045542703,0.35219422
-0.00053518993,-0.036266062,-0.0063583693,0.02210793,-0.16304107,-0.044189766,-0.056536246,0.032588243,0.0064134216,-0.0042767343,0.03917075,-0.04414465,-0.07342348,-0.15860638,-0.28506187,-0.08468356,-0.9952748,-0.078211516,-0.35672134,-0.0072996654,-0.23719163,-0.4042256,-0.010452036,0.00038207555,-0.1519163,-0.026851054,-0.018133692,-0.501383,0.04207749,-0.19172421,-0.0007203236,0.0076678093,0.02445242
-0.0016854351,-0.035733555,-0.0070805494,0.0291588,0.0046177013,-0.03764701,-0.08904706,0.045086,-0.026475882,-0.009686171,0.036963835,-0.0287447,-0.032040052,-0.26085538,-0.03250721,0.035161424,0.49935994,-0.026246356,0.054625288,0.0005428703,-0.38658142,0.08641204,-0.0001591963,-0.0042391494,0.24453078,0.0042189034,-0.004702462,-0.112784296,-0.009300286,-0.08627871,-0.0007203236,0.002273203,0.4877489
-0.00096402504,-0.04063781,0.008428222,-0.0748582,0.08586699,-0.028006021,-0.018173993,0.034593675,0.00067646813,-0.0075020734,0.02863477,-0.021133961,-0.10504689,-0.2326727,-0.24893075,-0.12353605,-1.1229424,0.077822864,0.09943759,-0.010462622,-0.23558016,-0.6315147,-0.023101352,0.00046219444,-0.102355294,-0.02797465,0.011749474,0.1748723,0.059779875,-0.18339805,-0.0007203236,0.0060363985,0.0723862
-0.008676005,-0.028542416,-0.0113330325,0.028527653,0.05942883,-0.03684022,0.11257534,-0.19560838,0.019172437,0.008197821,0.03346015,0.03095824,0.028031537,0.12187909,-0.041071057,0.06501613,0.47447148,-0.036347404,0.057854615,-0.018240213,-0.4583332,0.075278305,0.00047597828,-0.008694714,0.2740688,0.00088981254,-0.00022914249,-0.08740491,-0.047933243,0.12528971,-0.0074298615,0.028038327,0.6586942
0.02040331,-0.019297367,-0.0044422643,0.027097085,-0.021071251,-0.027481839,0.08739026,0.055487067,0.02377839,0.008197821,0.045312386,0.039959796,0.037183046,0.13019395,0.2476296,0.06769466,0.48146844,-0.03276508,0.062996835,0.0027895225,0.31548125,0.07932806,0.0001498599,-0.0011884838,0.23806162,0.000999621,-0.020766744,-0.34764925,-0.0115311565,0.1460819,0.0012981314,0.001431409,0.85002166
-0.018676236,-0.04527879,0.038465012,0.048252195,-0.088402726,0.28428212,-0.010944155,-0.16159488,-0.002511142,0.015283003,0.06394002,-0.026589723,-0.112667404,-0.14778948,-0.21993408,-0.08250082,-0.89576256,0.052743424,0.08887589,0.0057889735,-0.22072068,0.072644494,0.009000645,0.0023666602,-0.15937234,-0.026036736,-0.018133692,-0.5581502,-0.020405015,-0.18679157,-0.0022597408,0.003344165,0.098058574
-0.0012656136,-0.032695986,-0.006620217,0.024661591,0.21547762,-0.033632945,-0.022779007,0.03912519,0.00855409,-0.0075020734,0.041278433,-0.026932094,-0.024839487,0.059652023,-0.19953945,0.014352002,0.5954897,-0.019508002,0.07662637,-0.0010760127,-0.36037526,-0.44021094,0.016456407,0.00042789127,-0.17945588,0.0040040654,0.011666397,0.8189187,0.08280234,-0.09968316,-0.0012617838,0.001658096,0.65798414
-0.0044321707,0.13258679,-0.0053745727,0.023018835,0.060131483,-0.02750539,0.08021331,0.053276855,-0.030137135,-0.009686171,0.040298656,-0.02657713,0.035992395,-0.2716598,0.03631135,-0.052971095,0.555035,-0.031329226,0.061370544,0.0015132581,0.2614092,0.080892205,4.324192e-05,-0.00692628,0.22588319,0.000416515,-0.016539186,-0.05935568,-0.020127276,-0.018456154,-0.0007203236,-0.0023786009,0.76219785
0.0025332542,-0.026200391,-4.2297477e-05,0.019800033,0.20000805,-0.025036972,0.09939636,0.055849407,0.012504576,-0.0062598167,0.031298533,-0.02892554,-0.035866156,-0.26534688,-0.1217084,0.1085266,0.6402903,-0.016228188,0.075988896,-0.0021033916,0.26381236,0.100830786,-0.005328142,0.023145242,-0.14079878,0.003215546,0.021357514,0.29380322,0.078533016,-0.09500438,-0.0007203236,-0.0012981598,0.7958535
-0.0050458545,-0.020838836,0.0067144283,-0.07390471,-0.10832684,-0.024478449,0.07137867,0.06482935,-0.026744094,-0.009686171,0.045412127,-0.019407516,0.037183046,0.12442955,0.034248866,-0.00094354665,0.50728554,-0.026952526,0.05620317,0.0032249663,0.28082612,0.07950559,0.0014163038,-0.0035602727,0.2412614,0.003494155,-0.020766744,-0.36029038,-0.023917647,-0.031806037,0.0012981314,-0.0011478248,0.71124625
0.009203482,-0.028045733,-0.0063583693,0.017603725,-0.03810083,-0.037956905,-0.0817545,0.052332453,0.009257775,-0.009686171,0.030129045,-0.025895778,-0.11740614,-0.19200173,-0.14513762,-0.11284245,-1.0785387,0.0754893,0.09054772,-0.01190333,0.219587,0.0829842,0.0006060698,-0.0014588686,-0.14900157,0.0031586569,-0.014429775,-0.20622595,-0.03091381,-0.18105291,-0.0007203236,-0.003522531,0.14411752
-0.0021438114,-0.040227506,-0.020124933,0.041323066,0.038380146,0.20858227,-0.057968684,-0.16539742,0.007651054,-0.020081848,0.0421607,-0.030086609,-0.026740698,-0.1568936,-0.07602146,0.07188326,0.50783795,-0.022380171,0.070081584,-0.00036300294,-0.44419512,0.082463615,-0.0001591963,-0.007739369,-0.2091142,-0.027160332,0.01731373,0.011831699,-0.005748447,-0.09507099,-0.0022597408,0.03448058,0.4562777
0.0106075965,-0.044605855,-0.006620217,0.024066864,0.20741338,-0.03380436,-0.013222149,0.03704214,0.011341783,-0.0075020734,0.03963613,-0.027292328,-0.030958133,-0.17348449,-0.13770832,0.18869673,0.6009539,-0.021361167,0.07456923,-0.0041988967,-0.35985082,-0.42165476,-0.018196542,0.0023650632,-0.15707307,-0.022659583,0.01731373,0.8220361,0.055097904,-0.09886246,-0.0007203236,0.00744143,0.6500722
-0.0019321012,0.09211485,-0.0070805494,0.023735872,0.17086782,-0.030169852,-0.11818135,0.06457718,0.024816126,-0.0075020734,0.038522273,-0.027993502,0.036375508,0.12156964,-0.005392706,0.03537681,0.6046258,-0.021911124,0.06551058,0.0012584291,0.2378226,0.105846874,-0.0028095834,-0.0021527575,0.2189229,0.00047340413,0.01571018,0.27511448,0.12454401,-0.0057179118,-0.0012617838,-0.0012982145,0.893303
-0.015044486,-0.034178156,-0.005466596,0.020734563,0.051753566,-0.0339054,-0.025181914,0.030110376,0.00019064278,-0.0062598167,0.023679666,-0.027696684,-0.10504689,-0.20091467,-0.70461076,-0.033069674,-1.1541538,0.06851358,0.09943759,-0.010713609,-0.24787012,-0.53089553,-0.017140886,-0.0027671396,-0.1048972,0.0040040654,0.011749474,0.45988536,0.054998938,-0.19557466,-0.0007203236,0.0027848342,0.07393795
-0.007880277,-0.02810109,0.037685987,0.058930658,0.0013680786,0.25949568,-0.07341892,0.05584828,0.012863845,0.015283003,0.06536111,0.03500379,0.03949304,0.10113599,-0.03746103,0.036104884,0.45007622,-0.031273905,0.07438029,-0.0064649642,-0.4452064,0.08322447,-0.0012848054,0.00022311433,-0.24098822,0.0014993282,-0.00022914249,-0.12321703,-0.015072631,0.16034564,-0.0012617838,-0.00083790044,0.6401869
0.014910204,-0.03835395,0.007979916,-0.06997015,-0.052098434,-0.036241904,-0.01764607,-0.15671323,0.008468648,0.0038965445,0.030705933,0.020640561,0.10366608,-0.18503116,-0.14698683,0.08261454,-0.7364623,0.17552562,0.10898514,-0.0030692965,-0.2797476,0.06680238,0.0007096045,0.0052539613,-0.13490675,0.00086730294,-0.018133692,-0.24763548,-0.051507875,0.2071976,-0.0022597408,-0.013158632,0.22250143
-0.011512675,0.11383103,-0.0074027637,0.019326696,-0.0860867,-0.030550174,-0.10945141,0.061744783,-0.010399071,0.008197821,0.03348422,0.026867183,-0.1109057,0.07781855,-0.059943683,-0.21321988,-1.0203925,0.06385153,0.08817319,2.3889006e-05,0.18150914,0.08543515,-0.00861851,-0.0014714049,-0.15879178,-0.0021912865,-0.009956456,-0.23057248,-0.044195704,-0.08011812,0.0012981314,-0.0010990347,0.20837186
-0.008110054,-0.03445665,-0.020847112,0.046743646,-0.0003128096,0.22400574,-0.07192712,0.04770253,0.0228109,0.015283003,0.06432466,0.039398737,0.036309432,-0.25696772,-0.065435946,0.041372746,0.47592887,-0.03340587,0.057481177,-0.011370571,-0.4274055,0.08412467,-0.00023072094,-0.0020421962,0.24825397,0.0016783319,-0.004702462,-0.14010876,-0.0037466895,0.12627189,-0.0007203236,-0.0059660673,0.6328549
-0.02098224,0.102951035,-0.0047644787,0.03186813,-0.030154018,-0.025047818,0.088196255,-0.1994387,-0.028758856,-0.009686171,0.030266,0.01162394,0.03922141,0.09546978,0.2925669,-0.12623264,0.4226844,-0.032722652,0.05223064,0.0013341382,0.27823773,0.062991165,0.003499717,-0.0070937183,-0.17324889,-0.003720916,-0.020766744,-0.32474634,-0.052291285,0.13660972,0.0076438896,0.020075696,0.672247
0.007878337,-0.03041296,0.0072008925,-0.07465131,-0.06879851,-0.03605714,-0.06755574,0.027965264,0.00029773696,-0.0030344771,0.025501309,-0.032802075,-0.115750596,-0.24385253,-0.9669893,0.14165626,-0.8862954,0.064294025,0.0864512,-0.008425458,-0.22032079,-0.4514998,-0.006886932,-0.003960668,-0.10708413,0.004071012,-0.006155194,-0.44152084,0.05555291,-0.17720146,-0.0007203236,0.006196592,0.031603936
-0.0010848348,-0.044605855,-0.006620217,0.024066864,0.21992572,-0.03380436,-0.013222149,0.03919408,0.011341783,-0.0075020734,0.04136983,-0.027292328,-0.0371082,-0.16918305,-0.14621037,0.082871996,0.59801865,-0.021361167,0.07456923,-0.0041988967,-0.35985082,-0.4302233,-0.011843623,6.48587e-05,-0.15707307,-0.02797465,0.01731373,0.8210025,0.057832338,-0.09835794,-0.0007203236,0.00744143,0.62183076
-0.0019321012,-0.020789512,0.010895709,-0.085206054,0.09537187,-0.01719235,-0.11135779,0.0490868,0.0120407725,-0.011523848,-0.12119561,-0.019372147,-0.023888765,0.109663054,-0.09075631,0.02414466,0.61919284,-0.02284156,0.06153511,0.0012704796,0.3014027,0.090128526,0.000547503,-0.003478781,0.25395757,0.0033376608,0.01571018,0.18351337,-0.0003889884,-0.08613692,-0.0012617838,-0.003177939,0.7878226
0.00034423638,-0.027483119,-0.0063583693,0.020611133,0.17293192,-0.031322543,-0.09981736,0.06283953,0.009173011,-0.0075020734,0.032640737,-0.033345155,-0.035866156,0.106200755,-0.17767707,0.0581598,0.62302136,-0.021673724,0.08077493,0.0010860232,0.26255113,0.09796004,-0.0027380586,0.00042789127,-0.18809377,-0.024922505,0.01571018,0.32891136,0.08394102,-0.095213294,-0.0012617838,0.0018560058,0.78691304
-0.00053518993,-0.041905414,0.016699808,0.030059628,-0.16969192,-0.05024196,-0.04232186,0.027416958,0.0064134216,-0.0042767343,0.028314989,-0.04414465,-0.07342348,-0.14703411,-0.43928733,-0.22207314,-0.9952748,-0.07868088,-0.35672134,-0.0072996654,-0.2423693,-0.4042256,-0.010452036,0.0009790433,-0.15264268,-0.026851054,-0.018133692,-0.43306893,0.041686803,-0.21175018,-0.0007203236,0.0076678093,0.0195826
-0.0026451391,-0.026731553,0.008428222,-0.10204706,-0.22666648,-0.037488528,-0.05344347,0.027343133,0.006899247,-0.0042767343,0.03925513,-0.032802075,-0.079181,-0.1254106,-0.35830253,-0.12822981,-0.9952748,-0.07882365,-0.34676504,-0.0071152085,-0.22408645,-0.40124914,0.04890456,0.0005065894,-0.15005276,0.003965047,-0.018133692,-0.30198374,0.05114141,-0.16169138,-0.0007203236,0.0072120824,0.027413715
-0.006560616,-0.027783459,-0.0063583693,0.027211783,-0.004648214,-0.03711447,-0.10620779,0.034491327,0.006427318,-0.0042767343,0.035889704,-0.0321163,-0.06575624,0.085294634,-0.29600987,-0.018591965,-1.0269789,-0.07796379,-0.40950453,-0.0012696986,-0.237889,-0.51373154,-0.0152652925,0.00042789127,-0.17384882,-0.02797465,-0.0020528147,-0.19207507,0.07960067,-0.157169,-0.0012617838,0.0018903445,0.044335376
0.054418564,-0.004076114,-0.010400724,0.03898362,-0.23098502,-0.025323195,0.096188486,-0.17729236,0.037525102,0.008180016,0.03248136,0.06042415,0.074995376,-0.23895456,0.3899195,-0.033674322,-0.7921234,0.10517048,0.0696682,-0.006965367,0.2085299,0.057646908,0.002472126,-0.0077749626,0.18166469,0.003605046,-0.014429775,-0.36831895,-0.054880086,0.22788432,0.0023248363,0.018328633,0.4515929
-0.002605617,-0.030086292,-0.0053745727,0.02279163,0.13762137,-0.029776411,0.08790992,0.035687856,0.0055645,-0.0075020734,0.029253291,-0.03177446,-0.095023565,-0.24483004,-0.10780794,0.1027763,-1.02541,0.06615984,0.082336076,-0.005324689,-0.26296186,-0.63272905,-0.010866891,-0.0057526394,0.21526854,0.00418307,0.011749474,0.11993962,0.06278004,-0.19096366,-0.0007203236,-0.0011569681,0.16713144
0.029707095,-0.010460445,0.0063394876,0.040997833,-0.19371401,-0.031261113,0.10315115,0.05477641,0.036907986,0.008180016,0.046004433,0.06514413,0.0397162,-0.25440478,0.24958816,0.017681232,-0.9828419,-0.1364386,-0.32555732,-0.0007016416,0.23316222,0.06214146,0.002472126,-0.00010956742,0.23137148,0.003605046,-0.014429775,-0.37297338,-0.026397636,0.18224591,0.0007410736,-0.0012903945,0.30235752
0.0020396253,-0.038856484,-0.021169327,0.04306984,-0.12362139,0.24518137,-0.022107344,-0.19528984,-0.0071324324,-0.01298639,0.06930275,-0.025589656,-0.04336725,0.07131852,-0.14171723,-0.1011531,0.4567414,-0.022831468,0.06518545,-0.0034818219,-0.3880495,0.066779636,0.009579104,-0.0005551246,-0.21335982,-0.026036736,-0.03565284,-0.5014844,-0.015163137,-0.09520688,-0.0074298615,0.00013256009,0.28651688
0.0003458606,-0.025853124,-0.007371801,0.0274968,0.24876587,-0.02964743,-0.08867588,0.06602855,0.026485514,-0.0075020734,0.06305621,-0.022629771,0.029619683,-0.19422004,0.0040033665,0.14269851,0.6337823,-0.026717044,0.064898156,0.00095526065,0.24868271,0.07566076,-0.0050656097,0.00041494553,0.20797828,0.0014986708,0.021357514,0.99664503,0.122990236,0.009942409,-0.0007203236,-0.0012722875,0.9360867
-0.029435966,-0.046400003,0.0011610345,-0.07293455,-0.0003893869,-0.0035062607,-0.062013444,-0.120294295,0.0015201273,0.0035703243,-0.05819293,-0.017917594,0.098645434,-0.060836412,-0.15253855,-0.06443342,-0.7790212,0.16080356,0.10359225,-0.0096864505,-0.2138769,0.06788302,0.0037385698,0.014688774,-0.1030968,0.005663488,-0.0112654185,-0.3731311,-0.11293783,-0.034366995,-0.0022597408,0.036051217,0.15050219
-0.025512232,-0.03593186,0.013591305,-0.0032163896,-0.9609721,-0.04350347,0.08864742,0.073843695,0.034279846,0.008180016,0.055624254,0.040775575,0.06786296,0.10608319,-0.16809288,-0.01077907,-0.951857,-0.1590861,-0.397433,-0.01560486,-0.24226157,0.058143772,-0.012400107,0.00037004543,-0.24921079,0.003122917,-0.013660374,-0.58114356,-0.04596211,0.20596656,-0.0012617838,-0.007033588,0.04445175
-0.0021372158,-0.03862394,-0.013039009,0.02289412,-0.123862684,-0.051175945,-0.031933095,-0.16444704,-0.020384481,0.008197821,0.03340999,-0.02460164,-0.0296177,-0.20106007,-0.17713968,-0.12306193,0.45433474,-0.03055928,0.05165232,-0.0078043784,-0.39862397,0.06558265,0.0006038896,-0.0062529524,0.20438215,0.0034303837,-0.04012616,-0.41774434,-0.1062605,-0.0617105,-0.0022597408,-0.009357148,0.24291852
0.0019188437,-0.029768016,-0.011855195,0.033118356,0.06828654,-0.024149088,0.10066267,-0.17331593,-0.011813194,-0.009548129,-0.10473692,-0.017966527,-0.022487067,0.103355095,-0.21790303,0.09823272,0.5006858,-0.032090075,0.056984473,-0.011493196,-0.45281282,0.07691688,0.000547503,-0.008341547,0.25867066,0.0034303837,0.011666397,-0.07465648,-0.15261059,-0.06601313,-0.0074298615,-0.005278258,0.49518955
-0.054736976,-0.019689266,0.006579831,0.04838515,-0.036318976,-0.030824395,0.048557524,-0.16687569,-0.015963169,0.008180016,0.01706359,0.014938429,0.09669877,-0.15180652,0.404682,-0.0026713503,-0.7198949,0.1215768,0.069218025,-0.0015764469,0.2075148,0.05678722,0.0066285143,-0.0020476321,-0.12159313,0.0034260422,-0.014429775,-0.36187485,-0.086496465,0.2187461,0.0023248363,-0.029790394,0.40498617
-0.004964076,-0.021443207,0.00032475818,-0.07858952,0.07127835,-0.021814466,0.1164742,0.05528684,0.0076265046,-0.0030344771,0.032889266,-0.022002585,-0.04080271,0.10066825,-0.15224276,0.08422208,0.5967595,-0.019285867,0.07499325,0.00083503575,0.34223863,0.08624901,-0.0027380586,0.0052240454,-0.21856295,0.003215546,0.01571018,0.0035384665,0.083173424,-0.10707564,-0.0012617838,-0.0061421534,0.7467396
-0.020374106,-0.036959622,-0.0053745727,0.018214189,-0.13099298,-0.046133455,0.018347653,0.050886888,0.00021891436,0.008197821,0.030540997,-0.03177446,-0.09222198,-0.2553774,-0.09504365,-0.1607884,-0.9120295,0.070246786,0.07862977,0.0008276424,-0.26249337,0.08870952,0.0006038896,-0.0054213735,0.28117722,0.0042189034,-0.018133692,-0.25336814,-0.0008263158,-0.15834123,-0.0007203236,-0.009433599,0.14875017
-0.029949127,-0.02409492,0.006579831,0.030817285,0.020269334,-0.031787645,0.074222066,-0.16659084,0.02098987,0.008197821,0.029930657,0.032633614,0.09669877,-0.21965918,0.4634139,-0.09752835,-0.78992313,0.108147934,0.08368993,-0.0010069323,0.22566743,0.06090241,0.00043677428,-0.004477025,-0.13509731,0.0038244186,-0.014429775,-0.20165777,-0.049315114,0.21649933,0.0023248363,0.029455978,0.46250442
-8.8055735e-05,-0.029978361,-0.0063583693,0.023780555,0.12826459,-0.03395264,-0.087054215,0.03985897,0.009173011,-0.0075020734,0.03275439,-0.0321163,-0.03574673,0.09420814,-0.15916799,0.03974144,0.53346115,-0.019453097,0.07399299,-0.00038958143,-0.39693102,-0.71026355,-0.0152652925,-0.0021527575,-0.18342195,-0.02797465,0.011666397,0.24483962,0.06789577,-0.101276346,-0.0012617838,0.0019448125,0.38978344
-0.033228315,0.092913665,-0.0006765464,0.025620785,0.022904182,-0.0045715836,0.12767862,0.05377494,0.027523836,0.0036001834,-0.13429955,0.025358621,0.09446331,0.106862724,0.42314368,-0.098663405,-0.78412145,0.1295255,0.08586419,2.3889006e-05,0.20212866,0.07632991,0.0019544386,0.017060101,-0.14570822,-0.0013970619,-0.009956456,-0.17924619,-0.032353867,0.22380674,0.0012981314,0.028267624,0.6097905
0.0082731955,-0.05159036,0.007163591,0.028119221,-0.037623126,-0.011396663,0.07902971,-0.10912414,-0.019151224,0.0035881295,-0.09434146,-0.02643578,-0.0595735,-0.0912312,-0.22917952,-0.09125945,-1.0017095,-0.1106306,-0.3390208,-0.005048082,-0.24237914,0.062274903,0.009177885,0.029797811,-0.14625126,0.005663488,-0.0112654185,-0.32541865,-0.08715098,-0.122197054,-0.0022597408,0.035158228,0.05491745
-0.023953877,-0.04516088,-0.013541312,0.030776566,0.02630022,-0.01260252,-0.07249826,-0.17131233,0.0077754143,0.007883655,-0.076458655,-0.029538646,0.098121494,0.058667224,-0.19860907,-0.07116229,-0.7626753,0.11956981,0.104177654,-0.013496208,-0.22023815,0.066378884,-0.01277255,-0.006055702,-0.15585417,0.005663488,-0.013660374,-0.3747314,-0.1386497,-0.047124848,-0.0074298615,-0.0053672795,0.13622214
-0.0062637078,-0.023787942,-0.0070805494,0.030656904,0.06837034,-0.03873042,-0.10152541,0.052305155,0.020016884,-0.0062524555,0.04094367,0.035678223,0.03814016,0.1220408,-0.16798401,0.018762391,0.4892637,-0.03562741,0.06480769,-0.018240213,-0.4341138,0.09341149,-0.0028095834,-0.0021527575,0.23930848,0.00094670174,0.011666397,0.18925527,0.12529762,0.1364071,-0.0012617838,-0.0024178498,0.7368348
0.0005250152,-0.025942547,-0.013039009,0.021460965,0.17256422,-0.033651344,-0.10576111,0.058497395,-0.033035927,0.022882042,0.037603244,-0.02647667,0.025038457,-0.31490964,0.026411263,0.039743178,0.609216,-0.03472114,0.06414831,0.0029686424,0.24815458,0.091683246,-0.00023072094,0.00054657937,0.1626,0.0033376608,0.021357514,0.2118345,-0.062378787,-0.017683975,0.0007410736,-0.0027384686,0.77752405
0.02040331,-0.020078206,-0.004964427,0.028304705,-0.020502841,-0.007958091,0.13332678,0.05577492,0.025643047,-0.009548129,-0.15368837,0.034932833,0.026145756,0.12797551,0.25497803,-0.1248072,0.45471808,-0.041416142,0.058033083,0.0027895225,0.2940393,0.07802841,0.0018473383,-0.0030434774,0.23372807,0.0040034223,-0.020766744,-0.33043382,-0.016829818,0.1460819,0.0012981314,0.0011504085,0.79079366
-0.0032018088,-0.029633377,0.0067144283,-0.078271665,-0.06865871,-0.035583753,0.0938632,0.038690813,0.009680784,-0.0042767343,0.037888136,-0.021208422,-0.04377888,0.09993867,-0.09804054,0.09914515,0.44757754,-0.021079736,0.050721493,-0.0010852423,-0.40815628,-0.660999,-0.0041400287,-0.0023866321,0.22730741,0.00418307,-0.03565284,-0.41736883,0.057136297,-0.08897734,-0.0012617838,-0.0018315248,0.32034302
-0.012019326,0.10983989,0.016196208,0.040966153,-0.056534953,-0.016213354,-0.12144473,0.049224794,-0.023592407,0.007883655,-0.12065743,0.01960812,-0.07757026,0.079299934,0.06763686,-0.13935608,-0.9409156,0.07897262,0.06839153,-0.006120153,0.16170911,0.08203466,0.0029019504,0.0006754007,0.23331152,0.0006839002,-0.009956456,-0.310985,-0.13349473,-0.070600785,0.0012981314,-0.002040268,0.28489336
-0.00031783234,-0.030086292,-0.0070805494,0.02455048,0.112722084,-0.034176964,-0.084083386,0.03158626,0.01679069,-0.0075020734,0.03159403,-0.03177446,-0.0314005,-0.23655733,-0.14084868,0.019512698,0.5457627,-0.021306261,0.056017477,-0.00401444,-0.37913015,-0.72370744,-0.023101352,-0.00251579,0.18881568,0.00418307,0.01731373,0.18673882,0.042728547,-0.09819432,-0.0007203236,0.007728147,0.38463438
-0.004202394,0.09271999,-0.0053745727,0.030298552,0.10855831,-0.028951274,0.124667324,0.055070754,0.017895097,0.01855528,0.03515998,0.035779994,-0.03091934,0.11096013,0.06275926,0.07741564,0.6132392,-0.017679824,0.062010013,0.0017788117,0.29824552,0.09182578,0.0003273443,-0.0039687646,0.26187363,-0.0021240562,0.01571018,0.16483061,-0.00022431207,-0.02838026,0.0012981314,-0.0004057106,0.9054496
-0.012500125,-0.027003173,0.014616449,-0.027861197,-0.95606446,-0.043003723,-0.05209199,0.032892782,0.008521009,-0.0030344771,0.03788778,-0.03483177,-0.07342348,0.07701776,-0.304044,-0.20336473,-0.99502075,-0.07953842,-0.3698071,-0.0010852423,-0.21222703,-0.4251941,-0.0031391634,-0.00681409,-0.22128761,0.003965047,-0.013660374,-0.48051444,0.11228789,-0.20371526,-0.0012617838,0.019270433,0.012824661
0.001068701,0.13946772,-0.0070805494,0.020701047,-0.10805561,-0.031280667,-0.108530805,-0.1882724,0.017392425,-0.009686171,0.036316756,-0.029606892,0.030087102,-0.1804515,-0.026082791,-0.2703793,0.5079091,-0.02851772,0.051009968,-0.002022955,0.23767585,0.06650634,0.0024070828,-0.002044691,0.20407219,0.0015825074,-0.025240064,-0.340928,-0.033483375,-0.025715694,-0.0022597408,-0.003279368,0.49845725
-0.0046856552,-0.033820648,0.013591305,-0.103098445,-0.16083927,-0.032733954,0.045502324,0.04087747,0.009064881,-0.0042767343,0.042572152,-0.037221696,-0.07957355,0.08264769,-0.22569343,-0.18858154,-0.9627566,-0.07804443,-0.34118053,-0.0008342548,-0.22880906,-0.44133145,0.0043725106,0.0002384116,-0.16832696,-0.026851054,-0.013660374,-0.21713313,0.075610675,-0.1449119,-0.0012617838,-0.0016051463,0.043847345
-0.00046365394,-0.035799384,0.011136051,-0.094858885,-0.058535673,-0.014081106,-0.078609206,-0.1311854,0.008131951,0.00790146,-0.12458212,-0.01406815,0.05456442,-0.10018362,-0.30562457,-0.2962969,-0.9736117,-0.14806181,-0.37854096,-0.013850616,-0.22770491,0.058784693,-0.008412966,-0.003199975,-0.16045879,0.0034904545,-0.018133692,-0.47314474,-0.10727161,-0.042852312,-0.0022597408,-0.010291629,0.027185105
0.011982198,-0.026611222,-0.020847112,0.05183938,0.008031302,0.20555386,-0.08349097,0.05349702,0.015278526,0.015283003,0.049167063,0.035678223,-0.08951305,0.10656683,-0.07779133,0.01163762,-0.97515404,0.08237185,0.08803768,0.0049949214,-0.22816843,0.09827754,0.0003273443,0.0009014852,0.2903201,0.0016783319,0.0061021405,-0.013173142,0.006914307,-0.05645433,-0.0012617838,0.0003484998,0.41894016
0.0040561575,-0.03117217,0.009284249,0.027499406,-0.064454995,-0.047425102,-0.088879265,0.03548199,0.006427318,-0.0042767343,0.03576579,-0.0321163,-0.06707838,0.08147674,-0.2547472,-0.033384033,-1.0001557,-0.07790889,-0.36715055,-0.0008342548,-0.2570798,-0.4896041,-0.014776169,-0.0017554217,-0.16167115,-0.02797465,-0.013660374,-0.28364533,0.09072266,-0.1522323,-0.0012617838,0.002177061,0.04394815
0.090019,-0.008678123,0.011804362,-0.15048157,-0.018906742,-0.020200925,0.07012951,-0.20983253,-0.040923454,0.008180016,-0.007034476,0.026027376,0.074995376,0.074409306,0.20303023,0.013320801,-0.7358461,0.124092266,0.0669155,-0.004043718,0.20732757,0.058926307,-0.0010378641,-0.005315128,0.17555396,0.003605046,-0.009956456,-0.32083046,-0.1688605,0.21988904,0.0076438896,-0.022880955,0.45303655
0.028783157,-0.022943981,0.0074122665,-0.09197266,-0.085387014,-0.0007266501,0.13402364,0.058323894,0.030054973,-0.00943917,-0.12682441,0.023803338,0.07223598,0.124283575,0.19928136,-0.06589494,-0.8457313,0.15328316,0.087265395,-0.004043718,0.21851635,0.07732058,0.0030505843,-0.00043217698,0.2310536,0.003605046,-0.009956456,-0.32066578,-0.005249449,0.22685534,0.0012981314,1.3467332e-05,0.54779035
0.05780993,-0.009837198,0.0103850635,0.028000275,-1.1410377,-0.02414432,0.08239369,-0.20125058,-0.028999725,-0.069180794,-0.11192479,-0.037109006,0.048121054,0.08347113,0.1780751,-0.1934274,-1.0835724,-0.13001987,-0.38534012,0.0022200078,0.18358025,0.058688533,-0.0066993046,-0.007170121,-0.2025662,0.005966613,-0.009956456,-0.10159258,-0.10087824,-0.06399506,0.0076438896,0.009501094,0.0451185
-0.027339315,-0.03758307,0.0011610345,-0.09618446,-0.4032538,-0.017246317,-0.08623236,-0.13951436,-0.03974397,0.0035703243,-0.13888055,0.020433273,0.054766964,-0.09659566,-0.15058526,-0.049118508,-0.9681143,-0.18569885,-0.3677166,-0.011795103,-0.2612634,0.048595436,0.0032153805,0.0051493784,-0.1322725,0.003122917,-0.0112654185,-0.5194956,-0.17391106,0.14883983,-0.0022597408,0.0061810827,0.028734988
-0.02620282,0.20703635,-0.007924927,0.021310473,-0.032187674,-0.022026317,-0.027042443,0.047670398,0.0017460226,0.00790146,-0.1322466,0.022109533,0.100382745,-0.16459866,-0.1667425,0.039887726,-0.73471373,0.16521801,0.105890594,-0.004711291,-0.22466967,0.07123614,-0.005026783,-0.0021845242,-0.13167185,-0.003364004,-0.018133692,-0.18032922,-0.058015097,0.19893923,-0.0007203236,-0.007875235,0.2972331
0.01446689,-0.033481613,0.009207246,-0.08112541,0.029710226,-0.039081424,-0.024913693,-0.18481903,-0.0037728206,0.008197821,0.02629531,-0.014176622,-0.11227485,0.05443727,-0.1817601,0.07998231,-0.89251745,0.10822946,0.09309722,-0.0008328166,-0.25488305,0.07404864,-0.009096987,-0.003591858,-0.17177042,0.0034078744,-0.013660374,-0.2539348,-0.10586053,-0.15475877,-0.0074298615,-0.0057866364,0.12478281
-0.0037259506,-0.032034405,-0.0046523926,0.023669645,0.03917304,-0.033784144,0.10367431,0.06073609,0.013315845,-0.0031214077,0.038557004,-0.0321163,0.045911536,0.1006931,-0.18309201,0.09239515,0.4714065,-0.026896276,0.07442,-0.019146087,-0.47197312,0.09298121,-0.0028095834,-0.0044504856,-0.2335407,-0.025986644,0.011666397,-9.65721e-05,0.097854994,-0.008763054,-0.0012617838,-0.002652799,0.56878644
0.0061531533,-0.03223538,-0.0063583693,0.027671924,-0.047403242,-0.03395264,-0.09264294,0.03711357,0.0071864147,-0.0055263527,0.02994408,-0.0321163,-0.03936114,0.09530378,-0.59084857,0.01224886,0.4666486,-0.018803554,0.06474758,-0.00038958143,-0.41267255,-0.62276185,-0.011700188,-0.0021527575,-0.2130897,-0.02797465,-0.00022914249,-0.1985896,0.0678946,-0.11694546,-0.0012617838,0.0019448125,0.16943912
-0.006769318,0.12458925,0.010764749,0.033966705,-0.06718626,-0.013596562,-0.116485514,0.04346529,0.014920389,0.0036001834,-0.15183942,0.02342685,-0.054474756,-0.16050889,-0.22644904,-0.122880936,-1.1362002,-0.0934459,-0.38706475,-0.007731553,0.16188431,0.06889325,0.0035899358,-0.00737328,-0.16765599,-0.0021912865,-0.014429775,-0.46303946,-0.05374379,-0.06749301,-0.0007203236,-0.0029188816,0.060965266
0.0056716697,-0.03636905,-0.005466596,0.027548585,0.03015498,-0.036439527,-0.07657911,-0.15480113,0.007651054,-0.0034412642,0.0313328,-0.027696684,-0.031255,-0.17161515,-0.048276026,0.0325107,0.4959005,-0.02036236,0.070081584,0.0005428703,-0.4633369,0.077675514,-0.0001591963,0.027400566,-0.2091715,0.0040398994,0.01731373,-0.04614807,-0.020858178,-0.09532978,-0.0022597408,0.0009580981,0.37279785
0.0028199605,-0.03835749,-0.010033974,-0.1433283,-0.094906524,0.1691945,-0.025512068,0.052942615,-0.022968153,0.010981727,0.090359814,-0.014749694,0.04920519,-0.16132045,-0.08898319,-0.07059666,0.43555596,-0.035355154,0.06735599,-0.0020753643,-0.3923415,0.075791225,0.0022298433,-0.011156972,-0.17076094,0.004157375,-0.04012616,-0.38461074,-0.045562062,-0.014958378,-0.0007203236,-0.00789601,0.32845625
0.0038951691,-0.027994433,-0.00056446047,0.017274205,-0.08162783,-0.0057708574,0.06272775,0.051038135,-0.0046325214,-0.0044585485,-0.110020705,-0.025860408,-0.10964741,-0.2151841,-0.06417125,0.043657415,-1.0835718,0.07689374,0.08764122,-0.00827463,0.22432071,0.08593037,0.00078112923,0.016231801,-0.1617182,0.003315151,-0.014429775,-0.18158025,-0.034526553,-0.18790044,-0.0007203236,-0.007496506,0.17423663
0.08378453,-0.0119352285,0.0047196867,0.044655673,-0.11729277,-0.010232603,-0.057810564,-0.124511436,-0.039325282,0.0035703243,-0.081292905,0.032321587,0.048644993,-0.10368059,0.51481783,-0.17220415,-0.9307243,-0.13939156,-0.25707,-0.0007016416,0.2382257,0.052098285,-0.0017445633,0.014940134,-0.090941176,0.0034260422,-0.0075615,-0.1316921,-0.15536457,0.1517642,0.0023248363,0.03612998,0.24945857
-0.02661585,0.13327175,0.0067144283,-0.10786918,-0.2103323,-0.03207562,0.09581094,0.06396549,0.019443488,0.008197821,0.039058592,0.04651405,-0.09222198,0.094334446,-0.21496208,-0.193553,-0.86801904,0.08503329,0.078834884,-0.008521048,-0.17745163,0.08159387,0.004296635,0.00037004543,0.3126892,4.225268e-05,-0.013660374,-0.57657254,-0.012247108,-0.06756889,-0.0012617838,-0.0045823525,0.19204247
-0.014770995,-0.028944654,0.007454513,-0.109317996,-1.0105124,-0.044255156,0.0286739,0.063332476,0.00744312,-0.09186047,0.040324528,-0.030704236,-0.07957355,-0.17718178,-0.19790068,-0.2995203,-0.9897208,-0.07902787,-0.3542359,-0.0071152085,-0.20826869,-0.41172937,0.0012592372,0.0019015484,-0.21658261,0.003965047,-0.018133692,-0.27816504,0.011851307,-0.20685536,-0.0007203236,0.016675362,0.010234879
-0.04126761,-0.016575038,0.009905084,-0.17437455,-0.094014004,-0.0053209797,-0.08277596,0.049445495,-0.042613108,0.007883655,-0.12567498,0.011717632,0.036462013,0.07403056,0.33223575,-0.08032012,0.40598115,-0.041585654,0.049598012,0.0026554517,0.2837335,0.06847205,0.0022689302,0.0001417175,-0.1510076,0.0034260422,-0.020766744,-0.5628139,-0.16450894,0.11695107,0.0012981314,0.017353704,0.4926234
-0.0010639786,0.13171019,-0.0070805494,0.031182634,0.07706857,-0.03655155,-0.088452205,-0.16258845,0.012022723,-0.01678163,0.03270692,-0.02761542,-0.022394463,0.09454731,-0.041810192,0.033710126,0.5273814,-0.0186019,0.055709727,0.0031740977,-0.42569703,0.08536465,0.000547503,-0.0077182963,0.27179354,0.002205351,0.011666397,0.06756791,0.0016576246,-0.09160238,-0.0074298615,-0.0018555033,0.6418319
-0.0027755625,-0.020650404,0.008966903,-0.07351854,-0.0593401,-0.025816029,-0.08241175,0.059540816,0.0127518,-0.0042767343,0.04525686,-0.022437278,0.044259556,0.108845,0.007698654,0.0112227015,0.5115497,-0.024481073,0.061237425,0.0027045838,0.29686344,0.081413284,-0.0004773844,-0.001205703,0.22914596,0.00443602,-0.020766744,-0.3347002,0.15219106,-0.014784232,-0.0012617838,0.00038052566,0.7407963
-0.0044321707,-0.028330011,-0.0053745727,0.020934962,0.053383734,-0.026785083,0.06985482,0.05071511,0.0119826505,-0.0042767343,0.034300324,-0.033003315,-0.036456477,-0.28478673,-0.1681258,0.08283526,0.5576744,-0.016433913,0.05843288,-0.0021033916,0.2764091,0.08147504,-0.0034850666,-0.0057526394,0.23600635,0.00339455,-0.016539186,-0.13060993,0.08256585,-0.100294255,-0.0007203236,-0.00052428356,0.7010874
-0.0019321012,-0.019274306,-0.0067134937,-0.055783182,0.119792104,-0.024206672,-0.10673904,0.049961023,0.012502225,-0.0062524555,0.0329707,-0.022437278,-0.032842066,0.12003439,-0.13610773,0.043335844,0.61555845,-0.017349498,0.06257292,0.0012704796,0.30408928,0.091408856,-0.0027380586,-0.0021527575,0.23044826,0.00339455,0.01571018,0.3074364,0.08962303,-0.09109215,-0.0012617838,0.0014002784,0.842265
-0.0037259506,-0.025253274,-0.0053745727,0.016630178,0.15851279,-0.03589286,0.10833355,0.06812251,-0.027783265,-0.01678163,0.03911327,-0.02713131,0.026220407,0.1333947,-0.21141294,0.06277918,0.51634485,-0.030384114,0.06434288,-0.018240213,-0.42418152,0.094304554,0.00047597828,-0.006173845,0.24085043,0.0034303837,0.011666397,0.23666471,-0.03298027,-0.018778736,-0.0012617838,-0.003481394,0.7296602
-0.014007161,-0.028944654,0.007454513,-0.101413056,-0.46044925,-0.03498368,0.036785226,0.03442191,0.00744312,-0.0030344771,0.039305884,-0.032802075,-0.07957355,-0.17719622,-0.30558828,-0.32308322,-0.9822413,-0.07902787,-0.33700365,-0.0071152085,-0.22828461,-0.41336572,0.0012592372,0.0019015484,-0.16437845,0.003965047,-0.018133692,-0.39252707,0.09600776,-0.19881663,-0.0007203236,0.01690186,0.01734942
0.0006461119,-0.0267719,0.028753344,-0.18361287,0.09894559,0.12768413,-0.079634376,-0.15556088,0.0120407725,-0.017523231,-0.14629754,-0.017178709,-0.017972767,0.09142996,-0.062740624,0.05106743,0.52699894,-0.028135005,0.05692089,-0.0031557914,-0.43268737,0.08281991,0.000547503,-0.0028934097,0.27339703,0.0042189034,0.011666397,0.10523574,-0.0273274,-0.08317912,-0.0074298615,-0.0007571204,0.5695622
0.014654069,0.086929426,-0.010922886,0.037338153,0.0361552,-0.015393375,0.084233634,0.04524156,-0.03200941,0.0018448075,-0.10108509,0.0154322935,0.024090191,0.10906084,0.16460067,0.11473883,0.49810714,-0.042318642,0.0529149,0.0013433679,0.31656396,0.080750085,-0.0017890426,-0.00504865,0.17518677,-0.0020780188,0.01571018,0.10296711,-0.17641026,0.1100354,0.0012981314,-0.023229202,0.85563046
0.010521188,-0.036999013,-0.005108491,0.049173884,-0.05290234,0.08744585,-0.018984212,-0.11434681,-0.019223714,0.005476623,-0.25769544,0.019085083,0.055088356,-0.090823375,-0.2529147,-0.10965714,-0.9463677,-0.18714198,-0.3943035,-0.013149833,-0.24320813,0.05792508,0.0036103292,-0.00058215146,-0.13173017,0.00094988314,-0.0112654185,-0.34113204,-0.10551876,0.12349477,-0.0022597408,0.027037874,0.057597395
0.002343807,-0.038275916,0.004316771,0.009124455,-0.06614341,-0.024439145,-0.02515796,-0.13592133,-0.008238889,0.007889406,-0.118855365,-0.017458731,-0.059180945,-0.08385141,-0.2481188,-0.07053132,-1.0060648,-0.10214903,-0.3558062,-0.0078043784,-0.24655329,0.06528863,-0.0047374023,-0.0035973107,-0.14043063,0.0034904545,-0.0112654185,-0.116423935,-0.07526452,-0.05759114,-0.0022597408,-0.009752719,0.055051077
-0.013653995,-0.042326763,-0.0063583693,0.024625935,-0.027952401,-0.033611998,-0.081453525,0.032762263,-0.0017959531,-0.0055263527,0.022238353,-0.030086609,-0.1086613,-0.2650475,-1.0650431,0.03173123,-0.92995924,0.061731324,0.090250514,-0.010462622,-0.23629497,-0.5292262,-0.019536247,4.705717e-05,-0.13418974,-0.028016057,0.0054523656,-0.032426085,0.057679217,-0.2092725,-0.0007203236,0.0067788423,0.03299739
0.00034423638,-0.020790726,-0.0070805494,0.022061212,0.17007326,-0.030329196,-0.11697439,0.06580284,0.024816126,-0.0075020734,0.03850442,-0.031389926,0.036375508,0.13292885,-0.014188423,0.024007127,0.60744905,-0.024863878,0.06620545,0.0027138134,0.23893696,0.105846874,-0.0028095834,0.0007779781,0.20741335,0.00339455,0.01571018,0.31007007,0.12558794,-0.008650901,-0.0012617838,0.0009700171,0.8843923
0.00693259,-0.02620209,0.0023718437,0.028732864,-0.14956447,-0.008159207,0.12607516,0.055395428,-0.042187862,-0.00434959,-0.14362621,-0.021363454,0.036985952,0.09945451,0.082965665,-0.107109234,0.46760628,-0.035793368,0.06306175,0.0022200078,0.293981,0.0743683,0.0030505843,-0.000988123,-0.18385066,0.005966613,-0.020766744,-0.19494419,-0.045526065,-0.04080888,0.0012981314,-0.005627339,0.60351914
0.003242372,-0.026940629,0.012014927,0.021217065,-0.014402367,-0.03956857,0.07962869,0.05350902,-0.021075012,0.008197821,0.038272426,-0.02647667,-0.03474899,-0.2845298,0.0058282036,-0.12996837,0.55610937,-0.026865616,0.05834409,-0.0020109045,0.2993115,0.07560457,0.0006038896,-0.00042678427,0.2415608,0.0033376608,-0.016539186,-0.27468997,-0.039877757,-0.08850247,-0.0007203236,-0.0026930028,0.6288524
0.00034423638,0.09757276,-0.0070805494,0.02708168,0.10258658,-0.031375453,-0.10835279,0.05854346,0.0120164,-0.0062524555,0.03275654,-0.027993502,-0.036456477,0.101497635,-0.18208842,0.024463885,0.6124163,-0.02130222,0.062565364,-0.0010557922,0.30131665,0.091408856,-0.0027380586,0.00042789127,0.24947321,0.00047340413,0.01571018,0.14631283,0.08502165,-0.098142706,-0.0012617838,0.0018560058,0.83205986
-0.09506757,0.05797702,0.009529037,-0.11808042,-0.18762875,-0.0038113815,0.1046677,0.056181774,0.03598422,0.007883655,-0.12707372,0.03298639,0.09393937,0.09741672,0.36551133,-0.29964328,-0.75601137,0.11541727,0.07966215,-0.006120153,0.15509929,0.066548824,-0.0070717474,0.0001864488,-0.13474374,-0.0017954379,-0.009956456,-0.4179838,-0.034731876,0.24926496,0.0012981314,0.021654246,0.36633766
3.2454263e-06,-0.023548419,-0.0067134937,-0.07353523,0.15571077,-0.029759321,-0.09084821,0.06699474,0.025301952,-0.0075020734,0.03920234,-0.021208422,0.036375508,0.12860171,0.08595402,0.049776487,0.55741,-0.0317664,0.065526,-0.010337498,-0.34920022,0.11075889,-0.0028095834,0.00042789127,0.21924342,0.0042757927,0.011666397,0.40913627,0.12499068,-0.00821054,-0.0012617838,-0.0014871547,0.8225497
-0.004915432,-0.028247977,0.007031774,0.029870998,-0.23366924,-0.043691423,0.030381745,0.039492287,0.0069572944,-0.0042767343,0.040726494,-0.041754723,-0.079181,-0.15831675,-0.32133922,-0.2043562,-0.9886955,-0.07751173,-0.3295818,-0.0071152085,-0.22758974,-0.40124914,0.013467894,-0.001063742,-0.15760939,0.003965047,-0.018133692,-0.52492285,0.06345202,-0.17522047,-0.0007203236,-0.00026800128,0.024279712
0.00034423638,-0.026695842,-0.007924927,0.02390633,0.21168754,-0.022901285,-0.10925099,0.058282316,0.020303568,0.022585683,-0.1273568,0.03952293,-0.018985577,0.12409957,0.055824455,0.07145108,0.6233426,-0.026231011,0.081431724,0.0034851832,0.27189085,0.09978809,0.0003273443,0.00090961193,-0.17828016,-0.013210192,0.01571018,0.36708283,-0.041619323,-0.029604152,-0.0012617838,-0.0011803431,0.83033806
0.011788128,-0.023113173,0.0111589,-0.06781037,-0.091404304,-0.022082102,0.1303587,0.061887983,-0.025395697,0.008197821,0.03356551,0.024009941,-0.085721545,0.113277525,0.115996234,-0.08769266,-0.9594349,0.07567851,0.068493254,-0.004043718,0.21651313,0.08931909,0.002965148,0.0014228161,0.2558049,0.003605046,-0.009956456,-0.21793087,-0.041245814,-0.07767258,0.0012981314,-0.0025815126,0.40367055
-0.0021618777,-0.027377762,-0.0059913136,-0.077657074,0.032124344,-0.026808292,-0.092286065,0.047726158,0.009870323,-0.0042767343,0.031667873,-0.019972892,-0.040410154,-0.19418603,-0.18419527,0.04905906,0.56839776,-0.022811025,0.072029516,-0.0021033916,0.28993914,0.07853732,0.029862212,-0.00251579,-0.18406956,0.003215546,-0.016539186,-0.1740988,0.08701346,-0.09883843,-0.0007203236,0.0071836137,0.55728644
0.0060164174,-0.030197546,-0.0050995406,-0.087001145,-0.048309006,-0.034603603,-0.081864074,0.029662156,0.005102005,-0.0030344771,0.029971913,-0.02077373,-0.115750596,0.07741379,-0.37130606,-0.05404162,-0.8948023,0.07054029,0.08921536,-0.0023954913,-0.25647548,-0.534809,-0.009513586,0.007468336,-0.136546,0.0040040654,-0.013660374,-0.29879963,0.06903103,-0.18484877,-0.0012617838,-0.00023409585,0.06318896
-0.025462799,0.094767034,-0.010400724,0.03295255,-0.12073383,-0.026050767,0.116577744,0.061658546,-0.046247225,0.008180016,0.047441598,0.027541617,0.037183046,0.11415323,0.25797337,-0.06560167,0.4340075,-0.032149963,0.040365234,-0.004809904,0.25136542,0.07683578,0.0018473383,-0.004302816,0.20477247,0.0006839002,-0.020766744,-0.3558838,-0.056870732,0.12770471,0.0012981314,0.015106175,0.78307647
0.00021453446,-0.025610961,-0.0046523926,0.034665633,-0.044201914,-0.0387846,0.050033633,0.042585414,0.008579055,-0.0042767343,0.04642272,-0.029726375,-0.079181,0.07702048,-0.31037927,-0.19145012,-0.9575091,-0.0774323,-0.35325506,-0.0015206861,-0.2466447,-0.4198786,-0.0006487112,-0.0011227578,-0.16980761,0.003965047,-0.013660374,-0.49507564,0.09131365,-0.17377633,-0.0012617838,-0.0012773129,0.039704204
0.0031059003,-0.025260853,-0.0022399088,0.019286077,-0.14063752,-0.008821902,0.12941763,-0.18404877,0.025423462,-0.009548129,-0.13118036,-0.02482791,0.02388451,0.10284019,0.12275076,-0.13315183,0.4755795,-0.032294482,0.053372934,0.0022200078,0.27922425,0.06682251,0.0018473383,-0.0039793863,0.22587402,0.006145617,-0.020766744,-0.33730844,-0.062280085,-0.036067106,0.0076438896,-0.0021745595,0.62043643
0.0005250152,-0.037704162,-0.0063583693,0.019988663,0.16971046,-0.030859364,-0.08237824,0.056264795,0.011960703,-0.0075020734,0.032499187,-0.031315465,-0.035866156,-0.24524485,-0.13695553,0.062915206,0.6416469,-0.019825824,0.0787178,-0.002287848,0.24704197,0.100830786,-0.005328142,6.48587e-05,-0.13335103,-0.024922505,0.021357514,0.32324117,0.07034147,-0.09477802,-0.0007203236,0.0076393397,0.7407555
-0.016275393,-0.028944654,0.013591305,-0.023443956,-1.00145,-0.043217834,0.022730904,0.04186715,0.00744312,-0.0042767343,0.03868817,-0.030704236,-0.079181,-0.17161047,-0.2558225,-0.30072856,-0.9959572,-0.07902787,-0.3542359,-0.0071152085,-0.20826869,-0.39775056,0.013840335,-0.001063742,-0.21231017,0.003965047,-0.018133692,-0.49088678,0.114440024,-0.21663794,-0.0007203236,0.01744924,0.010321019
0.023013152,-0.041186824,0.010063273,0.023809183,-0.08011399,-0.044371083,-0.05915861,-0.17519277,0.0008162593,0.008197821,0.030402161,0.024112046,0.10314214,-0.12586105,-0.09562415,-0.16207382,-0.71501267,0.19652359,0.10576008,-0.0030692965,-0.2641732,0.06275482,-0.005026783,-0.00602933,-0.13196878,0.00094988314,-0.018133692,-0.24295633,-0.10013206,0.20065667,-0.0022597408,0.036743384,0.2067138
-0.010607073,-0.028434044,0.0027467844,-0.08812807,0.0028431052,-0.010454303,0.04037736,-0.15963489,0.0040765763,0.0036001834,-0.120306544,-0.014141252,-0.0595735,0.062504865,-0.2998484,-0.04780223,-1.0083072,-0.103040606,-0.38629377,-0.010913353,-0.25864956,0.07115846,0.0013105889,0.010466344,-0.19785786,0.0034078744,-0.013660374,-0.19679905,-0.112875134,-0.111597314,-0.0074298615,-0.009602812,0.049598925
-0.023526357,-0.030012937,-0.0046523926,0.024035424,-0.2844792,-0.026308743,0.09311346,0.060752586,0.019963006,0.008180016,0.045820203,-0.045373503,0.048023243,-0.19231893,-0.118997246,-0.18344879,0.50570756,-0.022498276,0.061100762,-1.5210244e-05,0.26357368,0.0696454,0.0037385698,-0.0026458746,-0.17368,-0.08888115,-0.025240064,-0.6537124,-0.03055361,-0.029181441,-0.0007203236,-0.002116613,0.3465681
0.0001623208,-0.039167877,-0.0063583693,0.029772008,-0.042062357,-0.043497182,-0.082450695,0.03141365,0.021465981,-0.0042767343,0.033291608,-0.0370847,-0.073228456,-0.14836983,-0.24410434,0.116075784,-0.9991008,-0.07785818,-0.34888327,-0.0068642218,-0.22721751,-0.42425504,-0.0061477185,-9.037834e-05,-0.1277096,-0.026851054,-0.018133692,0.09119557,0.065377966,-0.14383766,-0.0007203236,0.00860775,0.06721006
0.00527999,0.167085,0.008056919,0.022238107,0.14714988,-0.04010917,-0.07611126,0.0454216,-0.019167224,-0.011692051,0.036915984,-0.022121271,-0.028257573,-0.21504147,-0.04436613,0.071418084,0.5616683,-0.026339062,0.07650935,0.0064380723,-0.36182547,0.10444721,-0.0001591963,0.01442326,-0.17550448,-0.00027398748,0.01731373,0.25824606,-0.022264194,-0.056462023,-0.0007203236,0.0014993269,0.6327997
-0.008873376,-0.042714193,-0.006254524,-0.10439879,-0.19993038,-0.007880026,-0.09495881,-0.11467205,-0.02929105,0.0035881295,-0.13196674,0.022716314,-0.0595735,-0.06693503,-0.19344108,-0.10550095,-1.0023986,-0.12004229,-0.35225505,-0.011795103,-0.21874502,0.062377878,0.0035899358,0.014688774,-0.1429025,0.003122917,-0.0112654185,-0.46692893,-0.12845635,-0.019478872,-0.0022597408,0.025511472,0.032084472
-0.004202394,0.09211485,-0.0053745727,0.018278297,0.19144231,-0.024653638,0.124667324,0.06938332,0.018145831,-0.0075020734,0.038439076,-0.027993502,0.036375508,0.11685384,0.022822082,0.06930988,0.6010316,-0.021266242,0.06520452,0.0017788117,0.27322102,0.09614769,-0.0028095834,-0.0041003986,0.22356974,0.00047340413,0.01571018,0.2757087,0.1258314,-0.0015409472,-0.0012617838,0.00042288407,0.92249775
0.046942443,-0.007850657,-0.010922886,0.028858265,-0.24628669,-0.0060457727,0.09337028,-0.14980769,-0.012167273,-0.00943917,-0.08754804,-0.048707753,0.06997473,-0.1960352,0.2365258,-0.2282391,-0.8350237,0.12875773,0.088984974,-0.006965367,0.19386265,0.066153355,0.002472126,-0.0098562045,0.1524769,0.006145617,-0.014429775,-0.21353807,-0.098151244,-0.07040551,0.0023248363,0.015840756,0.26538214
-0.03164202,-0.014785256,-0.0113330325,0.036494404,-0.3105218,-0.026275354,0.0992177,-0.18436015,-0.016368615,0.008180016,0.027651884,-0.053283896,-0.080590256,0.08482142,-0.09822792,-0.121399544,-0.99445945,0.03908679,0.06612862,-0.00053357484,0.18134795,0.069176,0.009884584,-0.0050970726,0.28462902,0.0057497686,-0.009956456,-0.5288421,-0.11795922,-0.18511027,0.0076438896,-0.0025152874,0.14520702
0.0486075,-0.013680758,-0.0020977138,0.038095124,0.0038633961,-0.002691446,0.119934306,0.05101396,-0.032439634,0.003582378,-0.10506022,0.036244236,-0.054474756,0.08859804,0.18570709,-0.1711756,-1.0567907,-0.09958821,-0.36173722,0.0022200078,0.21894,0.07194721,0.0030301912,0.01772881,-0.17054793,0.0034260422,-0.009956456,-0.31029087,-0.12995467,-0.057883598,0.0012981314,0.024339326,0.17375523
-0.024416322,-0.017210105,-0.012628863,0.036925897,0.16968122,-0.021009855,-0.10195139,0.05030175,-0.027435219,0.01825892,-0.12863407,0.023787918,0.06611659,0.12095694,0.44942912,0.052330084,-0.98177385,0.15388322,0.08397243,0.0023593907,0.20524961,0.084431954,-0.00079046574,-0.0031108917,0.15490313,0.0008431269,0.0071083046,0.27892503,-0.12655641,0.19553716,0.0012981314,0.02583734,0.6978689
-0.022854488,-0.032123405,0.033738986,0.04999578,-0.059408907,0.1109193,-0.015484896,0.052713808,-0.010567387,-0.005338193,-0.24916217,0.021738447,0.100906685,0.08728028,-0.10141071,0.037854724,-0.7184458,0.1806187,0.10794801,-0.009028351,-0.25165847,0.07525347,0.0043170284,-0.026647741,-0.15636909,0.0008282846,-0.013660374,-0.38606662,-0.03335257,0.20573671,-0.0012617838,0.013419726,0.28720024
0.022907553,-0.03567333,0.0013106719,0.030032212,-0.12105596,-0.009782625,0.09726558,-0.17869285,-0.012775128,0.0035881295,-0.08311384,0.018831912,-0.108245715,0.040920217,-0.0960903,-0.13882026,-0.8634775,0.12996891,0.08983844,-0.006879053,-0.24785887,0.076358244,0.0041683945,0.01979607,-0.14329185,0.003122917,-0.0126637,-0.31219465,-0.19960071,-0.04994764,-0.0074298615,0.02345062,0.12287489
0.0021745898,-0.034431018,-0.021169327,0.041487187,-0.044774022,0.23713851,-0.07016612,-0.1936282,-0.013692482,-0.01298639,0.06759334,-0.023199731,0.036530923,0.0823815,-0.061331354,0.0911844,0.43701613,-0.029580416,0.071320385,-0.0051843384,-0.40288022,0.064561516,-0.0040428946,-0.0047956873,-0.2090346,0.0040398994,-0.03565284,-0.3780226,-0.040642813,-0.02434043,-0.0074298615,-0.001945704,0.4054151
-0.0014556585,-0.026442917,-0.0070805494,0.029457478,0.05009532,-0.034362487,-0.095589645,0.05137743,0.0120164,-0.0075020734,0.03788397,-0.03016107,-0.035134334,0.10552778,-0.06945664,0.010665935,0.5224612,-0.016948877,0.05739244,-0.0038565737,-0.42695892,0.09618018,-0.0027380586,-0.0021527575,0.27061936,0.0042757927,0.011666397,0.061528433,0.08215145,-0.10678722,-0.0012617838,0.002982942,0.6545146
-0.0240396,-0.029446568,-0.0022399088,0.029335365,-0.11171809,-0.0064894496,0.09798339,0.047436498,-0.012167273,-0.00943917,-0.13600904,-0.023411538,0.07223598,-0.23767388,0.03998248,-0.07275016,-0.88443774,0.11922251,0.08976503,-0.0015764469,0.19473888,0.0756603,0.002472126,-0.0042706383,0.18214227,0.006145617,-0.014429775,-0.41254684,-0.0681756,-0.07150081,0.0007410736,-0.0036724792,0.25586298
-0.0011612928,-0.038136277,0.009284249,0.026904676,-0.042684343,-0.048653822,-0.06578406,0.02928752,0.009384499,-0.0042767343,0.034643903,-0.027696684,-0.0403318,-0.15307799,-0.08840312,-0.008353379,0.45659363,-0.021526989,0.062005293,-0.0071152085,-0.41989633,-0.52272856,0.12045601,-0.0021184543,-0.16369335,0.0040040654,-0.04012616,-0.45143434,0.08007923,-0.10096955,-0.0007203236,0.007728147,0.2128273
0.021166272,-0.020520365,-0.005426061,0.026612477,-0.055689335,-0.030208671,-0.06486112,0.060911193,-0.014420199,-0.009686171,0.036949627,0.035766963,0.10497666,0.1034497,0.20402995,0.037477523,-0.8226423,0.14267099,0.10467759,-0.003474203,0.22396179,0.076728314,0.0006808276,-0.00074574933,-0.1484524,0.0008206171,-0.009956456,-0.22004887,-0.021151932,0.22892788,0.0012981314,0.0008211247,0.52128565
-0.109745346,0.06533976,0.013733166,-0.16067716,0.008423375,0.00026141608,0.07702435,0.059642028,-0.040106904,0.007883655,-0.005095014,0.023060063,0.07223598,0.07705804,0.27026072,-0.034874737,-0.73931324,0.15413527,0.07043145,-0.006120153,0.15905926,0.06775637,-0.0010378641,-0.00071972294,0.18761764,0.0006839002,-0.009956456,-0.3256667,-0.16794123,0.20893791,0.0012981314,0.002005193,0.5065355
0.00084361504,-0.020555932,-0.012671953,-0.08341431,0.026967125,-0.030623984,-0.096850395,0.056788005,-0.022769568,0.008197821,0.041931823,0.024009941,-0.033628277,0.116986886,0.031806,-0.077461354,0.55022097,-0.026053729,0.06202471,0.0027895225,0.2958553,0.08210112,0.0010904303,0.0011092438,0.2608049,0.0007970896,-0.012065866,-0.26757672,-0.045516755,-0.037303247,-0.0012617838,-0.0017755504,0.7099922
-0.005351701,-0.033669837,-0.01735019,0.056121804,-0.028397854,0.10558074,-0.023257587,-0.16536789,-0.016315842,-0.005338193,-0.23050842,0.018831912,-0.038945556,0.06688318,-0.08574788,-0.18289118,0.4536168,-0.03486332,0.06968478,-0.0051843384,-0.40430447,0.06949152,0.002895009,-0.0017697569,-0.20098063,0.0014993282,-0.03565284,-0.36928615,-0.09347817,-0.0189962,-0.0074298615,-0.006354477,0.25610986
-0.0050458545,0.10838519,0.007031774,0.02242337,-0.10892895,-0.03232548,0.061526522,0.063647404,-0.008562637,-0.009686171,0.03933196,-0.024529047,-0.048105985,0.09912265,0.0062387213,0.046021543,0.5430537,-0.01689314,0.070170105,-0.0005446393,0.29239675,0.075834796,-0.0047305943,-0.0035602727,-0.20333007,-0.0019063296,-0.020766744,-0.31875673,-0.02687736,-0.089128256,-0.0012617838,-0.0029880146,0.6474404
0.095117584,-0.001740444,0.016458891,0.050356373,-0.20576572,-0.0035515563,0.054391503,-0.17968082,-0.027346818,0.0035703243,-0.03973033,0.032068416,0.09220206,0.050673027,0.40993142,-0.21367577,-0.7844624,0.14162883,0.07995721,-0.004043718,0.20841259,0.05969248,-0.0010378641,0.026069526,-0.08511113,0.0034260422,-0.008959781,-0.38560492,-0.25428337,0.19955897,0.0076438896,-0.10323202,0.33927712
-0.014586956,-0.034853436,0.008966903,-0.085178286,0.18234508,-0.028193304,-0.019259958,0.033525057,0.017153174,-0.0075020734,0.036201846,-0.022821812,-0.028594472,-0.22867101,-0.10895791,0.14617701,0.59292775,-0.023635855,0.057023946,-0.00401444,-0.34871957,-0.4959381,-0.018196542,0.00018175028,0.16503341,-0.009418765,0.01731373,0.6191733,0.041247666,-0.085309625,-0.0007203236,0.006985704,0.6130697
0.0055097668,-0.027885003,0.0072008925,-0.09533617,0.021050086,-0.037625156,-0.08320866,0.049422633,0.01207233,0.0038965445,0.03544548,0.023874292,-0.036386285,0.0971309,-0.10151606,0.023050137,0.48999143,-0.026655838,0.072482154,-0.011716846,-0.46733752,0.08984924,0.0003273443,0.005211809,-0.24049905,0.00071080885,0.011666397,-0.13463734,-0.030336091,-0.028534172,-0.0012617838,-0.005042623,0.43081272
0.0033197305,-0.037651457,0.008428222,-0.105791196,-0.09039236,-0.03792129,-0.08215963,0.02897726,0.0047017736,-0.0042767343,0.034815483,-0.021133961,-0.06707838,-0.14176781,-0.36414048,0.043896593,-1.0050979,-0.08037282,-0.34888327,-0.0068642218,-0.24017888,-0.43837017,-0.014343715,0.0005371873,-0.14572667,-0.026851054,-0.018133692,-0.4020665,0.06581723,-0.12969252,-0.0007203236,0.0072179525,0.028990937
-0.002434576,-0.020650404,0.008966903,-0.07351854,0.028415235,-0.029685182,-0.09628534,0.059190728,0.0127518,-0.0042767343,0.04525686,-0.022437278,0.044259556,0.11107188,0.0017148331,-0.11204298,0.53225607,-0.024481073,0.06327532,0.0027045838,0.29249573,0.08493409,-0.0004773844,-0.0015557897,0.26045537,0.00339455,-0.012065866,-0.24712133,0.11853162,-0.014784232,-0.0012617838,-0.0021744226,0.7511908
-0.018783279,-0.043413952,0.008428222,-0.07199064,0.1952989,-0.027628336,-0.011041375,0.03568648,0.00055312656,-0.0075020734,0.027083715,-0.021133961,-0.10224087,-0.29436874,-1.0491606,0.2316885,-1.1854035,0.07719574,0.10044405,-0.010462622,-0.2472078,-0.5048986,-0.014631438,0.0012084788,-0.102355294,-0.026250456,-0.0033727647,0.45681202,0.060581576,-0.18230617,-0.0007203236,0.0060363985,0.06765361
0.028416488,-0.026283292,0.005483461,-0.08228303,-0.0008532922,-0.02379839,0.11386547,0.05740348,0.022305237,0.008197821,0.03576142,0.032550815,0.08327327,-0.27529907,0.29503688,-0.20686892,-0.8336962,0.13627067,0.08964557,-0.006395852,0.23120983,0.07875634,0.0012477395,-0.00042678427,0.19930837,0.001471031,-0.014429775,-0.20890632,-0.02096233,0.21616589,0.0007410736,-0.0015446583,0.5089774
-0.004202394,-0.01968899,-0.011855195,0.016753279,0.19848256,-0.017052522,0.12269773,0.05160196,-0.026966719,-0.016643587,-0.1336298,-0.021798149,0.014001168,0.13882867,0.13318928,0.06281916,0.58105767,-0.028274082,0.05769638,0.0036696398,0.28349823,0.09094945,0.00047597828,-0.0058237584,0.20403074,0.0033836982,0.01571018,0.35540313,-0.058440782,-0.025011294,0.0012981314,-0.0013469437,0.88749087
0.002212111,-0.01804966,-0.0135611715,0.021571912,0.0035125539,-0.014545734,-0.078674,0.055189665,0.00976297,0.00790146,-0.14184655,-0.02482791,-0.03539848,0.110130765,-0.08877703,0.09768823,-1.1442926,-0.079042844,-0.31315696,0.001346189,0.23093407,0.08003709,0.0032924071,-0.0014714049,0.35208577,0.003494155,-0.009956456,-0.14965744,-0.054901183,-0.13015564,-0.0012617838,-0.003064362,0.22742097
0.016696727,0.11339192,0.009089564,0.029776568,-0.12926337,-0.0253383,0.09798092,-0.19632,-0.01878444,-0.0044876323,0.024756547,-0.052055545,-0.04336725,0.07338247,-0.04867723,-0.15240727,0.5235374,-0.019416178,0.058851354,-0.007124125,0.22984634,0.06222412,0.009884584,0.008027046,-0.19545506,0.00034928447,-0.020766744,-0.49341273,-0.01902712,-0.1289902,-0.0074298615,-0.006263187,0.44763255
-0.007523045,0.13214521,0.010764749,0.025674148,0.07812227,-0.032522347,-0.095313095,0.047274064,0.008010471,0.013957644,-0.13306537,-0.02061871,0.028979685,0.076069705,-0.18568783,0.030234005,0.48484236,-0.038629938,0.076525986,-0.010508761,-0.4518853,0.09040684,0.00047597828,-0.0066992543,-0.2184535,-0.0010625069,0.011666397,0.052716333,-0.03316918,-0.031744935,-0.0012617838,-0.008088028,0.4980457
0.00030490803,-0.035631154,0.00831054,0.029870998,-0.15215129,-0.04122864,0.03883711,0.03004891,0.0069572944,-0.0030344771,0.04063617,-0.041754723,-0.07957355,-0.16373998,-0.29043436,-0.30142733,-0.96136206,-0.078035995,-0.3395381,-0.0075506526,-0.24656746,-0.4110266,0.0017824265,-0.0002790764,-0.15779983,0.003965047,-0.018133692,-0.3798089,0.03873111,-0.21187595,-0.0007203236,-0.004548726,0.025926301
-0.0021618777,0.12000172,-0.0070805494,0.023027983,0.1564558,-0.030854285,-0.09487061,0.055082425,0.01679069,-0.0075020734,0.03152193,-0.029606892,-0.031519923,-0.2777962,-0.13191698,0.050629973,0.6223664,-0.01687307,0.060697976,-0.00399422,0.23037075,0.10097383,-0.005328142,-0.00251579,0.18935584,0.00047340413,0.021357514,0.19090214,0.07369927,-0.08919829,-0.0007203236,0.007926056,0.78922254
0.0020086817,0.21928039,0.037685987,0.05160296,-0.04689688,0.2795652,-0.06554572,-0.16721584,0.010676332,-0.01298639,0.05735391,-0.025151033,0.036530923,-0.1268133,-0.054789703,0.042931657,0.45316556,-0.029877568,0.06861132,0.010387824,-0.35028213,0.06346754,0.0018269832,-0.0032564423,-0.20025013,-0.00027398748,-0.004702462,-0.356455,-0.04436398,-0.008264681,-0.0022597408,0.0038814864,0.48504
-0.0045694113,-0.03192228,0.0075704553,0.021903655,-0.05434115,-0.037829336,0.041011117,0.058843616,0.009194958,-0.0042767343,0.04434491,-0.03016107,-0.039165415,0.10724456,-0.13557206,-0.068750486,0.4609868,-0.016915854,0.05406226,-0.004412201,-0.40726018,0.08287604,0.0012916186,-0.0021870001,0.2793502,0.005317263,-0.03565284,-0.40881842,0.10117748,-0.09179771,-0.0012617838,-0.00057453493,0.50006425
-0.033524055,-0.041660354,0.013943733,0.038815483,-0.06854786,-0.015177278,0.12256464,0.060232297,-0.028926427,-0.009548129,-0.14426821,0.022412878,0.07867935,0.10856879,-0.13254815,-0.10065667,-0.7467205,0.17236607,0.09050559,-0.013496208,-0.24925542,0.06809691,0.004445269,-0.0017884013,0.25598785,0.0033019204,-0.013660374,-0.4853136,-0.050172534,0.20037594,-0.0012617838,0.035970215,0.31870943
0.0003458606,-0.024336705,0.009956149,-0.10310636,0.2538077,-0.028966166,-0.08755901,0.06577185,0.026971338,-0.0075020734,0.05944068,-0.01904309,0.029619683,-0.19284417,0.020465188,0.13356164,0.6337823,-0.029046638,0.064898156,0.00095526065,0.24811926,0.07566076,-0.0050656097,0.00046219444,0.20545007,0.0014986708,0.021357514,0.980909,0.12070766,0.01054652,-0.0007203236,-0.0020147315,0.9285504
-0.0037537855,-0.039947867,0.02262041,-0.14054726,-0.097417615,0.20413877,-0.013625635,-0.17824443,-0.016408103,-0.01298639,0.07209084,-0.014749694,-0.042974696,-0.1401428,-0.10812113,-0.049106732,0.4626435,-0.027625358,0.062251236,0.0045861946,-0.39125803,0.064158306,-0.003760322,-0.0021439746,-0.18662617,0.004000881,-0.04012616,-0.3812876,-0.03145281,-0.063511595,-0.0022597408,0.0032643096,0.27135217
0.00094849244,-0.025297226,-0.020847112,0.04234448,0.11024387,0.2185003,-0.081104115,0.05452207,0.014009319,0.029967228,0.05122014,-0.03016107,-0.02391134,0.110247314,-0.07404843,0.038008362,0.5532793,-0.021594873,0.062770545,-0.0031557914,-0.36726844,0.098716214,0.000547503,0.0009014852,0.25235555,0.0042189034,0.011666397,0.27219337,0.010247179,-0.09148933,-0.0012617838,0.0073810327,0.78662497
-0.0012143033,-0.02467127,0.008966903,-0.1022851,0.005144381,-0.028300934,-0.09644868,0.0319371,0.014488822,-0.0055263527,0.032699186,-0.021208422,-0.04116498,0.08829415,-0.30020207,-0.038343832,0.48970434,-0.021466091,0.05410152,-0.0010760127,-0.4549917,-0.701359,-0.008912372,0.000825227,0.24329072,0.00418307,0.011666397,-0.16106294,0.05739929,-0.10160752,-0.0012617838,0.0009156516,0.27549163
0.017480275,-0.03311181,0.0088359425,0.035680003,-0.047825586,-0.041478,-0.06526838,-0.15002117,0.00077875634,0.0038965445,0.033008143,0.032310624,-0.112667404,-0.117387906,-0.23925266,-0.3035253,-0.8566472,0.13325462,0.09315659,-0.0030692965,-0.2275106,0.06950247,0.0035899358,0.0037714615,-0.14790322,0.0018768014,-0.018133692,-0.49699888,-0.0903187,-0.063558005,-0.0022597408,-0.014495172,0.07629819
-0.020142725,-0.039282985,0.0072008925,-0.08138232,-0.06856353,-0.036251552,-0.032359157,0.052545696,0.00051150424,0.0038965445,0.038511507,-0.018744037,0.111943975,-0.17714027,-0.2690093,-0.06371938,-0.7900428,0.12381391,0.108982556,-0.011741964,-0.21996987,0.07794677,0.0037385698,-0.0063477126,-0.14563523,0.0034904545,-0.018133692,-0.54054475,-0.05589907,-0.065176345,-0.0007203236,-0.010657199,0.11523667
-0.0014556585,-0.023787942,-0.0070805494,0.026825737,0.14878324,-0.038469803,-0.09852672,0.054658346,0.027924383,-0.0075020734,0.034932066,0.035678223,-0.031519923,0.1290932,-0.045028746,0.02746633,0.5630191,-0.019715164,0.06252125,-0.011038281,-0.34154737,0.10744723,-0.0029582174,-0.0021527575,0.2501931,0.0017352211,0.011666397,0.33679876,0.111473985,-0.0058816667,-0.0012617838,-0.00045799435,0.80097234
-0.015816418,-0.024038771,0.014447332,0.023212854,-1.0534234,-0.06171005,0.036930524,0.050718386,0.008579055,-0.09310274,0.041374553,-0.036190346,-0.079181,0.08474059,-0.19600783,-0.2265619,-0.9721488,-0.0782265,-0.36583462,-0.0010852423,-0.21462993,-0.41474366,-0.00027626974,0.0002384116,-0.2331167,0.003965047,-0.013660374,-0.03276359,0.040553756,-0.23580754,-0.0012617838,0.017596982,0.019328073
-0.013904273,-0.031072283,-0.0063583693,0.027671924,0.00047610747,-0.034645226,-0.089030124,0.03728078,0.009173011,-0.0075020734,0.02994408,-0.0321163,-0.03936114,0.1901888,-0.8661002,0.00938261,0.4843127,-0.018858459,0.06916801,-0.0008250253,-0.460078,-0.66392547,-0.011700188,0.00041008973,-0.2022511,-0.028016057,0.009471967,-0.03475351,0.068063945,-0.10867363,-0.0012617838,0.001658096,0.16621684
-0.008171715,-0.028624145,0.0072008925,-0.08761302,-0.03514415,-0.034309432,-0.09301087,0.03378533,0.0056916135,-0.0030344771,0.03148198,-0.02077373,-0.12190066,0.07793589,-0.27696282,-0.072565354,-0.91142017,0.070572376,0.09034815,-0.0077844113,-0.25793198,-0.54210156,-0.008423249,-0.0061644954,-0.15289456,0.0040040654,-0.0020528147,-0.29063055,0.084360205,-0.19315661,-0.0012617838,-0.0037409444,0.06575876
-0.0027755625,0.11206406,0.00982293,0.021532908,-0.120932795,-0.036285378,-0.12408587,0.065029874,0.0146047305,0.008197821,0.04549368,-0.027993502,0.038043603,0.092036046,-0.035693426,-0.3151976,0.50433195,-0.023433,0.054539304,0.0013341382,0.25016198,0.07950559,0.003113782,-0.0010740692,0.23802634,0.0006555893,-0.020766744,-0.35756567,-0.02089242,-0.03369485,-0.0012617838,-0.0006122961,0.6263945
-0.004260436,-0.040069498,0.037685987,0.053315528,-0.11145577,0.2715684,-0.01435392,-0.17049102,0.013784587,-0.01298639,0.06997633,0.033072017,-0.042974696,-0.13550758,-0.114995174,-0.09788714,0.46089667,-0.021806553,0.06287902,0.0026563704,-0.38953066,0.061554227,-0.005896891,0.000511667,-0.20569171,0.001616804,-0.04012616,-0.48139608,-0.040642366,0.005147239,-0.0022597408,0.004034439,0.3201501
-0.004915432,-0.03816149,0.007031774,0.029870998,-0.16887845,-0.043691423,0.030381745,0.039492287,0.0069572944,-0.0042767343,0.040726494,-0.0370847,-0.07957355,-0.16875447,-0.26497653,-0.18642814,-0.97508115,-0.07751173,-0.33170003,-0.0068642218,-0.22758974,-0.4168643,0.0017824265,-0.001063742,-0.15727021,-0.026851054,-0.018133692,-0.46626472,0.07761723,-0.15403262,-0.0007203236,-0.00026800128,0.028677477
0.00034423638,-0.020790726,-0.0070805494,0.02194805,0.15715455,-0.030740859,-0.10516992,0.06253274,0.014002996,-0.0075020734,0.032762405,-0.031389926,-0.031519923,0.13732411,-0.14193104,0.034144796,0.62532955,-0.01797266,0.06344998,0.00083503575,0.23893696,0.104798965,-0.0027380586,0.00042789127,0.21689703,0.00339455,0.01571018,0.32431126,0.08839389,-0.09256655,-0.0012617838,0.0018560058,0.85251224
0.0050333235,-0.022150857,-0.0059887595,0.015582771,0.19701016,-0.021662451,-0.1116667,0.058026753,0.008010471,-0.0064342692,-0.13433146,-0.0278901,0.024915857,0.10753914,0.017848995,0.04864956,0.5982233,-0.027774692,0.08268235,0.0036696398,0.31866705,0.092273995,0.00047597828,0.013443872,-0.18281299,0.0031586569,0.01571018,0.33893427,-0.029828126,-0.025058635,-0.0012617838,-0.0016675027,0.8102875
-0.0026805485,-0.032152615,-0.026805572,0.04613097,0.15740131,0.21209988,-0.072014354,-0.19060935,-0.036252245,-0.020081848,0.048632655,-0.023634424,0.017942514,0.1000459,-0.02144802,0.029427618,0.57019055,-0.025765479,0.06327129,-0.0064649642,-0.31488785,0.095954284,0.00047597828,-0.007376336,0.2143382,0.0042189034,0.011666397,0.4986945,-0.05313428,-0.029278649,-0.0074298615,-0.0016589873,0.7857283
0.0031756589,-0.040755745,-0.003299424,0.021316579,-0.02866103,-0.023819441,0.044875823,-0.15380584,-0.02451381,0.007889406,-0.10430154,-0.017458731,0.03538272,-0.1209544,-0.03869603,-0.1415338,0.44132537,-0.05280517,0.06605183,-0.013149833,-0.44990325,0.061594583,0.00031668955,-0.0064071575,-0.14912705,0.0032513803,-0.033257883,-0.3616078,-0.100811265,-0.015636152,-0.0022597408,-0.0056955307,0.24922878
-0.058474515,0.00067312457,0.01078396,0.044513337,-0.25871086,-0.03062077,0.08963141,0.06497415,-0.05044004,0.008180016,0.049628668,0.053185232,0.037183046,0.121894605,0.32004124,-0.032746263,0.4253978,-0.028945224,0.040156398,0.0026554517,0.2549442,0.0711547,-0.0010378641,0.0001864488,0.21128175,0.003605046,-0.020766744,-0.6060988,-0.050667483,0.1334983,0.0012981314,0.013850722,0.7151969
0.03240636,-0.027027149,0.0015158171,-0.11457042,-0.062004607,0.0010361872,0.061081514,-0.14577772,-0.015424964,-0.00434959,-0.055030227,0.011970805,0.09220206,-0.13631536,0.39478907,-0.04491184,-0.73606217,0.16720964,0.075150594,-0.006965367,0.214416,0.06443405,-0.0018728041,0.021520823,-0.12136765,0.0034260422,-0.014429775,-0.3013215,-0.08420178,0.20805193,0.0023248363,0.013862677,0.39994746
0.0020996225,-0.037121102,0.0061757476,-0.06614621,0.1924322,-0.035611957,0.06636446,-0.17636675,0.010667346,-0.01678163,0.026652286,-0.021133961,-0.023126287,-0.24628645,-0.103497386,0.1238721,0.5797237,-0.03106605,0.07480887,-0.005529425,-0.36957353,0.09470024,-0.0001591963,-0.006673676,-0.18025666,-0.024108186,0.01731373,0.36201102,-0.042537622,-0.07725849,-0.0022597408,-0.010207635,0.545293
0.057696827,0.016137203,0.01078396,0.038203187,-0.23039146,-0.029289318,0.11182876,0.06569651,-0.036452297,0.008180016,0.04148732,0.04900543,0.08327327,0.108532324,0.36307803,-0.08633318,-0.7842805,0.118984565,0.07252399,-0.011509073,0.17107564,0.06923147,0.0031788251,-0.0015617762,0.19786824,0.0006839002,-0.009956456,-0.46869457,-0.033190217,0.23037294,0.0012981314,0.018640079,0.5613523
0.033099152,-0.046666786,-0.00025196723,0.033168077,-0.12618792,-0.013585522,0.10293065,-0.18155815,-0.025163861,0.0035881295,-0.07515859,-0.017531835,0.098645434,0.040783208,-0.110489056,-0.118644446,-0.77970874,0.15496354,0.104884334,-0.0048235403,-0.24394691,0.073995896,0.0043170284,0.011113034,-0.13500595,0.005663488,-0.0126637,-0.021078464,-0.19780277,-0.04994764,-0.0074298615,0.02345062,0.20157298
0.027858067,-0.045066133,-0.0067030764,0.028947841,-0.009901304,-0.028393729,0.11237806,-0.18529482,-0.013858822,0.0038787392,0.027923021,-0.034655005,0.10366608,0.061674472,-0.10230122,-0.021119444,-0.76240325,0.13265179,0.103173874,-0.0048235403,-0.23408508,0.069463335,0.004445269,0.035608917,-0.15755418,0.005663488,-0.013660374,-0.3763112,-0.13378544,-0.05431264,-0.0074298615,0.05131068,0.2104085
-0.0047048684,-0.020562936,-0.0046523926,0.025051612,0.044766545,-0.024949616,0.08891656,0.057435166,0.015834494,-0.0042767343,0.041185234,0.03928536,-0.052522413,0.10250152,-0.0013027455,-0.13365686,0.54523104,-0.017010164,0.07292094,0.0032249663,0.29946125,0.08236038,0.0060636415,-0.0039007666,-0.23804317,0.0006749749,-0.012065866,-0.22643758,0.105554745,-0.015157443,-0.0012617838,0.00028911995,0.7049127
0.0010779605,0.20225917,0.039190035,0.041512497,0.21303502,0.23391943,-0.006029769,0.048784595,0.01617177,-0.010802291,0.04991475,-0.02643453,-0.02673132,-0.21740438,-0.0709631,-0.039620973,0.5837515,-0.02305881,0.06081132,0.008274324,-0.29670835,0.07938416,-0.004886615,0.0023090967,0.21797004,0.00226224,0.01731373,0.72351104,0.053477876,-0.093758635,-0.0007203236,0.021903928,0.8699216
0.0016309042,0.11970076,-0.020847112,0.047760658,0.12107496,0.2185003,-0.08400243,0.053554323,0.02482245,0.029967228,0.05702975,-0.02761542,0.026220407,0.099545896,-0.037758783,0.035182808,0.53729665,-0.027803676,0.06487407,0.0019450558,-0.34492072,0.09766167,0.00047597828,0.0009014852,0.2483896,0.002205351,0.011666397,0.25910062,-0.004503054,-0.021731967,-0.0012617838,0.0008352383,0.8306791
-0.014651221,0.086145565,-0.0044422643,0.027318407,0.0664846,-0.024899123,0.09769068,0.050589297,0.020296931,-0.0042767343,0.041493393,0.035779994,0.038141772,0.12747204,0.13978942,-0.09003133,0.49577352,-0.028217373,0.0643515,0.0017788117,0.2691623,0.08500774,-0.001277435,-0.0039007666,0.24930534,-0.0020211297,-0.012065866,-0.097364336,0.10088011,0.14857997,0.0012981314,0.00056897796,0.8771066
-0.0027755625,0.10168436,-0.0070805494,0.023689033,-0.09425886,-0.031875405,-0.056841243,0.058534473,-0.011939211,-0.009686171,0.03968677,-0.02496374,-0.03474899,0.10888275,-0.08347436,0.024328873,0.5310403,-0.01753802,0.05866416,-0.0010650217,0.26616418,0.08037328,0.0013105889,-0.0036764848,0.24701038,0.0005730091,-0.020766744,-0.34563553,-0.012628134,-0.08542061,-0.0012617838,-0.0021541647,0.68884003
-0.003267725,-0.033039656,-0.0046523926,0.020694336,-0.09432497,-0.041324634,0.052267615,0.037836395,0.0047598206,-0.0042767343,0.03919048,-0.027696684,-0.0728359,-0.15935633,-0.23160145,0.011739077,-0.9796567,-0.077751674,-0.34165633,-0.0075506526,-0.26327908,-0.43451422,0.04006756,-0.0026245436,-0.15308653,0.003965047,-0.018133692,-0.23950008,0.092025414,-0.14476742,-0.0007203236,-0.000548848,0.05054271
-0.0003504455,-0.033944666,0.009393593,-0.08444575,0.25394362,-0.032001205,-0.014524701,-0.25053656,0.006716862,-0.01678163,0.04057233,-0.020369373,-0.018337684,0.0920586,-0.06749611,-0.025996016,0.59882784,-0.026156701,0.07854963,-0.0040616645,-0.35169327,0.070749365,0.001885115,-0.0047403118,-0.21612822,-0.027160332,0.011666397,0.806997,-0.015405534,-0.07084008,-0.0074298615,-0.0028846639,0.68581504
-0.0021618777,-0.025824655,-0.0070805494,0.016197536,0.13104391,-0.032958757,-0.10667509,0.05906089,0.018425304,0.01855528,0.037673373,-0.033003315,0.032245602,-0.25984553,0.0040746694,0.05769897,0.60734475,-0.02504581,0.06327124,0.0034040862,0.30419976,0.088291876,-0.00023072094,-0.0020340695,0.1907672,0.0033376608,0.021357514,0.25036117,-0.018103955,-0.012391718,-0.0007203236,-0.002451752,0.8144719
-4.806486e-05,-0.028877165,-0.0073423972,0.022013599,0.22547473,-0.03610194,-0.040424485,0.061626,-0.01974623,-0.01678163,0.043958258,-0.026425105,-0.019122738,0.11764741,-0.04459083,-0.03596522,0.61038226,-0.024823347,0.06352038,-0.0042912606,-0.3361626,0.08205439,0.001885115,-0.0012954681,0.25109,0.0042189034,0.011666397,0.8261415,-0.0037557264,-0.047773916,-0.0012617838,-0.001600991,0.84887934
0.0038263812,-0.036078054,0.008428222,-0.09448812,-0.08479366,-0.0378077,-0.077735156,0.02951234,0.0052913823,-0.0042767343,0.034715764,-0.021133961,-0.06707838,-0.15573917,-0.39263725,-0.054153673,-1.0042659,-0.08037282,-0.35555184,-0.0068642218,-0.25453904,-0.46172315,-0.019047124,-0.0021184543,-0.14513706,-0.02797465,-0.018133692,-0.29082155,0.07568579,-0.13306274,-0.0007203236,0.0072179525,0.02762487
-0.020141747,-0.036635894,-0.0063583693,0.023780555,0.20217557,-0.033632945,-0.023374168,0.040111613,0.00904967,-0.0075020734,0.034705054,-0.0321163,-0.032940708,0.09560264,-0.5161267,0.31755233,0.58868724,-0.019229965,0.07587652,-0.0008250253,-0.36823222,-0.5343967,-0.0057918224,0.0027280957,-0.1600708,-0.022659583,0.011666397,0.60676855,0.06869747,-0.10350124,-0.0012617838,0.001658096,0.5633606
-0.020901429,-0.011276415,0.0020125739,0.042822927,-0.13416559,-0.011945046,-0.11489409,0.04741432,0.03630653,-0.00943917,-0.17409505,0.044919454,0.026145756,0.10728204,0.012998888,-0.11266433,0.45437062,-0.037374966,0.054440834,0.0026554517,0.26263264,0.07048234,0.0031788251,-0.00067075645,0.21948944,0.003605046,-0.020766744,-0.58501554,-0.01067079,0.1419052,0.0012981314,-0.0021243496,0.5959233
0.008638139,0.15502922,0.01534018,-0.09655392,-0.09994647,-0.015878469,-0.066409715,0.051023524,-0.033457328,-0.009548129,-0.15980828,0.016990956,0.027327707,0.09893798,-0.07872433,0.091574244,0.43321648,-0.05231874,0.056453016,-0.0099289175,-0.39097896,0.07482861,0.0014163038,-0.0006985003,0.2295934,-0.00096724584,-0.03565284,-0.37597123,-0.052897904,0.11457828,-0.0012617838,-0.0052165086,0.49731985
-0.0060331495,-0.039167877,-0.0063583693,0.02671229,-0.022929825,-0.04569019,-0.08082794,0.029990578,0.0042159483,-0.0042767343,0.0347311,-0.030086609,-0.06707838,-0.15736191,-0.2933668,-0.0075734174,-1.0078919,-0.078098126,-0.36550814,-0.0072996654,-0.25760478,-0.46603823,-0.02091475,6.48587e-05,-0.14792939,-0.02797465,-0.018133692,-0.27713156,0.060244046,-0.14499803,-0.0007203236,0.0076736794,0.03499896
-0.018103812,-0.03970472,-0.006880532,0.017586023,-0.027788898,-0.029404188,-0.025636597,0.048687983,-0.005176394,-0.009548129,-0.12283286,-0.024631552,-0.10925485,-0.1803187,-0.15643188,-0.14287251,-0.90584964,0.080919996,0.093406305,0.0055593774,-0.25552863,0.08285695,-0.003760322,-0.0040395176,-0.15675989,0.0040398994,-0.018133692,-0.23597738,-0.03380863,-0.15821405,-0.0007203236,0.0011958496,0.096513756
0.010067589,-0.030878529,0.008428222,-0.091944166,-0.09637154,-0.039188586,-0.077735156,0.029831512,0.0047017736,-0.0042767343,0.02802373,-0.018744037,-0.060959738,-0.14818457,-0.71897686,-0.010331705,-1.0050979,-0.08009478,-0.34888327,-0.0071152085,-0.25589305,-0.44402942,0.10006678,-0.0021184543,-0.14606585,0.003965047,-0.018133692,-0.27808443,0.086424194,-0.12579407,-0.0007203236,0.0072179525,0.025822585
-0.023557326,-0.018556105,-0.0044422643,0.03119699,-0.10627362,-0.027922615,0.07339761,0.060891792,-0.033374727,-0.009686171,0.044905744,0.036441397,0.037183046,0.13376501,0.24840893,-0.09701221,0.4544814,-0.030817289,0.05712699,0.0032249663,0.29273868,0.079503514,0.0001498599,-0.005624126,0.22657351,0.001471031,-0.020766744,-0.3631867,-0.017074903,0.12770471,0.0012981314,0.0017181255,0.778067
-0.00053518993,-0.03115033,-0.011974754,0.029121732,-0.1644513,-0.04359858,-0.043800887,0.027416958,0.0064134216,-0.0042767343,0.032267556,-0.03416065,-0.079181,-0.1266384,-0.4778972,-0.23487648,-0.9952748,-0.07868088,-0.35672134,-0.0075506526,-0.2423693,-0.40124914,0.04890456,0.0005817078,-0.15244591,0.003965047,-0.018133692,-0.45117798,0.056137383,-0.22153273,-0.0007203236,0.0076678093,0.020525021
-0.021466007,-0.029816376,0.016699808,0.02303436,-0.72775066,-0.06630503,-0.029424941,0.03819143,0.0064134216,-0.09310274,0.04419085,-0.03416065,-0.067304835,-0.15302831,-0.028783003,-0.16709137,-1.011008,-0.07900572,-0.35820836,-0.0071152085,-0.21126133,-0.38875097,0.08429738,0.0005065894,-0.20072831,0.003965047,-0.018133692,0.03483438,0.028546998,-0.23898706,-0.0007203236,0.012698275,0.028243994
0.017715476,-0.0382396,0.0061757476,-0.057866294,-0.08814431,-0.035166766,0.01895498,0.058806363,-0.0032702715,0.008197821,0.030527422,-0.018744037,-0.11740614,-0.19228245,-0.16991034,0.03578708,-0.90399003,0.0882788,0.089166716,0.00950031,-0.26247036,0.08283627,-0.0047374023,-0.00022942421,-0.16832563,0.004157375,-0.018133692,-0.23847057,-0.035794288,-0.16498142,-0.0007203236,-0.010328665,0.12147271
-0.0042681536,0.21156411,0.009284249,0.022140456,-0.05961598,-0.045912378,-0.030588092,0.048202768,-0.008315766,-0.009686171,0.04329143,-0.024511196,-0.06912648,-0.13745525,-0.17686625,0.04508902,-1.0112934,-0.09419227,-0.41264987,0.0014094313,-0.21253158,0.078625426,0.0024786075,-0.0005140861,-0.17511664,-0.013722091,-0.018133692,-0.21565713,-0.018920677,-0.10184215,-0.0007203236,0.0022190644,0.09306398
0.0025622144,-0.020790726,-0.0053745727,0.02175942,0.17772903,-0.025358511,0.11591734,0.06698879,0.014546867,-0.0075020734,0.032679208,-0.031389926,-0.031519923,0.13558345,-0.11711837,0.09029667,0.61891204,-0.017327778,0.063143924,0.00083503575,0.28400597,0.095099784,-0.0027380586,-0.0018698368,0.2394211,0.00339455,0.01571018,0.29659346,0.091583624,-0.095725894,-0.0012617838,-0.001405701,0.89167154
0.0149619095,-0.018785909,0.010764749,0.029908694,-0.25427857,-0.0142891435,-0.09130545,0.04103929,-0.035318945,0.003582378,-0.14550152,-0.044629976,0.036985952,-0.16297138,-0.0019873562,-0.20278488,0.4631071,-0.043131582,0.06354859,-0.0007016416,0.27131048,0.06886181,0.002472126,-0.007835195,-0.1303104,0.005966613,-0.025240064,-0.62199885,-0.093562685,-0.027594147,0.0007410736,-0.009056397,0.30629826
-0.00096402504,-0.035262264,0.008428222,-0.08741207,0.06332873,-0.028640613,-0.07474793,0.03360825,0.00067646813,-0.0075020734,0.027304173,-0.021133961,-0.11481137,-0.18805695,-0.3466595,0.006313002,-0.9582177,0.077822864,0.09528343,-0.010462622,-0.25705764,-0.54997617,-0.016748432,0.00046219444,-0.11689253,-0.02797465,0.011749474,0.014859162,0.059395812,-0.18583615,-0.0007203236,0.0060363985,0.07424374
-0.0024831383,0.1288158,-0.005466596,0.025547652,0.03482746,-0.028397009,-0.09011086,0.048745017,0.017384984,-0.0030344771,0.042031106,0.03317379,0.044856843,-0.20229046,0.022923522,-0.0374114,0.5490347,-0.034637515,0.07749607,0.0010778143,0.3109485,0.08142402,-0.0035565912,-0.0047706203,-0.18082505,-0.0045465054,-0.016539186,-0.03259661,0.099159144,0.158692,0.0007410736,-0.00487812,0.7550789
-0.010398127,-0.029327009,0.016196208,0.02883486,-0.049938723,-0.03313265,-0.07384493,0.051585175,-0.022107486,-0.009548129,-0.15957761,0.022412878,0.027327707,0.11461297,-0.13961543,-0.12484337,0.43437815,-0.04476394,0.05731156,-0.017660372,-0.43188566,0.07464176,0.0012390643,-0.003279149,0.2327525,0.00088981254,-0.03565284,-0.39009488,-0.04476868,0.114652134,-0.0012617838,-0.0043214415,0.41371298
-0.0030053388,0.12581362,-0.0070805494,0.022798253,-0.10856065,-0.030504033,-0.03402551,0.049653985,0.011438779,-0.0042767343,0.03818999,-0.029606892,-0.039165415,-0.22191311,-0.11301157,0.11096039,0.5243606,-0.017392226,0.05660702,-0.0070949877,0.25871232,0.078655414,-0.001803571,-0.0023161578,0.21456906,0.0015148743,-0.025240064,-0.33391958,0.1098875,-0.10147922,-0.0007203236,0.007926386,0.652608
-0.03333826,0.10289027,0.01496524,0.032740157,-0.049522214,-0.016213354,-0.11562464,0.051153295,0.029888948,0.007883655,-0.12874311,0.026033055,0.07223598,0.10473715,0.14376335,-0.075107574,-0.8286296,0.133933,0.08687658,-0.006120153,0.17364143,0.06903845,0.0031788251,0.0015815725,0.2042569,0.0006839002,-0.009956456,-0.4366467,-0.04247079,0.22198938,0.0012981314,0.0008357126,0.4605279
-0.014880999,-0.023475708,-0.0037200844,0.02879866,0.16370519,-0.025829442,0.10123311,0.046159845,0.021619953,-0.0062524555,0.039150342,0.03735359,0.040460464,-0.2185285,0.17164852,0.08631594,0.53477854,-0.030050905,0.07709944,0.0034040862,0.34781164,0.08340788,0.030972451,-0.005402552,-0.1754382,0.00072101224,0.021357514,0.13064069,0.121829264,0.1538403,0.0007410736,-0.00025671575,0.8629208
0.00029292563,-0.02050988,-0.0070047453,-0.1032449,0.26129732,-0.02551068,-0.086790435,0.06942657,0.013370516,-0.0075020734,0.064971514,-0.0174297,-0.02673132,0.1039018,-0.11994195,0.1010495,0.64573795,-0.020302253,0.06419983,0.0024503544,0.24857223,0.07843797,-0.0014004464,0.00042789127,0.2450368,0.0014986708,0.01571018,0.91534215,0.092753045,-0.0791196,-0.0012617838,0.00083150476,0.9247779
-0.058454663,-0.012375331,0.009529037,-0.10557301,-0.05620717,-0.0004254445,0.09270714,-0.17065527,0.015381737,0.007883655,-0.060502045,-0.029010087,0.09167812,0.07242312,0.30160004,-0.2098711,-0.8294701,0.09549276,0.0968753,0.0013452024,0.17612915,0.0691946,-0.0070717474,-0.0035669028,-0.14841482,0.005966613,-0.009956456,-0.3413123,-0.14413863,-0.05800704,0.0076438896,0.020975051,0.25357494
0.0041673677,-0.036078054,-0.0059913136,-0.09068512,-0.023417547,-0.03529252,-0.09308778,0.03051972,0.0052913823,-0.0042767343,0.03483968,-0.021133961,-0.06707838,-0.16731144,-0.29740658,-0.04989574,-1.0246203,-0.08037282,-0.35714036,-0.0068642218,-0.25630015,-0.46172315,-0.022612229,-0.00251579,-0.14618967,-0.02797465,-0.006526134,-0.29570284,0.07586968,-0.13306274,-0.0007203236,0.0072179525,0.030604571
-0.009920598,-0.033666667,0.013591305,-0.09896191,-0.22511843,-0.034215324,0.021461522,0.037179098,0.0008416093,-0.0042767343,0.033191357,-0.035192,-0.12824577,-0.1742178,-0.14479254,-0.17476304,-0.86085427,0.06262228,0.08459937,-0.008174471,-0.2296966,-0.4508854,0.0017824265,-0.001063742,-0.13404278,-0.026851054,-0.018133692,-0.2489371,0.03848399,-0.2239047,-0.0007203236,-0.001905282,0.053441886
-0.0050458545,0.1298087,0.0061757476,-0.074075714,-0.13150573,-0.025048388,0.061986998,0.0633907,-0.009393036,-0.009686171,0.03954026,-0.020563139,-0.04849854,0.10059654,0.019890267,0.061110333,0.5430537,-0.019222733,0.070170105,0.0021630663,0.2918333,0.08006922,0.0014878287,-0.0039103595,-0.19589348,-0.00031340658,-0.020766744,-0.31761348,-0.010692264,-0.083530076,-0.0012617838,-0.0037304584,0.64361197
-0.008490316,-0.02946725,0.0072008925,-0.08741207,0.07638873,-0.027395546,-0.07741532,0.029970936,0.00067646813,-0.0062598167,0.027304173,-0.018744037,-0.1086613,-0.15624328,-0.27701476,0.007951909,-0.9582177,0.07104061,0.09373554,-0.010713609,-0.25705764,-0.5373375,-0.023101352,-0.0044889073,-0.12148759,0.0040040654,0.011749474,0.024636058,0.05454355,-0.18653004,-0.0007203236,0.0020423904,0.084326565
-0.00031783234,-0.036778685,-0.0063583693,0.024066864,0.043818243,-0.034124054,-0.075547956,0.032810505,0.011960703,-0.0075020734,0.031258535,-0.030086609,-0.03574673,-0.18144739,-0.25476167,0.018454466,0.49362567,-0.021306261,0.071935855,-0.0037634526,-0.4516608,-0.61844635,-0.019536247,-0.00251579,-0.16725618,-0.02797465,0.01731373,0.07422145,0.05331336,-0.10366296,-0.0007203236,0.007728147,0.2500293
0.012851185,-0.024345709,-0.004242247,0.029200906,0.107252836,-0.015212007,0.1017828,0.04648759,0.018926954,-0.009548129,-0.14078012,0.044242904,0.031670175,0.12556183,0.32870215,-0.006424948,0.5222779,-0.03940831,0.07651931,0.0034851832,0.34522945,0.08257379,-0.00051650277,-0.0030434774,-0.21891473,-0.014661948,-0.012065866,0.035400633,-0.013321028,0.14525846,0.0012981314,0.0010163146,0.839943
0.0015020095,-0.024094539,0.0061757476,-0.103098445,-0.24736668,-0.033195026,0.04801469,0.045208585,0.009064881,-0.0042767343,0.042193107,-0.027771818,-0.079181,0.076116234,-0.3067006,-0.20927551,-0.9627566,-0.07809933,-0.35325506,-0.0015206861,-0.23472343,-0.42571628,-0.0006487112,0.0007108657,-0.16866614,0.003965047,-0.013660374,-0.5218589,0.06629771,-0.17103647,-0.0012617838,-0.0018918628,0.027377956
0.02040331,-0.018556105,0.0063394876,0.028341934,-0.13412283,-0.034006607,0.09609527,0.06280459,0.026110824,0.008197821,0.04497064,0.039959796,0.037183046,0.12980084,0.27465352,-0.1270645,0.4551006,-0.03193523,0.058004063,0.0027895225,0.29364288,0.079503514,0.0001498599,0.0008753693,0.23560072,0.001471031,-0.020766744,-0.36310866,-0.014504867,0.1460819,0.0012981314,0.001431409,0.803339
0.0053248946,-0.019361055,0.000890011,0.035849385,0.13436815,-0.027565327,0.12316119,0.052631248,-0.024346124,-0.0065723117,0.038457293,0.035766963,0.038835026,0.11530745,0.31784463,0.08473589,0.5403147,-0.033988032,0.08003365,0.003234196,0.33665872,0.08921187,-0.00079046574,0.011199582,-0.20462039,0.000664123,0.01571018,0.15213917,-0.011850305,0.14018476,0.0012981314,-0.002562929,0.8930914
-0.007990936,-0.036562875,-0.005466596,0.025046833,-0.023735683,-0.03890913,-0.08734459,0.025950149,-0.0017959531,-0.0030344771,0.028405583,-0.027696684,-0.12190066,-0.16374056,-0.3698749,-0.025642417,-0.92210966,0.0631569,0.0899743,-0.0138143785,-0.25806984,-0.533254,-0.016259309,-0.0027671396,-0.13793665,0.0040040654,-0.006526134,-0.30263638,0.06569293,-0.2060527,-0.0007203236,0.0027848342,0.05174596
0.000546932,-0.037296113,-0.0070357085,-0.067985296,-0.029943766,-0.037998606,-0.025924256,-0.2147101,-0.007962833,-0.009686171,0.03445975,-0.01916931,-0.04336725,0.084356606,0.036470167,-0.07142678,0.4611748,-0.027393296,0.0683092,-0.005295857,-0.41681203,0.069850475,0.0031151676,-0.0049380157,-0.21307738,-0.0323277,-0.03565284,-0.38429645,-0.025324894,-0.07242013,-0.0074298615,-0.0052581416,0.2801134
-0.0115114385,0.09735258,0.008508635,0.03070313,-0.12882425,-0.011772365,0.104783066,-0.16960657,-0.023284383,-0.009548129,-0.1189639,0.018933687,-0.03743229,0.07688312,0.25865972,-0.26367232,0.4727294,-0.03224294,0.065494634,0.0013341382,0.2697405,0.06532685,0.0014486841,-0.005936037,-0.17878054,-0.0039294534,-0.020766744,-0.3187876,-0.12690152,-0.030740159,0.0076438896,0.019514838,0.5267012
0.0011844537,-0.036778685,-0.0046523926,0.027769601,0.0739851,-0.02992139,0.08488037,0.037549537,0.012504576,-0.0075020734,0.032938194,-0.030086609,-0.045511212,-0.1959622,-0.17259607,0.071161136,0.4842415,-0.020716285,0.06680692,-0.0041988967,-0.4765362,-0.63108504,-0.010866891,-0.0031719904,-0.18297651,-0.02797465,0.01731373,-0.06881689,0.06660341,-0.10925076,-0.0007203236,-0.0007810966,0.27237278
-0.007644248,0.19522464,-0.005466596,0.026721494,-0.10048765,-0.0420365,-0.073470995,0.023829523,-0.0017959531,-0.0030344771,0.028423432,-0.025151033,-0.115750596,-0.14383882,-0.24887452,-0.042710204,-0.8952865,0.0631569,0.08885509,-0.015705206,-0.21976656,-0.5015819,-0.022612229,-0.0027671396,-0.12332013,-0.0012174149,-0.018133692,-0.300346,0.062321883,-0.2060527,-0.0007203236,0.0027848342,0.07406212
-0.00053518993,-0.037651457,-0.0059913136,-0.07616699,-0.04453402,-0.03600947,-0.08478876,0.032681633,0.006899247,-0.0042767343,0.03683246,-0.028132048,-0.06707838,-0.15723051,-0.27526245,0.15293479,-0.9952748,-0.07858012,-0.35883957,-0.0072996654,-0.23135485,-0.4042256,-0.010452036,0.00038207555,-0.12898836,-0.026851054,-0.018133692,-0.43659455,0.06549053,-0.12873761,-0.0007203236,0.0075785886,0.03767485
-0.0010335245,-0.036778685,-0.0063583693,0.024066864,0.10424031,-0.03481664,-0.035269056,0.036115076,0.011960703,-0.0075020734,0.033229772,-0.030086609,-0.0418968,-0.21900566,-0.18597269,-0.14382595,0.53339,-0.021361167,0.07281292,-0.0041988967,-0.38959908,-0.7252623,-0.016748432,6.48587e-05,-0.16178516,-0.02797465,0.01731373,0.10137203,0.057030637,-0.10365333,-0.0007203236,0.00744143,0.25081694
-0.04534139,-0.017429557,0.008508635,0.037956275,-0.055085234,-0.011777578,0.09892783,0.043286506,0.030132765,0.007883655,-0.1589717,0.0293947,0.0503823,-0.21618578,0.34268722,-0.05135771,-0.9598115,-0.1442443,-0.3607814,-0.00026619772,0.23104694,0.0561049,-0.0027121627,-0.00088547484,-0.14948906,0.0034260422,-0.014429775,-0.33097258,-0.044387247,0.17117894,0.0007410736,0.01228236,0.20756961
-0.101696156,0.04493887,0.012660389,0.041662462,-0.1712265,-0.032498132,0.08769681,0.065549195,-0.036452297,0.008180016,0.038281668,0.04900543,0.08327327,0.09856715,0.36659035,-0.303219,-0.7825424,0.10536781,0.07230441,-0.006120153,0.16213174,0.06923147,-0.0010378641,0.0001864488,0.18675657,0.0006839002,-0.009956456,-0.4171267,-0.05473736,0.2259749,0.0012981314,0.017816456,0.4805335
-0.004799188,-0.039633434,0.0061757476,-0.06622815,-0.109389886,-0.03611999,0.019334985,0.05309293,0.010414196,-0.0042767343,0.042817887,-0.021133961,-0.052914966,-0.19859843,-0.095630705,-0.11701771,0.4642262,-0.021377413,0.06490081,0.002544852,-0.43273592,0.079860225,-0.0029959434,-0.0034891537,-0.19301149,-0.029038789,-0.04012616,-0.38561484,0.09004208,-0.087777354,-0.0007203236,0.0031501674,0.2678575
0.0020996225,-0.04115847,-0.005696787,0.0224988,0.02613413,-0.041251235,0.05790685,-0.16194421,0.01629913,0.008197821,0.031925548,0.038336545,-0.031255,-0.19587134,-0.20819212,0.08924575,0.47857457,-0.031336967,0.06624959,-0.018099032,-0.40019837,0.07455477,-0.00010539204,-0.0068825353,-0.21206321,-0.014274329,-0.004702462,-0.18843003,-0.048661232,-0.019380486,-0.0022597408,-0.010097738,0.3476722
-0.029379832,-0.0387033,0.006307564,-0.12727265,-0.3923782,-0.0073923296,0.094361216,-0.15680602,-0.040686697,0.0035703243,-0.1280404,0.022954587,0.048644993,0.053674445,-0.13736247,0.0099403495,-0.97034425,-0.1800319,-0.36213213,-0.01560486,-0.26120636,0.051474772,0.0039220797,0.009317502,-0.15718496,0.003122917,-0.0126637,-0.3388229,-0.28721088,0.12578316,0.0076438896,-0.14726342,0.037354972
0.019658402,-0.031785984,-0.011835336,-0.003523123,-1.0844964,-0.019429548,0.08866209,0.061497636,-0.03355868,0.007883655,-0.1504918,0.021919165,0.0503823,0.08776474,-0.18925874,-0.022184893,-0.9353276,-0.18459007,-0.4070992,-0.014904077,-0.27051234,0.05654853,-0.012400107,-0.0045318007,-0.23139733,0.003122917,-0.013660374,-0.39503875,-0.16906638,0.18135284,-0.0012617838,-0.00096231897,0.029086184
0.00238306,0.105751425,-0.0056658243,0.029464401,0.2767285,-0.025699653,0.10060918,0.07308086,0.013428563,-0.0075020734,0.061960213,-0.017619956,-0.02673132,0.10171917,-0.069122344,0.14455949,0.64573795,-0.017327778,0.06407597,-0.0005959401,0.24505606,0.07978765,-0.0014004464,-0.0018698368,0.24884915,-0.00074822665,0.01571018,0.9367393,0.09078635,-0.079823494,-0.0012617838,-0.0016877584,0.95605695
0.0106075965,-0.043062244,-0.0063583693,0.023185825,0.19859669,-0.03380436,-0.0138173085,0.036815923,0.011837362,-0.0075020734,0.036019508,-0.030086609,-0.032940708,-0.17824657,-0.16069458,0.15391526,0.59415144,-0.021361167,0.073819384,-0.0041988967,-0.3677078,-0.44443047,-0.018196542,0.0023650632,-0.13843401,-0.022659583,0.01731373,0.6837506,0.055097904,-0.10293485,-0.0007203236,0.00744143,0.5934658
-0.0011612928,-0.042691097,-0.0063583693,0.027498093,-0.14489459,-0.043836385,-0.06726309,0.02828014,0.009974108,-0.0042767343,0.034767818,-0.030086609,-0.052600518,-0.16190146,-0.30458167,-0.024905449,0.45516974,-0.021526989,0.062005293,-0.0068642218,-0.4185423,-0.56211835,-0.016259309,-0.00251579,-0.16222863,-0.02797465,-0.04012616,-0.4542472,0.06499019,-0.10058413,-0.0007203236,0.007728147,0.12928435
-0.004202394,-0.02046767,-0.0053745727,0.03007723,0.14990462,-0.025710935,0.124667324,0.05870685,0.021254087,-0.0062524555,0.034714855,0.039959796,-0.033409644,0.118629016,0.015007876,0.06345026,0.6104218,-0.016398303,0.061827812,0.0036696398,0.3250376,0.093733475,-0.0029582174,-0.0041003986,0.25955886,0.0008539788,0.01571018,0.14669713,0.11342554,-0.0062289527,-0.0012617838,0.00042288407,0.90567344
-0.02596945,-0.019419901,-0.010400724,0.029520938,-0.1298211,-0.026050767,0.10552989,0.06319151,-0.046247225,0.008180016,0.04742375,0.031721417,0.037183046,0.12361234,0.3105619,-0.07264116,0.43322828,-0.032149963,0.040183034,0.0026554517,0.29201096,0.07683578,-0.0023693512,-0.0016471744,0.2093051,0.003605046,-0.020766744,-0.35670173,-0.058096707,0.12770471,0.0012981314,0.015106175,0.778531
-0.016045617,-0.022522347,0.013591305,-0.025129352,-0.9680556,-0.047876853,0.037391003,0.04732285,0.009064881,-0.0042767343,0.04158285,-0.03273393,-0.079181,0.08383634,-0.22998866,-0.32025835,-0.97739625,-0.078893535,-0.36583462,-0.0010852423,-0.20879313,-0.42058134,-0.00027626974,0.0002384116,-0.22610559,0.003965047,-0.013660374,-0.63331914,0.11640181,-0.22166237,-0.0012617838,0.016854538,0.011842592
0.0012792143,-0.024094539,0.0061757476,-0.10446914,-0.12610781,-0.033113003,0.062396415,0.042511594,0.006867408,-0.0042767343,0.040533178,-0.02077373,-0.079181,0.07689793,-0.23788077,-0.10106959,-0.9673321,-0.07989203,-0.34329876,-0.0010852423,-0.24773163,-0.44576782,0.011669953,0.00046864152,-0.16873349,0.003965047,-0.013660374,-0.34840786,0.09441912,-0.14330553,-0.0012617838,-0.0017330402,0.04541466
-0.0010335245,-0.036778685,-0.0063583693,0.024066864,0.14268257,-0.03481664,-0.077523865,0.033963144,0.011960703,-0.0075020734,0.031496078,-0.030086609,-0.03574673,-0.18460506,-0.16440105,0.036898088,0.51921034,-0.021361167,0.07281292,-0.0041988967,-0.42580438,-0.64969164,-0.023101352,6.48587e-05,-0.16178516,-0.02797465,0.01731373,0.1525241,0.0542962,-0.10377405,-0.0007203236,0.00744143,0.31174308
-0.005237632,-0.032531083,0.040393814,0.055485718,-0.12602204,0.16881993,-0.021459747,-0.13685273,-0.008521585,-0.010427773,-0.20102558,-0.02643578,-0.059180945,-0.11612004,-0.23332256,-0.10256362,-0.99705374,-0.096700475,-0.36586022,-0.00014554005,-0.20826575,0.05975522,-0.018812459,-0.0018560824,-0.17657168,0.004157375,-0.018133692,-0.5613744,-0.08981176,-0.1271753,-0.0022597408,-0.0065560485,0.034853864
-0.014651221,-0.017732834,-0.0044422643,0.027326815,0.18420328,-0.024653638,0.124667324,0.05976247,0.023662245,-0.0075020734,0.038217064,0.039959796,0.031448375,0.14165819,0.17444451,0.0646291,0.5604655,-0.028290449,0.06594615,0.0036696398,0.25875533,0.098533385,-0.0031205106,-0.0041003986,0.21874057,0.00090001617,0.01571018,0.33025473,0.12246017,0.1431264,0.0012981314,0.0007027421,0.93857807
0.0025622144,-0.022264065,-0.0046523926,0.020278195,0.04502693,-0.02503164,0.09142892,0.06075519,0.012726236,-0.0042767343,0.041969087,-0.03095523,0.04519346,0.10098471,-0.016799234,-0.101692475,0.52519447,-0.024145922,0.07592569,0.003234196,0.29791006,0.0792023,0.0052957847,-0.0013201176,-0.22398838,0.003215546,-0.012065866,-0.19279033,0.10275136,-0.019077929,-0.0012617838,2.403336e-06,0.7178628
0.00029292563,-0.022026302,-0.007371801,0.02989164,0.25528893,-0.029989028,-0.08642828,0.06933318,0.01288469,-0.0075020734,0.06437312,-0.021016382,-0.02673132,0.10480605,-0.10152034,0.121445775,0.64573795,-0.021673724,0.06419983,0.0024503544,0.24706988,0.07843797,-0.0014004464,0.00042789127,0.24828991,0.0014986708,0.01571018,0.93532544,0.089195594,-0.08044826,-0.0012617838,0.0015739491,0.9359211
-0.017949503,-0.017261405,0.01078396,0.031303648,0.17751387,-0.03232451,0.10784525,0.05152796,-0.03891736,0.01855528,0.040631786,0.031721417,0.03106365,0.14475754,0.3090748,0.08995865,0.53045,-0.032482296,0.05120506,0.0036696398,0.3157047,0.09095992,-0.00079046574,-0.002438595,0.19779928,0.0008431269,0.01571018,0.29302877,-0.040531144,0.12128145,0.0012981314,0.015105845,0.9308388
-0.00010272255,-0.03985262,0.009908722,-0.083137386,-0.10532988,-0.013525196,-0.027476924,-0.13986506,-0.016331227,-0.0044585485,-0.11393326,-0.011038387,-0.038945556,-0.11476722,-0.12869905,0.047519464,0.45586357,-0.047594994,0.061972346,-0.007103596,-0.37896344,0.064943984,0.009049644,0.011307323,-0.17663488,0.003368856,-0.04012616,-0.47926655,-0.08402913,-0.06785749,-0.0022597408,-0.0006553279,0.20465186
0.0025622144,0.09879941,-0.0051745554,0.025428094,0.0460787,-0.00899456,0.0922766,0.04905898,0.013043661,-0.009548129,-0.14580783,0.030078601,-0.033066835,0.09533082,0.010982977,-0.10919425,0.54766595,-0.03072535,0.074009225,0.0008986943,0.28511,0.078977585,-0.0020272424,-0.0030434774,-0.2304407,-0.004603395,-0.012065866,-0.16236645,-0.01336262,-0.040192552,0.0012981314,-0.0011071919,0.6770897
0.013304436,-0.029349227,0.008966903,-0.08969619,-0.04372577,-0.037258316,-0.08452885,0.033202607,0.010521599,-0.0042767343,0.029183501,-0.021208422,-0.0951018,0.19269302,-0.8742334,-0.06120984,-0.9064929,0.06991317,0.076180466,-0.0023954913,-0.25823966,-0.6124273,-0.009513586,-0.001773223,0.24588619,0.004289034,-0.011922141,-0.32790908,0.059208628,-0.18169446,-0.0012617838,0.0005397804,0.05679807
0.02040331,0.10920325,0.0063394876,0.025345173,-0.12544394,-0.031426396,0.12999968,0.06462681,0.030276833,0.008197821,0.045206323,0.035779994,0.037183046,0.110189065,0.17619443,-0.07536924,0.46709162,-0.030528316,0.05565237,-0.0052453475,0.25226963,0.07932806,0.0018473383,0.0008753693,0.23198685,0.0006839002,-0.020766744,-0.34684646,-0.010433198,0.1460819,0.0012981314,0.001431409,0.8163758
0.00797493,-0.028205,-0.025741316,0.051550582,-0.1383906,0.2299449,-0.025077213,0.0599232,0.010494759,0.015283003,0.07762455,-0.036190346,0.048681255,0.070592955,-0.19756205,-0.04135813,0.42897984,-0.028328354,0.06917987,-0.004505773,-0.3732686,0.06905129,-0.01277255,0.004911818,-0.22075133,0.004157375,-0.03565284,-0.6253349,-0.04625404,-0.009899698,-0.0012617838,0.0009634621,0.35418588
-0.00033532374,-0.03450959,-0.0059913136,-0.07392274,0.111712396,-0.025760865,-0.028813379,0.034426466,0.00067646813,-0.0075020734,0.027665628,-0.018744037,-0.11080441,-0.21242504,-0.26051322,-0.13825585,-1.1138763,0.077790774,0.09856052,-0.005324689,-0.2367517,-0.6168691,0.09127886,-0.00251579,-0.10215853,0.0040040654,0.011749474,0.14239135,0.08330516,-0.1808505,-0.0007203236,0.0063231154,0.08423028
-0.006930528,-0.037992816,-0.0062531615,-0.08248324,0.20915711,-0.026461706,-0.025173241,0.036826167,0.006659058,-0.0075020734,0.03980771,-0.018339682,-0.051586077,-0.19023845,-0.31257388,-0.06106125,-1.3099056,-0.08020699,-0.45596105,-0.0041988967,-0.24980202,-0.40005165,-0.014631438,6.48587e-05,-0.14528467,-0.02797465,0.011749474,0.58026195,0.06597741,-0.1254928,-0.0007203236,0.0069312355,0.070250966
-0.0049411925,-0.037079655,0.013087705,-0.08526272,-0.10984874,-0.014161225,0.023070479,-0.1509617,0.023033272,0.00790146,-0.12640585,0.02121873,-0.025196005,-0.17078413,-0.1661147,0.036389608,0.45553216,-0.038690556,0.05091938,-0.013850616,-0.4138354,0.065223694,0.0005609705,-0.007959631,0.23347741,0.0010463066,-0.04012616,-0.3766531,-0.1406091,-0.0043707057,-0.0022597408,0.02261803,0.2943226
-0.00031783234,-0.040951077,-0.0063583693,0.023185825,0.094410524,-0.03464799,-0.018974017,0.034803305,0.011960703,-0.0075020734,0.032699846,-0.030086609,-0.03574673,-0.16597542,-0.15020905,-0.063618235,0.57872,-0.021306261,0.071935855,-0.0037634526,-0.36665833,-0.5311386,-0.02070599,-0.00251579,-0.13843401,-0.02797465,0.01731373,0.6865814,0.0542962,-0.10122487,-0.0007203236,0.007728147,0.48634246
-0.0009979019,-0.04559311,0.0011610345,-0.0918455,-0.062183164,-0.010070138,-0.076603875,-0.105976276,-0.019291094,0.0035881295,-0.09520427,-0.017917594,-0.0595735,-0.06750439,-0.29075104,-0.22554125,-1.0017095,-0.111487664,-0.36364427,-0.005048082,-0.22702754,0.062274903,0.009177885,0.010044917,-0.14199781,0.005663488,-0.0112654185,-0.30112198,-0.06972258,-0.11629374,-0.0022597408,-0.014647994,0.03413112
0.0025622144,-0.022706283,0.0075704553,0.021817314,0.04877768,-0.031000115,0.10365089,0.058523975,0.009194958,-0.0042767343,0.035410326,-0.031389926,-0.036456477,0.13329493,-0.099124,0.07585457,0.56832534,-0.017254705,0.06136709,0.00083503575,0.28371727,0.08673992,-0.0008949827,0.00019401684,0.2752615,0.00339455,-0.012065866,-0.054966114,0.08560168,-0.10575755,-0.0012617838,-0.001405701,0.82405776
0.094305106,-0.006011356,0.0042482726,0.051361654,-0.80375254,-0.020859892,0.057180524,-0.21135841,0.0434101,0.0121508,-0.09531283,0.025543317,0.048644993,0.075096555,0.36972374,-0.26188853,-0.9788274,-0.16760132,-0.3749773,0.0022200078,0.20195423,0.04918642,-0.008016503,0.01738649,-0.16877016,0.0034260422,-0.009956456,0.43137413,-0.10706122,0.23176578,0.0076438896,0.0036971513,0.20044355
-0.0022566328,-0.027954204,-0.0029558751,0.020824768,-0.024833143,-0.015163421,0.08095484,0.04446661,0.015677404,0.00790146,-0.13820815,0.03759116,-0.054474756,-0.21727335,0.091394804,-0.15291044,-1.0877757,-0.093305126,-0.37240344,0.00011886045,0.23717846,0.07827961,-0.00070547324,-0.00042678427,-0.17553918,-0.034694895,-0.014429775,-0.1716518,-0.048608862,-0.06154511,0.0007410736,-0.0028850392,0.12085888
-0.004645605,-0.030516842,3.8954677e-05,-0.102783754,0.01675527,-0.031192102,0.05619167,0.03358579,0.005245646,-0.0030344771,0.03927486,-0.018744037,-0.07957355,-0.16355178,-0.22721006,-0.05815048,-0.97365963,-0.08008127,-0.34165633,-0.0075506526,-0.24825662,-0.4260694,-0.00026617633,-0.00095352717,-0.15085329,0.003965047,-0.018133692,-0.36552978,0.073498465,-0.1334352,-0.0007203236,-0.0054190643,0.041372623
-0.0052756313,-0.02981526,-0.0046523926,0.017422609,-0.06467768,-0.027146539,0.07262812,0.05802309,0.015922576,-0.0042767343,0.04373301,-0.02892554,0.054575816,-0.20174961,-0.011271094,-0.15826504,0.50836486,-0.023638563,0.06704172,0.00030331686,0.3013681,0.07416305,0.0069876886,-0.00520292,-0.17006657,0.0043786145,-0.025240064,-0.30918753,0.14283204,-0.0022415977,-0.0007203236,-0.000536244,0.59758335
-0.0142896185,-0.025030391,-0.0113330325,0.016925216,-0.08530039,-0.02655871,0.12521489,0.0645474,-0.02416165,0.008197821,0.03728722,-0.02486328,0.08327327,0.11511948,0.13490087,-0.1319559,-0.8984438,0.081058905,0.09116388,0.0013452024,0.21371697,0.088161565,0.0018473383,-0.0011134911,0.2173377,0.006145617,-0.009956456,-0.22041035,-0.05321662,-0.07722409,0.0012981314,-0.0015523522,0.4458832
0.012851185,-0.016759982,-0.0044422643,0.025371186,0.18052582,-0.027976,0.12717968,0.061675265,0.027143704,0.022882042,0.0384265,0.039959796,0.025038457,0.14310336,0.30308148,0.07987469,0.5512816,-0.031694874,0.066823214,0.003234196,0.28257787,0.09344999,-0.00079046574,-0.0013881158,0.22348918,0.0008431269,0.01571018,0.31141785,-0.0007709848,0.1312131,0.0012981314,0.0014310793,0.94194794
-0.0019569555,-0.026041556,-0.007371801,0.02738364,0.24268577,-0.032195184,-0.08033501,0.06259123,0.01567871,0.022882042,0.063102275,-0.022629771,-0.019122738,-0.23872581,-0.12535506,0.12103601,0.6602191,-0.01815459,0.06126562,-0.0004880731,0.2477785,0.073457934,0.00017486108,-0.0023841562,0.22351113,0.0014417815,0.021357514,0.9756308,-0.00821768,-0.06433471,-0.0007203236,-0.0027215194,0.90636116
-0.0075876955,-0.02944159,-0.0070805494,0.02455048,-0.002833167,-0.03486955,-0.086059295,0.029993497,0.01679069,-0.0075020734,0.02482062,-0.03177446,-0.0314005,-0.24833821,-0.6940916,0.012974031,0.5030632,-0.02108313,0.056894552,-0.004449884,-0.46965984,-0.6847483,-0.019536247,6.48587e-05,0.19155046,0.00418307,0.01731373,0.07968499,0.042034026,-0.10198064,-0.0007203236,0.00744143,0.20241845
-0.006577798,-0.026520224,-0.015783632,0.045167245,0.06434457,0.20698248,-0.076335244,0.041603908,-0.010721953,-0.014992269,0.048852388,-0.026696613,-0.028257573,0.09754749,-0.06960338,0.04688587,0.51970166,-0.022591112,0.080095485,-0.0031557914,-0.42715672,0.09453437,0.000547503,0.00088325795,-0.21212626,0.0040398994,0.011666397,0.21447346,-0.0038183383,-0.079162695,-0.0012617838,0.0033870246,0.6356428
0.002275467,-0.024775676,-4.2297477e-05,0.022841247,-0.14337437,-0.024092348,0.12271835,-0.22120048,0.0139200855,-0.004596591,0.03599033,0.03928536,-0.042246543,0.079604045,-0.051504355,-0.18989296,0.5223619,-0.021244438,0.06334685,0.0027895225,0.30244237,0.068978556,0.002965148,0.010436623,-0.21349865,0.0030301935,-0.020766744,-0.3372048,-0.026661424,-0.03871385,-0.0074298615,-0.005227335,0.5052658
-0.027474787,-0.03225294,0.00089498167,0.030649409,-0.05908256,-0.03377586,0.09063196,0.064986914,0.031303167,-0.0030344771,0.03777007,0.03500379,0.11783853,0.10170711,-0.24176612,-0.24383864,-0.6994054,0.13424855,0.10524707,-0.015551721,-0.25493413,0.07784291,0.0036157127,-0.0047830343,-0.16606972,0.0018917484,-0.013660374,-0.07558747,0.17306021,0.23018642,-0.0012617838,-0.0017062079,0.3689425
0.00034423638,0.10118212,-0.0070805494,0.023506142,0.013630336,-0.0316866,-0.122548506,0.056279577,0.012265974,-0.0042767343,0.038855124,-0.027993502,0.042203993,0.10621546,-0.036275815,0.1056524,0.5504449,-0.024492374,0.06455247,0.00082298525,0.26396418,0.086625025,-0.0009665075,0.00042789127,0.2540384,0.00047340413,-0.012065866,-0.12017057,0.115362175,-0.013977032,-0.0012617838,-0.001584931,0.8224473
0.0025622144,-0.020790726,-0.0053745727,0.021872582,0.19650845,-0.024735661,0.12717968,0.070258886,0.027330667,-0.0075020734,0.038421225,-0.031389926,0.036375508,0.13416483,0.03290583,0.05506757,0.6046258,-0.024218997,0.065899394,0.003234196,0.25440866,0.09949886,-0.0028095834,-0.0015197496,0.23204975,0.00339455,0.01571018,0.31220672,0.12687533,-0.0060864603,-0.0012617838,0.00013616745,0.91949815
-0.0019130702,-0.034260772,0.014616449,-0.10204706,-0.18834671,-0.036015343,-0.0453514,0.02206367,0.006899247,-0.0030344771,0.028523287,-0.032802075,-0.07342348,-0.14430152,-0.4390472,-0.23094045,-0.9952748,-0.079347916,-0.35672134,-0.0075506526,-0.2365325,-0.4042256,-0.010452036,-0.0073191277,-0.1502432,0.003965047,-0.018133692,-0.44906375,0.037568044,-0.19760501,-0.0007203236,0.0029313574,0.017505908
0.014738395,-0.027637621,-0.0038751916,-0.085700855,0.018804904,-0.0019528486,0.11779916,0.048234086,0.023618238,-0.009548129,-0.1468696,0.031181639,0.05090624,-0.23278089,0.32096997,-0.21619402,-0.99301124,-0.15081225,-0.3949371,0.00011886045,0.25103697,0.06869293,0.0012477395,-0.004345631,-0.16480899,-0.034694895,-0.014429775,-0.1599539,-0.023923837,0.16246185,0.0007410736,-0.00075150264,0.18921399
-0.0010335245,-0.036778685,0.009284249,0.024354484,0.09208839,-0.038999487,-0.030607166,0.033963144,0.011960703,-0.0075020734,0.031372163,-0.030086609,-0.03574673,-0.21900566,-0.21179187,-0.14415018,0.557144,-0.021361167,0.07281292,-0.0041988967,-0.37355077,-0.7126236,-0.023101352,0.00046219444,-0.13896994,-0.02797465,0.01731373,0.21082307,0.05411231,-0.10415785,-0.0007203236,0.00744143,0.2811676
0.0025622144,-0.022264065,-0.0046523926,0.020165036,0.05276782,-0.026033536,0.08841602,0.057485085,0.0071406784,-0.0042767343,0.035823625,-0.03095523,-0.046755254,0.10190232,-0.10693294,-0.08774236,0.5505045,-0.017254705,0.07317023,0.00083503575,0.29791006,0.0793172,0.005585165,-0.0016702046,-0.22985317,0.003215546,-0.012065866,-0.18947469,0.091576636,-0.11412153,-0.0012617838,-0.0015394653,0.66196734
0.008697482,0.13754228,-0.005658682,-0.0071930154,-1.0339237,-0.055855647,0.04949519,0.03806223,0.008579055,-0.0030344771,0.041516315,-0.03364469,-0.07957355,0.07300304,-0.23254953,-0.32913607,-0.9721488,-0.0782814,-0.37607795,-0.003411514,-0.1930186,-0.43035883,0.0038493213,0.0023938278,-0.22672881,-0.0012564331,-0.013660374,-0.58518827,0.09745275,-0.23096165,-0.0012617838,0.013316257,0.013145195
0.0010943789,-0.032258615,-0.012671953,-0.072612435,-0.102738604,-0.0347092,-0.029929768,-0.2140161,-0.016991442,-0.009686171,0.034557704,-0.017214078,-0.0296177,0.09000346,0.04972748,0.094406925,0.4608545,-0.027393296,0.049660306,-0.0043899836,-0.39953557,0.06712657,0.0031853067,-0.004390569,0.2634967,0.0043363795,-0.03565284,-0.42235136,-0.047743484,-0.06977338,-0.0074298615,-0.005124048,0.4067951
-0.00031783234,-0.038942218,0.008428222,-0.09448812,-0.016126592,-0.031621914,-0.08001981,0.027818616,0.0104599325,-0.0055263527,0.03475248,-0.021133961,-0.03936114,-0.16909131,-0.2505508,-0.020589883,0.46856272,-0.023856582,0.06274879,-0.0068642218,-0.39874652,-0.57795644,-0.023101352,-0.0021184543,-0.18875973,-0.02797465,-0.004702462,-0.32524174,0.05267382,-0.10211524,-0.0007203236,0.006985704,0.1575002
0.038178183,-0.03758307,0.006307564,-0.09846834,-0.388132,-0.013349747,0.0908228,-0.1448184,-0.04293658,0.0035703243,-0.13745779,0.020433273,0.048644993,-0.11100921,-0.12818433,-0.110208526,-0.98448217,-0.19027919,-0.36048967,-0.01109432,-0.2654959,0.048595436,0.0032153805,0.020258415,-0.13378035,0.003122917,-0.0112654185,-0.51996696,-0.18139456,0.15048608,0.0023248363,-0.1423178,0.02999696
0.0025622144,-0.022168802,-0.0053745727,0.02519065,0.13249494,-0.025358511,0.11591734,0.06370787,0.012560273,-0.0062524555,0.032654807,-0.031389926,-0.036456477,0.12369625,-0.13130935,0.07503052,0.6124163,-0.016956273,0.06207711,0.00083503575,0.3234864,0.091408856,-0.0027380586,-0.0018698368,0.26048774,0.00339455,0.01571018,0.14450806,0.089255325,-0.10130204,-0.0012617838,-0.001405701,0.870355
-0.013012067,-0.028944654,0.01584378,-0.09994922,-0.4423871,-0.04174117,-0.04070811,0.031789955,0.006899247,-0.0042767343,0.037247177,-0.030704236,-0.067304835,-0.14009461,-0.3228146,-0.23162594,-1.0035285,-0.079672754,-0.3541869,-0.0071152085,-0.22408645,-0.38511184,0.07970195,0.0005065894,-0.15956047,0.003965047,-0.018133692,-0.46969363,0.113126464,-0.20847341,-0.0007203236,0.025898261,0.018737411
-0.010744126,-0.02620209,0.0025821326,0.034199953,-0.051499624,-0.008757387,-0.115750834,0.050151594,-0.025007518,0.003582378,-0.12240884,-0.01876069,0.09446331,0.078403525,0.05641583,-0.17914517,-0.87075484,0.10665194,0.10110305,0.0013452024,0.19743589,0.08090042,0.0030505843,-0.0031446344,-0.13240099,0.005966613,-0.009956456,-0.054492757,-0.107269645,-0.07324753,0.0012981314,-0.0028141441,0.2902322
0.0011903027,0.110427536,0.009284249,0.022315947,-0.030471122,-0.03578973,-0.04489783,0.059008483,0.007005452,-0.0042767343,0.039226435,-0.02755881,-0.052522413,0.077365145,-0.13056411,0.09194085,0.533344,-0.018213017,0.07289901,-0.0015004657,0.28749987,0.07680284,-0.0022359001,0.001024859,-0.19993192,-0.00096446445,-0.020766744,-0.3099091,0.11625205,-0.11197839,-0.0012617838,0.0018563354,0.649115
0.02248521,-0.039899737,0.009739603,0.026324257,-0.14832398,-0.013155101,0.088416725,0.06012765,-0.013042274,-0.009548129,-0.12343405,-0.031501573,0.100906685,0.08878837,-0.16043343,-0.08282177,-0.7704188,0.14681591,0.106885746,-0.0057294136,-0.23032562,0.07810655,0.004445269,-0.0010124939,-0.16330057,-0.08994529,-0.013660374,-0.23332277,-0.052179284,-0.06208816,-0.0012617838,-0.0050678584,0.19515118
3.2454263e-06,-0.024908548,-0.006513477,-0.08458856,0.15917698,-0.018838555,-0.09005056,0.05322869,0.0068680053,-0.016643587,-0.13269082,-0.017708598,-0.019713733,0.09815525,-0.10288716,0.036525667,0.5251905,-0.030738749,0.080124505,-0.0031557914,-0.43529055,0.09251577,-0.0009954252,-0.0012954681,-0.20877437,0.0040398994,0.011666397,0.2769859,-0.024187118,-0.08063512,-0.0012617838,-0.0026244356,0.5353234
-0.05745564,-0.0021384875,-0.010400724,0.04363098,-0.1857531,-0.025974749,0.0897292,0.05253916,-0.05162337,0.008180016,0.048457548,0.056905746,0.0397162,-0.2551306,0.45613304,0.027561938,-0.95262754,-0.12631305,-0.22507042,-0.00026619772,0.22240467,0.060058657,0.002472126,-0.0031795579,0.19900241,0.003605046,-0.014429775,-0.39596695,-0.058275674,0.14977433,0.0007410736,0.012511935,0.31203315
3.2454263e-06,-0.03566632,-0.0063583693,0.020870555,0.16067559,-0.03642337,-0.08247221,0.058042604,-0.010721953,-0.01678163,0.03937342,-0.029086538,-0.028257573,0.12156266,-0.06807546,0.08515131,0.5912838,-0.024823347,0.080095485,-0.005197134,-0.34966835,0.10941484,0.000547503,-0.0012954681,-0.18606102,-0.027160332,0.011666397,0.52841866,-0.018069405,-0.05983028,-0.0012617838,-0.001600991,0.71480674
-0.023511827,-0.035749312,-0.027327735,0.039087467,-0.025786512,0.13911219,-0.048142865,0.045205332,0.0057210336,0.009789953,-0.23658589,0.029651796,0.07867935,-0.23179209,-0.06796686,-0.08050282,-0.76769865,0.1596857,0.09601215,-0.0052185943,-0.26156583,0.07512869,0.00053236494,0.0016509199,0.22541091,0.0016783319,-0.018133692,-0.22131851,-0.059356682,0.18770494,-0.0007203236,-0.0049405526,0.2848117
-0.00031783234,-0.035262264,0.008428222,-0.08055115,0.049801722,-0.029152673,-0.074431084,0.034896694,0.012446529,-0.0075020734,0.031598803,-0.021133961,-0.03574673,-0.1916438,-0.1753743,0.030811178,0.49362567,-0.023635855,0.071935855,-0.0037634526,-0.48522455,-0.6279652,-0.023101352,-0.0021184543,-0.16127291,-0.02797465,0.01731373,0.10947928,0.053552497,-0.08951781,-0.0007203236,0.006985704,0.2544565
0.0591704,0.00041221362,0.011856738,-0.14876308,-0.217716,-0.002748851,0.07695967,-0.17130305,0.04795015,0.007883655,-0.10382964,0.027253171,0.026417661,0.08010471,0.38010666,-0.10025109,-0.90043515,-0.13089275,-0.24214894,0.0022200078,0.22780441,0.053420678,-0.0010378641,-0.005315128,0.19411004,0.003605046,-0.009956456,-0.35808778,-0.1522063,0.16722617,0.0076438896,0.0075812475,0.25684825
-0.023557326,-0.017512718,-0.0044422643,0.033553086,-0.098202094,-0.026938101,0.07339761,0.060891792,-0.033374727,-0.009686171,0.044905744,0.036441397,0.037183046,0.13376501,0.25509122,0.0066249305,0.4544814,-0.030817289,0.05712699,0.0032249663,0.29273868,0.079503514,0.0001498599,-0.005624126,0.22657351,0.000999621,-0.020766744,-0.36363047,-0.017074903,0.12770471,0.0012981314,0.0017181255,0.79839563
0.018023845,-0.034167424,-0.027307875,0.058897234,-0.0463953,0.1132164,-0.01724684,-0.1666055,0.009667898,0.009789953,-0.19227791,0.03369302,-0.10785316,0.056911822,-0.23456784,-0.14329197,-0.8464441,0.114930406,0.09377102,-0.00035568327,-0.21599828,0.067452386,-0.012004693,-0.001747804,-0.17734838,0.0017384026,-0.013660374,-0.40172186,-0.14539957,-0.052061535,-0.0074298615,-0.0025852195,0.10267693
0.005057088,-0.03712989,-0.0046523926,0.027902063,0.0133490125,-0.038021453,0.042886913,0.038887046,0.00035578397,-0.0042767343,0.032976896,-0.027696684,-0.12785321,-0.16500789,-0.2637773,-0.06333306,-0.86610174,0.060858034,0.08550307,-0.0138143785,-0.25167948,-0.44110793,0.013467894,-0.0024249114,-0.1365847,0.003965047,-0.018133692,-0.53767365,0.086813495,-0.22266002,-0.0007203236,-0.0015774488,0.062289067
0.00527999,-0.033372793,0.009908722,-0.07807154,0.06368698,-0.020394323,-0.070961796,0.050370317,0.007669102,0.013957644,-0.11180089,-0.014714324,-0.028234998,-0.18669096,0.07326039,0.032398436,0.5163535,-0.027274,0.071488254,-0.0053243344,-0.45044914,0.08921822,-0.0001591963,0.0068873973,-0.19299012,0.0040398994,0.01731373,0.05113607,-0.031861443,-0.07546934,-0.0007203236,-0.010479476,0.44387504
-0.001407184,-0.027779298,-0.018232137,0.021872707,0.19830143,-0.026157761,-0.06326667,0.055368725,0.00714814,-0.016643587,-0.3291331,-0.02430166,-0.01599629,0.104826346,-0.017034568,0.04707964,0.60354155,-0.023183947,0.06267234,-0.004992043,-0.32410955,0.08057928,0.001885115,-0.0038761168,0.2503014,0.0042189034,0.011666397,0.5976268,-0.004094875,-0.059646137,-0.0012617838,-0.0019749147,0.7657646
0.014476284,-0.032123405,0.040393814,0.0643427,-0.09017897,0.14788654,-0.02429523,0.055222373,0.021227121,0.009789953,-0.2933817,0.025256848,0.03764397,0.07842788,-0.18259346,-0.009037558,0.4145412,-0.04505464,0.07006726,-0.01043622,-0.37129268,0.06597958,-0.01277255,0.007044326,-0.20797199,0.001616804,-0.03565284,-0.6735937,-0.046881862,0.15690584,-0.0012617838,-0.001405288,0.32594976
-0.014524048,-0.04303545,-0.011313172,0.028431855,0.01635923,-0.0316449,0.087393485,-0.16600764,-0.03662511,0.008180016,0.030211158,0.045516867,0.060108997,-0.14398773,-0.11445349,-0.100642994,-0.92831993,-0.16769649,-0.33117402,-0.012700976,-0.2584129,0.05290077,0.0037385698,-0.0062529864,-0.1534469,-0.08011143,-0.018133692,-0.38283476,-0.10778875,0.16306311,-0.0022597408,-0.010349685,0.07410606
-0.0025288947,-0.03813132,0.011213054,0.020192824,-0.13360938,-0.033925258,-0.02581663,0.04643212,0.0065936674,-0.009548129,-0.14578873,-0.024631552,-0.0399547,-0.17902568,-0.11090464,-0.15896384,0.4665142,-0.03045513,0.06678166,0.0034507252,-0.41745764,0.07299581,0.0006060698,-0.0036421816,-0.19496399,0.0040398994,-0.04012616,-0.3866983,-0.031795047,-0.07756634,-0.0007203236,0.0018584381,0.21669611
-0.100227445,-0.0109751215,-0.0020977138,0.047813356,0.030494649,-0.0031259083,0.07261245,-0.12887608,-0.04251789,-0.00434959,-0.059699435,0.032321587,0.048644993,-0.15275173,0.54358983,-0.16054219,-0.88327754,-0.13999805,-0.23739424,-0.00026619772,0.22090977,0.052098285,-0.0017445633,0.028408328,-0.12312431,0.0034260422,-0.014429775,-0.26788834,-0.10326615,0.16085169,0.0023248363,0.003022745,0.2517156
-0.07918122,-0.00083163613,0.0004430383,0.055002153,-0.0020011351,-0.027052822,0.060551308,-0.18986127,-0.028163364,0.0038787392,0.01832191,0.02288383,0.09722271,0.074746735,0.3941488,-0.19926003,-0.7198121,0.10536781,0.06977679,0.0013452024,0.20796776,0.060154412,-0.0010378641,0.003044046,-0.12776512,0.0034260422,-0.009956456,-0.41793326,-0.108550444,0.21430588,0.0076438896,-0.02560033,0.39264077
-0.0015404223,-0.022638995,-0.0070805494,0.02542977,0.08364661,-0.033416215,-0.09659559,-0.18038325,0.012022723,-0.011661891,0.027642816,-0.031389926,-0.026908763,0.107526414,-0.14051543,0.040476315,0.6173366,-0.01592992,0.060128447,0.0012704796,0.30069888,0.080593325,0.000547503,-0.0077182963,0.2584109,0.0033376608,0.01571018,0.16230346,-0.0009341297,-0.086127385,-0.0074298615,-0.0026957232,0.7728839
-0.007182054,-0.019653765,-0.005466596,0.020201027,0.12804152,-0.030578995,-0.11298433,0.06230361,0.01390956,-0.005010198,0.03460038,0.03928536,-0.0371883,0.102263525,-0.012924514,0.050431956,0.61395985,-0.020367444,0.081402704,0.0027138134,0.32844383,0.0946913,-0.0029582174,-0.0054682954,-0.18475798,0.0006749749,0.01571018,0.31552586,0.10267805,-0.010485772,-0.0012617838,-0.0055789393,0.8382849
0.027126998,-0.019701663,0.01078396,0.02934703,-0.088681564,-0.029969214,0.12415596,-0.19649236,0.03551483,0.008180016,0.03128693,0.035239816,0.074995376,0.11577499,0.3939306,-0.05832456,-0.7981871,0.110012405,0.07028024,-0.004043718,0.2203472,0.06512562,0.0030505843,-0.0022674548,0.21516156,0.003605046,-0.009956456,-0.2952481,-0.036431167,0.22923489,0.0076438896,0.032118727,0.59968764
-0.03060264,0.23033376,0.006307564,-0.034214426,-1.065984,-0.011797616,0.069381654,-0.12101037,-0.04293658,0.0035703243,-0.121294826,0.025497312,0.048644993,-0.0817197,-0.10021036,0.04297743,-0.9846362,-0.18505397,-0.36805266,0.015355368,-0.18179676,0.05054325,0.0032153805,0.012189429,-0.17566642,-0.0011909705,-0.0112654185,-0.32118523,-0.17114422,0.122273624,0.0023248363,-0.13795738,0.031843666
0.010265796,0.16234106,0.042669136,0.052433714,-0.009852282,0.3007694,-0.033280052,0.0542528,-0.022924034,0.015283003,0.09532334,0.0262243,0.038364995,0.096646786,0.00057210797,-0.027648095,0.433599,-0.03759359,0.057507683,-0.0034055489,-0.35954723,0.07735096,0.0029365425,0.0064968793,0.23791993,-0.00017872646,-0.03565284,-0.3807797,-0.046859663,0.12560327,-0.0012617838,-0.0012583812,0.7264865
3.2454263e-06,-0.030239472,-0.006880532,0.020729663,0.15114091,-0.027204117,-0.08972717,0.053135302,0.006382179,-0.016643587,-0.116335616,-0.029051168,-0.020106288,0.10143765,-0.07280016,0.060472824,0.54045534,-0.028409155,0.080124505,-0.005197134,-0.4041604,0.09675019,0.000547503,-0.0012954681,-0.21117386,-0.027160332,0.011666397,0.3242969,-0.019887501,-0.07586308,-0.0012617838,-0.0018819915,0.58962476
0.0127066625,-0.038673572,0.028753344,-0.15191554,-0.06822091,0.09255894,-0.022709766,-0.14304225,-0.00030691107,0.009789953,-0.19735536,-0.018145924,-0.082669005,-0.14606029,-0.11821244,-0.12124666,-0.8868439,0.102156475,0.0760593,0.010635779,-0.23854385,0.07602151,0.002301368,0.0020654188,0.26312178,0.004179885,-0.018133692,-0.24017812,-0.07949285,-0.15773506,-0.0022597408,-0.008921353,0.123492375
0.024529127,-0.012734275,-0.0118774995,-0.11032044,-0.2657272,-0.017403787,0.09712436,-0.17749164,-0.021165393,-0.0044876323,0.03279691,0.043502726,-0.106166966,0.08628285,0.08889136,-0.1378152,-0.93187255,0.06853903,0.08195869,-0.004043718,0.18713199,0.071562394,0.0030301912,0.008027046,-0.16095276,0.0034260422,-0.009956456,-0.49423864,-0.028364262,-0.078203805,0.0076438896,-0.021489184,0.15586603
-0.00031783234,-0.038942218,0.008428222,-0.09448812,-0.008032596,-0.031621914,-0.08001981,0.031558212,0.0104599325,-0.0055263527,0.03173025,-0.021133961,-0.045511212,-0.16386887,-0.25885564,-0.008653643,0.46557176,-0.023543151,0.06274879,-0.0037634526,-0.39874652,-0.5758286,-0.016748432,-0.0021184543,-0.18875973,-0.02797465,-0.004702462,-0.21573374,0.05267382,-0.10211524,-0.0007203236,0.006985704,0.17551714
-0.004202394,-0.020790726,0.0075704553,0.022047043,0.19792323,-0.030093925,0.117877394,0.066821575,0.014546867,-0.0075020734,0.03250555,-0.031389926,-0.031519923,0.13132928,-0.076857254,0.06522549,0.61973035,-0.014375024,0.062266856,0.0012704796,0.2764228,0.09644946,-0.0027380586,-0.0023866321,0.24014601,0.00339455,0.01571018,0.29353815,0.08860993,-0.09277784,-0.0012617838,-0.0011189845,0.89444023
0.0015020095,-0.02935489,-0.010268778,0.03017811,-0.15715021,-0.040877696,0.050033633,0.04095129,0.008579055,-0.0042767343,0.036053944,-0.043784413,-0.079181,0.07702048,-0.33642384,-0.283961,-0.9490375,-0.0774323,-0.35113683,-0.0015206861,-0.2470919,-0.4198786,-0.0006487112,-0.0013529877,-0.17086886,0.003965047,-0.013660374,-0.47229,0.056762557,-0.20462725,-0.0012617838,-0.0011494188,0.029551053
0.020250347,-0.030548302,0.0075704553,0.029473348,-0.07714094,-0.027086213,0.11529492,0.060339086,0.010057115,-0.0041677756,0.04152177,-0.040063266,0.0956112,-0.24228308,-0.12819007,-0.09156655,-0.9221497,0.080900654,0.087738566,-0.006965367,0.19971454,0.083363295,0.0011538694,-1.0971329e-05,0.25005066,0.0066916337,-0.014429775,-0.45907816,0.16200192,-0.061250202,-0.0007203236,-0.0011818053,0.31983098
-0.023070358,-0.025091777,-0.007033154,0.037598796,-0.15189217,-0.015400121,-0.08113743,0.054393224,-0.010604891,0.0036001834,-0.13033168,0.030174615,-0.10964741,0.06810839,-0.23727986,-0.23012489,-0.8496391,0.10050038,0.09524322,-0.015551721,-0.2110617,0.079264075,0.004296635,-0.0014446159,-0.1619053,0.003122917,-0.013660374,-0.5438356,-0.120243266,-0.06414607,-0.0012617838,-0.0055999267,0.08068249
-8.8055735e-05,-0.032569256,-0.0063583693,0.028552962,0.0056760246,-0.03395264,-0.087054215,0.034893546,0.009173011,-0.0075020734,0.03251685,-0.0321163,-0.045511212,0.075007595,-0.29070926,0.016117856,0.4843127,-0.019081593,0.06829094,-0.00038958143,-0.45809835,-0.6691488,-0.008912372,-0.0021527575,-0.2022511,-0.02797465,0.011666397,-0.033045314,0.0683744,-0.10770919,-0.0012617838,0.0019448125,0.24438098
-0.0043363906,-0.032186326,0.02262041,-0.16328587,0.087840766,0.18737325,-0.07138361,-0.14766946,-0.01021339,0.029967228,0.04829992,-0.016493445,-0.047368642,-0.14257084,-0.15791485,0.029617121,-1.109028,-0.09308805,-0.4482983,-0.0043939557,-0.22848418,0.0799225,-0.0001591963,-0.0016276976,-0.16068678,-0.027160332,0.011749474,0.04678841,-0.06547448,-0.09847237,-0.0022597408,-0.0076117525,0.08352127
0.0013710815,-0.02688933,-0.0135611715,0.021090344,-0.07661393,-0.014339396,-0.07012664,0.045279536,0.016924648,0.00790146,-0.15237424,-0.0264413,0.026145756,-0.24438262,-0.012247757,0.09979531,0.51997334,-0.037998628,0.059002697,-0.00013212702,0.29827455,0.07307492,0.0007096045,0.00074621127,0.19016851,0.003494155,-0.025240064,-0.34029824,-0.075338446,-0.025715694,0.0007410736,-0.0030191394,0.5794523
0.0034082802,0.10137975,0.00949926,0.023647133,-0.1137411,-0.014367526,0.06485507,0.055184927,0.008733504,-0.009548129,-0.13930963,-0.02492837,-0.026597703,0.11198411,-0.008853984,0.022974912,0.53444684,-0.028330564,0.0592642,-0.0009800831,0.27326593,0.07908503,0.0014878287,-0.0013297107,0.2635357,0.0005730091,-0.020766744,-0.32005087,-0.017939331,-0.1005166,-0.0012617838,-0.0035557316,0.7071946
-0.0034464188,-0.035764176,0.008428222,-0.073676035,0.20460318,-0.026031105,-0.020598235,0.042502128,0.0075548682,-0.0075020734,0.033323463,-0.023163654,-0.10224087,0.09897407,-0.1706926,0.18555965,-1.174837,0.09695314,0.101029456,-0.0070887506,-0.24773225,-0.47042125,-0.009356926,0.0031254315,-0.1190254,-0.022659583,0.0061021405,0.513757,0.077315554,-0.18510446,-0.0012617838,0.0002530638,0.22783615
-0.019982427,-0.0401259,-0.0046523926,0.021786606,-0.030827112,-0.038478028,0.00626431,-0.16374166,0.0030423566,-0.009686171,0.027026387,0.033072017,-0.11227485,-0.18561736,-0.22964236,0.0018826746,-0.87898105,0.08450365,0.09476306,-0.011741964,-0.2617312,0.073057644,0.00010746578,-0.011118546,-0.1689261,0.00086730294,-0.018133692,-0.24122083,-0.05408173,-0.054582663,-0.0022597408,-0.009637198,0.109046385
0.0017858649,-0.025100928,0.0061757476,-0.07364453,-0.087474026,-0.03529771,0.09383279,0.043218277,0.006867408,-0.0042767343,0.037986595,-0.02077373,-0.0728359,0.07689793,-0.20597765,0.115507595,-0.9673321,-0.0795936,-0.34329876,-0.0010852423,-0.2620918,-0.47343588,0.025950953,-0.0023866321,-0.16467923,0.003965047,-0.013660374,-0.22987573,0.09441912,-0.13071002,-0.0012617838,-0.0015992762,0.069834486
0.030850695,-0.033636637,0.012014927,0.030952329,-0.20741901,-0.03676349,0.124229334,0.069958955,-0.029742975,0.008180016,0.044550605,0.047115613,0.08971664,0.110131636,-0.13407527,-0.08524465,-0.7476549,0.1739915,0.090866305,-0.0048235403,-0.24911936,0.06957202,0.004445269,-0.0019118628,0.2566749,0.0033019204,-0.013660374,-0.5244658,-0.046316274,0.21132708,-0.0012617838,0.037074834,0.35420844
-0.001369939,-0.029254364,0.008056919,0.022395551,-0.062314257,-0.04706955,-0.0557487,0.026974354,0.0064134216,-0.0030344771,0.039046835,-0.041754723,-0.06707838,-0.15739773,-0.18602014,0.098822236,-0.9952748,-0.07815661,-0.34676504,-0.0071152085,-0.22474559,-0.4042256,-0.010452036,-0.004160589,-0.13260216,0.003965047,-0.018133692,-0.4546782,0.037351806,-0.18678755,-0.0007203236,0.007833874,0.040564597
0.02620939,-0.012869183,0.0067144283,-0.09470879,-0.2787447,-0.020376954,0.11228924,0.0689213,-0.022978157,-0.009577213,0.038912855,-0.038128484,0.08327327,0.10857585,-0.120772064,-0.11810671,-0.9263655,0.10105683,0.08829734,-0.004043718,0.18987821,0.08050945,0.004445269,-0.00066240714,0.26433185,0.0057497686,-0.009956456,-0.5513468,-0.035500754,-0.069003955,0.0012981314,-0.016668566,0.2594562
-0.0050458545,0.10730111,0.0075704553,0.023491973,-0.045912806,-0.030322583,0.06942495,0.062990524,0.011527393,-0.0042767343,0.03919145,-0.027993502,-0.039165415,0.11145074,-0.05441257,0.08492226,0.5245005,-0.01461538,0.05727442,-0.0010650217,0.27196527,0.08171504,0.000786513,-0.0021870001,0.26231474,0.0015148743,-0.020766744,-0.3305933,0.12028053,-0.107153796,-0.0012617838,-0.0011186549,0.7777985
-0.016046196,0.17584135,0.014447332,0.024292784,-1.0680451,-0.061881468,0.022270422,0.04137492,0.0069572944,-0.09310274,0.040134083,-0.031615,-0.079181,-0.14356321,-0.1900923,-0.274401,-0.9897208,-0.07836083,-0.3545229,-0.009006036,-0.17194471,-0.3961142,0.013840335,-0.001063742,-0.2177418,-0.0012564331,-0.018133692,-0.1666378,0.026555264,-0.2307831,-0.0007203236,0.018191684,0.01615116
-0.019242678,-0.044394497,0.006307564,-0.109324716,0.005346184,-0.0043453667,0.088310435,-0.117526725,-0.04293658,0.0035703243,-0.11054812,0.02320776,0.048644993,-0.08766591,-0.13133909,-0.0219132,-0.96518767,-0.17737505,-0.34311152,-0.011795103,-0.2606819,0.052438833,0.0037385698,0.012189429,-0.12998754,0.003122917,-0.0112654185,-0.32200283,-0.16739993,0.10913304,0.0023248363,-0.14772536,0.059140153
-0.014676074,-0.029825114,-0.004011336,0.028448753,0.2475938,-0.025113286,0.08585048,0.060110908,0.02754431,-0.0075020734,0.06151429,0.026875356,0.028400095,-0.19742298,0.15481144,0.20000385,0.58241713,-0.030143611,0.079785354,0.0052703917,0.27926195,0.07455223,-0.0053765373,-0.005402552,-0.17286879,-0.016394934,0.021357514,0.9073818,0.1148097,0.11593109,0.0007410736,-0.000538773,0.93666786
-0.0019321012,-0.022168802,0.00982293,0.025780063,0.07721652,-0.03604459,-0.11670232,0.056820724,0.015631288,-0.0062524555,0.038480226,-0.031389926,0.042203993,0.10710918,-0.004264491,0.0325658,0.59465516,-0.02153962,0.06426156,0.0031492573,0.3015697,0.09257595,-0.0028095834,-0.0017554217,0.24282557,0.00339455,0.01571018,0.14370395,0.11438041,-0.0126382,-0.0012617838,-0.0012982145,0.86084795
0.0010779605,-0.04411496,-0.02038678,0.03314932,0.22044374,0.19603814,-0.0017574027,0.055889405,0.011341783,-0.010802291,0.051250324,-0.027292328,-0.031077556,-0.19135974,-0.100977,-0.019562041,0.58202624,-0.02305881,0.0787882,0.0003377794,-0.3337728,0.07924111,-0.004886615,0.0004068188,-0.17964931,-0.029038789,0.01731373,0.72977567,0.05664628,-0.09640539,-0.0007203236,0.021903928,0.75423324
-0.006808308,0.08514668,-0.0055786823,0.02347004,0.17900006,-0.032503903,-0.108118534,0.05401885,-0.022220744,0.014254006,0.0385773,0.026867183,0.034771197,0.11089363,0.28319323,0.0727737,0.54834735,-0.032051664,0.08345847,0.0017788117,0.2914024,0.09241984,-0.00079046574,0.005908009,-0.15516172,-0.0045573576,0.01571018,0.34841508,-0.038328394,0.12542513,0.0012981314,0.00073700445,0.8940028
-0.0050458545,0.11002949,0.007031774,0.022127317,-0.042633828,-0.030269673,0.06194844,0.06329732,0.007549325,-0.0042767343,0.039118838,-0.02755881,-0.052522413,0.09008186,-0.07036724,0.053377528,0.533344,-0.01461538,0.070170105,-0.0010650217,0.29239675,0.07680284,-0.006839537,-0.0021870001,-0.20704049,-0.00096446445,-0.020766744,-0.30711648,0.109305136,-0.11020103,-0.0012617838,-0.0011186549,0.67508614
0.0013967598,-0.035698384,0.011136051,-0.08998685,-0.0788982,-0.016977886,-0.034368474,0.057478406,-0.007885957,0.00790146,-0.13789485,-0.013501415,-0.040347256,0.06555672,-0.16956814,0.054994494,0.45552692,-0.040575273,0.06637875,-0.011819227,-0.39493147,0.07797957,0.0031853067,0.000797768,-0.19613594,-0.02815196,-0.03565284,-0.36570498,-0.120632,-0.0645325,-0.0012617838,-0.0048638196,0.2716027
-0.0019581323,-0.033310384,0.010063273,0.020626877,-0.0005754705,-0.04976808,-0.06268726,0.051653273,-0.0071324324,0.008197821,0.03937067,-0.025589656,-0.042153444,0.10064461,-0.092970684,0.09761658,0.48013327,-0.019838495,0.070031345,-0.0059966394,-0.39299706,0.088804826,0.000821466,-0.0016237879,-0.24355112,-0.027160332,-0.00022914249,-0.24686976,-0.022166831,-0.07046602,-0.0012617838,-0.003553988,0.42963365
-0.05251309,-0.017116018,-0.00015438366,0.043589033,-0.052665617,-0.023249924,0.08599319,-0.18986127,0.0382194,0.0038787392,0.021563966,0.02111019,0.09722271,0.094467245,0.43087652,-0.07176003,-0.75080615,0.09097667,0.07738938,0.0013452024,0.21449,0.060154412,-0.0010378641,0.007544617,-0.1465193,0.0034260422,-0.009956456,-0.38564903,-0.029858386,0.23314562,0.0076438896,0.021439282,0.4809789
0.008632441,0.09478696,0.00982293,0.02779466,-0.027004749,-0.037905183,-0.097899094,0.055978537,0.01665157,-0.0042767343,0.04705208,0.035779994,0.039332423,0.107810244,-0.0046283407,-0.030207988,0.51577836,-0.03281898,0.0638037,0.0008986943,0.278186,0.08018045,-0.0004773844,0.0013749457,0.25940138,-0.0010256971,-0.012065866,-0.24490502,0.1493803,0.16182394,0.0012981314,7.534615e-05,0.82680905
0.021130811,-0.026467707,-0.005466596,0.027211783,-0.042189516,-0.036191355,-0.09703456,0.033030745,0.0071864147,-0.004284095,0.033353645,-0.029726375,-0.03936114,0.1854584,-0.77355474,-0.035539124,0.46569872,-0.019116987,0.06480592,-0.00064056885,-0.4012873,-0.59848624,-0.011700188,0.0076682568,-0.21342888,0.0041100304,0.0015090907,-0.19168504,0.062876165,-0.11828314,-0.0012617838,0.0011709363,0.16383807
-0.003267725,-0.040051352,-0.0046523926,0.024148894,-0.09476699,-0.039155647,0.052267615,0.037129715,0.0047598206,-0.0042767343,0.03919048,-0.030086609,-0.07957355,-0.16979405,-0.22759981,-0.056851305,-0.9796567,-0.077751674,-0.34165633,-0.0072996654,-0.25409344,-0.44517118,-0.00026617633,-0.0026245436,-0.15680161,-0.026851054,-0.018133692,-0.3318952,0.07806921,-0.14961013,-0.0007203236,0.013189286,0.03941852
-0.0019130702,-0.032406706,0.0072008925,-0.10204706,-0.25634104,-0.03713567,-0.05808676,0.026227577,0.006899247,-0.0030344771,0.03925513,-0.025742123,-0.07957355,-0.14430152,-0.4606692,-0.11222989,-0.9952748,-0.07887855,-0.35883957,-0.0075506526,-0.23000082,-0.4168643,-0.0040991167,-0.006341214,-0.15005276,0.003965047,-0.018133692,-0.5143393,0.032953866,-0.1588753,-0.0007203236,0.0029313574,0.01740451
-0.013904273,-0.029694209,-0.0063583693,0.027671924,0.018077308,-0.034645226,-0.089030124,0.028063808,0.009173011,-0.0075020734,0.02994408,-0.0321163,-0.03574673,0.20231654,-0.8671283,0.004572627,0.49076164,-0.019229965,0.07487006,-0.0008250253,-0.46109167,-0.66392547,-0.011700188,0.00041008973,-0.185515,-0.028016057,0.009471967,0.13099337,0.068063945,-0.10506266,-0.0012617838,0.001658096,0.19842708
-0.0019321012,-0.0201872,-0.0070805494,0.02690095,0.023043783,-0.03222734,-0.102424815,0.054250795,-0.02193917,-0.009686171,0.037816234,0.036441397,-0.033457235,0.1256992,-0.021550152,-0.027658489,0.57275134,-0.020457948,0.06142385,0.0036696398,0.27946737,0.08587486,0.00060130714,-0.003326398,0.268937,0.0007970896,-0.012065866,-0.038386993,-0.0053450125,-0.031932503,-0.0012617838,-0.0007463899,0.7835643
0.014647669,-0.043741852,-0.0070357085,-0.07346373,0.028546132,-0.038307387,-0.020180224,-0.15988149,0.0009707252,0.008197821,0.027412698,0.026385078,-0.112667404,-0.117202096,-0.16979988,0.065942146,-0.86379653,0.12770662,0.09630699,-0.0039751697,-0.24117696,0.07692829,0.0022584489,-0.0036723036,-0.14070992,-0.019441694,-0.018133692,-0.23970956,-0.067280225,-0.057189338,-0.0022597408,-0.011371501,0.13762671
-0.015477265,-0.025272487,-0.0063583693,0.030273436,0.1413494,-0.031742334,-0.10206786,0.03905645,-0.014747751,-0.011661891,0.03669158,0.045751467,0.09224855,0.121265896,0.20808864,0.06549238,-1.0014799,0.15478504,0.11550316,0.002610378,0.20927149,0.08660197,-0.00079046574,-0.00352603,-0.13001662,-0.014661948,0.0071083046,0.25252336,-0.0038104118,0.21566196,0.0012981314,0.0011075116,0.6377533
0.0021699134,-0.027172308,-0.005269365,-0.08197705,0.24142087,-0.025362693,0.024606641,0.06520619,0.014413774,-0.0075020734,0.049101125,-0.018414142,-0.02673132,0.118857846,-0.09254548,-0.10661681,0.60384244,-0.0242303,0.063214324,-0.0042912606,-0.34252855,0.08320929,-0.0014004464,-0.0018698368,0.25456005,0.0042757927,0.011666397,0.8029924,0.091788076,-0.07721128,-0.0012617838,-0.0014699311,0.8437003
-0.026845627,-0.040174156,0.017155161,0.025368316,-0.15394567,-0.018212434,0.058867127,0.048456937,-0.0020264015,0.00790146,-0.10318373,-0.030111713,-0.10925485,-0.19279246,-0.15750928,-0.26836145,-0.8962786,0.0922014,0.08747195,0.0008276424,-0.21821205,0.07464274,-0.01978954,-0.00093210815,-0.16218032,0.0034904545,-0.018133692,-0.27665704,-0.029901305,-0.19046518,-0.0007203236,-0.009452612,0.082549
-0.004202394,-0.020790726,-0.0053745727,0.02175942,0.18958563,-0.025276488,0.12035681,0.066821575,0.014546867,-0.0075020734,0.032654807,-0.031389926,-0.031519923,0.15004085,-0.09832506,0.06522549,0.6225063,-0.014375024,0.062266856,0.0012704796,0.25350443,0.09845095,-0.0027380586,-0.0044504856,0.2394211,0.00339455,0.01571018,0.2966285,0.091583624,-0.092792906,-0.0012617838,-0.0011189845,0.8914037
-0.0032822131,0.11104174,0.00982293,0.021419747,-0.12865748,-0.03766046,-0.070663586,0.06175977,0.01098352,-0.0042767343,0.039324388,-0.027993502,-0.039165415,0.089543454,-0.13025805,-0.12751709,0.5150534,-0.015260261,0.051783834,-0.0010650217,0.25016198,0.08135051,0.002483991,0.0010998519,0.25341135,0.0015974544,-0.020766744,-0.28778633,0.11282435,-0.079956084,-0.0012617838,0.002143052,0.67716753
-0.005124288,-0.03695655,0.00089498167,0.019884467,0.021083273,-0.043192305,0.086383104,0.04399592,-0.016268237,-0.004596591,0.032108527,-0.024666922,-0.036386285,-0.22475165,-0.12596944,0.17201982,0.47923332,-0.03452775,0.06699945,-0.004623552,-0.40055037,0.084643155,0.00011476656,0.009552248,-0.21908481,0.0032513803,-0.004702462,-0.20376979,-0.035288498,-0.07535486,-0.0007203236,-0.012917971,0.4040212
-0.0016854351,-0.034028694,0.008966903,-0.0829692,0.009775962,-0.037280027,-0.079069875,0.04618818,0.018904807,-0.0042767343,0.037663937,-0.022821812,0.042203993,-0.24814513,-0.035701193,0.020477425,0.48405918,-0.032002717,0.05732242,-0.0066388356,-0.43652242,0.087265186,-0.0053996667,-0.0021184543,0.23700938,0.0042757927,-0.004702462,-0.15412681,0.10534561,0.00533492,-0.0007203236,0.003266707,0.52008945
0.008745461,-0.049283303,0.01855161,-0.10704084,0.023087416,-0.011349883,-0.091022305,-0.1217689,-0.03974397,-0.00943917,-0.106609404,0.02320776,0.05456442,-0.108712636,-0.17896895,-0.07642613,-0.92465895,-0.18744926,-0.37465444,-0.01109432,-0.2693912,0.050003164,-0.008412966,-0.0062220204,-0.14731237,0.003122917,-0.018133692,-0.29170895,-0.12935975,0.15317148,-0.0022597408,0.014356563,0.056164805
-0.003997472,-0.02897937,-0.004943644,0.026721135,0.29052252,-0.027620526,0.09533608,0.0739288,-0.01017486,-0.01678163,0.056601506,-0.020420859,-0.023468973,0.09099076,-0.008568123,0.16631119,0.66148275,-0.016652783,0.07879587,0.003657168,0.27446404,0.07814182,0.001885115,-0.006173845,-0.20334879,-0.01627774,0.01571018,0.95594966,-0.016206853,-0.049461752,-0.0012617838,-0.0032704014,0.9250787
0.0024406123,-0.024405288,-0.0053745727,0.020832814,0.19535525,-0.02764278,0.106242724,-0.19286832,0.024048103,-0.01678163,0.028161915,0.04368031,-0.017659342,-0.2691825,0.019021131,0.050944284,0.6198847,-0.022857247,0.06033693,0.0029686424,0.28327012,0.08182543,-0.0003793549,-0.0054811714,0.20912012,0.0007970896,0.021357514,0.25878143,-0.019411286,-0.011959622,0.0023248363,-0.0030727824,0.8197816
-4.806486e-05,-0.031790502,-0.006620217,0.025239468,0.2413111,-0.03831881,-0.054982103,0.06484304,0.020333305,-0.0075020734,0.04601631,0.041743353,-0.031077556,0.09177008,-0.049839932,0.05450306,0.591977,-0.024940372,0.081473105,-0.011243371,-0.35649407,0.08357414,-0.0016206052,0.00042789127,-0.20676902,-0.01920493,0.011666397,0.73543215,0.11108834,-0.008939026,-0.0012617838,-0.0011243506,0.81002504
0.014603362,-0.040598586,0.009207246,-0.058232315,-0.036346804,-0.045001935,-0.039124645,0.053096123,0.008427376,0.008197821,0.030161439,-0.01713962,-0.11779869,-0.17885557,-0.081156164,-0.08402308,-0.9116183,0.109518625,0.09451007,0.008594437,-0.260019,0.0882027,0.0006038896,0.0007934602,-0.14845203,-0.027160332,-0.018133692,-0.25804782,-0.03217342,-0.15272206,-0.0007203236,-0.010507667,0.12011255
-0.0016854351,-0.038430803,0.008428222,-0.081771806,-0.0013063315,-0.039696362,-0.07612317,0.045139525,0.01659347,-0.0042767343,0.03414723,0.031927027,-0.04080271,-0.18985987,-0.04164541,0.1237551,0.4736543,-0.027506284,0.068601996,-0.007544709,-0.39486533,0.079767466,-0.0037052252,-0.0021184543,-0.21042539,-0.01920493,-0.004702462,-0.21369267,0.09897005,0.0013505045,-0.0007203236,0.003266707,0.42215517
-0.003267725,-0.037651457,0.0061757476,-0.08293863,-0.09658002,-0.034991894,0.05024867,0.037223104,0.005245646,-0.0042767343,0.03927486,-0.021133961,-0.073228456,-0.1684182,-0.29414088,0.04965657,-0.9985185,-0.08008127,-0.34165633,-0.0072996654,-0.24825662,-0.4510089,-0.00026617633,-0.00056068995,-0.15054463,-0.026851054,-0.018133692,-0.356261,0.07804025,-0.13401316,-0.0007203236,0.012580603,0.037262104
-0.007825027,-0.030140568,-0.005466596,0.025641562,-0.058827158,-0.041721176,-0.108418554,0.028033197,0.0052057877,-0.0030344771,0.0296639,-0.029726375,-0.12190066,0.07844867,-0.37714306,-0.05935477,-0.8935304,0.061890215,0.09009243,-0.0077844113,-0.2605414,-0.54210156,-0.008423249,-0.0044427277,-0.13869506,0.0040040654,-0.013660374,-0.31694964,0.08098664,-0.21107715,-0.0012617838,-0.0029985004,0.06062499
0.00029292563,-0.022026302,-0.007371801,0.02989164,0.25528893,-0.029989028,-0.08642828,0.06933318,0.01288469,-0.0075020734,0.06437312,-0.021016382,-0.02673132,0.10480605,-0.10152034,0.121445775,0.64573795,-0.021673724,0.06419983,0.0024503544,0.24706988,0.07843797,-0.0014004464,0.00042789127,0.24828991,0.0014986708,0.01571018,0.93532544,0.089195594,-0.08044826,-0.0012617838,0.0015739491,0.9359211
-0.007488598,-0.030462105,-0.014375275,-0.15091653,0.14607327,0.20509212,-0.061389174,-0.19989422,-0.037974074,0.029967228,0.06562404,0.026131904,0.02165006,0.073559955,-0.011652693,0.018866569,0.48774803,-0.039510883,0.08296683,-0.01262272,-0.38789093,0.08476002,0.00047597828,-0.0064275144,-0.18167792,-0.014274329,0.011666397,0.31635052,-0.16198973,0.0779884,-0.0074298615,-0.002781806,0.6036539
-0.0010848348,-0.044605855,-0.006620217,0.024066864,0.22114696,-0.03380436,-0.013222149,0.03704214,0.011341783,-0.0075020734,0.03963613,-0.027292328,-0.0371082,-0.19099958,-0.21983434,0.0015166453,0.6009539,-0.021361167,0.07456923,-0.0041988967,-0.35985082,-0.44239438,-0.011843623,6.48587e-05,-0.15707307,-0.02797465,0.01731373,0.8164267,0.055097904,-0.09886246,-0.0007203236,0.00744143,0.57464176
0.0025622144,-0.020879038,0.0067144283,-0.08415212,0.064013675,-0.023956157,0.113898404,0.058617365,0.009680784,-0.0042767343,0.032863308,-0.022437278,-0.036456477,0.122792006,-0.11675563,0.07731339,0.59955114,-0.019285867,0.06207711,0.00083503575,0.32180715,0.08673992,-0.0027380586,0.00019401684,0.25875777,0.00339455,0.01571018,0.036798287,0.08983907,-0.104428895,-0.0012617838,-0.002148145,0.835612
-0.0073422664,-0.031708874,0.009129697,-0.067692555,0.15276355,-0.02332407,-0.08566843,0.04796139,0.02046883,-0.011554008,-0.12827896,-0.015678903,0.018890664,-0.21104345,-0.19969185,0.024822265,0.5173199,-0.043184202,0.08082283,-0.01719316,-0.40297368,0.09098428,-0.00023072094,0.002512197,-0.17681637,0.0032513803,0.01731373,0.27331108,-0.053655542,-0.01834297,-0.0007203236,-0.0139586385,0.46282956
-0.00031783234,0.15393378,-0.0070805494,0.030116512,0.017020395,-0.034176964,-0.084083386,0.026713068,0.01679069,-0.0075020734,0.03137434,-0.02922881,-0.035014912,-0.18097116,-0.14283858,0.014235005,0.49992102,-0.021213558,0.05086452,-0.005905268,-0.43925098,-0.66995394,-0.023101352,-0.00251579,0.2082917,0.0012619237,0.01731373,-0.042226363,0.04099011,-0.1017101,-0.0007203236,0.007728147,0.35189798
-0.004202394,-0.020979159,0.0075704553,0.017187309,0.15823476,-0.03152688,0.11937064,0.067163944,-0.027783265,-0.011661891,0.038535777,-0.028360166,0.03106365,0.13789447,0.0497992,0.078067996,0.60335726,-0.024382576,0.06502233,0.0036696398,0.3104538,0.092117004,0.00047597828,-0.0037599048,0.22650865,0.0033376608,0.01571018,0.30608016,-0.013447117,-0.025811937,0.0012981314,-0.0004057106,0.90388435
0.033765256,-0.03779916,-0.008915808,-0.008952445,-1.1096311,-0.030057767,0.05442135,-0.15887073,-0.035808563,0.007871601,-0.13639413,0.02217234,0.048121054,-0.12677433,-0.14328639,-0.16391124,-0.98829895,-0.18961215,-0.3777219,-0.01109432,-0.25894883,0.046159767,-0.008040524,-0.008001212,-0.16927129,0.003122917,-0.0112654185,-0.5809662,-0.1782957,0.16940661,0.0023248363,-0.13970165,0.012204097
0.0028504576,-0.034750316,-0.0074027637,0.019795017,-0.056231987,-0.049677886,-0.032780122,-0.14875202,-0.008315766,-0.009686171,0.03295642,-0.021170037,-0.06360264,-0.16996004,-0.1418033,-0.113836005,-1.0205117,-0.088967055,-0.37780866,-0.0012810095,-0.2549137,0.067162335,0.0006060698,-0.007881697,-0.17351578,0.0040398994,-0.018133692,-0.22264601,-0.048671067,-0.09654904,-0.0022597408,-0.0091249,0.049629197
-0.0018836273,0.100183636,-0.0070047453,-0.108654454,0.27414066,-0.024818096,-0.084814526,0.068551,0.013370516,-0.0075020734,0.0653535,-0.016630093,-0.02673132,0.09437286,-0.1197201,0.11093058,0.64573795,-0.017349498,0.06350495,-0.00016049622,0.23778729,0.07843797,-0.0014004464,-0.0021527575,0.24292567,-0.00074822665,0.01571018,0.9132714,0.09115406,-0.07618661,-0.0012617838,0.0011182213,0.932143
-0.00033532374,-0.04045864,-0.0063583693,0.025046833,0.009597777,-0.036207356,-0.079477616,0.03200197,-0.0017959531,-0.0055263527,0.027607126,-0.030086609,-0.1086613,-0.16653778,-0.21669097,0.020533834,-0.9140493,0.062326357,0.08937345,-0.005073702,-0.23637308,-0.51529217,-0.023101352,-0.00251579,-0.13418974,-0.02797465,-0.006526134,-0.08407613,0.057679217,-0.20964575,-0.0007203236,0.0070655593,0.08166836
0.0031746135,-0.05159036,-0.008915808,0.02785934,-0.091995575,-0.012994394,0.062017523,-0.12628546,-0.019151224,0.007889406,-0.11603644,-0.02643578,-0.059180945,-0.09086847,-0.26231784,-0.17503917,-1.0017095,-0.110127546,-0.34646106,-0.005048082,-0.23473895,0.05983924,-0.01978954,-0.011257568,-0.14537168,0.005663488,-0.0112654185,-0.17383209,-0.08986962,-0.13197963,-0.0022597408,0.023685029,0.045920163
-0.0044539617,-0.033039656,-0.005466596,0.022877872,0.09883381,-0.04419237,-0.09114347,0.026421146,0.0064134216,-0.0030344771,0.03664,-0.027696684,-0.06707838,-0.15724966,-0.33464047,0.18969007,-0.9952748,-0.078098126,-0.35883957,-0.0075506526,-0.24459319,-0.4042256,-0.012295112,-0.005293898,-0.1320662,0.003965047,-0.018133692,-0.47700307,0.0610363,-0.14288273,-0.0007203236,0.0036796713,0.043319553
-0.0044203904,-0.026594697,0.0016740055,0.01794072,-0.12625065,-0.02907978,0.07810492,-0.22120048,0.0052262708,0.0038965445,0.033999424,-0.02745835,-0.04336725,0.08687255,-0.018824348,-0.21688546,0.5319871,-0.018849658,0.06271907,0.00091074506,0.29998696,0.06868947,0.0031853067,-0.0032555168,-0.20563462,0.0033977313,-0.020766744,-0.3063872,-0.03500811,-0.10316336,-0.0074298615,-0.00525502,0.469864
-0.00112917,-0.030197546,0.0072008925,-0.09654265,-0.14237738,-0.03456693,-0.08356176,0.037312027,0.005102005,-0.0030344771,0.031581696,-0.02077373,-0.12190066,0.073234856,-0.2873905,0.071544126,-0.8772146,0.070572376,0.0879403,-0.0077844113,-0.24316475,-0.5187486,0.0016883424,-0.008691253,-0.13708194,0.003965047,-0.013660374,-0.4355603,0.073981054,-0.18978639,-0.0012617838,-0.0037409444,0.06335818
0.016062021,0.22881944,0.007163591,0.029952005,0.025698816,-0.010847778,0.09036232,-0.10795849,-0.035808563,0.0035703243,-0.09808985,0.020956796,0.048644993,-0.07423695,-0.1440997,0.020218924,-0.96518767,-0.18613735,-0.3533548,0.01605615,-0.21246347,0.052438833,0.0037385698,0.020258415,-0.13720906,-0.0011909705,-0.0112654185,-0.26402095,-0.14768745,0.14831623,0.0023248363,-0.13799644,0.113807835
-0.002309875,-0.038824204,-0.0049142404,0.02425135,0.23211919,-0.030604847,0.01659512,0.04459671,0.009097963,-0.0075020734,0.042105112,-0.029322019,-0.0371082,0.096076824,-0.12536636,-0.101587735,0.5726169,-0.018808216,0.072891,-0.00038958143,-0.3663541,-0.56639874,-0.006831724,-0.0044504856,-0.178376,-0.02797465,0.011666397,0.7761727,0.07445358,-0.09901957,-0.0012617838,-0.0010890809,0.60460734
0.012531294,-0.01354708,0.013943733,0.036330834,-0.2174059,-0.0118122725,0.11584166,0.051823027,-0.04072857,-0.00943917,-0.15139954,0.03982521,-0.028898038,0.1137959,0.023389056,-0.08234759,-1.0552493,-0.09410651,-0.32118,0.0022200078,0.2195897,0.072338074,0.0030301912,-0.00066240714,0.28250828,0.003605046,-0.009956456,-0.43809405,-0.052665282,-0.07542808,0.0012981314,-0.0024289298,0.18053477
0.020683587,-0.0186808,0.0074122665,-0.092056826,0.09548119,-0.0036169216,0.09709718,0.04718436,0.026506767,-0.009548129,-0.124028414,0.023803338,0.071045324,0.13564768,0.342916,-0.07209654,-0.8930543,0.15041934,0.097302295,-0.0030295295,0.22164947,0.08266836,-0.00051650277,-0.0009796238,0.22666585,0.0008431269,-0.0049979943,-0.04181914,0.012248199,0.22786267,0.0012981314,-0.000120626355,0.6736499
-0.00033532374,-0.036808293,0.008428222,-0.08741207,0.020744912,-0.028766727,-0.07277202,0.033441037,0.00067646813,-0.0055263527,0.027304173,-0.021133961,-0.11481137,-0.15774807,-0.33436888,0.018334439,-0.93721473,0.071008526,0.09285847,-0.005073702,-0.24854502,-0.53444946,-0.016748432,-0.0021184543,-0.12114841,-0.02797465,0.011749474,-0.04899943,0.059395812,-0.19217633,-0.0007203236,0.0063231154,0.072828114
0.0011903027,-0.020654129,-0.0070805494,0.02690095,-0.061807763,-0.03514355,-0.09648824,0.056694616,-0.02193917,-0.009686171,0.041604847,0.036441397,-0.034508187,0.11566426,-0.011469412,-0.05636246,0.5338561,-0.023724135,0.061335057,0.0027895225,0.30078647,0.080663115,0.0010904303,-0.00074574933,0.25449786,0.0009535837,-0.020766744,-0.3496577,-0.017102115,-0.04179146,-0.0012617838,-0.0010331066,0.6907861
-0.0026451391,-0.033039656,-0.0063583693,0.029772008,-0.002218177,-0.043497182,-0.082450695,0.03141365,0.0064134216,-0.0042767343,0.036624163,-0.034694772,-0.060959738,-0.12678647,-0.22531004,0.14201967,-0.9952748,-0.07785818,-0.34888327,-0.0071152085,-0.22339158,-0.38861042,0.07932951,-9.037834e-05,-0.1320662,0.003965047,-0.018133692,-0.48403034,0.07902372,-0.14772864,-0.0007203236,0.00860775,0.05076636
0.00016508182,-0.020513605,-0.007371801,0.029915951,0.26257396,-0.032093503,-0.09823275,0.06968327,0.024670228,0.022882042,0.064927354,0.026219321,-0.019122738,0.09521277,0.016963517,0.12397746,0.64673835,-0.021648964,0.064827606,0.004849514,0.2515911,0.07873572,0.0016649564,0.00090961193,0.25129786,0.00061170064,0.01571018,0.9508262,-0.0042573423,-0.019184902,-0.0012617838,-0.0011813997,0.94688076
-0.0044203904,-0.022276781,-0.0010866922,0.023679353,-0.008772033,-0.024338676,0.07255345,-0.16292326,-0.020324996,-0.004596591,0.0359202,0.031046985,-0.042246543,0.100916475,0.039944448,0.043340407,0.53611946,-0.023079254,0.07145451,0.0027895225,0.32428074,0.06879245,0.0012676698,0.012963381,-0.19988288,0.00077457976,-0.020766744,-0.33930022,-0.052345194,-0.0438777,0.0076438896,-0.005887567,0.6219686
0.003061593,0.10168436,-0.0053745727,0.023500403,-0.01658238,-0.030262476,0.096768215,0.06044231,-0.012629742,-0.009686171,0.03955383,-0.02496374,-0.03474899,0.11751111,-0.0011051308,-0.099216886,0.54512763,-0.019845894,0.060583424,-0.0009800831,0.27433795,0.08056013,0.0013105889,-0.0030434774,0.25671548,0.0005730091,-0.012065866,-0.33417875,-0.011340758,-0.091032766,-0.0012617838,-0.0034088248,0.7408809
0.018465608,-0.02620121,0.007976278,-0.09279493,0.072328344,-0.02725864,-0.08214776,0.049831975,-0.020808538,0.008197821,0.036934853,0.033320013,0.10018482,0.11139166,0.4001865,-0.015814543,-0.8398295,0.14523262,0.11062735,-0.0032232157,0.21298857,0.08528933,-0.00051650277,0.0015065796,-0.14457035,-0.019829314,-0.0049979943,-0.093305536,-0.012159911,0.22172008,0.0012981314,-4.6540925e-05,0.5828603
-0.032801088,-0.02321137,0.0063394876,0.02828284,-0.09200981,-0.030412892,0.13020311,0.06334737,0.023859255,0.008180016,0.037029278,0.039959796,0.08327327,0.12727562,0.17483288,-0.08076495,-0.84666574,0.10833998,0.08635931,0.0013452024,0.22218128,0.07879569,0.0030505843,0.00095036195,0.23545447,0.003605046,-0.009956456,-0.3747416,-0.0020448556,0.21828376,0.0012981314,-0.013433527,0.56875044
0.02620939,0.09615058,0.009739603,0.025927044,-0.23354395,-0.010345885,0.11859377,0.064587384,-0.0072631305,-0.00943917,-0.109481074,-0.026944079,-0.10925485,0.0817474,-0.17052886,-0.12871522,-1.0398467,0.075601466,0.078562275,-0.0133878505,0.1537737,0.076798536,-0.024149124,-0.00066240714,-0.17053956,0.00034928447,-0.009956456,-0.59103155,-0.032895528,-0.20487557,-0.0012617838,-0.0015354775,0.120567456
0.0046008835,-0.03350039,0.038465012,0.047249123,-0.018908344,0.30156952,-0.012892777,0.05470706,-0.019300591,0.015283003,0.093912505,0.024833638,0.06786296,-0.18002953,-0.087884404,0.05882637,-0.94479126,-0.16980411,-0.42014104,-0.0066264635,-0.24846096,0.065500095,-0.005026783,0.006133847,-0.16657418,0.001616804,-0.018133692,-0.1786789,-0.051336206,0.14217243,-0.0007203236,-0.0039173383,0.17603518
-0.0014428925,-0.037536927,0.010196492,-0.115560845,0.197972,-0.039356276,-0.07501472,-0.20346336,-0.035549045,0.022882042,0.04617243,0.015443908,0.03407594,-0.114761524,-0.089234434,0.058922846,-1.2288433,-0.1734599,-0.4817646,-0.042162076,-0.2529018,0.061383426,0.00010333632,-0.0033325744,-0.17023383,-0.01412886,0.011749474,0.6791466,-0.11827125,0.08209498,-0.0022597408,0.014199134,0.13419282
-0.0019321012,-0.02827908,-0.006880532,0.01546961,0.19891983,-0.022515832,-0.103939235,0.057765022,0.004395583,-0.016643587,-0.121160656,-0.030280024,-0.020106288,0.10963964,-0.11947372,0.055289105,0.62370056,-0.020883473,0.079926886,0.001521467,0.31866705,0.08985586,0.000547503,-0.0038761168,-0.18718173,-0.023044048,0.01571018,0.36974353,-0.020114029,-0.07629671,-0.0012617838,-0.002435495,0.7747621
-0.0019569555,-0.024151996,0.010812176,0.029608842,0.25964218,-0.033772282,-0.08522094,0.06259123,0.027451597,-0.0075020734,0.060279433,0.02993984,-0.02673132,-0.18970944,0.001820172,0.14807187,0.64954907,-0.019267853,0.0618934,0.0013907045,0.25023392,0.07681828,-0.0052142437,-0.0021184543,0.2249325,0.00066858984,0.021357514,0.9866867,0.10975313,0.012875395,-0.0007203236,-0.000985571,0.9387494
0.016865648,-0.03862394,-0.0113330325,0.018259164,-0.010306489,-0.044169325,0.043709118,-0.16065137,0.0037604673,-0.009686171,0.025048913,-0.025247814,-0.08709069,-0.22148778,-0.23287077,-0.12769787,-0.9102394,0.112807505,0.07947744,0.002976941,-0.26249006,0.07524933,0.0006038896,-0.008537897,0.2623789,0.0034303837,-0.018133692,-0.24667855,-0.04167568,-0.1559786,-0.0022597408,-0.010261544,0.13235411
0.00315471,-0.02351098,-0.0010866922,0.019913957,0.06373315,-0.02655988,0.09534223,-0.19360055,0.004817625,0.0038965445,0.030334719,-0.02745835,-0.0376001,0.10644659,-0.02316769,-0.03330399,0.57362384,-0.01558347,0.07091552,0.0017908623,0.30050623,0.07525656,0.000821466,0.017338581,-0.223221,0.0031586569,-0.012065866,-0.044911228,-0.025000755,-0.09330442,-0.0074298615,-0.0018822653,0.6641659
0.00034423638,-0.019089596,0.00982293,0.021853305,0.1644024,-0.035679877,-0.11867823,0.062882826,0.018739546,-0.0075020734,0.03457442,0.039959796,-0.031519923,0.11805865,-0.013321214,0.036816094,0.6167982,-0.020367444,0.06407776,0.0027138134,0.28066027,0.097305216,-0.0029582174,0.0011753137,0.2282014,0.0008539788,0.01571018,0.2893405,0.11292306,-0.0070383763,-0.0012617838,-0.001584931,0.88683015
4.18555e-05,-0.022983544,0.014267403,0.03372922,0.056553267,-0.03948792,-0.102198616,-0.18201314,-0.011939211,0.008197821,0.027542105,-0.022260517,-0.026908763,0.09656342,-0.03511673,0.048576497,0.59980565,-0.019878915,0.061724298,0.0013554185,0.31569868,0.074028455,0.000547503,-0.0005351326,0.22845542,0.0033376608,0.01571018,0.058574464,-0.13558714,-0.07610661,-0.0074298615,-0.0014682566,0.74294776
-4.806486e-05,-0.03130037,-0.017142903,-0.07840384,0.21566035,-0.019260203,-0.030548556,0.058846373,0.00047460338,-0.016643587,-0.32701063,-0.017304244,-0.020342523,0.09447924,-0.07461262,-0.018174576,0.5988124,-0.030738749,0.08087435,-0.005197134,-0.34177315,0.08008836,0.001885115,-0.0012954681,-0.20272906,-0.027160332,0.011666397,0.7281974,-0.015528344,-0.06512481,-0.0012617838,-0.0026244356,0.6518792
0.00020024483,-0.032282703,0.011136051,-0.089782245,0.021304592,-0.02061331,-0.0485375,-0.15661232,-0.007146285,-0.009548129,-0.11694685,-0.013501415,-0.038945556,0.07088019,-0.096476614,-0.034718,0.47562036,-0.040575273,0.07027858,-0.005295857,-0.39277446,0.07868227,0.000821466,-0.0054468513,-0.23684151,-0.024108186,-0.00022914249,-0.21244778,-0.12306911,-0.061724387,-0.0074298615,-0.0055391425,0.27865994
0.0037704501,-0.033382498,0.03103116,0.04900477,-0.04706581,0.2396994,-0.016879568,0.051069744,-0.019300591,-0.00789681,0.085814886,0.029553616,0.0683869,-0.18136095,-0.17999364,0.02344025,-0.94479126,-0.16980411,-0.42014104,-0.0066264635,-0.24846096,0.068602495,0.0024070828,-0.027152779,-0.17450531,0.001616804,-0.018133692,-0.20020854,-0.024066487,0.12231225,-0.0007203236,-0.007911347,0.13573886
-0.006879217,-0.03536202,-0.0063583693,0.027077194,0.019682629,-0.03481664,-0.0891128,0.034520935,0.006792153,-0.0055263527,0.031221818,-0.030086609,-0.059989087,-0.17721684,-0.271079,0.020180222,-1.0418481,-0.077784695,-0.3918134,-0.0041988967,-0.24585266,-0.47760275,-0.023101352,6.48587e-05,-0.15328051,-0.02797465,-0.006526134,-0.110380575,0.06289116,-0.15534632,-0.0007203236,0.0076736794,0.042200692
-0.032033697,-0.02131018,0.017155161,0.035522036,-0.065049075,-0.009804594,0.09737138,0.056976274,-0.0072631305,0.007883655,-0.09100178,-0.044703078,-0.102754414,0.07804494,-0.09818561,-0.065606296,-1.026368,0.06173105,0.07848287,-0.00053357484,0.183833,0.076798536,-0.024149124,-0.00018603972,-0.17092715,0.0055707647,-0.009956456,-0.37454027,-0.09941647,-0.22240897,0.0012981314,-0.0026299085,0.15874314
0.0021292386,-0.023167556,0.039614793,0.065559216,-0.1566273,0.16900669,-0.036322925,0.054313105,0.011967495,-0.010427773,-0.23871756,0.04131953,-0.060582645,0.075546905,-0.22827564,-0.10622107,-0.9974243,-0.11124566,-0.40714848,-0.004505773,-0.22537474,0.06866291,-0.011027613,0.004959103,-0.21055132,0.001616804,-0.013660374,-0.546315,-0.023450488,-0.043913618,-0.0012617838,0.001269879,0.05626856
0.0027195583,-0.031385377,0.013591305,-0.10493222,-0.034356352,-0.033422068,0.100227505,0.05996081,0.01584429,0.008197821,0.040611822,0.043550063,-0.06873392,0.09198108,-0.3740483,-0.20035496,-0.9959371,-0.10840262,-0.3777324,-0.01695959,-0.23627184,0.070222035,-0.012004693,0.00084249955,-0.21294636,0.003122917,-0.013660374,-0.41068554,-0.05736432,-0.04066976,-0.0012617838,-0.003974233,0.058212362
0.0036634207,-0.031196387,-0.015783632,0.045896143,0.15543719,0.1913417,-0.06928275,0.049005877,0.02588209,-0.009560035,0.044759538,0.033072017,-0.035866156,-0.19870701,-0.02256329,0.08702331,0.5560893,-0.020898173,0.07778905,-0.001386954,-0.36552665,0.10160022,-0.0055483007,0.007468805,-0.18348224,0.0015562174,0.01731373,0.3160661,0.07954347,0.00768158,-0.0007203236,0.013828664,0.722129
0.022940265,-0.03529752,-0.003299424,0.027157465,-0.21120718,-0.011876873,0.052636817,-0.15537913,0.007621752,0.007889406,-0.09194408,-0.02643578,-0.10785316,-0.08445278,-0.26317036,-0.19074439,-0.8861915,0.14222011,0.08671853,0.002976941,-0.22071944,0.06650189,-0.01978954,-0.011257568,-0.12118804,0.005663488,-0.0112654185,-0.53507054,-0.08491883,-0.16675839,-0.0022597408,0.03422478,0.06392542
-0.013083133,-0.033200894,0.008428222,-0.09310502,-0.004941771,-0.029845254,-0.09358466,0.03461433,0.0052913823,-0.0055263527,0.029449278,-0.021133961,-0.059989087,-0.17584099,-0.17226532,0.014543997,-1.0308784,-0.07983625,-0.3918134,-0.0041988967,-0.23422068,-0.48287824,-0.023101352,0.00046219444,-0.15107779,-0.02797465,-0.006526134,-0.093002394,0.0631303,-0.14318778,-0.0007203236,0.0069312355,0.042756747
-0.0046541747,-0.024014937,0.012014927,0.019714588,-0.024383917,-0.03146629,0.116110526,-0.19857772,-0.028949957,-0.009686171,0.037279982,-0.02486328,0.028905151,0.11251909,0.10603846,-0.14845861,0.47977623,-0.023932392,0.055590596,0.0032249663,0.27865127,0.06746211,0.0018473383,-0.0044961814,0.22437705,0.0065439935,-0.020766744,-0.3510255,-0.059840985,-0.03629425,0.0076438896,-0.0016068425,0.6604349
0.08072315,0.041282177,-0.012344054,0.04976301,-0.1177982,-0.010075706,0.078978606,-0.16632606,0.049717546,0.007883655,-0.080331884,0.03208145,0.026417661,0.07708684,0.47383577,-0.18367559,-0.90043515,-0.13022572,-0.2255373,-0.0052453475,0.18524906,0.053420678,-0.0010378641,-0.007378981,0.21238895,0.0006839002,-0.009956456,-0.2711056,-0.15417403,0.1801548,0.0076438896,0.0034624548,0.35107344
-0.004202394,-0.020790726,-0.0053745727,0.021872582,0.20063822,-0.024526143,0.1214482,0.07009168,0.027330667,-0.0075020734,0.038421225,-0.031389926,0.032308932,0.14862223,0.022118954,0.059275284,0.60836947,-0.021266242,0.06502233,0.0036696398,0.24383385,0.105846874,-0.0028095834,-0.0041003986,0.21079569,0.00339455,0.01571018,0.3301236,0.12028627,-0.0031534727,-0.0012617838,0.00042288407,0.9186225
-0.0012937553,-0.038502976,-0.0063583693,0.026547743,0.017964456,-0.037727356,-0.07627677,-0.16203494,0.007651054,-0.009686171,0.031432517,-0.027696684,-0.030862445,-0.18379164,-0.09785856,0.051032223,0.48859298,-0.02036236,0.06653822,-0.0005925991,-0.40277442,0.073441096,0.0033641588,-0.008081329,-0.22001013,0.0040398994,-0.004702462,-0.19742157,-0.03726788,-0.07779412,-0.0022597408,0.0017319743,0.3163775
-0.09527904,-0.01173947,0.009529037,-0.17155619,0.031022537,-0.0009603529,0.07188867,-0.16449226,0.041642707,0.007883655,-0.051035468,0.026578737,0.048121054,0.06519388,0.5071556,0.023204593,-0.8844012,-0.13782883,-0.24899295,0.0026554517,0.21639717,0.050594155,0.0022689302,-0.0035669028,-0.15576507,0.0034260422,-0.009956456,-0.2762018,-0.15516692,0.18090284,0.0076438896,0.0067576244,0.27617282
-0.008740594,-0.02675186,-0.005466596,0.027211783,-0.020487053,-0.036883943,-0.09901047,0.034057766,0.0071864147,-0.004284095,0.03592642,-0.029726375,-0.03936114,0.08311927,-0.11713082,-0.02305897,0.46569872,-0.019449929,0.065682985,-0.0010760127,-0.40233675,-0.59107083,-0.0152652925,-0.0044427277,-0.21342888,0.0040040654,-0.00022914249,-0.20371681,0.062876165,-0.12172369,-0.0012617838,-0.0023359123,0.2495666
-0.009154544,-0.040896006,0.008883576,-0.10766287,-0.15794481,-0.0109250555,0.0674435,-0.15980168,-0.018044127,-0.009548129,-0.12821761,-0.011038387,-0.038553,-0.118208006,-0.26061574,-0.28085032,0.4538912,-0.039877303,0.059243444,-0.0078043784,-0.35810435,0.0583219,-0.01978954,-0.0066253003,-0.17554982,0.0034904545,-0.04012616,-0.6600998,-0.1036561,-0.07834318,-0.0022597408,-0.010861822,0.10883146
0.011641158,-0.024038771,-0.011082981,0.031005548,-0.76700115,-0.058284868,-0.048777755,0.04027338,0.008035183,-0.09186047,0.045573086,-0.036190346,-0.07342348,0.083161235,-0.34734187,-0.19835645,-0.9986836,-0.07892629,-0.3797634,-0.0015206861,-0.22287782,-0.4235578,-0.009594613,-0.007272947,-0.21398777,0.003965047,-0.013660374,0.038264953,0.024755254,-0.2391656,-0.0012617838,0.0026342142,0.02069866
0.00034423638,-0.020979159,-0.0070805494,0.017088318,0.12545823,-0.03229539,-0.11726737,0.053304955,-0.02459066,-0.011661891,0.03874289,-0.028360166,0.032245602,0.12486522,0.0038828154,0.032431066,0.6042178,-0.027980212,0.06620545,0.003234196,0.30555692,0.09054909,0.00047597828,-0.00094538135,0.22058764,0.0033376608,0.01571018,0.26591063,-0.013125975,-0.029305432,-0.0012617838,-0.0008993424,0.85679805
0.0085373,-0.029347071,-0.0062189507,0.03528122,-0.03512239,-0.00813284,0.09746508,0.05650375,-0.028885616,0.00790146,-0.14597265,-0.017531835,0.056825668,0.07867689,-0.19347459,-0.23551065,-0.96314955,-0.15246792,-0.40069133,-0.01695959,-0.2546935,0.06709235,-0.012001413,-0.0046516582,-0.17652097,0.004417373,-0.013660374,0.028188987,-0.12780328,-0.045128338,-0.0012617838,0.023919316,0.09080652
-0.0303284,-0.03443054,0.008428222,-0.119725116,-0.121772036,-0.034088317,-0.07389805,-0.20099749,0.024891052,-0.009686171,0.037843894,0.023874292,0.10314214,0.07924784,-0.24108998,-0.3007779,-0.7094083,0.15802322,0.10474963,-0.015551721,-0.23046985,0.05823621,-0.01277255,-0.004465687,-0.16542767,0.00094988314,-0.013660374,-0.512928,-0.023880932,0.22115578,-0.0074298615,-0.0030895085,0.12512304
-0.0035159178,-0.038824204,-0.006620217,0.024661591,0.22495577,-0.033632945,-0.022779007,0.03912519,0.00855409,-0.0075020734,0.041278433,-0.029322019,-0.030958133,0.086681284,-0.14386298,0.22522993,0.5954897,-0.019508002,0.07662637,-0.0008250253,-0.36037526,-0.4597185,-0.009356926,0.0027280957,-0.1791167,-0.022659583,0.011666397,0.83483297,0.06869747,-0.09929774,-0.0012617838,0.001658096,0.70549405
0.0022212237,-0.02796656,-0.0053745727,0.029268848,0.024893306,-0.030608445,0.11421368,0.05366871,0.012560273,-0.0042767343,0.037900493,-0.03016107,-0.036456477,0.122723,-0.07010263,0.08858802,0.4965569,-0.021529203,0.057253443,-0.0031557914,-0.3951836,0.09139208,-0.0027380586,-0.0018698368,0.2927734,0.0042757927,-0.00022914249,-0.07492971,0.08493127,-0.11349024,-0.0012617838,-0.0007274873,0.68862724
0.0045815427,0.11781953,-0.006510991,0.022168534,-0.025634268,-0.030978851,-0.05852114,-0.18583807,-0.007872106,-0.004596591,0.034035575,-0.021032162,-0.04336725,0.079206236,0.008829036,0.07697027,0.5358013,-0.01753802,0.06699977,-0.0005446393,0.264655,0.06868947,0.0032924071,0.024747066,-0.18567513,-0.0019063296,-0.020766744,-0.30984548,-0.039405704,-0.088052295,-0.0074298615,-0.004510035,0.58621025
0.004472923,-0.035426825,-0.015066177,0.051935256,-0.4140991,0.18187009,-0.049931936,-0.13941655,-0.019261217,0.0097779,-0.26496685,0.020384291,-0.059180945,-0.09878249,-0.15476465,-0.40788525,-1.0216931,-0.1257815,-0.37707347,-0.0066264635,-0.21618654,0.0560148,-0.0072726673,-0.0014309138,-0.18351124,0.0017384026,-0.0112654185,-0.49939385,-0.11974835,-0.03136976,-0.0022597408,-0.011965682,0.02088503
-0.008110054,0.16787694,0.038224664,0.056918025,0.00038361386,0.22906205,-0.07044809,0.04517749,0.022804577,-0.0075769536,0.054937437,0.038183197,0.042203993,-0.21309869,-0.0034301893,0.028566658,0.46876988,-0.033016644,0.05717839,0.0056437175,-0.40071693,0.08603235,-0.0053996667,-0.00027155207,0.23079236,-0.0002783314,-0.004702462,-0.10133013,0.10049974,0.16743863,-0.0007203236,0.006225142,0.74995446
-0.03725372,-0.031376854,0.0133003825,0.026551818,-1.0609231,-0.035237044,0.072803184,-0.18665496,-0.03355868,0.013374504,-0.13812679,0.021919165,0.048121054,0.06086177,-0.15571637,-0.21866572,-0.9778238,-0.17936486,-0.37936437,-0.01560486,-0.2470272,0.047091298,-0.012400107,-0.0035669028,-0.19560668,0.003122917,-0.0126637,-0.08738957,-0.31163839,0.16196501,0.0076438896,-0.1353971,0.020271583
-0.018655198,-0.02433617,-0.00041298848,-0.09999039,-0.12564339,-0.018645095,0.121240996,0.059941538,-0.020143025,0.0038787392,0.033467557,0.023335507,-0.11129825,0.10060885,0.17623478,-0.07430285,-0.95337576,0.062061753,0.08345753,0.0013452024,0.20033038,0.08806689,0.0029019504,-0.006343361,-0.16380101,0.0034260422,-0.009956456,-0.42276573,-0.03333024,-0.07231381,0.0012981314,-0.0030686723,0.2504459
-0.028096527,-0.027200071,0.016251503,0.024040295,-0.24083643,-0.03184242,-0.09990646,-0.17931469,0.006115018,0.0038787392,0.027583346,-0.041516386,-0.112667404,0.07975886,-0.072663076,-0.13835484,-1.0375862,0.031139543,0.07723763,-0.00053357484,0.17779723,0.07040412,0.009884584,-3.3698976e-05,-0.17233783,0.0055707647,-0.009956456,-0.16125146,-0.020847071,-0.20452349,-0.0074298615,-0.0024897808,0.12355636
-0.012807927,-0.04455922,-0.0063583693,0.024165796,-0.08779472,-0.04226703,-0.06757993,0.029735034,-0.0017959531,-0.0042767343,0.023424147,-0.030086609,-0.115750596,-0.2563699,-1.1212144,-0.023260243,-0.8952865,0.06252978,0.08950702,-0.013563391,-0.25901678,-0.5089973,-0.019047124,4.705717e-05,-0.12456044,-0.028016057,-0.006155194,-0.31262198,0.070234716,-0.20408414,-0.0007203236,0.0067788423,0.022330537
-0.023787102,-0.023203192,-0.0037200844,0.028451018,-0.096367806,-0.028241143,0.052780654,0.05268847,0.022591071,0.008197821,0.043738276,0.03735359,0.047499303,-0.23629682,0.25623968,-0.0052346727,0.44787374,-0.03111444,0.06766465,0.00030331686,0.31271714,0.07225329,0.0050404114,-0.005071286,-0.16987465,0.0008206171,-0.025240064,-0.34276894,-0.04098636,0.14172727,0.0007410736,-0.00012100063,0.66087687
-0.008740594,-0.02385014,-0.005466596,0.024661591,0.1572169,-0.034414697,-0.09342174,0.03456081,0.009173011,-0.0062598167,0.03448809,-0.029726375,-0.0418968,0.08776207,-0.19244643,0.015514418,0.51341105,-0.019508002,0.07487006,-0.0010760127,-0.4263288,-0.70039403,-0.008912372,-0.0044427277,-0.18376113,0.0040040654,0.011666397,0.18985061,0.06561176,-0.1037048,-0.0012617838,-0.0023359123,0.362482
-0.0010335245,-0.038942218,0.008428222,-0.09448812,-0.027677275,-0.0323145,-0.08199572,0.027985826,0.0104599325,-0.0055263527,0.03173025,-0.021133961,-0.045511212,-0.16894324,-0.32169697,-0.024531465,0.46856272,-0.023598056,0.06362585,-0.0072996654,-0.39979598,-0.5905951,-0.016748432,0.00046219444,-0.18875973,-0.02797465,-0.004702462,-0.3262042,0.052984282,-0.105048224,-0.0007203236,0.006698987,0.14384042
0.04320441,-0.009335144,0.005483461,-0.13131021,-0.25448844,-0.02156149,0.1151065,0.06682272,0.039534763,0.008180016,0.039348572,0.048997518,0.08327327,0.12439117,0.25694165,-0.019172717,-0.80276245,0.1173789,0.08720974,-0.004043718,0.20675558,0.07428368,0.0031788251,0.0011925861,0.2189433,0.003605046,-0.009956456,-0.4497121,-0.0013799994,0.2331254,0.0012981314,-0.014452818,0.54007137
-0.0016854351,-0.03366622,-0.0135611715,0.024629248,0.051856548,-0.028221102,-0.08478043,0.041541424,0.01434264,0.0014063097,-0.11569643,-0.025212444,-0.023888765,-0.24212086,-0.045770504,0.035285078,0.51050097,-0.024944406,0.055364326,-0.0053243344,-0.44761762,0.08402632,-0.0001591963,-0.0023841562,0.2240584,0.0042189034,0.01731373,0.02691386,-0.04731434,-0.06097354,-0.0007203236,-0.008963156,0.49475113
-0.11446398,-0.007881749,0.0042482726,0.053965613,0.046071872,-0.005757664,0.06995852,0.056839317,-0.027346818,0.003582378,-0.03217829,0.032068416,0.09446331,0.08295734,0.38826025,-0.28914022,-0.72327924,0.13716763,0.077839054,0.0013452024,0.202207,0.068984486,-0.0010378641,0.0009767856,-0.13217914,0.0034260422,-0.009956456,-0.31983784,-0.1266151,0.22850044,0.0012981314,0.000109441346,0.46633732
-0.00029873662,-0.03784219,-0.0063583693,0.024855757,-0.030997282,-0.044314135,-0.0790862,0.03735329,0.004616179,-0.0042767343,0.029763615,-0.0321163,-0.115750596,0.084239155,-0.24294095,-0.008044588,-0.8948023,0.061890215,0.09009243,-0.007533424,-0.2595412,-0.533778,-0.0130786905,0.00042789127,-0.13894549,-0.02797465,-0.013660374,-0.30403385,0.070492,-0.20393062,-0.0012617838,0.0009955079,0.07618908
-0.001727179,-0.022214735,-0.007371801,0.02827442,0.26406768,-0.030839236,-0.08926682,0.06916597,-0.019315282,-0.01678163,0.060129095,-0.020074692,-0.019122738,0.10965835,-0.07101666,0.10398604,0.65227777,-0.017297665,0.06332275,0.0028857982,0.24823147,0.07863274,0.001885115,-0.0038761168,0.24465987,0.0014417815,0.01571018,0.97851306,-0.00576914,-0.04612447,-0.0012617838,-0.0024365517,0.9339429
-0.004202394,-0.019089596,-0.0053745727,0.021377053,0.19346906,-0.024653638,0.124667324,0.06717166,0.021254087,-0.0062524555,0.034615137,0.039959796,-0.032842066,0.12528864,0.011448021,0.05923662,0.6142951,-0.016769808,0.062894635,0.0036696398,0.3060956,0.097305216,-0.0029582174,-0.0041003986,0.23212333,0.0008539788,0.01571018,0.26877537,0.11684354,-0.0015409472,-0.0012617838,0.00042288407,0.9167496
-0.00033532374,-0.04045864,-0.0063583693,0.024165796,-0.01586793,-0.036207356,-0.079477616,0.02926975,-0.0017959531,-0.0055263527,0.028405583,-0.030086609,-0.1086613,-0.18333249,-0.23701164,0.013726759,-0.92210966,0.06312481,0.08937345,-0.008174471,-0.2377271,-0.5300587,-0.023101352,-0.00251579,-0.13418974,-0.02797465,-0.006526134,-0.1906702,0.057679217,-0.20964575,-0.0007203236,0.0070655593,0.06753585
0.00029292563,0.10887785,-0.006649621,0.030201646,0.25672978,-0.029936118,-0.08359185,0.06893161,0.008054705,-0.0075020734,0.0621637,-0.017185261,-0.030685002,0.06917617,-0.10951693,0.1406135,0.6539653,-0.021673724,0.08170698,-0.0005959401,0.25762063,0.073712625,-0.0058922498,0.00042789127,-0.19928783,-0.0032275654,0.01571018,0.92195916,0.09492149,-0.08348043,-0.0012617838,0.0015739491,0.91267186
4.18555e-05,-0.021378811,-0.013039009,0.01672408,0.14782463,-0.033051502,-0.106852606,-0.19698836,-0.018030612,-0.011661891,0.02744763,-0.02486328,-0.023294352,0.11654657,-0.03944514,0.023238778,0.6230295,-0.02025042,0.06207234,0.0013554185,0.3046861,0.079860196,0.000547503,-0.0051376475,0.21583503,0.0033376608,0.01571018,0.2851188,-0.044457346,-0.07674982,-0.0074298615,-0.004023205,0.79855275
0.022206193,-0.01833486,-0.010400724,0.035331286,-0.1291369,-0.02568739,0.07413784,0.062573716,-0.03704779,0.008197821,0.04742375,0.031721417,0.037183046,0.13272333,0.33779302,-0.18075989,0.43766168,-0.03567541,0.043397203,0.0027895225,0.29364288,0.07701345,-0.0011226799,-0.0039428463,0.21014756,0.001471031,-0.020766744,-0.37089878,-0.06198835,0.13865584,0.0012981314,0.015929798,0.7713742
-0.006879217,-0.03536202,-0.0063583693,0.026617056,-0.013613498,-0.037285887,-0.09470153,0.02943566,0.004805557,-0.0055263527,0.034631383,-0.030086609,-0.059989087,-0.17634523,-0.30048987,-0.0014860695,-1.0310891,-0.078098126,-0.3979058,-0.0072996654,-0.23736456,-0.4858506,-0.023101352,6.48587e-05,-0.15328051,-0.02797465,-0.006526134,-0.1894017,0.06289116,-0.15867059,-0.0007203236,0.0076736794,0.035614543
0.02092352,-0.017890487,-0.010922886,0.036657035,-0.019235231,-0.007342511,0.08603225,0.048377592,-0.04661401,0.007883655,-0.119870596,0.025517557,0.028678907,-0.21567434,0.4729131,-0.02416941,-0.91436964,-0.14195144,-0.22649646,-0.0007016416,0.25483268,0.06540275,-0.0030760504,-0.0054712486,0.19847608,0.003605046,-0.014429775,-0.14613017,-0.10819959,0.14933121,0.0007410736,0.0013511007,0.372555
0.02040331,-0.021347662,0.0049447794,-0.08884931,-0.122807726,-0.025492074,0.08496438,0.06320477,-0.032213803,-0.009686171,0.045110013,0.024637466,0.047499303,0.116558716,0.2585276,-0.1276004,0.4613131,-0.036929492,0.070598856,0.0027895225,0.3135109,0.07460272,0.0006808276,-0.0009796238,-0.18623777,0.0012920271,-0.020766744,-0.33061093,-0.028731426,0.13659012,0.0012981314,0.00068896514,0.6894423
0.0021745898,-0.038521383,-0.0026557397,-0.16063873,-0.08879286,0.08092355,-0.024739617,-0.16642974,-0.007146285,0.0097779,-0.22043335,-0.013501415,-0.038945556,0.039127223,-0.11108697,0.0071777264,0.46542042,-0.033959556,0.069057,-0.0041603874,-0.40058714,0.06938854,0.0013105889,-0.0038468654,-0.17133613,-0.027160332,-0.034656167,-0.3798303,-0.16362827,-0.06297765,-0.0074298615,-0.0031305982,0.21070392
0.0011940319,-0.022461487,0.007979916,-0.059894074,-0.038272444,-0.02336105,-0.059027366,-0.17647056,-0.0037728206,-0.004596591,0.025942907,-0.018008241,-0.112667404,0.08419977,-0.07152943,-0.007457088,-1.0847783,0.067962475,0.08975548,-0.0053529805,0.21860573,0.07835616,0.0013105889,0.0015748395,-0.16325015,0.003315151,-0.009956456,-0.20531951,-0.028771913,-0.1804641,-0.0074298615,-0.007001061,0.16671427
-0.050558023,-0.03758307,0.006307564,-0.022597076,-1.0432392,-0.019039994,0.069381654,-0.15200771,-0.04293658,0.0035703243,-0.13443388,0.020433273,0.048644993,-0.104165785,-0.14200142,-0.12935051,-0.98829895,-0.18505397,-0.3677656,-0.011795103,-0.24066596,0.048595436,0.0032153805,0.012189429,-0.16927159,0.003122917,-0.0112654185,-0.54378396,-0.17821333,0.13953494,-0.0022597408,-0.13795738,0.013943517
0.004828209,-0.04142034,-0.006510991,0.0195942,-0.023167845,-0.04234015,-0.01577277,-0.15821855,0.0070614447,0.0038965445,0.033181943,-0.024199799,-0.04336725,-0.15837096,-0.078299925,0.0697484,0.46465802,-0.02097422,0.064291306,-0.0012810095,-0.41590044,0.068392724,0.0024786075,0.018886792,-0.19163573,0.004196394,-0.04012616,-0.35557988,-0.052489303,-0.07718092,-0.0022597408,-0.00999693,0.28959993
-0.0050458545,0.10168436,-0.0053745727,0.02320435,-0.10737215,-0.032087807,0.07904601,0.05992501,0.009201282,0.008197821,0.039742637,-0.027993502,-0.03474899,0.1140719,0.0024833826,-0.0888563,0.53975904,-0.015896903,0.058358107,-0.0005446393,0.27780145,0.08056013,0.0013105889,-0.0041192197,0.2639585,0.0005730091,-0.020766744,-0.3403367,-0.0078104543,-0.095579915,-0.0012617838,-0.0031221083,0.72502184
0.001039298,-0.044259243,0.009089564,0.03485339,-0.06889294,-0.038616538,0.08808759,-0.16333564,-0.017717892,0.0038965445,0.02957225,-0.034655005,-0.0639952,0.06453666,-0.31448936,-0.18491887,-0.99025005,-0.091468595,-0.35799918,-0.00885784,-0.23478967,0.06366836,0.009884584,0.014213043,-0.19834734,0.005663488,-0.013660374,-0.35738575,-0.09813154,-0.1387528,-0.0074298615,-0.008630794,0.04690774
-0.004202394,-0.020790726,-0.0053745727,0.02175942,0.18689093,-0.025276488,0.12035681,0.066821575,0.014546867,-0.0075020734,0.032654807,-0.031389926,-0.031519923,0.15004085,-0.09832506,0.06522549,0.6225063,-0.014375024,0.062266856,0.0012704796,0.25350443,0.104798965,-0.0027380586,-0.0044504856,0.2394211,0.00339455,0.01571018,0.2929752,0.091583624,-0.092792906,-0.0012617838,-0.0011189845,0.8914037
0.013333873,-0.019246068,-0.0066704038,0.027440874,-0.091799535,-0.014836762,-0.0816329,0.051318873,0.023128506,-0.009548129,-0.15549037,0.034932833,0.026145756,0.11921841,0.12020933,0.045787945,0.46663448,-0.042890873,0.058339138,0.0027895225,0.2882382,0.07785296,0.0001498599,-0.00074574933,0.22401285,0.000999621,-0.020766744,-0.34122977,-0.016687986,0.14351745,0.0012981314,-0.00090015534,0.7356448
0.0025622144,0.10118212,-0.0053745727,0.026865311,0.050180078,-0.02641581,0.13006587,0.057815615,0.009194958,-0.0042767343,0.032772373,-0.027993502,-0.036456477,0.11669575,-0.11231598,0.13084878,0.5906816,-0.016956273,0.061490953,-0.0010557922,0.29751772,0.08673992,-0.0027380586,-0.0018698368,0.27242547,0.00047340413,-0.012065866,-0.00682281,0.08804206,-0.10575755,-0.0012617838,-0.001405701,0.85733604
0.0005250152,-0.03322874,-0.007924927,0.023081869,0.045261193,-0.014985627,-0.0769656,0.041166387,0.013316812,0.00790146,-0.13400087,0.03759116,-0.033459388,-0.20626321,0.01916774,-0.07458459,0.5531776,-0.030664513,0.07362173,0.0032196296,0.29450783,0.07832278,-0.00010539204,0.00074621127,-0.18463916,-0.013210192,-0.016539186,-0.16737406,-0.043051686,-0.030154359,0.0007410736,-0.0031532333,0.5554199
0.017232316,-0.033481613,-0.005329732,-0.07955594,-0.09277726,-0.03443105,0.028844068,-0.20886591,-0.0052030236,0.008197821,0.026555875,-0.014176622,-0.11227485,0.053465135,-0.21855587,0.012837077,-0.87908745,0.10528068,0.08730155,-0.0008328166,-0.24335115,0.07387097,-0.009096987,-0.005739475,-0.16730961,0.003368856,-0.013660374,-0.24348253,-0.13812019,-0.15544929,-0.0074298615,-0.0064019603,0.10366884
0.00034423638,-0.020979159,-0.0070805494,0.02194805,0.14800993,-0.030309595,-0.10835279,0.06253274,0.012022723,0.022882042,0.033189677,-0.031389926,-0.02391134,0.12853397,-0.050655294,0.051442746,0.62607104,-0.019254183,0.06344998,0.00083503575,0.2782049,0.093944885,0.000547503,0.0005595251,0.23656686,0.0033376608,0.01571018,0.308524,-0.0005111025,-0.08297927,-0.0012617838,-0.002441211,0.8617716
0.012237165,0.120313644,0.0075704553,0.03427708,-0.15520015,-0.029905163,0.12907235,0.067322254,-0.0361355,-0.009577213,0.051195595,-0.02496374,0.037183046,0.10251467,-0.097965576,-0.10262431,0.4950217,-0.026817951,0.05426785,-0.0052453475,0.22073086,0.07213498,0.004445269,-0.00043217698,0.24519528,0.002828623,-0.020766744,-0.6653874,-0.023309285,-0.043111406,-0.0012617838,-0.0006920975,0.6256185
0.025390701,-0.042667266,0.009908722,-0.12517723,-0.119750395,-0.0069307406,-0.10164511,0.054731056,-0.021888217,-0.0044585485,-0.1443485,0.0140269715,0.100906685,0.08714989,-0.21046029,-0.1975435,-0.7116689,0.1972972,0.108004995,-0.0048235403,-0.24523243,0.06913817,0.004445269,-0.0026680622,-0.14976655,0.003122917,-0.013660374,-0.51465565,-0.03300803,0.20844188,-0.0012617838,-0.0077702375,0.15759002
-0.029751997,0.19069749,-0.00025196723,0.040224276,-0.10126909,-0.0136594055,0.07318742,-0.15837519,-0.004578445,0.0035881295,-0.1072814,-0.014986183,-0.108245715,0.02505726,-0.2549789,-0.22107747,-0.8808749,0.10174143,0.085801564,-0.0024748126,-0.18480818,0.069869086,0.009884584,0.012583442,-0.15166324,0.000103485625,-0.0126637,-0.49350446,-0.17450704,-0.15045522,-0.0074298615,0.040624466,0.08956779
-0.0026451391,-0.029633906,0.01584378,-0.07710245,-0.18877682,-0.03709697,-0.04070811,0.028350513,0.006899247,-0.0042767343,0.028523287,-0.032802075,-0.067304835,-0.13698287,-0.26440248,-0.21873876,-0.9952748,-0.07929301,-0.34676504,-0.0071152085,-0.22544047,-0.38861042,0.07932951,0.0005065894,-0.1502432,0.003965047,-0.018133692,-0.43617615,0.05606606,-0.2024509,-0.0007203236,0.0072120824,0.02599663
-0.011862681,-0.03078271,0.0017311436,-0.15747459,0.062692635,0.10878218,-0.07308207,-0.12228895,-0.015956892,0.015834084,-0.18090138,-0.011038387,0.045900144,-0.09196592,-0.10938348,0.03448782,-1.0859358,-0.14788318,-0.4634686,-0.010669788,-0.22535482,0.07840602,-0.00023072094,-0.0017710649,-0.13204,0.0040398994,0.0030786328,0.07681378,-0.11217617,-0.033870272,-0.0022597408,-0.012164138,0.07584102
-0.0019321012,-0.01952933,0.01534018,-0.07419221,0.1967586,-0.016906396,-0.11419939,0.057551615,-0.02056676,-0.016643587,-0.11969545,-0.015377802,-0.015760055,0.12577231,-0.012259365,0.027148947,0.6318335,-0.024209304,0.06260194,0.0017908623,0.24753635,0.09508782,0.000547503,-0.003478781,0.2087097,0.0033376608,0.01571018,0.36646962,-0.036761273,-0.056799058,-0.0012617838,-0.0042187036,0.83243126
0.00210002,-0.036562875,-0.0046523926,0.024858203,-0.12810665,-0.039278068,0.07432328,0.037063133,-0.0018416897,-0.0042767343,0.03018496,-0.027696684,-0.121508114,-0.17418098,-0.15184698,0.033219475,-0.8734714,0.060208127,0.08765519,-0.0138143785,-0.26469105,-0.48541376,0.054594394,-0.0031719904,-0.13153653,0.0040040654,-0.018133692,-0.2609639,0.103843406,-0.19867554,-0.0007203236,-0.0014436846,0.088718444
0.0061531533,-0.03040813,0.008428222,-0.09479041,-0.02763718,-0.027555441,-0.08593734,0.03720696,0.009658837,-0.0043710256,0.030028462,-0.023163654,-0.03936114,0.098876365,-0.64984787,0.0022262055,0.4843127,-0.021133147,0.06829094,-0.00038958143,-0.45879006,-0.65431017,-0.011700188,-0.0017554217,-0.2000484,-0.02797465,0.011666397,-0.038721796,0.0714375,-0.09305647,-0.0012617838,0.0012023682,0.17333484
0.033605553,-0.021708483,0.0063394876,0.038886122,-0.07949741,-0.02917158,0.10608649,-0.20094763,0.03287127,-0.009577213,0.032120153,0.039959796,0.074995376,0.11405726,0.27372828,-0.05952526,-0.7983609,0.11514656,0.0848871,-0.004043718,0.21436423,0.0639785,0.0031788251,-0.0013680859,0.22297388,0.003605046,-0.009956456,-0.40631384,-0.005607604,0.23550496,0.0076438896,0.0004956829,0.5446062
-0.0034485036,-0.032112624,0.0061757476,-0.040188864,-0.092810966,-0.03556365,0.06490878,0.043385487,0.006867408,-0.0042767343,0.040533178,-0.023163654,-0.07957355,0.08290443,-0.23910439,-0.044767253,-0.9673321,-0.079946935,-0.35325506,-0.0012696986,-0.2631412,-0.4896795,-0.0042471294,0.0007414636,-0.16839431,-0.026851054,-0.013660374,-0.12927164,0.086964995,-0.11265968,-0.0012617838,-0.002019757,0.058691893
0.0031059003,0.09806135,-0.0053745727,0.026688082,-0.14551426,-0.028684538,0.0701677,-0.20220596,0.020227531,-0.009686171,0.036106136,0.035779994,-0.028496992,0.09921794,-0.006487784,0.0063926578,0.5179517,-0.021244438,0.053757112,0.0008986943,0.24981678,0.06964714,0.0012676698,-0.0039793863,0.26430815,-0.0019675621,-0.020766744,-0.35487834,-0.018966068,-0.036067106,0.0076438896,-0.0012333265,0.6848251
-0.006879217,-0.030165642,-0.0059913136,-0.08248324,0.10327852,-0.027473986,-0.08947496,0.03459238,0.0072779786,-0.0075020734,0.031686,-0.021133961,-0.06252475,-0.17437728,-0.4320875,0.035844464,-1.092854,-0.08020699,-0.43810996,-0.0041988967,-0.27437404,-0.52230704,-0.016748432,6.48587e-05,-0.13619088,-0.02797465,0.011749474,0.15166648,0.065175705,-0.1227098,-0.0007203236,0.0069312355,0.04279195
-0.0010153353,-0.043089435,0.009393593,-0.0748582,0.1889785,-0.027628336,-0.010446215,0.037672676,5.7547004e-05,-0.0075020734,0.033227332,-0.018339682,-0.106408365,-0.21082754,-0.33101964,-0.04008656,-1.2009263,0.077822864,0.1011939,-0.010462622,-0.23935084,-0.44720924,-0.011843623,0.00046219444,-0.11608498,-0.02797465,0.011749474,0.63269573,0.060581576,-0.17810269,-0.0007203236,0.0060363985,0.13664088
0.0025622144,0.12223256,0.007031774,0.025788277,0.13366921,-0.030123038,0.10596141,0.06330631,0.0077302875,-0.0062524555,0.03247519,-0.029948734,-0.04080271,0.10648726,-0.12156124,0.10380505,0.6096247,-0.017327778,0.07838533,0.0016519134,0.33403715,0.09091794,-0.0027380586,0.00019401684,-0.19922513,0.002975505,0.01571018,0.16135994,0.08097944,-0.10115988,-0.0012617838,-0.001405701,0.83693945
0.01858697,-0.030868756,0.016251503,0.025953403,-0.123648085,-0.0450143,-0.07015771,-0.16659988,-0.0047044614,-0.004596591,0.019309698,-0.029663699,-0.112667404,0.068368495,-0.12296565,-0.3603967,-0.8829434,0.084959984,0.08840796,0.005690553,-0.21779516,0.07000337,0.009884584,0.014860934,-0.17856589,0.0042789737,-0.013660374,-0.62917703,-0.020350965,-0.2070505,-0.0074298615,-0.008910306,0.062382378
0.014120203,-0.03188035,0.011136051,-0.091542214,0.035899095,-0.019074509,-0.04749884,-0.15990199,0.0075476035,0.00790146,-0.10418308,0.014638836,-0.10785316,0.06264298,-0.22235954,-0.086474046,-0.89952415,0.14178182,0.099770546,-0.006879053,-0.2588189,0.077210486,-0.0032750377,-0.003591858,-0.18088908,0.00071080885,-0.0020528147,-0.22608958,-0.13703541,-0.06422659,-0.0074298615,-0.006658429,0.10974704
-0.004915432,-0.04175937,-0.010268778,0.029583378,-0.18028943,-0.041720595,0.03286117,0.03532838,0.0069572944,-0.0042767343,0.034795627,-0.04414465,-0.07957355,-0.16875447,-0.29104188,-0.2065491,-0.97508115,-0.07751173,-0.3295818,-0.0068642218,-0.23412141,-0.4168643,0.0017824265,-0.0031275954,-0.15673426,-0.026851054,-0.018133692,-0.4361732,0.043518096,-0.18414173,-0.0007203236,-0.00026800128,0.02523186
-0.025033368,-0.0344737,0.008883576,-0.12283946,-0.15221165,-0.0067586745,0.10112155,-0.18279596,-0.0111879865,-0.009548129,-0.11307821,-0.0111114895,0.098121494,0.05047956,-0.1841596,-0.15142076,-0.7614688,0.13517489,0.10611464,-0.015551721,-0.22270963,0.06656574,-0.01277255,-0.006536753,-0.15853974,0.005663488,-0.013660374,-0.5158178,-0.14988819,-0.0511325,-0.0074298615,0.038873363,0.098982796
-0.0016854351,-0.030776698,-0.0070805494,0.02597039,0.14210719,-0.042142175,-0.08018675,0.047818407,0.030718395,0.022882042,0.034101017,0.039398737,-0.02391134,-0.2942709,-0.08692303,0.04543451,0.5726858,-0.026550915,0.06046411,-0.011370571,-0.34102294,0.10171441,-0.0003793549,-0.0023841562,0.22537841,0.00088981254,0.01731373,0.24621993,-0.027176559,-0.013367351,-0.0007203236,-0.008654471,0.6715148
0.013844043,-0.049188558,0.015395474,-0.09977075,0.03268216,-0.031719297,-0.10491635,-0.13907695,-0.04056052,0.0038787392,0.03678127,0.03607634,0.060108997,-0.11607777,-0.1248145,-0.022560254,-0.9255934,-0.17725332,-0.37459382,-0.01109432,-0.25194275,0.05290077,0.0037385698,0.013218367,-0.14819787,0.003122917,-0.018133692,-0.27374533,-0.11716199,0.1452217,-0.0022597408,0.026906237,0.07697078
-0.0025354908,-0.031909116,-0.020847112,0.038745865,0.15028688,0.19365865,-0.06902881,0.049426146,0.01679069,-0.010802291,0.042853475,-0.03177446,-0.031519923,-0.28844267,-0.06907934,0.066048704,0.55793947,-0.02208365,0.05983633,0.0005428703,-0.34519517,0.1042567,-0.005328142,-0.0021738298,0.21847339,0.0042757927,0.01731373,0.23886254,0.05698077,-0.09573724,-0.0007203236,0.022190645,0.71337974
0.0106075965,-0.043062244,-0.0063583693,0.023185825,0.19859669,-0.03380436,-0.0138173085,0.036815923,0.011837362,-0.0075020734,0.036019508,-0.030086609,-0.032940708,-0.17824657,-0.16069458,0.15391526,0.59415144,-0.021361167,0.073819384,-0.0041988967,-0.3677078,-0.44443047,-0.018196542,0.0023650632,-0.13843401,-0.022659583,0.01731373,0.6837506,0.055097904,-0.10293485,-0.0007203236,0.00744143,0.5934658
-0.004964076,-0.023060028,-0.00056446047,0.020433355,0.047907334,-0.00939701,0.099849485,0.0541852,0.009935405,-0.0044585485,-0.1424541,-0.0278901,0.031670175,0.112098716,-0.06209558,-0.07074671,0.5354614,-0.032384105,0.07595471,0.003234196,0.29859418,0.081311576,0.0007499411,0.010221669,-0.2277402,0.0031586569,-0.012065866,-0.095129125,-0.020990277,-0.031787895,-0.0012617838,-0.0051012,0.67111343
0.06262944,0.0006939755,-0.010555831,-0.14213188,-0.25862637,0.0003023179,0.11102708,0.055266038,0.04795015,0.007883655,-0.1645164,0.03433553,0.028678907,0.119147845,0.47981066,-0.10352248,-0.9488695,-0.13089275,-0.23922229,0.0022200078,0.22904608,0.060930096,0.0031788251,-0.0036256292,0.20925601,0.003605046,-0.009956456,-0.37443924,-0.03370438,0.18093386,0.0012981314,0.019191794,0.3402619
-0.0033342708,-0.029518668,-0.005696787,0.03159854,0.119490534,-0.037704382,0.08982612,-0.20667383,-0.008890188,0.01855528,0.027838726,-0.020596966,-0.030862445,0.081819266,-0.21089718,0.061946303,0.5091224,-0.022282818,0.071005665,-0.012193979,-0.46566802,0.07904143,-0.0009954252,-0.009067202,-0.20884515,0.0032513803,0.011666397,0.06660561,-0.11690673,-0.06467955,-0.0074298615,-0.00471054,0.45149407
-0.00096402504,-0.035595473,-0.0059913136,-0.08647661,0.061754044,-0.026269345,-0.07622696,0.03360825,0.00067646813,-0.0075020734,0.027428087,-0.021133961,-0.1086613,-0.1576,-0.28403324,0.024895584,-0.9582177,0.07104061,0.09373554,-0.010462622,-0.23924628,-0.5373375,-0.023101352,6.48587e-05,-0.120612465,-0.02797465,0.011749474,0.02385282,0.059269242,-0.18735208,-0.0007203236,0.0060363985,0.08311044
-0.00031783234,-0.030983673,0.009284249,0.027364815,0.0372196,-0.03894149,-0.07406893,0.033817884,0.011960703,-0.0075020734,0.03113462,-0.027696684,-0.033242498,-0.14929579,-0.094313495,0.009390704,0.48717672,-0.021213558,0.0662338,-0.00401444,-0.47631544,-0.5911621,0.12170381,-0.0021184543,-0.18099895,0.0040040654,0.01731373,-0.087204926,0.07373645,-0.10474227,-0.0007203236,0.007728147,0.29188785
-0.019982427,-0.043661438,-0.005696787,0.01659846,-0.09087178,-0.04676044,0.018510403,-0.1593122,-0.0041647432,0.008197821,0.024939546,-0.026589723,-0.112667404,-0.19504967,-0.20990595,-0.14855324,-0.90473676,0.070246786,0.090147816,-0.0066016,-0.26103044,0.076825306,0.0006038896,-0.009263553,-0.15799882,-0.024108186,-0.018133692,-0.2494552,-0.022953777,-0.16098797,-0.0022597408,-0.009974828,0.07698042
-0.00011795759,-0.042046394,-0.0063583693,0.024165796,-0.04411531,-0.04212312,-0.09252068,0.030594843,-0.0017959531,-0.0042767343,0.028405583,-0.030086609,-0.115750596,-0.17537843,-0.10665667,-0.012160005,-0.89764065,0.0631569,0.08950702,-0.013563391,-0.261371,-0.5068574,-0.022612229,6.48587e-05,-0.12456044,-0.02797465,-0.018133692,-0.30924624,0.070234716,-0.2060527,-0.0007203236,0.0067788423,0.06607167
0.012877019,-0.023038814,-0.0011920126,-0.087901786,-0.04100206,-0.01996157,0.12385482,0.062318765,0.026466874,0.0038965445,0.045080982,0.028155867,0.048023243,0.1127893,0.26890576,-0.19127956,0.44236207,-0.034264825,0.070598856,0.0027895225,0.3135109,0.0790126,0.0019544386,-0.0059972284,-0.19225945,0.0022189452,-0.020766744,-0.32899973,-0.026695391,0.15229414,0.0012981314,-0.003305043,0.71550953
-0.0037259506,-0.02796656,-0.0053745727,0.02518176,0.026981883,-0.032995664,0.111701325,0.05215581,0.009194958,-0.0042767343,0.03828783,-0.03016107,-0.036456477,0.115576915,-0.078770384,0.09458221,0.4891746,-0.016303996,0.056376368,-0.004992043,-0.3827489,0.08881387,-0.0027380586,-0.0044504856,0.29357165,0.0042757927,-0.00022914249,-0.17204772,0.08493127,-0.09336315,-0.0012617838,-0.0004407707,0.66664577
-0.002305714,-0.028767,0.02377019,-0.16727744,0.17686643,0.123567745,-0.07533214,0.05275799,0.0068680053,-0.017523231,-0.16603419,-0.020098522,-0.020106288,0.08588223,-0.07490181,0.10427712,0.56263787,-0.02753135,0.07924744,-0.004762447,-0.35861167,0.10159172,0.000547503,-0.001631879,-0.2139169,-0.027160332,0.011666397,0.4258154,-0.013771147,-0.07731672,-0.0012617838,0.006644306,0.6374653
0.0011292712,-0.036287785,0.037685987,0.042705067,0.16375378,0.23303074,-0.059583396,0.052810404,0.011960703,-0.010802291,0.04264995,-0.030086609,-0.035866156,-0.20476192,-0.09085463,0.09280235,0.54850197,-0.02305881,0.07803835,0.0003377794,-0.3635211,0.10074446,-0.005328142,0.0023090967,-0.18489736,-0.029038789,0.01731373,0.3028735,0.055660684,-0.10131697,-0.0007203236,0.021903928,0.67494524
0.0034769934,-0.0433261,0.017155161,0.023391467,0.04583021,-0.019862369,0.082288705,0.048479803,-0.031653255,0.007883655,-0.12920512,0.020384291,-0.060582645,-0.15606844,-0.24796449,-0.017627778,-1.0033857,-0.1281597,-0.35271618,-0.01109432,-0.24120912,0.064436674,-0.0076451087,-0.003440265,-0.17015556,0.003122917,-0.018133692,-0.5018838,-0.121162914,-0.03839703,-0.0007203236,0.018919043,0.053734154
0.027858067,-0.044458523,0.006307564,-0.10799346,-0.09025752,-0.0001396247,0.07616027,-0.15809637,-0.008093529,0.0035881295,-0.065496415,-0.020088537,-0.108245715,0.031670302,-0.19844021,-0.09901498,-0.8808749,0.13496798,0.0855941,0.0012226971,-0.22108182,0.069869086,0.009884584,0.026925886,-0.14434992,0.005663488,-0.0126637,-0.37943938,-0.18380775,-0.17676423,-0.0074298615,0.051094547,0.09318272
0.009570485,-0.039699744,-0.009901723,-0.1004776,-0.4377355,-0.03698226,0.03583402,0.0400358,0.00744312,-0.0042767343,0.0394298,-0.035192,-0.07957355,-0.18191457,-0.33242923,-0.31745675,-0.9822413,-0.07908277,-0.34695995,-0.0072996654,-0.24073066,-0.41336572,0.0012592372,-0.0026551413,-0.16350332,-0.026851054,-0.018133692,-0.4147121,0.10100152,-0.20375332,-0.0007203236,0.01738902,0.01593561
0.0019188437,-0.028302893,-0.010965977,-0.07133434,0.04934516,-0.03288116,0.111490756,-0.20066658,-0.022522265,-0.009686171,0.031519994,-0.017214078,0.028031537,0.12133969,-0.18635567,0.17207885,0.47992676,-0.037567414,0.058631267,-0.017539432,-0.3911143,0.07632427,0.0007499411,-0.007435375,0.26859212,0.0034303837,-0.00022914249,-0.051743664,-0.04833206,-0.02753572,-0.0074298615,-0.005712016,0.58160406
-0.0014556585,-0.02639434,0.01534018,-0.08508374,0.05100392,-0.022332234,-0.098176934,0.049401958,-0.024604512,-0.011523848,-0.13349947,-0.014148948,0.025272142,0.112330824,-0.16866004,0.013846686,0.50756806,-0.03756913,0.06017693,-0.018240213,-0.4336971,0.089178726,0.00047597828,-0.003478781,0.24488607,0.0034303837,0.011666397,0.079949796,-0.042333446,-0.025658948,-0.0012617838,-0.004549747,0.55290365
-0.005143231,-0.023437733,-0.0003335489,0.026834294,0.28057435,-0.02684917,0.106038876,0.07355238,-0.028376276,-0.011692051,0.0587856,-0.019639999,0.021990174,0.09122789,0.07268626,0.11974458,0.6301225,-0.02733533,0.08242842,0.004849514,0.27536824,0.077087276,0.0018135904,0.011199582,-0.19792372,0.0012627778,0.01571018,0.94227666,-0.025423361,-0.03175081,0.0012981314,-0.004968493,0.93037915
3.2454263e-06,-0.030541416,0.008428222,-0.09533617,0.018246219,-0.03526517,-0.08401661,0.05322716,0.014395385,-0.0042767343,0.03491849,0.0338588,-0.04080271,0.08939399,-0.09991113,0.0276129,0.48283243,-0.030599527,0.07502121,-0.011243371,-0.46838698,0.091756925,-0.0029582174,0.000825227,-0.22694983,-0.016152784,0.011666397,-0.09945225,0.093262926,-0.0073598083,-0.0012617838,-0.0014871547,0.47003555
0.0056716697,-0.034889616,-0.007033154,0.019883856,0.16451235,-0.027755197,-0.07727614,-0.14639263,0.009169873,-0.011554008,-0.09725623,-0.021134667,-0.018704591,-0.19753629,-0.039366417,0.052952982,0.5258158,-0.025037112,0.07581265,-0.0053243344,-0.4332955,0.08417534,-0.0001591963,0.027400566,-0.17708346,0.0040398994,0.01731373,0.20328563,-0.041044816,-0.07249482,-0.0022597408,-0.01027826,0.461255
-0.02305872,0.101341516,0.009533781,0.02423992,0.0243724,-0.012490029,-0.109798625,0.05037437,-0.013603649,-0.0044585485,-0.12506896,0.02184022,0.09446331,0.09334481,0.23526078,-0.1665899,-0.8338566,0.15169847,0.10401174,2.3889006e-05,0.19632755,0.079123855,0.0019544386,0.010744192,-0.13678053,-0.0013970619,-0.009956456,-0.18123037,-0.039491586,0.21766353,0.0012981314,6.183633e-05,0.46516857
-0.000299135,0.15236405,0.010063273,0.022204576,0.015901586,-0.04947037,-0.06115791,-0.1756252,-0.013692482,-0.009686171,0.037357606,-0.02065408,0.035087585,0.06906515,-0.18401715,-0.04518283,0.44924745,-0.03649456,0.071634315,-0.0099289175,-0.3701877,0.07262113,-0.002795099,-0.00454068,-0.2280032,-0.0010625069,-0.00022914249,-0.20596132,-0.03835391,-0.035677694,-0.0074298615,-0.0044880123,0.38489065
-0.000299135,-0.029467368,-0.007924927,0.031759437,0.09135814,-0.029083235,-0.08531177,-0.1826176,0.008010471,0.01825892,-0.11153928,-0.020561596,0.026194504,0.06687728,-0.21718492,0.0076075336,0.48071197,-0.038629938,0.076519065,-0.017539432,-0.4446751,0.07752495,-0.0012848054,-0.0041888254,-0.20591061,0.0032513803,0.011666397,0.08194179,-0.12450949,-0.024366142,-0.0074298615,-0.0052954815,0.38329464
-0.0010639786,-0.0280227,0.009284249,0.024343848,0.096666306,-0.041316077,-0.078437746,-0.1826549,0.0048633614,-0.01678163,0.0324672,-0.029726375,-0.026348144,0.09382921,-0.08029041,0.02930697,0.5116332,-0.0186019,0.07368661,-0.004992043,-0.46096325,0.08063931,-0.0009954252,-0.0073209605,-0.23218544,0.0040398994,0.011666397,0.09988823,-0.0215411,-0.07610276,-0.0074298615,-0.0018555033,0.46412057
-0.001178784,-0.044364847,-0.0063583693,0.025046833,-0.046890363,-0.043450437,-0.06560402,0.028817287,-0.0017959531,-0.0042767343,0.028505297,-0.030086609,-0.115750596,-0.16319448,-0.28741464,-0.008761802,-0.8952865,0.06312481,0.08862995,-0.008174471,-0.2566133,-0.5015819,-0.02080765,-0.00251579,-0.12456044,-0.02797465,-0.018133692,-0.31425166,0.055032108,-0.19396947,-0.0007203236,0.0070655593,0.058033712
-4.806486e-05,-0.028877165,-0.0073423972,0.021717547,0.22611724,-0.037504744,-0.04104954,0.061626,0.013390399,0.022882042,0.050256275,-0.02736679,-0.019122738,0.11394571,-0.054337077,-0.017262194,0.61100143,-0.023827108,0.06352038,-0.0042912606,-0.3361626,0.08205439,0.001885115,0.0005595251,0.2607692,0.0042189034,0.011666397,0.8297118,0.0023040143,-0.06380672,-0.0012617838,-0.001600991,0.8598827
0.00034423638,-0.020979159,-0.0070805494,0.016679106,0.11111228,-0.03410278,-0.10835279,0.050034847,0.012022723,0.01855528,0.033165276,-0.031389926,-0.02842564,0.12608095,-0.12960099,0.03196749,0.62271744,-0.019254183,0.06344998,0.00083503575,0.30555692,0.09025395,0.000547503,0.0005595251,0.23975053,0.0033376608,0.01571018,0.27655157,0.0026286193,-0.08377991,-0.0012617838,-0.002441211,0.8396658
-0.0019321012,-0.020790726,-0.0070805494,0.02194805,0.1631504,-0.030048277,-0.10319401,0.06236552,0.014002996,-0.0075020734,0.032762405,-0.031389926,-0.031519923,0.1375866,-0.13871853,0.037523918,0.62624997,-0.015019904,0.06257292,0.0012704796,0.23803276,0.104798965,-0.0027380586,-0.0021527575,0.20926364,0.00339455,0.01571018,0.33317256,0.08839389,-0.08963356,-0.0012617838,0.0021427223,0.8546952
-0.0006908771,-0.026617348,-0.0063583693,0.027190177,0.08198719,-0.043558896,-0.093956955,0.03725266,0.008035183,-0.0042767343,0.041963343,-0.029726375,-0.060959738,0.043483656,-0.27916062,0.19258098,-0.9829502,-0.077723846,-0.36048198,-0.0010852423,-0.23737843,-0.41307756,0.033605568,0.00050288416,-0.14586163,0.003965047,-0.013660374,-0.52707106,0.087981515,-0.15275307,-0.0012617838,0.002177061,0.057468325
-0.0039557274,-0.031865165,0.0075704553,0.016174475,0.08974111,-0.034457974,0.0873651,0.04886861,0.015347966,-0.0075020734,0.036418542,-0.03177446,-0.031519923,-0.2721735,-0.063987195,0.10076322,0.5254634,-0.018528663,0.059530277,-0.0005925991,-0.43447646,0.09235505,-0.005328142,-0.0036887857,0.22792688,0.0042757927,0.01731373,0.1328406,0.077067286,-0.08736854,-0.0007203236,0.0040263752,0.6492308
-0.023300134,-0.032724388,-0.005466596,0.025528895,-0.17241079,-0.04078284,-0.040823225,0.052581597,2.5678892e-05,0.0038965445,0.03797793,-0.041754723,0.111943975,-0.17851613,-0.16538605,-0.16557963,-0.7900428,0.114442095,0.10895592,-0.0052185943,-0.2070085,0.07786275,0.0037385698,-0.003951494,-0.15135263,0.0034904545,-0.018133692,-0.5622883,-0.07329478,-0.055231377,-0.0007203236,-0.009786861,0.108826876
-0.104478225,0.0011572903,-0.0006765464,0.050151706,-0.1699688,-0.004203111,0.08722277,0.052636765,-0.040268004,0.003582378,-0.10035942,0.032068416,0.05090624,0.08611451,0.43962753,-0.23530197,-0.8875963,-0.13077183,-0.29072207,0.0026554517,0.22410104,0.06053924,-0.0010378641,0.009659821,-0.12503907,0.0034260422,-0.009956456,-0.22153996,-0.13055782,0.16071576,0.0012981314,0.0033341886,0.25298986
0.010265796,-0.029071981,0.038224664,0.053584956,-0.0978073,0.2591339,-0.048866536,0.055075053,0.01665157,-0.0075769536,0.074947394,0.035678223,0.044259556,0.10401048,-0.020319054,-0.0781505,0.4279739,-0.03536955,0.058159612,-0.004505773,-0.39145505,0.081341445,-0.0004773844,0.006365245,0.24597065,0.0017352211,-0.03565284,-0.40665275,0.120258145,0.15260583,-0.0012617838,0.0013375154,0.67501634
0.0034082802,-0.022730995,-0.0046523926,0.020278195,-0.110396355,-0.024911411,0.06995312,0.06744299,0.013134883,-0.0042767343,0.04499132,-0.03095523,0.050509237,0.09714553,-0.006484406,0.058054205,0.50786686,-0.024459353,0.07362043,0.0027895225,0.31872746,0.07668794,-0.0025252805,-0.0013201176,-0.1985835,0.004257016,-0.020766744,-0.31061947,0.15085982,-0.020094136,-0.0012617838,0.00013649714,0.70607066
-0.004202394,0.09211485,-0.0053745727,0.023547241,0.19460832,-0.024653638,0.124667324,0.06938332,0.027330667,-0.0075020734,0.038439076,-0.027993502,0.036375508,0.13084717,0.012287266,0.06660754,0.6046258,-0.021266242,0.06520452,0.0017788117,0.2436237,0.105846874,-0.0028095834,-0.0041003986,0.22993863,0.00047340413,0.01571018,0.27630138,0.1258314,-0.0031534727,-0.0012617838,0.00042288407,0.9230266
0.031780235,-0.02321137,-0.0028725488,0.04090868,-0.17378058,-0.033864398,-0.11018373,0.059396844,-0.029586634,-0.009577213,0.04406502,0.057905212,0.08327327,0.10890588,0.0028923305,-0.1292861,-0.8162089,0.139043,0.08754243,-0.004043718,0.20830394,0.07259636,0.0031788251,-3.1196745e-05,0.21245551,0.003605046,-0.009956456,-0.47070476,-0.006589672,0.22581644,0.0012981314,0.00022810366,0.41674456
0.0025990023,-0.04142898,-0.005696787,0.021340834,0.030011784,-0.041051604,0.037318584,-0.16072574,-0.016268237,0.008197821,0.032869417,-0.022913788,-0.04336725,-0.18063964,-0.21680707,-0.07692855,0.47527006,-0.03513961,0.06634059,-0.008009469,-0.39714336,0.076452345,0.00011476656,-0.0069091525,-0.20338312,-0.024108186,-0.004702462,-0.23400927,-0.07696706,-0.067176335,-0.0022597408,-0.010259188,0.2640879
0.0016309042,-0.027954713,-0.027327735,0.049031287,0.01792226,0.1827407,-0.08113734,0.046333853,-0.017214062,-0.010427773,-0.1535751,-0.020569293,-0.023888765,0.109792404,-0.068987995,0.02316669,0.5100217,-0.02611924,0.057949394,-0.0031557914,-0.43733123,0.08667927,0.000547503,-0.0009535081,0.2604161,0.0042189034,0.011666397,-0.05275478,-0.040227376,-0.09888853,-0.0012617838,0.0005265526,0.5918019
0.01785159,0.115379795,0.014267403,0.033828698,-0.099009454,-0.03504893,-0.12206866,0.059274323,-0.02239506,0.008180016,0.039432187,0.027541617,-0.085721545,0.08980943,-0.13386913,-0.13981205,-0.9873565,0.07409395,0.07376631,-0.011509073,0.15856017,0.07958417,0.004296635,0.0020540264,0.27766055,0.00028805152,-0.009956456,-0.4846785,-0.052662566,-0.08460174,0.0012981314,-0.0013857514,0.2511746
-4.806486e-05,-0.0350023,-0.006620217,0.02443998,0.24613923,-0.034211494,-0.022779007,0.0611216,0.00855409,-0.0075020734,0.046547607,-0.029322019,-0.031077556,0.097446844,-0.07582587,-0.011783468,0.58678555,-0.022545587,0.08084533,-0.0040616645,-0.35343906,0.08271837,-0.0014004464,0.00042789127,-0.20554926,-0.029038789,0.011666397,0.73687136,0.084021606,-0.10105716,-0.0012617838,0.0026962254,0.7682236
0.01311328,-0.026333198,-0.005466596,0.022702659,-0.089736454,-0.043095235,-0.09834857,0.033475954,0.008035183,-0.0030344771,0.03530971,-0.036724463,-0.06707838,0.17804272,-0.89437,0.13270396,-0.9829502,-0.077445805,-0.36048198,-0.0010852423,-0.22527003,-0.43610814,0.0009491297,-0.0039144885,-0.14586163,0.004071012,-0.011922141,-0.39365527,0.047387525,-0.15386823,-0.0012617838,0.0020505378,0.029897714
-0.0115114385,-0.023611024,0.01078396,0.030843543,-0.14417997,-0.03163737,0.112709515,-0.19654979,-0.041589297,0.008197821,0.033823084,0.02881488,-0.028496992,0.09561284,0.1696911,-0.11798771,0.4849201,-0.02301919,0.050676163,0.0026554517,0.28037897,0.06861963,0.0016987043,-0.0040810434,0.22818306,0.003605046,-0.020766744,-0.34913316,-0.15574872,-0.02840662,0.0076438896,0.019795839,0.6370273
-0.014524048,-0.046528697,0.0050287987,-0.102474555,-0.23167151,-0.009539213,0.082367435,-0.14297141,-0.04293658,0.007871601,-0.12900509,0.03270082,0.048644993,-0.083014265,-0.20177782,-0.09694995,-0.96518767,-0.18039475,-0.34311152,-0.012700976,-0.23789948,0.052438833,0.0037385698,-0.0041891336,-0.12945794,-0.08011143,-0.0112654185,-0.47103098,-0.14020431,0.094938494,-0.0022597408,-0.1489736,0.03229859
-0.0019321012,-0.020790726,-0.0070805494,0.02194805,0.16487858,-0.03068287,-0.10637688,0.06236552,0.014002996,-0.0075020734,0.032762405,-0.031389926,-0.031519923,0.1375866,-0.15934923,0.036720186,0.6225063,-0.015019904,0.06257292,0.0012704796,0.24121544,0.10182014,-0.0027380586,-0.0021527575,0.2305177,0.00339455,0.01571018,0.296782,0.08839389,-0.08963356,-0.0012617838,0.0021427223,0.84937555
0.016037408,-0.021544952,0.013411376,-0.08446168,-0.30764264,-0.027705628,-0.1044464,-0.17997606,-0.035658512,-0.009577213,0.034601673,-0.034114365,-0.0296177,-0.2071586,-0.12880075,-0.1520655,0.5142653,-0.027419798,0.04720319,-0.002580419,0.24458852,0.059716616,0.009177885,-0.0032414093,0.20674051,0.0057497686,-0.025240064,-0.6938038,-0.04297013,-0.095854126,-0.0022597408,-0.0039216033,0.27527565
-0.004202394,-0.02517429,0.0069547715,-0.06290012,0.17150013,-0.025381416,0.111057006,0.05611179,-0.02525888,0.01855528,0.03495871,0.033320013,-0.03165116,0.12396126,0.17988716,0.12593713,0.58004797,-0.021525197,0.07764493,0.003920627,0.33277726,0.09268719,-0.0009390997,-0.0019049116,-0.17675608,-0.014661948,0.01571018,0.3858348,-0.026207345,-0.023970474,0.0012981314,-0.001808387,0.8818819
-0.0009206537,-0.037651457,0.008428222,-0.11640059,0.033186886,-0.03792129,-0.08133382,0.02897726,0.006899247,-0.0042767343,0.040789403,-0.021133961,-0.06707838,-0.14580631,-0.39630938,0.19651932,-0.9952748,-0.078525215,-0.34888327,-0.0068642218,-0.22966318,-0.4042256,-0.010452036,0.0005371873,-0.1295243,-0.026851054,-0.018133692,-0.49979517,0.06530664,-0.1238009,-0.0007203236,0.0072179525,0.035807494
-0.0025288947,-0.040480696,0.008428222,-0.06788232,-0.10028711,-0.040844977,-0.03763081,0.050673045,-0.016408103,-0.009686171,0.04313955,-0.018104201,-0.04849854,-0.1921217,-0.05082599,-0.05247648,0.46716914,-0.02918781,0.06675264,0.002544852,-0.4257076,0.078705326,0.0006038896,-0.0036421816,-0.18877421,-0.027160332,-0.04012616,-0.40178633,-0.026340071,-0.062145017,-0.0007203236,0.0013969943,0.25665995
-0.0037537855,-0.038920444,0.042669136,0.04980287,-0.09615811,0.2799998,-0.018641291,-0.16812088,-0.030384438,-0.01298639,0.07465428,0.03116036,-0.0296177,-0.19109121,-0.04722563,-0.10532082,0.45778975,-0.028529126,0.04843756,-0.0020753643,-0.3776989,0.06691973,0.0020812093,-0.0021439746,0.24008171,0.0016393136,-0.04012616,-0.39609763,-0.048220806,-0.0063845385,-0.0022597408,-0.006920919,0.43612796
0.00013271393,0.17828074,-0.0073423972,0.026884569,0.21998814,-0.034435824,-0.018973537,0.05280953,0.01617177,-0.0075020734,0.048568696,-0.02643453,-0.02673132,-0.20357248,-0.035430692,-0.042877942,0.6063027,-0.024398752,0.06081132,0.008274324,-0.31585014,0.07938416,-0.004994085,6.48587e-05,0.21895994,0.00226224,0.01731373,0.82591224,0.06995927,-0.0934771,-0.0007203236,0.0123520065,0.8458274
-0.006879217,-0.033228096,-0.0063583693,0.027958231,0.01963874,-0.03481664,-0.0891128,0.033513557,0.006792153,-0.0055263527,0.031221818,-0.030086609,-0.06613916,-0.15213668,-0.40040487,0.01854281,-1.0461941,-0.077784695,-0.40992752,-0.0041988967,-0.24884474,-0.49024147,-0.016748432,6.48587e-05,-0.15008043,-0.02797465,0.011749474,-0.05457411,0.06405816,-0.15534632,-0.0007203236,0.0076736794,0.039712746
0.012877019,-0.020520365,-0.00033598556,0.02916273,-0.11240746,-0.029169008,0.0668252,0.062225375,-0.025085796,-0.004596591,0.044901714,0.035766963,0.048023243,0.11739525,0.2461184,-0.025713105,0.4613131,-0.034599893,0.070598856,0.0027895225,0.31407434,0.07883714,0.0001498599,0.0015386343,-0.18897645,0.0008206171,-0.020766744,-0.3306284,-0.02748129,0.14724763,0.0012981314,-0.0025625993,0.7349085
0.0005250152,-0.023935093,-0.0070805494,0.0262399,0.1628618,-0.031033853,-0.108651,0.055958,0.021527236,-0.0075020734,0.033440016,0.04368031,-0.031519923,-0.25797358,-0.006324675,0.037445277,0.6193059,-0.022220608,0.06202063,-0.00066005794,0.2802073,0.09348009,-0.0055483007,6.48587e-05,0.19821258,0.0008539788,0.021357514,0.23635921,0.11165705,0.0037824367,-0.0007203236,-0.0009902301,0.8327676
0.0024182235,-0.03330674,-0.0046523926,0.020206636,-0.011272374,-0.04547691,0.03878506,-0.19382744,0.004817625,-0.009686171,0.033859346,-0.029726375,-0.042974696,0.09111576,-0.1355891,-0.12881984,0.47543034,-0.027123647,0.06671308,-0.0043899836,-0.42369288,0.06597983,-0.003753514,-0.007235743,-0.24137823,0.0040398994,-0.00022914249,-0.39251477,-0.02090027,-0.085384555,-0.0074298615,-0.004470789,0.2789011
0.0172837,-0.01261973,-0.010922886,0.043017574,-0.10557915,-0.007405591,0.092397675,-0.16352977,0.036539525,0.00790146,-0.10162942,0.023130495,0.026417661,0.09593464,0.4419857,-0.07844313,-0.9285453,-0.13566722,-0.23818648,0.0027895225,0.25327507,0.059860837,-0.0011226799,-0.005784927,0.24209431,0.0016795683,-0.009956456,-0.17705175,-0.14174046,0.16026683,0.0076438896,0.008159748,0.37818575
-0.027449058,-0.022559673,-0.0066255624,-0.12514113,-0.05957967,-0.0014320288,-0.08027509,-0.13867962,-0.024432557,-0.009548129,-0.110706046,0.015402012,0.09167812,0.06524403,0.3789674,-0.10994001,-0.751742,0.14575163,0.079475634,0.0013452024,0.22129208,0.061898224,-0.003685564,-0.005702162,-0.12748276,0.0034260422,-0.009956456,-0.19337432,-0.13477847,0.19729428,0.0076438896,0.031075587,0.3677118
0.00029292563,-0.02050988,0.009956149,-0.11238372,0.26033077,-0.02788195,-0.085311405,0.06942657,0.013370516,-0.0075020734,0.06075759,-0.0174297,-0.02673132,0.1039018,-0.097494684,0.11247915,0.64573795,-0.02400332,0.06419983,0.0024503544,0.24650644,0.07843797,-0.0014004464,0.000825227,0.2457617,0.0014986708,0.01571018,0.9099125,0.09004743,-0.0791196,-0.0012617838,0.00083150476,0.92635196
-0.11135763,-0.006011356,0.0042482726,0.011347281,-1.2835686,-0.022439132,0.05466816,-0.20248553,0.0434101,0.003582378,-0.091411896,0.025543317,0.048644993,0.07535903,0.37624806,-0.35379907,-0.9788274,-0.1406366,-0.34853423,0.0026554517,0.19119668,0.04918642,-0.0015610534,0.009317502,-0.19463468,0.0034260422,-0.009956456,-0.5713981,-0.13787927,0.2023902,0.0076438896,-0.009157239,0.037174802
-0.07842991,0.016137203,0.01078396,0.03626667,-0.31028864,-0.03062077,0.111251,0.06152785,-0.046766978,0.008180016,0.04964652,0.04900543,0.037183046,0.1124355,0.23546606,-0.26901206,0.42617702,-0.028945224,0.04007752,-0.004809904,0.2142987,0.0711547,0.0031788251,0.0001864488,0.18894294,0.0006839002,-0.020766744,-0.6613979,-0.06699269,0.14404738,0.0012981314,0.013850722,0.6021184
-0.004202394,-0.021699896,0.0075704553,0.021930473,0.048143584,-0.029819962,0.09521126,0.060048386,0.014780516,-0.0042767343,0.044965364,-0.031389926,0.03900233,0.12786011,0.006065012,-0.11910258,0.53225607,-0.021506598,0.06324548,0.0032249663,0.2765744,0.085928194,-0.0009665075,-0.0018369134,0.2688148,0.00339455,-0.012065866,-0.17132464,0.09677641,-0.01661953,-0.0012617838,0.00028911995,0.8116181
0.0125258835,-0.03235162,0.028753344,-0.17300001,-0.009082674,0.07747041,-0.029555744,-0.15796076,0.006694831,0.009789953,-0.20141506,-0.014575946,-0.082669005,0.067114696,-0.103440724,-0.102493726,-0.9004445,0.10088978,0.079768464,0.0068260226,-0.2390683,0.07782711,0.0013105889,0.0017485284,0.292646,0.0042189034,-0.013660374,-0.2599723,-0.11257759,-0.15993872,-0.0074298615,-0.003793186,0.14991157
0.031387575,-0.029177595,-0.0064704553,0.04538893,-0.056935783,-0.029127311,-0.09031694,-0.18360697,-0.021297699,-0.009577213,0.03215918,0.042819537,0.09722271,0.08870934,0.3030958,-0.191931,-0.76861334,0.13292247,0.096414,-0.0037927302,0.21035117,0.063123815,0.0031788251,-0.0011342117,-0.13106355,-0.0915301,-0.009956456,-0.41890272,-0.0297586,0.23440824,0.0076438896,-5.72977e-05,0.35804164
-0.0053050667,-0.028049791,0.0028237866,0.028865581,0.03843166,-0.02698865,0.11392039,0.0488344,0.013043661,-0.0044585485,-0.1239844,0.029976824,-0.028234998,0.106376365,-0.20447268,0.10581265,0.48242056,-0.03348862,0.069655046,-0.017539432,-0.41598883,0.08725921,0.0003273443,0.003542116,-0.25103298,0.00071080885,-0.00022914249,-0.14499949,-0.01672414,-0.029506834,-0.0012617838,-0.00804312,0.4730866
0.0034931358,-0.039673008,0.013087705,-0.09334495,-0.10423246,-0.011059991,0.082305074,-0.16268228,0.037175044,-0.009548129,-0.120461926,-0.018792098,0.025066461,-0.20005265,-0.20592678,-0.2429004,0.44446373,-0.04425627,0.049261518,-0.013149833,-0.374032,0.0592663,0.0036103292,-0.005926597,0.21839352,0.0036694582,-0.04012616,-0.18303919,-0.066705585,-0.0120472405,-0.0022597408,-0.011120853,0.28475505
-0.0340023,-0.032950707,0.0027467844,-0.10649029,-0.09334435,-0.0037829687,0.11174588,0.060096562,-0.020888008,0.0036001834,-0.110739574,0.011120437,0.100906685,0.07099385,-0.077283435,-0.122350544,-0.7070685,0.18442258,0.1038875,-0.015551721,-0.25907335,0.07552435,0.0043170284,0.00030233432,-0.15350644,0.003122917,-0.013660374,-0.40820253,-0.15281202,0.18556048,-0.0012617838,-0.003874562,0.21451102
0.020979967,0.0949453,0.01078396,0.027372241,-0.038827416,-0.030504823,0.12718242,0.06104075,-0.033374727,0.008197821,0.044918355,0.027541617,0.037183046,0.12326422,0.24824287,-0.1894221,0.44828072,-0.037925974,0.058186263,0.0008986943,0.2665164,0.07701345,0.0019544386,-0.001878993,0.21194525,-0.0005231968,-0.020766744,-0.34936613,-0.054669324,0.13865584,0.0012981314,0.015929798,0.80148846
-0.023557326,0.08362436,-0.0044422643,0.031404085,-0.1052994,-0.026938101,0.07339761,0.060183432,-0.033374727,-0.009686171,0.04514143,0.032261595,0.037183046,0.1235267,0.22312248,0.007229841,0.4709058,-0.03164714,0.05730919,0.0013341382,0.26561219,0.07932806,0.0001498599,-0.005624126,0.2233414,-0.0019215249,-0.020766744,-0.3512445,-0.016908068,0.12770471,0.0012981314,0.0017181255,0.80454034
-0.017482357,-0.03215034,-0.0135611715,0.027215024,-0.058995854,-0.027727522,-0.037778284,-0.14690863,-0.0069326498,-0.009548129,-0.09660559,-0.017966527,-0.082669005,0.08135227,-0.15317313,-0.1201524,-0.8931207,0.09792188,0.07889139,-0.009505484,-0.257734,0.07659301,0.0013105889,-0.008424836,0.28474718,0.0034303837,-0.013660374,-0.25334516,-0.10940681,-0.15200269,-0.0074298615,-0.00517257,0.14437206
0.02116454,0.16873726,0.040393814,0.054779887,-0.0494568,0.13721304,-0.020185256,0.054961447,-0.010567387,0.009789953,-0.2553522,0.01761637,0.100382745,0.0535685,-0.16923138,0.044823725,-0.70268273,0.19870533,0.108891934,0.00015161932,-0.22624479,0.07358337,-0.009386367,0.0061381543,-0.14978385,-0.0034856026,-0.013660374,-0.2223251,-0.12275971,0.20422049,-0.0012617838,-0.000625241,0.3632383
-0.0076503055,-0.03587388,-0.012696935,0.03043479,-0.19054547,-0.044398904,-0.03711241,0.025790026,0.0018661912,-0.0042767343,0.027693788,-0.0458325,-0.10266905,-0.18000272,-0.37350565,-0.19521976,-0.8915408,0.06410724,0.07341631,-0.008425458,-0.23174539,-0.5082307,-0.0040991167,0.00010925392,0.24104673,0.0041440516,-0.018133692,-0.46336746,0.024989648,-0.25807488,-0.0007203236,0.007059689,0.04684582
-0.0016369607,-0.038849052,-0.006620217,0.023845252,0.23464663,-0.033690326,-0.011246243,0.05974713,0.011341783,-0.0075020734,0.047325905,-0.027292328,-0.031077556,-0.189287,-0.037662588,-0.016959876,0.6045774,-0.019173544,0.07791112,-0.00036300294,-0.35186517,0.07924111,-0.004994085,-0.00251579,-0.18095656,-0.029038789,0.01731373,0.8437144,0.07042206,-0.093190864,-0.0007203236,0.012638723,0.750004
-0.005485703,-0.032475483,0.00982293,0.032700166,-0.09898622,-0.049293242,-0.0826352,0.026841413,0.0062702275,-0.0042767343,0.034705143,-0.03177446,-0.04642959,-0.18054923,-0.27508646,-0.008524418,-1.0103432,-0.078098126,-0.29015815,-0.0075506526,-0.24747528,-0.49658087,-0.014343715,0.0010096412,0.28966954,0.0041440516,-0.018133692,-0.39527345,0.050686102,-0.14800932,-0.0007203236,0.0076736794,0.04935363
-0.065422274,-0.023493132,0.0063394876,0.035572805,-0.09552157,-0.029908257,0.11888313,-0.19492082,0.041109286,-0.009577213,0.03162812,0.039959796,0.074995376,0.116037466,0.15497379,-0.08361812,-0.8417348,0.10765033,0.08401003,0.0013452024,0.21142414,0.063956656,0.0030505843,-0.00184054,0.23070176,0.003605046,-0.009956456,-0.02160608,-0.005607604,0.21828376,0.0076438896,0.0007823995,0.56692016
0.0106075965,-0.044605855,-0.006620217,0.024066864,0.20741338,-0.03380436,-0.013222149,0.03704214,0.011341783,-0.0075020734,0.03963613,-0.027292328,-0.030958133,-0.17348449,-0.1280115,0.19787627,0.6009539,-0.021361167,0.07456923,-0.0041988967,-0.35985082,-0.42165476,-0.018196542,0.0023650632,-0.15707307,-0.022659583,0.01731373,0.8220361,0.055097904,-0.09886246,-0.0007203236,0.00744143,0.6543539
0.0015093018,-0.038748067,0.040393814,0.04571508,0.18043028,0.22192602,-0.057716977,-0.15751575,0.009169873,-0.017523231,-0.13576081,-0.023524592,-0.018704591,-0.22152154,-0.053975154,0.11295644,0.5632632,-0.02734767,0.07668973,0.0003377794,-0.35871556,0.08901688,-0.0001591963,-0.0032564423,-0.18249485,-0.027160332,0.01731373,0.29139274,-0.040280376,-0.093959585,-0.0022597408,0.0035728014,0.57288057
-0.1059732,-0.0048396573,0.012660389,0.05135786,-0.7142735,-0.048441473,0.051393084,-0.27309707,-0.04937349,0.016748438,0.033485662,0.024991956,0.031438302,0.08678469,0.27275875,-0.3537466,-0.9934144,-0.14677991,-0.2975509,0.0026554517,0.19326356,0.051743392,-0.008016503,-0.0035669028,0.28565153,0.003605046,-0.009956456,0.3537254,-0.12802191,0.20735982,0.0076438896,-0.041752707,0.1992502
-0.016713807,-0.034946736,-0.007033154,0.025649555,-0.08972531,-0.02036976,-0.034154095,-0.16752078,0.0022339942,0.0036001834,-0.09620023,-0.020561596,-0.108245715,0.06424639,-0.16439234,0.058212027,-0.8793595,0.094573125,0.08830533,-0.009505484,-0.23873296,0.077643454,0.0031853067,0.009136474,-0.17647456,0.003368856,-0.013660374,-0.24386698,-0.09581892,-0.15873809,-0.0074298615,-0.005812352,0.11319059
0.011860597,-0.039132576,-0.021169327,0.040401213,0.07199225,0.20738833,-0.056608994,-0.15702814,0.008190552,0.029967228,0.04025149,-0.022913788,-0.09604085,-0.14150184,-0.10722472,0.04592195,-0.9935101,0.08767273,0.098302096,0.005686581,-0.21274714,0.087150216,-0.0001591963,-0.0035299752,-0.13025847,-0.027160332,0.011749474,0.07373272,-0.05779824,-0.17485207,-0.0022597408,-0.007764145,0.20902021
0.006920141,-0.0376405,-0.0046523926,0.024847928,0.025323296,-0.037131365,0.046331678,0.05107891,0.019899527,-0.0042767343,0.042793535,0.04305652,0.049783975,-0.22547156,-0.19858633,-0.084879704,0.43516877,-0.042266626,0.07140673,-0.014055707,-0.4147042,0.085029915,-0.0035565912,-0.0029723581,-0.21210773,-0.016152784,-0.004702462,-0.22856244,0.11419857,0.1534384,-0.0007203236,-0.0070419204,0.43299216
0.0037949479,-0.03963732,0.011136051,-0.076227546,-0.046573877,-0.015242417,-0.10219846,-0.13603732,0.016497744,0.00790146,-0.13029952,0.024876516,0.055088356,-0.114752166,-0.11972556,-0.27788496,-0.9372286,-0.18196256,-0.3943035,-0.014055707,-0.2723294,0.05968698,0.0024070828,-0.0022255257,-0.1607481,-0.022152625,-0.018133692,-0.19782679,-0.0917713,0.13924687,-0.0022597408,0.015203461,0.051310495
0.051557004,-0.013665729,0.012712765,0.048454136,-0.049941033,-0.010011893,0.091056846,0.057670027,-0.035635747,-0.00943917,-0.11188354,0.024306677,0.07223598,0.11113162,0.3821965,-0.04676394,-0.781608,0.14162883,0.07265853,-0.004043718,0.21749896,0.06775637,-0.0010378641,-0.0031865393,0.20125313,0.003605046,-0.009956456,-0.34963277,-0.042281616,0.22637695,0.0012981314,0.018231183,0.60661155
0.0035890592,-0.024933172,-0.0053745727,0.025821539,-0.13426347,-0.025859943,0.064067125,0.054268777,0.0230089,-0.0042767343,0.04002487,0.04368031,-0.039165415,-0.25402454,0.0077069,0.078804165,0.52489436,-0.022094881,0.056539938,-0.00013212702,0.3002984,0.07969804,-0.0020237297,-0.0026222712,0.23413134,0.0018954488,-0.025240064,-0.33582556,0.14842495,-0.004844756,-0.0007203236,-0.00082296063,0.71201295
0.011132793,-0.031466253,-0.005466596,0.027498093,-0.03373399,-0.042404648,-0.098616675,0.026789017,0.004805557,-0.0030344771,0.034631383,-0.027696684,-0.06707838,-0.16862172,-0.28455874,-0.05348757,-1.0122511,-0.07804322,-0.35714036,-0.0071152085,-0.2597783,-0.46172315,-0.022612229,0.009143923,-0.15396689,0.0040040654,-0.018133692,-0.27133638,0.070904866,-0.14720787,-0.0007203236,0.00718652,0.035245106
-0.002434576,-0.021699896,-0.0070805494,0.02174606,0.03125197,-0.031031756,-0.07133988,0.052322235,0.008651086,-0.0042767343,0.039384186,-0.031389926,-0.039165415,0.11632348,-0.17735577,-0.058831904,0.5534632,-0.018961325,0.06079607,0.0008258063,0.26428542,0.08604309,-0.0008949827,-0.0019531252,0.28199622,0.00339455,-0.012065866,-0.1855792,0.085385635,-0.1012014,-0.0012617838,0.0020089583,0.71948427
0.008044492,-0.028944654,0.007454513,-0.1606401,-0.4210434,-0.038564913,0.039297592,0.06133898,0.00744312,-0.09186047,0.04094224,-0.030704236,-0.07957355,-0.17704815,-0.29164043,-0.27910918,-0.98065656,-0.07908277,-0.34695995,-0.0075506526,-0.2330986,-0.40589166,0.0012592372,-0.0002790764,-0.1686509,0.003965047,-0.018133692,-0.075097,0.023717148,-0.21179205,-0.0007203236,0.013395011,0.021464951
-0.001727179,-0.020889342,0.010273495,0.028838918,0.26802212,-0.033547956,-0.08891226,0.06947276,0.01983392,-0.0075020734,0.059330333,0.025544891,-0.030685002,0.063473575,-0.018572988,0.12406891,0.64780664,-0.017414689,0.08127548,0.0047645755,0.27111834,0.07591807,-0.005413773,-0.0017554217,-0.20264728,0.00048958603,0.01571018,0.9165802,0.1258985,-0.0002789495,-0.0012617838,-0.0015802716,0.92249805
-0.014915727,-0.040423743,-0.0062189507,0.030021006,-0.19832733,-0.012288211,0.10827982,0.049269006,-0.035808563,0.007883655,-0.15448043,0.03042779,0.056825668,-0.1655461,-0.208512,-0.08833188,-0.92812437,-0.17972772,-0.3608901,-0.011795103,-0.24641928,0.056445435,-0.008412966,-0.0034058066,-0.15215972,0.003122917,-0.018133692,-0.4683785,-0.104107454,0.14355302,-0.0007203236,-0.00063804537,0.05617929
0.02590018,-0.036765207,0.008883576,-0.09403594,-0.07152507,-0.0056578303,0.12016989,0.060799696,0.017925803,0.00790146,-0.13235918,0.027529877,0.100906685,0.104051635,-0.06288011,-0.22613335,-0.7244448,0.20141238,0.10615316,-0.0077849263,-0.25826073,0.072195336,0.0043170284,-0.001681633,-0.16180208,-0.04422749,-0.013660374,-0.38329533,-0.01942512,0.22039723,-0.0012617838,0.022177184,0.26039258
-0.004202394,-0.032858666,-0.0046523926,0.020394765,0.20094015,-0.025096085,0.099168144,0.06712837,0.009716883,-0.0075020734,0.03279692,-0.033345155,-0.035866156,0.13311243,-0.119362496,0.12022852,0.63878286,-0.014375024,0.07804603,0.001521467,0.25239184,0.10430805,-0.0027380586,-0.0044504856,-0.17185122,-0.024922505,0.01571018,0.40420565,0.08713076,-0.09543966,-0.0012617838,-0.0011189845,0.8565703
0.04257369,0.075467,0.0133003825,-0.0056974874,-1.2024738,-0.029375719,0.077921346,-0.1846507,-0.016901342,0.007871601,-0.11370272,-0.033712585,-0.052680504,0.049423482,-0.128013,-0.22928421,-1.1682968,-0.09040438,-0.37347636,-0.007124125,0.1359456,0.05700047,-0.023776682,-0.005315128,-0.20759714,0.00034928447,-0.008959781,-0.6192125,-0.17608093,-0.17096214,0.0076438896,0.008628454,0.013775086
-0.0047048684,-0.029706478,0.007031774,0.020452658,-0.013694764,-0.039885074,0.083611675,0.060940165,0.004817625,0.008197821,0.039502922,-0.033345155,-0.04849854,0.10882201,-0.0027118977,-0.123938575,0.55624074,-0.015896903,0.0713273,0.0015971763,0.31929174,0.08006922,0.0013105889,-0.0020553663,-0.23036076,-0.023044048,-0.012065866,-0.31737095,-0.0075144586,-0.09822667,-0.0012617838,-0.0031221083,0.61215025
0.0030672909,-0.03333371,-0.0046523926,0.019990759,-0.045694318,-0.04064928,0.029978203,0.061962683,0.004817625,0.008197821,0.039860565,-0.029726375,-0.048105985,0.10163239,-0.111479424,-0.06439864,0.46403268,-0.027123647,0.06783501,-0.0043899836,-0.4255861,0.076995805,-0.008119906,-0.001538571,-0.23367718,0.004196394,-0.03565284,-0.38077843,-0.02667257,-0.08819268,-0.0012617838,-0.003795466,0.34712255
-0.009010444,-0.018080916,-0.004285337,-0.085743055,0.19872497,-0.019642312,0.113134556,0.059031807,0.034680594,-0.0075020734,0.040517244,0.028155867,0.034631986,0.13051178,0.15737693,0.059889995,0.5522086,-0.030620042,0.08142444,0.0036696398,0.2689528,0.10015606,0.016855843,-0.0041003986,-0.16890997,0.00072101224,0.01571018,0.39565244,0.13137415,0.14803931,0.0012981314,-3.9701874e-05,0.9109536
0.00034423638,-0.025981795,-0.0070805494,0.02197579,0.16224392,-0.03189939,-0.102419935,0.06253274,0.014002996,-0.0075020734,0.036337864,-0.031389926,-0.031519923,0.09433605,-0.16710202,0.11052948,0.6280222,-0.021673724,0.06344998,0.00083503575,0.24706988,0.104798965,-0.0027380586,0.00042789127,0.20926364,0.00339455,0.01571018,0.416342,0.08839389,-0.09256655,-0.0012617838,0.0018560058,0.8652133
0.0034082802,0.09739031,-0.0006805507,0.023599617,-0.09051706,-0.0330221,0.07343055,0.051902268,-0.024728129,0.008197821,0.04534035,-0.021466855,0.037183046,0.11913362,0.098562144,0.06041668,0.49195832,-0.026885146,0.063020274,0.0008986943,0.27870566,0.07847808,0.0001498599,0.0008753693,0.22406158,0.0006190464,-0.020766744,-0.34262827,-0.05564126,-0.041230954,0.0012981314,-0.0013523302,0.7685712
0.02336038,0.10225363,0.0063394876,0.046251684,-0.10240249,-0.029905163,0.11652382,0.06123532,-0.046766978,-0.009577213,0.044085886,0.03404964,0.037183046,0.11217302,0.21452996,-0.06722696,0.43601686,-0.03305601,0.055191666,-0.0052453475,0.23393092,0.0732375,0.0031788251,-0.00043217698,0.21824239,0.0006839002,-0.020766744,-0.59030926,-0.015279675,0.14444943,0.0012981314,-7.950171e-05,0.7583619
-0.01975265,-0.037187833,-0.0062189507,0.025661739,-0.12621105,-0.02042132,0.027725125,-0.17992713,-0.0028164044,-0.009548129,-0.09708423,-0.01992176,-0.108245715,0.06925201,-0.23873343,-0.12696278,-0.891583,0.0949731,0.091481015,-0.0104113575,-0.25967437,0.07782112,0.0013105889,-0.010722564,-0.16534582,-0.029275555,-0.013660374,-0.23154573,-0.105136715,-0.15533994,-0.0074298615,-0.0057878937,0.083925486
0.00016508182,-0.022214735,-0.007371801,0.028387582,0.25710356,-0.030908968,-0.09534286,0.07260328,-0.035014622,-0.01678163,0.062313188,-0.020074692,0.019464582,0.09958969,0.0217439,0.08040913,0.6303524,-0.027980212,0.0669553,0.004849514,0.24913567,0.077578194,0.0018135904,-0.00094538135,0.23517618,0.0014417815,0.01571018,0.96062374,-0.018121528,-0.029664565,-0.0012617838,-0.0011813997,0.9357822
0.0038263812,-0.037651457,0.008428222,-0.091944166,-0.07126662,-0.040090278,-0.08215963,0.03069132,0.0047017736,-0.0042767343,0.034815483,-0.021133961,-0.06707838,-0.15334009,-0.29019213,-0.0053797318,-1.0050979,-0.08037282,-0.34888327,-0.0068642218,-0.25589305,-0.46603823,-0.02091475,-0.0021184543,-0.14572667,-0.026851054,-0.018133692,-0.28636432,0.06581723,-0.12591621,-0.0007203236,0.0072179525,0.03234681
0.002763031,0.09524129,-4.2297477e-05,0.022069426,0.19932263,-0.024993049,0.12045319,0.0627827,0.009716883,-0.0062598167,0.032574702,-0.02755881,-0.035866156,0.10484997,-0.09506561,0.081520006,0.6202454,-0.014375024,0.07822823,-0.0006203484,0.28697354,0.09460887,-0.0027380586,0.017135108,-0.19396204,-0.0020059345,0.01571018,0.30887645,0.07874129,-0.09543966,-0.0012617838,-0.0018928607,0.8617954
-0.012712792,-0.04490386,0.0011610345,-0.0918455,-0.50670123,-0.010188235,-0.074627966,-0.11895152,-0.019291094,0.0035881295,-0.11047456,-0.017917594,-0.0595735,-0.091143824,-0.2159587,-0.13084552,-1.0173411,-0.10973727,-0.35366958,-0.0057488647,-0.21458147,0.06037932,0.008654696,0.012225542,-0.14801191,0.005663488,-0.0112654185,-0.34871975,-0.0937243,-0.11737957,-0.0022597408,-0.015807364,0.022951355
0.00084361504,-0.022421852,-0.0135611715,0.029885301,-0.032607056,-0.017366387,-0.09333809,0.05178732,-0.011122663,0.00790146,-0.14182292,-0.019195383,-0.026356902,0.1051724,-0.03051217,-0.057037834,0.5416463,-0.029971683,0.06145508,0.00091074506,0.2943598,0.07700223,0.0013105889,0.00020307233,0.23123623,0.003494155,-0.012065866,-0.30175543,-0.15524366,-0.082454614,-0.0012617838,-0.0013417924,0.61261594
-0.0021618777,0.12000172,0.00982293,0.023315603,0.15169814,-0.035671722,-0.09339158,0.055082425,0.014804092,-0.0075020734,0.031398017,-0.029606892,-0.031519923,-0.24242757,-0.16658127,0.053799443,0.6187721,-0.020574134,0.060697976,-0.00399422,0.25348017,0.09127465,-0.005328142,-0.0021184543,0.18832472,0.00047340413,0.021357514,0.2269045,0.07099366,-0.09118489,-0.0007203236,0.007926056,0.79703987
-0.004202394,0.09757276,-0.0053745727,0.026865311,0.14162712,-0.025276488,0.12035681,0.0576484,0.012560273,-0.0062524555,0.032647315,-0.027993502,-0.036456477,0.10969774,-0.08218448,0.06142594,0.6124163,-0.014003519,0.061382234,-0.0006203484,0.31270143,0.09275853,-0.0027380586,-0.0044504856,0.25837663,0.00047340413,0.01571018,0.14664848,0.0882114,-0.098354,-0.0012617838,-0.0011189845,0.88486636
-0.0012143033,-0.032880083,-0.0063583693,0.028092822,-0.0137227215,-0.034645226,-0.09461885,0.039040755,0.0071864147,-0.0055263527,0.03251685,-0.0321163,-0.03936114,0.08721307,-0.12190816,0.010450418,0.4666486,-0.019136498,0.065682985,-0.0008250253,-0.41236797,-0.61748636,-0.0152652925,0.00042789127,-0.2130897,-0.02797465,-0.00022914249,-0.13245612,0.0678946,-0.12038603,-0.0012617838,0.001658096,0.26202562
0.00034423638,0.093137175,-0.0070805494,0.023918763,0.14495052,-0.032918245,-0.10772773,0.061824374,-0.020552905,-0.01678163,0.03301872,-0.02496374,-0.02391134,0.13480893,-0.15470363,0.036927342,0.62904614,-0.02025042,0.063632175,-0.0010557922,0.23872681,0.103644066,0.000547503,-0.0012954681,0.22235504,0.000416515,0.01571018,0.29586592,-0.006404008,-0.06495986,-0.0012617838,-0.002441211,0.84724015
0.0026293253,-0.020138817,0.0061757476,-0.09553951,0.045963194,-0.024916025,0.102455266,0.04116152,0.007457016,-0.0055263527,0.034244176,-0.02077373,-0.065746605,0.08607089,-0.23154785,0.05663292,-1.0217746,-0.07928017,-0.37627262,-0.00064056885,-0.25220773,-0.4951832,0.041725587,-0.0023866321,-0.17339556,0.0040040654,-0.0020528147,-0.087330565,0.098893546,-0.1450486,-0.0012617838,-0.0015992762,0.07765382
-0.003810715,0.10817242,0.007810799,0.02187624,0.06654884,-0.033687294,0.07505214,-0.19048074,0.004817625,0.008197821,0.030995041,-0.024061924,-0.037207544,0.08554495,-0.016146306,-0.061729018,0.55859464,-0.01558347,0.07109772,-9.996584e-05,0.27524793,0.06832475,-0.0025057187,-0.0026411882,-0.22401258,-0.0020628236,-0.012065866,-0.15916549,-0.024041943,-0.09959959,-0.0074298615,-0.001108389,0.63769895
0.01633818,-0.03215034,0.013943733,0.019000625,0.006294293,-0.030817116,0.042695228,-0.15809844,0.0067528775,-0.009548129,-0.093023844,-0.023599055,-0.082669005,0.10998924,-0.1416374,-0.12894337,-0.9687349,0.11589402,0.080091864,0.005690553,-0.2615411,0.07782711,0.0013105889,-0.0051718904,0.32555288,0.0034303837,-0.0020528147,-0.2047395,-0.027666768,-0.16756055,-0.0074298615,-0.005414378,0.1938107
0.0045949304,-0.03152323,0.0072008925,-0.08357263,-0.10283679,-0.03667622,-0.08482702,0.025339946,0.0047017736,-0.0030344771,0.034815483,-0.018744037,-0.073228456,-0.14563724,-0.41716895,0.067515135,-1.0050979,-0.08037282,-0.34888327,-0.0071152085,-0.24017888,-0.4510089,-0.0061477185,-0.004835041,-0.14606585,0.003965047,-0.018133692,-0.44792545,0.06107531,-0.12969252,-0.0007203236,0.006444076,0.027458852
0.0067005493,-0.03938446,-0.0074027637,0.035050943,-0.051168863,-0.041259844,-0.09023884,-0.18552297,0.0209358,0.008197821,0.04600067,0.03028381,0.05958506,0.07843442,-0.2699528,-0.20661922,-0.9243442,-0.16567679,-0.40178892,-0.014904077,-0.25785682,0.05120977,-0.01277255,-0.0025355755,-0.18573248,0.003122917,-0.013660374,-0.44911444,-0.04410075,0.17219062,-0.0074298615,-0.0023991768,0.059434675
-0.0025354908,0.15971278,-0.020847112,0.040420525,0.13912725,0.19365865,-0.06902881,0.04553838,0.01679069,-0.010802291,0.042889666,-0.02922881,-0.031519923,-0.22727086,-0.06668933,0.07694368,0.55793947,-0.02208365,0.059184402,0.0075735417,-0.32540724,0.10088751,-0.005328142,-0.0021738298,0.21636227,0.00226224,0.01731373,0.27501884,0.055936854,-0.09573724,-0.0007203236,0.022190645,0.7722269
0.0031059003,-0.02365303,-0.0053745727,0.024110667,-0.07700631,-0.028684538,0.08688341,-0.20403144,0.020227531,-0.009686171,0.036088284,0.039959796,-0.028496992,0.10945624,-0.018156596,-0.16481672,0.5179517,-0.021244438,0.053574912,0.0027895225,0.2820109,0.06964714,0.0012676698,-0.0039793863,0.2688408,0.0010751822,-0.020766744,-0.3601126,-0.024466949,-0.036067106,0.0076438896,-0.0012333265,0.645063
-0.013825279,-0.030461079,0.00831054,0.051701456,-0.41831726,-0.05113687,0.036324743,0.037655298,0.0069572944,-0.09186047,0.04077955,-0.03416065,-0.07957355,-0.17857209,-0.2820952,-0.3009884,-0.98065656,-0.07836083,-0.33700365,-0.0071152085,-0.22648935,-0.40589166,-0.0051962123,0.0019015484,-0.1711918,0.003965047,-0.018133692,-0.1035811,0.011494026,-0.22933027,-0.0007203236,0.003772487,0.023174629
0.009612652,-0.037521444,0.010162342,-0.021982396,-1.0282271,-0.014165296,0.07107631,-0.17871486,0.010848705,0.0036001834,-0.12477888,-0.021020459,-0.0595735,0.061695915,-0.25568682,-0.006052358,-1.0136333,-0.106635176,-0.36518306,-0.00885784,-0.20941067,0.059363037,0.009361395,0.014213043,-0.23604448,0.005663488,-0.013660374,-0.57014185,-0.13379537,-0.16740893,-0.0074298615,-0.014367634,0.014228973
-0.004645605,-0.030516842,0.00032475818,-0.1018483,-0.12231982,-0.02983537,0.06407521,0.03358579,0.005245646,-0.0030344771,0.039398775,-0.018744037,-0.07957355,-0.16355178,-0.2288429,-0.09699437,-0.9796567,-0.08008127,-0.34165633,-0.0075506526,-0.24825662,-0.44517118,-0.00026617633,0.007729509,-0.15440212,0.003965047,-0.018133692,-0.38809904,0.073950455,-0.1334352,-0.0007203236,-0.0054190643,0.03376667
-0.0012143033,-0.02328597,-0.0070805494,0.026026249,0.10692385,-0.034698136,-0.097565554,0.03282914,0.014002996,-0.0075020734,0.032852348,-0.03016107,-0.0314005,0.09858021,-0.16008574,0.00869392,0.52372,-0.019508002,0.058951687,-0.0010760127,-0.4197155,-0.7589893,-0.0152652925,0.00042789127,0.21754709,0.00418307,0.011666397,0.18122295,0.05637927,-0.10156258,-0.0012617838,0.001658096,0.44172683
-0.000299135,-0.03200497,-0.007924927,0.03511563,0.087053776,-0.02936919,-0.08531177,-0.16367404,0.011118729,0.01825892,-0.11205371,0.03233482,-0.026833301,0.069392435,-0.20547922,0.05122789,0.5040753,-0.0341335,0.07439137,-0.018445306,-0.44773012,0.08291689,0.0003273443,-0.0041888254,-0.20829186,-0.014274329,0.011666397,0.08440495,-0.12385325,-0.025777804,-0.0074298615,-0.0052954815,0.40382907
0.0025622144,0.09211485,0.0075704553,0.018452756,0.12729363,-0.030175949,0.11343792,0.06299952,0.012560273,-0.0062524555,0.03254874,-0.027993502,-0.032842066,0.12150876,-0.12844543,0.10530128,0.61555845,-0.017327778,0.06332612,-0.0010557922,0.30147725,0.091408856,-0.0027380586,0.00019401684,0.24121857,0.00047340413,0.01571018,0.25540614,0.0852377,-0.09851313,-0.0012617838,-0.001405701,0.8927266
0.010045659,-0.028384991,0.007979916,-0.09013198,-0.0742814,-0.037821427,-0.042411704,-0.18128909,-0.014196006,0.0038965445,0.038055327,-0.014176622,0.060108997,0.053393364,-0.22787237,0.04455477,-0.9602118,-0.14028142,-0.39007905,-0.017660372,-0.24594171,0.07056585,0.003113782,0.019671902,-0.17866781,0.0034904545,-0.013660374,-0.18968056,-0.14089142,-0.047282554,-0.0074298615,-0.0058356565,0.06705951
-0.0022991183,-0.032056812,0.009284249,0.025649643,-0.108252324,-0.048514612,-0.025348166,0.060839273,-0.017872063,-0.009686171,0.04161671,0.03148539,-0.048105985,0.08457384,-0.101267464,0.07053087,0.45369634,-0.026772918,0.06620175,-0.011137003,-0.42056334,0.07560299,-0.00861851,-0.003279149,-0.22431564,0.0008282846,-0.03565284,-0.40057173,-0.04556253,-0.031757213,-0.0012617838,-0.003525973,0.35765386
-0.0021618777,0.12102403,-0.0070805494,0.018055089,0.1462871,-0.03291009,-0.09424556,0.055082425,-0.026475882,-0.01678163,0.0317604,-0.02657713,-0.02391134,-0.2568144,-0.1341151,0.056756668,0.621715,-0.024038587,0.060697976,-0.00399422,0.25996807,0.09011975,-0.0001591963,-0.0042391494,0.18154827,0.000416515,0.021357514,0.23898631,-0.014954387,-0.072595984,-0.0007203236,-0.002439462,0.7790452
-0.027449058,-0.019650362,-0.012628863,0.032146536,-0.058332596,-0.010761189,-0.11160788,-0.15984881,0.020876937,0.00790146,-0.11380446,0.027306318,0.06997473,0.09416256,0.3118602,-0.13687886,-0.76898247,0.121988684,0.071061835,0.0013452024,0.22431888,0.06490453,0.0018473383,-0.0038471685,0.19474168,0.003605046,-0.009956456,-0.19688928,-0.12976894,0.20293875,0.0076438896,0.03080719,0.45749673
0.0016286508,-0.03800996,0.038224664,0.047500953,-0.061774015,0.2882621,-0.07370754,0.047226332,0.014810417,0.015283003,0.061765764,-0.03177446,-0.033331808,-0.21850221,-0.05449274,0.027911704,0.49624163,-0.023668762,0.054536495,0.0052869767,-0.37829056,0.0787292,0.00032992676,0.0024407306,0.2661105,0.0042189034,-0.004702462,-0.32768363,0.004377889,-0.09077957,-0.0007203236,0.03473509,0.56284916
-0.001407184,-0.033914663,-0.006620217,0.02035289,0.24235483,-0.036759246,-0.03332224,0.06467584,0.0062310356,0.022882042,0.049395483,-0.029322019,-0.023468973,0.100400396,-0.061926153,0.0070649744,0.6062723,-0.0186019,0.07996826,-0.0058979164,-0.3523896,0.08156347,0.001885115,-0.0020211237,-0.21316889,-0.027160332,0.011666397,0.8511175,-0.012686911,-0.063520476,-0.0012617838,-0.0013142745,0.78945065
0.0015795929,-0.03696481,-0.032320913,0.043745026,0.18197468,0.15840022,-0.018730082,0.056708466,-0.012709065,-0.017523231,-0.31187335,-0.021818316,0.018781543,0.09838732,-0.05133223,-0.002039956,0.56429577,-0.034220535,0.08362982,-0.006670055,-0.33057517,0.07867004,0.0018135904,-0.0009535081,-0.1838581,-0.027160332,0.011666397,0.6468508,-0.07081572,-0.0065065157,-0.0012617838,-0.0016854757,0.70641476
0.0011519339,-0.034208734,0.008966903,-0.085178286,0.19253941,-0.028193304,-0.019259958,0.03176508,0.017153174,-0.0075020734,0.029410096,-0.022821812,-0.028594472,-0.25027794,-0.55084366,0.22747235,0.59292775,-0.023357818,0.057023946,-0.00401444,-0.34871957,-0.5478406,-0.014631438,0.00018175028,0.16503341,-0.009418765,0.01731373,0.578557,0.041247666,-0.084802054,-0.0007203236,0.006985704,0.50197375
0.021290187,-0.014697306,-0.0047644787,0.028156282,-0.023485383,-0.026263792,0.11136464,0.06346441,-0.03689174,0.008180016,0.03825395,0.015803743,0.061419588,0.10386075,0.52792186,-0.010129764,-0.9354201,-0.12744842,-0.274567,0.0022200078,0.25092924,0.06494768,0.0056551127,-0.0033953993,-0.15727182,0.0034260422,-0.009956456,-0.18330568,-0.031175477,0.16534916,0.0012981314,0.016430138,0.43825394
-0.00011795759,-0.036562875,-0.0063583693,0.025046833,-0.07431489,-0.04226703,-0.06757993,0.029587463,-0.0017959531,-0.0042767343,0.028405583,-0.027696684,-0.10963195,-0.14341041,-0.23200212,-0.038015246,-0.89764065,0.0631569,0.08950702,-0.0138143785,-0.26001698,-0.47429764,0.12045601,6.48587e-05,-0.12489962,0.0040040654,-0.018133692,-0.31992248,0.09084168,-0.20643812,-0.0007203236,0.0067788423,0.07299861
-0.0036210623,-0.03731581,0.011992077,0.028600426,-0.12837234,-0.026771864,-0.04801636,-0.1338696,-0.009261258,-0.009548129,-0.11097974,-0.019375829,-0.059180945,-0.11859484,-0.27586225,-0.17566559,-0.9946322,-0.10196399,-0.3558062,-0.0078043784,-0.21474354,0.05983924,-0.01978954,-0.0071964688,-0.17702948,0.0034904545,-0.018133692,-0.49880928,-0.08489402,-0.11337761,-0.0022597408,-0.0089645935,0.027723296
-0.017874036,-0.035692703,-0.0074027637,0.017627377,-0.046332438,-0.049809594,-0.054005302,0.05749903,-0.0029424208,0.008197821,0.031714424,-0.025589656,-0.11779869,0.09166681,-0.071329296,-0.0935119,-0.91229326,0.07527762,0.09396269,-0.0038879875,-0.2579336,0.0907276,0.0013105889,-0.0018214916,-0.16528103,-0.027160332,-0.013660374,-0.26062515,-0.019097604,-0.15802258,-0.0012617838,-0.00435034,0.1444082
0.0045949304,0.18616435,-0.005466596,0.025058469,-0.07077958,-0.043499786,-0.08916756,0.02236617,0.0042159483,-0.0030344771,0.03474895,-0.025151033,-0.06707838,-0.123936065,-0.28081325,0.00049766386,-1.0050979,-0.07804322,-0.36993313,-0.009006036,-0.20520891,-0.43837017,-0.014343715,-0.003113273,-0.14668909,-0.0012564331,-0.018133692,-0.37279466,0.05766527,-0.14383766,-0.0007203236,0.021058414,0.044849586
-0.0019321012,-0.019089596,-0.0070805494,0.02683463,0.17035098,-0.030169852,-0.11818135,0.06236552,0.018739546,-0.0075020734,0.034698334,0.039959796,-0.031519923,0.11832113,-0.01524474,0.036700267,0.6167982,-0.017414689,0.06320069,0.0031492573,0.27975607,0.097305216,-0.0029582174,-0.0021527575,0.2318974,0.0008539788,0.01571018,0.29077852,0.11562869,-0.004105388,-0.0012617838,-0.0012982145,0.8873235
-0.0045694113,0.15733849,-0.0058967355,0.0231829,-0.04034043,-0.023421848,0.06680361,0.05118421,0.014319062,-0.009548129,-0.15544069,-0.024550289,0.027327707,0.0998465,-0.20798482,-0.1562444,0.44787458,-0.03827057,0.05754306,-0.0106297005,-0.38732716,0.07795739,0.0012390643,-0.0059742127,0.26422915,0.0014168314,-0.03565284,-0.35424054,-0.00880238,-0.023699319,-0.0012617838,-0.0038961584,0.4732908
-0.012883229,-0.0238,-0.00800336,0.04012207,-0.007761981,-0.008484787,0.06843404,-0.17296854,-0.035246376,0.007889406,-0.08251323,0.019612094,-0.024075296,0.08056736,0.2952057,-0.114139795,0.46468255,-0.029992389,0.037640575,0.0032249663,0.28299975,0.06792589,-0.0025179852,-0.006144897,0.18441795,0.0040034223,-0.01977007,-0.31927124,-0.2775993,-0.026648942,0.0076438896,-0.019362831,0.6162676
-0.095508814,-0.015480742,0.0065302863,0.051509995,0.023946345,-0.010803915,0.05493113,-0.13863897,-0.04251789,0.007871601,-0.061117873,0.032321587,0.048121054,-0.09283407,0.38489708,0.08773297,-0.945986,-0.14568277,-0.30897504,-0.00026619772,0.22090977,0.049662624,0.0066285143,-0.0041891336,-0.058795977,0.0034260422,-0.0075615,-0.24100523,-0.1858923,0.13975915,0.0023248363,-0.12280398,0.22150166
-0.004570536,-0.034755997,0.011136051,-0.06663512,-0.042039216,-0.015839757,-0.030392574,-0.13802855,0.0023195883,-0.009548129,-0.11395688,-0.014714324,-0.059180945,-0.14368269,-0.18476094,0.07819441,-1.014172,-0.10011877,-0.3657681,-0.00058022724,-0.25342032,0.06520461,-0.0047374023,-0.004356266,-0.18384625,0.004157375,-0.018133692,-0.20197096,-0.052138545,-0.10791395,-0.0022597408,-0.010121647,0.051364336
-0.025632057,-0.026878616,0.008428222,-0.087801985,0.030647406,-0.03847826,-0.052287173,0.057415806,-0.017772278,-0.009686171,0.03969998,0.020355891,0.111420035,0.09831869,-0.19017175,-0.060415085,-0.75954115,0.17218894,0.11237638,-0.015551721,-0.24704784,0.083538294,-0.002795099,-0.003279149,-0.17157497,0.00071080885,-0.0020528147,-0.11126748,-0.013299388,0.18968105,-0.0012617838,-0.0026823732,0.30700788
0.00034423638,-0.023270452,-0.0063583693,0.020466825,0.04619394,-0.031866822,-0.10859271,0.057294734,0.010211694,-0.0042767343,0.038506187,-0.03095523,0.0453876,0.09276232,-0.03131943,0.10790598,0.5712824,-0.024492374,0.07960054,0.0027138134,0.337001,0.08189969,0.015456227,0.00042789127,-0.20948517,0.003215546,0.01571018,-0.03161335,0.12673804,-0.016310567,-0.0012617838,-0.001584931,0.7742178
0.0053284643,-0.03947537,-0.0057284446,0.023845252,0.2355299,-0.033459798,-0.017137293,0.052388366,0.011341783,-0.0062598167,0.0449053,-0.024902403,-0.031077556,-0.19040681,-0.05594411,-0.033474192,0.5922497,-0.019173544,0.07791112,0.0005428703,-0.35186517,0.07924111,-0.004994085,0.009143923,-0.17408998,0.004096789,0.01731373,0.7471879,0.065880276,-0.0976889,-0.0007203236,0.011864847,0.72966504
0.007080354,-0.01911091,-0.0053745727,0.030758046,0.14760008,-0.02579296,0.12717968,0.05033402,0.023662245,-0.0062524555,0.040506616,0.039959796,0.03727686,0.12438282,0.13055418,0.089834385,0.5503756,-0.030871699,0.06575639,0.003234196,0.32873726,0.0914913,-0.0031205106,-0.0015197496,0.23644294,0.00090001617,0.01571018,0.15176198,0.11597649,0.15363699,0.0012981314,0.00041602546,0.9291281
-3.958179e-05,-0.032695986,-0.006620217,0.024661591,0.21766599,-0.032940358,-0.0208031,0.03895798,0.00855409,-0.0075020734,0.041278433,-0.026932094,-0.024839487,0.059914507,-0.1950776,0.017731123,0.5954897,-0.019453097,0.07574929,-0.00064056885,-0.3593258,-0.44021094,0.016456407,-0.0021527575,-0.17945588,0.0040040654,0.011666397,0.82106704,0.08280234,-0.09675018,-0.0012617838,0.0019448125,0.66190445
-0.002305714,-0.028010514,-0.020847112,0.046235852,-0.007370837,0.19232813,-0.08053508,0.051073942,0.0120164,-0.0088265715,0.043874253,-0.03016107,-0.035134334,0.11240091,-0.10317842,0.02922897,0.49262613,-0.01985898,0.056624085,-0.0038565737,-0.41856736,0.09163981,-0.0027380586,-0.0018107973,0.29184136,0.0042757927,-0.00022914249,-0.12961532,0.06820633,-0.11234921,-0.0012617838,0.012534865,0.6453818
-0.005485703,-0.039167877,-0.0063583693,0.024337525,-0.09679445,-0.0444229,-0.08525241,0.02905108,0.0042159483,-0.0042767343,0.0347311,-0.030086609,-0.073228456,-0.14822176,-0.43951663,0.06317145,-1.0050979,-0.078098126,-0.35883957,-0.0072996654,-0.24706511,-0.4510089,-0.007990795,0.0006123055,-0.14792939,-0.026851054,-0.018133692,-0.3518173,0.065578096,-0.14877434,-0.0007203236,0.0076736794,0.029525924
0.00018402422,-0.03034874,0.008966903,-0.088045835,0.13202336,-0.030255102,-0.08494242,0.049990237,0.017276516,-0.0075020734,0.036710035,-0.022821812,-0.031519923,-0.25715578,-0.061452173,0.020557247,0.5459804,-0.026728345,0.060713407,0.0012436527,-0.3852235,0.09604598,-0.005328142,0.00046219444,0.20797382,0.0042757927,0.01731373,0.24005413,0.06847396,-0.08874156,-0.0007203236,0.011609563,0.62236995
0.0034082802,-0.029773071,-0.0062189507,0.020018628,0.0010746636,-0.0084672365,0.10352301,0.056550164,0.004349847,0.00790146,-0.13967907,-0.026783142,-0.040347256,0.10685978,0.0023151874,-0.00045825588,0.54822004,-0.028330564,0.071977675,0.0011617325,0.32496008,0.078230344,0.0013105889,-0.0011884838,-0.19664042,-0.028211415,-0.020766744,-0.2784061,-0.025913786,-0.10316336,-0.0012617838,-0.0010007834,0.6214722
0.0022605564,-0.021877127,-4.2297477e-05,0.025051612,-0.00342421,-0.028103607,0.096489444,0.060404252,0.013511438,0.0038965445,0.041612502,0.03928536,-0.047377825,0.10526637,-0.01582896,-0.10593274,0.5480485,-0.018291684,0.07195508,0.0032249663,0.32174712,0.0801722,0.0010904303,0.01459687,-0.24268052,0.00077457976,-0.012065866,-0.29908052,-0.026232326,-0.033777155,-0.0012617838,-0.001313351,0.6620959
-0.028157217,0.07406443,-0.00025196723,0.0333483,-0.31150168,-0.008685905,0.089060426,-0.16580436,-0.021004153,0.0035703243,-0.11889054,-0.041306652,-0.037824843,0.04491332,0.03796543,-0.16529629,0.48988473,-0.026062004,0.057693202,-0.0066886814,0.21767156,0.06281748,0.00861814,0.009317502,-0.15634422,0.00074513315,-0.01977007,-0.67665446,-0.18006542,-0.087823115,0.0076438896,0.014509018,0.3100772
-0.1059732,-0.010235212,-0.009424527,0.05154332,-0.7635352,-0.024662342,0.037316803,-0.2486878,-0.04855694,0.013374504,-0.09836098,0.02269935,0.026417661,0.07084525,0.16900559,-0.30107698,-1.0552082,-0.16814746,-0.33343893,0.0026554517,0.19366002,0.049577277,-0.008016503,-0.005630756,0.21575783,0.003605046,-0.008959781,0.3487641,-0.37985998,0.18166181,0.0076438896,-0.07131829,0.104704134
-0.022142943,-0.027891912,-0.0010866922,0.03280846,-0.10843804,-0.023726095,0.11733585,-0.2041002,0.0066588908,0.0038965445,0.03193806,-0.02745835,-0.112667404,0.0852251,-0.17202558,-0.1290068,-1.0375862,0.028190766,0.0774648,-0.00053357484,0.18953614,0.07040412,0.009884584,0.0050813863,-0.1778131,0.0055707647,-0.009956456,-0.5129324,-0.033791736,-0.20315348,-0.0074298615,-0.0024107597,0.11409224
0.00022263429,-0.028007172,-0.0074027637,0.023168817,0.04166716,-0.035513192,-0.08668439,-0.1614353,0.0070614447,0.0021411686,0.026379878,-0.025428655,-0.030862445,-0.1739817,-0.038745683,0.055992708,0.60771376,-0.02101464,0.0750723,0.0010898644,0.3356772,0.068612024,0.0033641588,-0.0003893294,-0.16712308,0.0031586569,0.021357514,0.063547105,-0.047964096,-0.08954717,-0.0022597408,-0.003307383,0.62647176
0.012409691,-0.015946683,0.0069547715,-0.08898162,-0.2337484,-0.025199188,0.094776146,-0.15477082,0.01528028,0.008180016,0.03794403,-0.03772928,0.053141695,-0.18123974,0.13117854,-0.0891988,-1.0416489,-0.11470479,-0.2945301,-0.0007016416,0.20611766,0.060375016,-0.008412966,-0.0029567473,-0.14717491,0.005966613,-0.014429775,-0.45644635,-0.071853526,-0.050762266,0.0023248363,-0.019229462,0.089931935
-0.018785642,0.100329384,-0.0044422643,0.024962315,-0.04491475,-0.022751926,0.09606233,0.060183432,0.022629365,-0.0042767343,0.044902965,0.035779994,0.039332423,0.118117355,0.13749054,-0.12704049,0.45985803,-0.028530804,0.05730919,0.0013341382,0.26561219,0.081235744,0.00040406073,-0.0039007666,0.22801605,-0.0005082498,-0.020766744,-0.34420794,0.1479572,0.15343727,0.0012981314,0.00070307177,0.825977
0.024454601,-0.03429252,0.007163591,-0.00232896,-1.0914423,-0.027582977,0.07748432,-0.1854293,-0.03355868,0.0035703243,-0.13812679,0.021919165,0.048644993,0.058296572,-0.1877262,-0.03031604,-0.9778238,-0.18459007,-0.3893206,-0.014904077,-0.2594733,0.04952696,0.0039220797,0.01738649,-0.1954149,0.003122917,-0.0126637,-0.5643123,-0.26224297,0.16496636,-0.0074298615,-0.12310028,0.015656777
-0.00096402504,-0.038324714,-0.0063583693,0.024625935,0.021034323,-0.033611998,-0.0758648,0.03452224,0.00019064278,-0.0055263527,0.02721979,-0.030086609,-0.1086613,-0.17054814,-0.22232965,0.03404247,-0.93721473,0.062358446,0.09373554,-0.010462622,-0.25161082,-0.52181077,-0.023101352,6.48587e-05,-0.123351134,-0.02797465,0.011749474,-0.05294927,0.058846217,-0.20925447,-0.0007203236,0.0067788423,0.08509854
-0.02148889,0.09701911,0.01078396,0.054097615,-0.109330036,-0.031300668,0.071851715,-0.19870244,-0.046247225,0.008180016,0.023245681,0.011179888,0.028905151,0.087663025,0.20020802,-0.041458726,0.4141652,-0.029130269,0.030430004,-0.004809904,0.23670068,0.06575663,-0.0011661049,-0.0014254015,0.19942383,0.0006839002,-0.020766744,-0.44354993,-0.18023565,0.10921594,0.0076438896,-0.05114562,0.6403646
-0.022621073,-0.03478453,0.008428222,-0.115634836,-0.1143009,-0.028385356,-0.027031846,0.061122846,0.007299479,-0.0042767343,0.04235317,-0.023163654,-0.122215115,0.07922091,-0.22020935,0.048058182,-0.8690798,0.05469563,0.09181056,-0.0020739522,-0.2300412,0.085363545,0.009183268,0.0010998519,-0.17445573,-0.062304083,-0.013660374,-0.5858462,0.1179006,-0.18924473,-0.0012617838,0.0015782393,0.10603224
-0.0012937553,-0.03371792,-0.013039009,0.021389404,0.13639574,-0.04083028,-0.07180347,-0.18474716,-0.028998176,-0.01678163,0.026423037,-0.025247814,-0.018780053,-0.25734705,0.06743514,0.027487185,0.54668456,-0.026339062,0.05845869,-0.0053243344,-0.38375288,0.0830613,-0.0001591963,-0.008081329,0.20028624,0.0042189034,0.01731373,0.2230166,-0.055344403,-0.05381528,-0.0022597408,-0.009223384,0.5685249
-0.001178784,-0.042848423,0.008428222,-0.08592762,-0.04960973,-0.038479052,-0.06448715,0.028910676,-0.0013101278,-0.0042767343,0.02858968,-0.021133961,-0.12190066,-0.16181861,-0.36549523,-0.021855006,-0.8952865,0.07180699,0.08862995,-0.008174471,-0.25595102,-0.5142206,-0.01445473,-0.0021184543,-0.12235771,-0.02797465,-0.018133692,-0.3159479,0.055271246,-0.17982431,-0.0007203236,0.0063231154,0.049879678
-0.0010335245,-0.035262264,-0.0059913136,-0.08248324,0.15987629,-0.027473986,-0.07788602,0.036208466,0.012446529,-0.0075020734,0.033438068,-0.021133961,-0.0418968,-0.21122795,-0.19026448,0.024568412,0.53339,-0.02369076,0.07281292,-0.0041988967,-0.38893676,-0.68483853,-0.016748432,6.48587e-05,-0.15904649,-0.02797465,0.01731373,0.1599186,0.057453662,-0.08912437,-0.0007203236,0.006698987,0.2926198
0.025907008,-0.016008254,-0.005696787,0.027225569,-0.27319354,-0.024301236,0.09697454,-0.19639724,-0.013858822,-0.009577213,0.030806676,-0.05545197,0.09669877,0.08205262,-0.12650566,-0.15817265,-0.9222808,0.09857084,0.09592401,-0.004043718,0.18964216,0.06691392,-0.01277255,-0.00557344,-0.1555716,0.0055707647,-0.009956456,-0.51395893,-0.042804454,-0.07474221,0.0076438896,-0.0025984691,0.15459792
-0.016868673,-0.035222825,-0.007924927,0.020863825,0.11217217,-0.027120866,-0.06972603,-0.14058001,-0.004586785,-0.011523848,-0.08435351,-0.021134667,-0.09574091,-0.17388143,-0.10702149,0.031964142,-1.0053385,0.06786985,0.096735254,-0.0032156825,-0.24912459,0.08245386,0.0033641588,-0.008081329,-0.13993537,0.0040398994,0.011749474,0.09153948,-0.04889325,-0.15907538,-0.0022597408,-0.010166973,0.14203696
-0.0010335245,-0.032249827,0.008966903,-0.09624771,0.00058794045,-0.029898165,-0.09053115,0.030861435,0.0152899185,-0.0055263527,0.031440873,-0.022821812,-0.035014912,-0.22080243,-0.11046122,-0.016825818,0.48225695,-0.023598056,0.051683508,-0.004449884,-0.39525878,-0.63093024,-0.023101352,0.00046219444,0.22112523,0.00418307,-0.004702462,-0.13511033,0.038584445,-0.10106381,-0.0007203236,0.006698987,0.2713753
0.00018402422,-0.036620997,-0.0063583693,0.027498093,0.071093544,-0.035425313,-0.077523865,0.049832985,0.009974108,-0.0075020734,0.036275957,-0.030086609,-0.039480567,-0.18011528,-0.06439674,0.0722513,0.50957704,-0.024306048,0.0723363,0.0003377794,-0.46257174,0.092212,-0.005328142,6.48587e-05,-0.19680156,-0.029038789,0.01731373,0.028277582,0.066501886,-0.10901459,-0.0007203236,0.0123520065,0.46539107
0.0106075965,-0.043062244,-0.0063583693,0.024066864,0.2072343,-0.03380436,-0.0138173085,0.036815923,0.011837362,-0.0075020734,0.036019508,-0.030086609,-0.032940708,-0.17824657,-0.14284551,0.15391526,0.59415144,-0.021361167,0.073819384,-0.0041988967,-0.35985082,-0.44443047,-0.018196542,0.0023650632,-0.13843401,-0.022659583,0.01731373,0.68463165,0.055097904,-0.10293485,-0.0007203236,0.00744143,0.6021466
-0.0026404965,-0.037047505,0.024549216,-0.19342941,-0.09028582,0.065543145,-0.025636112,0.04464226,-0.019069249,0.009789953,-0.25499672,0.021358116,-0.0609752,-0.11938579,-0.205185,0.027084438,-1.0064998,-0.12061722,-0.39360672,-0.0075323367,-0.23024099,0.074409224,0.0034616953,0.0064550447,-0.17353712,-0.021370243,-0.018133692,-0.32939404,-0.086801246,-0.043625668,-0.0007203236,-0.0069683394,0.044367947
-0.016045617,-0.03479386,0.014447332,-0.0082109235,-1.084748,-0.05636399,0.036930524,0.047391612,0.008579055,-0.0042767343,0.039738193,-0.04617434,-0.07957355,0.091009565,-0.22414885,-0.29327485,-0.968486,-0.0782265,-0.36583462,-0.0008342548,-0.222262,-0.43199515,0.0038493213,0.0002384116,-0.22744384,-0.026851054,-0.013660374,-0.42679292,0.10539023,-0.21798623,-0.0012617838,0.017596982,0.012573323
0.0005250152,0.13549064,-0.0070805494,0.022825992,0.020000735,-0.032604165,-0.102435246,0.046784826,0.011438779,-0.0042767343,0.03159794,-0.029606892,-0.036456477,-0.23780957,-0.17305091,0.11084993,0.56818545,-0.023434184,0.05979821,-0.0044296635,0.2500244,0.08291479,-0.005328142,6.48587e-05,0.22499183,0.00047340413,-0.016539186,-0.07498383,0.06934127,-0.100067906,-0.0007203236,0.0076393397,0.7098538
0.0028683245,-0.021410197,-4.2297477e-05,0.022600353,0.048445065,-0.024272885,0.09706721,0.05920503,0.010044098,0.0038965445,0.03265485,0.03928536,-0.1055311,0.11302881,-0.00013039494,-0.093741044,-1.0708615,0.06644118,0.09511812,-0.0030295295,0.20493115,0.09254771,0.00060130714,0.0026858067,-0.19232382,0.0006180857,-0.0049979943,-0.06324229,-0.0054336027,-0.083278954,-0.0012617838,-0.005306938,0.33575374
-0.0010848348,-0.044605855,-0.006620217,0.024066864,0.22114696,-0.03380436,-0.013222149,0.03704214,0.011341783,-0.0075020734,0.03963613,-0.027292328,-0.030958133,-0.19099958,-0.19922806,0.0015166453,0.6009539,-0.021361167,0.07456923,-0.0041988967,-0.35985082,-0.43078664,-0.014631438,6.48587e-05,-0.15707307,-0.02797465,0.01731373,0.8164267,0.055097904,-0.09886246,-0.0007203236,0.00744143,0.58331376
0.016715653,-0.036049753,0.016622804,-0.0509814,-0.8223208,-0.04690787,-0.08215776,0.09743611,-0.03831064,0.016748438,0.05566266,0.035955213,0.06786296,0.09789376,-0.21112275,-0.07425409,-0.9506505,-0.16845506,-0.41136178,-0.014904077,-0.25050944,0.057593144,-0.012400107,0.0014737096,-0.23444006,0.003122917,-0.013660374,-0.13886791,-0.017209625,0.19684894,-0.0012617838,-0.0073652137,0.056321755
-0.00041023432,-0.038136277,0.008056919,0.028884247,-0.12279806,-0.046916734,-0.07121687,0.027003886,-0.002385562,-0.0030344771,0.028381383,-0.027696684,-0.12190066,-0.14862615,-0.35966566,0.05087552,-0.89611846,0.06312481,0.08647784,-0.008425458,-0.24742767,-0.49086767,-0.007990795,-0.004835041,-0.12602517,0.003965047,-0.018133692,-0.42729163,0.055950936,-0.19774579,-0.0007203236,0.020163577,0.052404493
0.00013271393,-0.03640528,-0.0073423972,0.025209907,0.21840322,-0.034435824,-0.018973537,0.05297585,0.01617177,-0.0075020734,0.0457661,-0.02898018,-0.02673132,-0.24559028,-0.054805614,-0.04580812,0.59397495,-0.024398752,0.061463248,0.0012436527,-0.33563817,0.07938416,-0.004994085,6.48587e-05,0.21138489,0.0042757927,0.01731373,0.7108997,0.071558245,-0.097975135,-0.0007203236,0.0123520065,0.7777884
-0.011627647,-0.023611024,0.014267403,0.03476072,-0.10006347,-0.035397574,-0.11100517,-0.16698381,-0.02137269,0.008197821,0.027936913,0.02881488,-0.080590256,0.0816523,0.08313473,-0.15603392,-0.93797785,0.056328364,0.06629174,0.0013452024,0.2010874,0.07653361,0.0041683945,-0.00026050792,0.24576022,0.003605046,-0.009956456,-0.36746216,-0.13492464,-0.070600785,0.0076438896,-0.017057652,0.23096927
0.07592991,0.06409513,0.0015404432,0.0134399785,-1.0591433,-0.041323263,0.09201931,0.07896214,-0.024490302,-0.06422926,0.034226846,0.043007474,0.1055006,0.09753723,0.092975795,-0.27315035,-0.8633694,0.13951918,0.10016968,-0.011509073,0.14025988,0.06996623,0.0026556358,-0.00031367224,-0.21139887,-0.0017954379,-0.009956456,-0.2667965,-0.043563314,0.27956527,0.0012981314,-0.009111938,0.20637238
0.017148929,0.24444062,0.011018368,-0.011674148,-1.1078041,-0.01982962,0.09718908,0.041397665,-0.031653255,0.003582378,-0.13843007,0.029212248,-0.0609752,-0.14412746,-0.110034205,0.05596046,-1.026915,-0.13163452,-0.3776573,0.01605615,-0.1762613,0.06711142,0.0030667465,0.012943268,-0.22700284,-0.0011909705,-0.018133692,-0.26528266,-0.118394464,-0.04431553,-0.0007203236,0.025499526,0.03602475
0.013918118,-0.042326763,-0.0063583693,0.024165796,-0.021613749,-0.036207356,-0.079477616,0.032149535,-0.0017959531,-0.0055263527,0.02262569,-0.030086609,-0.1086613,-0.25910148,-1.0299475,0.029565867,-0.9140493,0.061699234,0.08937345,-0.005073702,-0.2377271,-0.5227076,-0.019536247,-0.0025335916,-0.13418974,-0.028016057,0.0054523656,-0.0728288,0.057679217,-0.20913818,-0.0007203236,0.0070655593,0.034777857
0.007194417,-0.0348472,0.013087705,-0.09821439,0.060019586,-0.018050894,0.06903438,-0.14781287,-0.040873367,-0.009548129,-0.098715074,0.01770033,0.023875808,-0.2252274,-0.023946483,-0.07086692,0.4479287,-0.060011826,0.055373307,-0.01719316,-0.3999293,0.07061864,4.324192e-05,-0.0061982973,0.22168835,0.00088981254,-0.004702462,-0.11375399,-0.1511056,0.08958455,-0.0022597408,-0.005147273,0.4131848
0.0106075965,-0.03693403,-0.0063583693,0.023185825,0.18558384,-0.03380436,-0.0138173085,0.036815923,0.011837362,-0.0075020734,0.036019508,-0.027696684,-0.02682206,-0.14637499,-0.059117083,0.16869433,0.59415144,-0.021361167,0.073819384,-0.004449884,-0.3677078,-0.4249229,0.09443719,0.0023650632,-0.13877319,-0.009597769,0.01731373,0.68903434,0.07570489,-0.10332027,-0.0007203236,0.00744143,0.6678067
0.0025622144,-0.020694328,0.0075704553,0.030364852,0.0871066,-0.030610397,0.12470027,0.058874056,0.017888773,-0.0062524555,0.03459094,0.039959796,-0.036456477,0.11836654,0.019997638,0.061809618,0.6104218,-0.019351058,0.06270489,0.003234196,0.3166232,0.093733475,-0.0029582174,0.00054410344,0.26108202,0.0008539788,0.01571018,0.14283258,0.11161405,-0.013006747,-0.0012617838,0.00013616745,0.8996409
-0.04104609,-0.016946847,-0.00033598556,0.044013552,-0.07356515,-0.026759824,0.1055283,0.061707545,0.026563823,0.0038787392,0.040064722,0.049271986,0.1055006,0.11151909,0.32810766,-0.07729619,-0.77422136,0.10127615,0.09603437,0.0013452024,0.20920943,0.07379276,0.0031788251,-0.006343361,-0.15858324,0.0034260422,-0.009956456,-0.41287065,-0.0128523065,0.23314562,0.0012981314,-0.00017116289,0.5221017
0.0087203225,-0.02123849,0.013411376,-0.0651326,-0.06711073,-0.026289914,-0.06552751,-0.1918158,-0.016078498,-0.009686171,0.029412277,-0.018442934,0.074995376,0.09837407,-0.023524806,0.062813364,-0.9500741,0.11382977,0.09024697,-0.003474203,0.20811354,0.076073505,0.0014163038,-0.0012843222,0.24779649,0.003494155,-0.009956456,-0.22893468,-0.05370342,-0.07823308,0.0076438896,-0.0026694243,0.3326364
-0.07866817,-0.008187368,-0.0061856457,0.0025837172,-1.2750437,-0.042696968,0.08151307,-0.20629779,-0.03325618,0.008180016,0.03698638,0.039560765,-0.0571022,0.08248421,0.20572862,-0.22482784,-1.1072707,-0.07797967,-0.35859582,0.0026554517,0.17488164,0.06201217,-0.0059314477,-0.005630756,-0.20746514,0.0034260422,-0.009956456,-0.6312173,-0.14312518,-0.05905837,0.0076438896,0.008779151,0.023625694
-0.04232129,0.11590406,0.0058008065,0.037521653,-0.055953898,-0.029175447,0.100542285,0.062945805,-0.024490302,-0.009577213,0.04273429,0.031587165,0.10497666,0.09482374,0.22095285,-0.08031747,-0.8066809,0.12273112,0.09621657,-0.006120153,0.1685639,0.06966978,-0.0070717474,-0.0009046311,-0.15090404,-0.0017954379,-0.009956456,-0.43917897,-0.01424461,0.23196742,0.0012981314,0.0013236282,0.4828611
-0.02790235,-0.034246612,-0.0051745554,0.023118818,-0.010294839,-0.022774158,0.057392504,0.057634637,0.010853659,-0.009548129,-0.13447788,0.03996133,0.100906685,0.111368775,-0.2270433,-0.13878103,-0.75748384,0.16100253,0.1095877,-0.016457593,-0.28887746,0.07835924,0.0012390643,-0.0059742127,-0.183659,-0.014274329,-0.0020528147,-0.21537103,-0.00790156,0.2088111,-0.0012617838,-0.0028362537,0.2600698
0.003061593,0.09580928,-0.0053745727,0.026933644,-0.013654767,-0.026297305,0.09738578,0.06044231,-0.025131773,-0.009686171,0.041539498,0.032261595,-0.033628277,0.11418307,0.020476857,-0.029432531,0.5383568,-0.023079254,0.061211202,0.0008986943,0.28505746,0.080663115,0.0010904303,-0.0030434774,0.26704425,-0.0019675621,-0.020766744,-0.3238896,-0.015647901,-0.041230954,-0.0012617838,-0.00082619133,0.77765405
-0.007894526,-0.028624145,0.0072008925,-0.09330597,-0.09415282,-0.03671528,-0.080796346,0.03327222,0.007672241,-0.0030344771,0.03611052,-0.02077373,-0.046450444,0.080370426,-0.1605482,-0.05055814,0.4523057,-0.021779522,0.0649395,-0.0015206861,-0.4208079,-0.5773606,-0.014776169,-0.0061644954,-0.1791272,0.0040040654,-0.03565284,-0.46366346,0.07880522,-0.09390597,-0.0012617838,-0.0030783566,0.17126034
-0.09194018,-0.013015876,-0.012344054,0.03979016,0.0021547172,-0.0054193647,0.103965886,0.044537034,0.048095785,0.007883655,-0.1267403,0.047064126,0.028678907,-0.24871962,0.47020373,-0.12625882,-0.95990753,-0.13161142,-0.22513106,-0.00026619772,0.2246148,0.058583554,0.002472126,-0.0031795579,0.20578927,0.003605046,-0.014429775,-0.24906243,-0.07435935,0.17494026,0.0007410736,0.012410255,0.33041587
-0.10908733,-0.008657775,-0.0056090625,-0.0851401,-1.175219,-0.010562336,-0.0458985,-0.18867683,-0.041546557,0.0035703243,-0.09198726,0.02028585,0.048644993,0.0468789,0.34785527,-0.10070453,-1.0250677,-0.1454474,-0.3252498,0.0026554517,0.19278948,0.04918642,-0.0015610534,0.006611997,-0.1333574,0.0034260422,-0.008959781,-0.59005,-0.28812954,0.16405499,0.0076438896,0.018251391,0.03329431
0.013073331,-0.038805187,-0.02169149,0.043583617,-0.08380782,0.14012934,-0.02287922,-0.16960831,0.001825348,-0.010427773,-0.18593034,-0.025554286,-0.108245715,0.07175805,-0.18063946,-0.12890947,-0.8863296,0.09220762,0.09036739,0.006598715,-0.23387574,0.075984396,0.009579104,-0.0005551246,-0.17383687,-0.026036736,-0.013660374,-0.3945537,-0.020530425,-0.18536375,-0.0074298615,0.013060867,0.09449443
0.02676033,-0.02444969,0.009927933,-0.10945982,-0.028360259,-0.025037223,0.03949409,-0.1556296,-0.02184576,-0.009686171,0.0300481,0.027730456,0.074995376,-0.23623627,0.4186557,0.08916733,-0.8119629,0.15266903,0.077305585,-0.006395852,0.24142708,0.06356085,-0.001829379,-0.0059720483,0.18029028,0.000999621,-0.014429775,-0.22094764,-0.052139364,0.201992,0.0023248363,0.030547999,0.5110145
-0.00033532374,-0.038324714,0.009284249,0.025794592,0.039078865,-0.038555548,-0.07240986,0.033347648,0.00019064278,-0.0075020734,0.027095875,-0.030086609,-0.1086613,-0.15912394,-0.25363773,0.04413359,-0.9582177,0.062326357,0.09285847,-0.005073702,-0.2457859,-0.5373375,-0.023101352,-0.0021184543,-0.12388708,-0.02797465,0.011749474,0.022526037,0.058662325,-0.19856425,-0.0007203236,0.0070655593,0.091392174
0.018691687,-0.024284871,-0.009948694,-0.1044763,-0.14508316,0.0029264158,0.10653157,0.0540706,-0.020348843,-0.00434959,-0.12888283,0.018308546,-0.10314696,0.0956957,0.06845544,-0.09037003,-0.9353396,0.09143694,0.08436362,-0.004043718,0.19564807,0.080392465,0.0030301912,-0.000988123,-0.15951683,0.0034260422,-0.009956456,-0.4647503,-0.03266694,-0.082199775,0.0012981314,-0.0068565216,0.19743821
0.0025622144,0.09211485,0.0075704553,0.027152933,0.12729363,-0.030175949,0.12038975,0.06299952,0.012560273,-0.0062524555,0.03254874,-0.027993502,-0.036456477,0.12150876,-0.106365696,0.05053601,0.6124163,-0.017327778,0.06260616,-0.0010557922,0.31360564,0.091408856,-0.0027380586,0.00019401684,0.24783564,0.00047340413,0.01571018,0.15119329,0.0852377,-0.09851313,-0.0012617838,-0.001405701,0.88173074
-0.0001183562,-0.032083604,-0.0067134937,-0.08182195,0.13680975,-0.030072896,-0.08156154,-0.16519386,0.01728284,-0.01678163,0.03163905,-0.022821812,-0.018780053,-0.24249445,-0.050269462,0.02140259,0.55090064,-0.028009865,0.05933576,0.000108183245,-0.38414004,0.0851441,-0.0001591963,-0.00550068,0.22246554,0.0042189034,0.01731373,0.2401989,-0.012549171,-0.0714524,-0.0022597408,0.00070281344,0.5585524
-0.017482357,-0.03572271,0.009207246,-0.08080182,-0.10476035,-0.04598183,-0.027467707,-0.1861256,-0.0037728206,0.008197821,0.026495537,-0.016566547,-0.112667404,0.0570779,-0.202486,-0.09975432,-0.89251745,0.08395979,0.09330383,-0.0104113575,-0.2538336,0.07828306,0.0013105889,-0.006172507,-0.16056687,-0.024108186,-0.013660374,-0.2648446,-0.1118014,-0.14943665,-0.0074298615,-0.005634013,0.085050866
-0.09999767,-0.0080727115,-0.00046253228,-0.1746294,-0.02256884,-0.0009164662,0.0673854,-0.17489779,-0.04473916,0.0035703243,-0.06090445,0.02028585,0.048644993,0.038745433,0.28328335,-0.24227093,-0.9720453,-0.16533968,-0.34783065,0.0026554517,0.20196025,0.051082008,-0.0010378641,0.009317502,-0.11135927,0.0034260422,-0.008959781,-0.52547055,-0.29185504,0.1416095,0.0076438896,-0.13666731,0.08242348
0.030949568,0.2016252,0.016299136,-0.09553903,-0.3163285,-0.0023343503,0.08547618,0.059724625,-0.013872673,0.007883655,-0.09343131,-0.01804186,0.100382745,0.05560188,-0.2042162,0.06647007,-0.781502,0.18790203,0.10614579,0.022326931,-0.1864161,0.07377531,-0.012400107,-0.0028180345,-0.16056222,0.0013496008,-0.013660374,-0.45680574,-0.17005497,-0.055950947,-0.0012617838,0.030189136,0.19177093
0.015145876,-0.03080392,-0.0047644787,0.030150356,0.06597377,-0.027354902,0.07049198,-0.15307033,0.033837996,0.008197821,0.038213767,0.04261812,0.03974535,-0.23458762,0.3811635,0.0009629461,0.44860902,-0.035972565,0.055368934,0.00011886045,0.30606788,0.0716381,-0.001223202,-0.0061809085,-0.18711267,-0.019829314,-0.016539186,-0.24557698,-0.037794314,0.15236518,0.0023248363,0.018926099,0.7071662
-0.020954192,-0.035990123,-0.007033154,0.038419414,-0.087299146,-0.018648263,-0.033328287,-0.15984349,0.004431468,0.0036001834,-0.108070664,-0.020561596,-0.108245715,0.062528655,-0.24993475,-0.09014196,-0.8750041,0.09388348,0.08830533,-0.009505484,-0.21903162,0.069869086,0.009884584,0.009136474,-0.1764072,0.0034904545,-0.013660374,-0.54696566,-0.09581892,-0.17390336,-0.0074298615,-0.005812352,0.07047012
0.013762135,-0.038504988,-4.0785126e-05,-0.09441526,-0.36490723,-0.01285804,-0.087017015,-0.1582729,-0.027041169,0.0035703243,-0.14658019,0.019688653,-0.0595735,0.0420964,-0.16838297,-0.073540844,-1.0112178,-0.12792432,-0.37114134,-0.014904077,-0.24758987,0.059652865,0.0037734455,0.025942147,-0.16180682,0.003122917,-0.0126637,-0.58530825,-0.21198866,-0.040341057,-0.0074298615,0.0360472,0.023770709
-0.004202394,-0.020371906,0.0067144283,-0.07288453,0.06586306,-0.026058856,0.10590951,0.061720256,0.015272666,0.008197821,0.04181232,-0.022437278,0.036852952,0.1334432,-0.0036444943,-0.028113265,0.5576039,-0.024804281,0.063187145,0.0036696398,0.28224963,0.08471734,0.0007499411,-0.0017052796,0.27161083,0.0033376608,-0.012065866,-0.09750027,-0.005103724,-0.02560404,-0.0012617838,-0.0012819187,0.81704044
-0.00011795759,-0.036619853,0.008428222,-0.08338367,-0.023774484,-0.038676526,-0.06646306,0.03008527,-0.0013101278,-0.0042767343,0.02858968,-0.018744037,-0.10963195,-0.15284707,-0.16991335,-0.015781675,-0.8989125,0.07183907,0.08950702,-0.0138143785,-0.25835449,-0.47861272,0.11608962,0.00046219444,-0.12269689,0.0040040654,-0.018133692,-0.32327053,0.07587821,-0.18514644,-0.0007203236,0.0060363985,0.07658111
-0.0044321707,-0.026200391,-0.0046523926,0.019800033,0.20390101,-0.025394995,0.091268376,0.05948672,0.012504576,-0.0075020734,0.03132293,-0.02892554,-0.0354736,-0.25977558,-0.123163566,0.11128679,0.6258854,-0.016228188,0.075988896,-0.0021033916,0.27348295,0.090248354,0.029862212,-0.0057526394,-0.16414991,0.003215546,0.021357514,0.22535704,0.103681765,-0.095389806,-0.0007203236,-0.00052428356,0.78224754
0.0003545466,-0.03152323,0.0072008925,-0.11640059,0.024237365,-0.03644309,-0.05611085,0.025339946,0.006899247,-0.0030344771,0.04356912,-0.018744037,-0.073228456,-0.14444959,-0.46120444,0.15787491,-0.9952748,-0.07882365,-0.34888327,-0.0071152085,-0.22966318,-0.4168643,-0.0040991167,-0.004835041,-0.12986349,0.003965047,-0.018133692,-0.4848972,0.06107531,-0.1238009,-0.0007203236,0.006444076,0.034006592
-0.018103523,-0.044927295,0.015801528,-0.11667784,-0.96253014,0.0795084,-0.044093642,-0.139492,-0.03974397,0.0097779,-0.26607084,0.022716314,0.05456442,-0.08459308,-0.209568,-0.15272106,-0.96146095,-0.19085717,-0.38623208,-0.011795103,-0.20698865,0.047920726,-0.008040524,-0.0005347724,-0.19345912,0.003122917,-0.0112654185,-0.36121202,-0.17867362,0.13958257,-0.0022597408,0.01024463,0.01618249
-0.0044321707,-0.02858504,-0.011855195,0.023079667,0.08774443,-0.01586967,0.10657146,0.046157904,-0.020258466,0.00790146,-0.11740322,-0.022765364,-0.022768054,-0.27263618,0.012632145,0.15503319,0.58829457,-0.027883047,0.059122343,0.0015253082,0.31548855,0.07838884,0.00011476656,-0.005497167,0.20660873,0.0033376608,-0.016539186,0.0025818585,-0.1167335,-0.07341282,-0.0007203236,-0.0032137556,0.73779917
0.002016894,-0.029400514,0.009908722,-0.094175465,0.02787243,-0.008869224,-0.08433086,-0.15008849,0.018119507,0.0036001834,-0.13435924,0.014638836,0.055088356,0.056956045,-0.1344434,-0.1548729,-0.9307539,-0.18182825,-0.41984576,-0.01695959,-0.27285385,0.061322384,0.003113782,0.020473681,-0.18393956,0.0009889015,-0.013660374,-0.20329908,-0.13604765,0.14275642,-0.0074298615,0.042792402,0.06933441
0.020617094,-0.030833816,-0.020847112,0.0430134,-0.014845749,0.24260357,-0.037137512,0.06039643,0.013190553,0.015283003,0.08295507,0.035678223,0.08971664,0.111145124,-0.08754464,-0.107544065,-0.7589032,0.1538614,0.09609736,-0.00035568327,-0.25080755,0.08155936,0.0029365425,0.004594601,0.26047418,0.001834826,-0.013660374,-0.25011545,-0.0012496283,0.20860602,-0.0012617838,0.0001818983,0.51254463
-0.0021618777,-0.026200391,-0.0063583693,0.020016402,0.17682713,-0.030801374,-0.08633518,0.056097582,0.011960703,-0.0075020734,0.031382415,-0.02892554,-0.0354736,-0.23495519,-0.18003556,0.05433117,0.6258854,-0.020574134,0.07784073,-0.0021033916,0.26119396,0.09659637,0.029862212,-0.00251579,-0.15704134,0.003215546,0.021357514,0.22010933,0.09094843,-0.09223046,-0.0007203236,0.007926056,0.7255512
0.006696067,-0.038477637,-0.0057284446,0.024066864,0.2242244,-0.032881245,-0.017137293,0.03323762,0.011341783,-0.0062598167,0.03963613,-0.024902403,-0.0371082,-0.18979093,-0.21276449,-0.010968137,0.6009539,-0.021306261,0.07369216,-0.00401444,-0.35880136,-0.44239438,-0.011843623,0.009143923,-0.15741225,0.0040040654,0.01731373,0.82351655,0.050556112,-0.09592948,-0.0007203236,0.0069542704,0.5884223
0.00034423638,-0.020790726,-0.0070805494,0.016792268,0.16690725,-0.030862434,-0.12015726,0.065452754,0.015631288,-0.0075020734,0.03850442,-0.031389926,0.036375508,0.11642389,-0.010864393,0.034733858,0.6010316,-0.024863878,0.06620545,0.0027138134,0.2782049,0.09614769,-0.0028095834,0.00042789127,0.21466513,0.00339455,0.01571018,0.26781598,0.12558794,-0.0070383763,-0.0012617838,-0.001584931,0.8805255
-0.0035159178,-0.038824204,-0.006620217,0.024661591,0.22110017,-0.033632945,-0.022779007,0.03912519,0.00855409,-0.0075020734,0.041278433,-0.029322019,-0.030958133,0.086681284,-0.1316472,0.211117,0.5954897,-0.019508002,0.07662637,-0.0008250253,-0.36037526,-0.4597185,-0.009356926,0.0027280957,-0.1791167,-0.022659583,0.011666397,0.8118568,0.06869747,-0.09929774,-0.0012617838,0.001658096,0.69948995
0.094395086,-0.006971463,0.00039349427,0.01577949,-1.2601764,-0.013466142,0.050508477,-0.20851234,-0.040268004,0.0035703243,-0.07672059,0.022024916,0.048644993,0.058851857,0.25719267,-0.26528436,-1.0403492,-0.14708824,-0.3749773,0.0022200078,0.20195423,0.051134232,-0.0015610534,0.01738649,-0.1458808,0.0034260422,-0.008959781,-0.41690934,-0.2780538,0.17667197,0.0076438896,-0.09890005,0.036553796
-0.0043863785,-0.032974966,0.010162342,-0.110237084,-0.08729359,-0.0067659463,0.08749273,-0.14558992,0.0066826954,0.0036001834,-0.08846359,-0.0231183,-0.0595735,0.05450075,-0.33923262,-0.19358598,-0.9905221,-0.100171916,-0.3481035,-0.011614136,-0.21783747,0.063206434,0.009884584,0.016393667,-0.20101725,0.005663488,-0.013660374,-0.37785947,-0.117320195,-0.14841098,-0.0074298615,-0.0059680697,0.03650916
0.0053019747,-0.032251645,0.015965585,-0.15690452,-0.07678281,0.17979619,-0.04225096,0.057004042,-0.007049891,0.010981727,0.07615064,-0.016779386,0.111943975,0.078510985,-0.096875735,0.009099403,-0.79996437,0.12746158,0.11450092,0.0048961984,-0.23434058,0.08967306,0.0012390643,-0.015746452,-0.15534638,0.0040398994,-0.013660374,-0.24686264,-0.025813473,-0.06840903,-0.0012617838,-0.00676143,0.2669904
0.0055097668,-0.027885003,-0.0050995406,-0.09440071,0.004881258,-0.036268424,-0.10333248,0.049422633,0.011482721,0.0038965445,0.035569396,0.023874292,-0.036386285,0.10056677,-0.1810685,0.025933176,0.48802972,-0.026655838,0.07060079,-0.018240213,-0.45013744,0.088734314,0.0003273443,0.006933577,-0.24504998,0.00071080885,-0.00022914249,-0.13762109,-0.030321544,-0.028534172,-0.0012617838,-0.005042623,0.39878953
3.2454263e-06,-0.02853073,-0.0063583693,0.028092822,0.0013694845,-0.038528707,-0.09461885,0.05205328,0.0065968065,-0.0042767343,0.038273074,-0.029726375,-0.040410154,0.08083896,-0.08040717,0.037283815,0.47359347,-0.022174085,0.07090841,-0.0031557914,-0.39404652,0.07720217,0.015745606,0.00042789127,-0.24045105,0.004096789,-0.00022914249,-0.20297934,0.09482713,-0.11470074,-0.0012617838,0.0026962254,0.44588873
-0.005415504,-0.020053435,0.006825952,0.026208682,0.044808716,-0.034300603,-0.08552659,0.04491672,0.01688019,0.0038965445,0.04215148,0.03928536,0.042707466,0.11080208,0.16251233,-0.063783236,0.47627172,-0.030143775,0.077523395,0.0036696398,0.30255383,0.081351504,-0.00051650277,0.0032083287,-0.21135245,0.000664123,-0.012065866,-0.17802729,-0.005453682,0.14979221,0.0012981314,-0.0012404082,0.74838173
4.18555e-05,-0.027213609,0.009207246,-0.05185728,0.20420109,-0.029455347,-0.09769455,-0.20846851,0.008964075,0.01855528,0.030994281,-0.023427928,0.0264933,0.103008896,0.03617158,0.04559063,0.5955066,-0.028474992,0.082152754,0.0034851832,0.31774056,0.0825712,0.00047597828,0.0003710389,-0.17377588,-0.023044048,0.01571018,0.35141897,-0.03497451,-0.027387515,0.0076438896,-0.0021830152,0.78799784
0.02619851,-0.025007395,0.007976278,-0.09110954,-0.026234888,-0.028885512,-0.05223799,0.04930936,-0.009348015,0.008197821,0.03567653,0.021403736,0.10497666,-0.21109803,0.34220323,0.11965078,-0.82367456,0.16144161,0.10773671,-0.006395852,0.23590092,0.0740151,0.0050404114,0.001143547,-0.11669165,0.0008206171,-0.014429775,-0.21759278,-0.04989224,0.21033652,0.0007410736,-0.0017515733,0.48474717
-0.017274221,-0.039478846,0.0052085444,0.022410136,-0.06327312,-0.01650389,-0.018539926,-0.12438048,0.0033573455,0.0035881295,-0.10135647,0.019085083,-0.108245715,-0.093802325,-0.1795041,0.007415499,-0.87236094,0.12485701,0.097362705,-0.011741964,-0.2651404,0.07646635,0.000383731,0.022394283,-0.11780543,0.00086730294,-0.0112654185,-0.21586752,-0.07717177,-0.043130577,-0.0022597408,0.035654925,0.1347612
-0.109822616,0.068265095,-0.0051412513,0.04585679,-0.39725357,-0.03291753,0.08998782,0.063171275,0.04225612,0.008180016,0.050846536,0.044594105,0.061419588,-0.2063886,0.48264053,0.009340415,-1.0067446,-0.118125804,-0.27311832,-0.007731553,0.15605222,0.055804554,-0.0023397214,-0.0026458746,-0.15045157,-0.0017954379,-0.014429775,-0.52297026,-0.049164362,0.21577539,0.0007410736,-0.005669898,0.19604026
-0.0003504455,-0.031538848,-0.024190595,0.02162163,0.18246707,-0.026983602,-0.05810514,-0.2132191,0.00714814,-0.016643587,-0.3021835,-0.020804774,-0.014594591,0.100307085,-0.010424036,0.040329315,0.5960972,-0.028409155,0.061253708,-0.004969827,-0.32407555,0.06869554,0.001885115,-0.0051376475,0.24265066,0.0042189034,0.011666397,0.5475816,-0.07368724,-0.062579125,-0.0074298615,-0.005042574,0.6805072
0.056885622,-0.00841504,0.00735989,-0.11233657,-0.36607417,-0.032723445,0.1097122,-0.21791469,0.045193247,-0.009577213,0.043990802,0.04622303,0.031438302,0.11280465,0.0536211,-0.14276527,-1.0536244,-0.14364025,-0.32104057,0.0022200078,0.21328807,0.055108268,0.0026556358,-0.0035095871,0.28135896,0.003605046,-0.009956456,-0.57692456,-0.031802434,0.22153436,0.0076438896,-0.01984968,0.16043958
-0.004799188,-0.036784086,0.0069547715,-0.065273285,-0.12263574,-0.045641486,0.022546368,0.052532587,-0.017098634,0.008197821,0.03881672,-0.014749694,-0.048105985,-0.2182883,-0.2069866,-0.16516708,0.46268067,-0.032243997,0.06490081,-0.0078043784,-0.42334992,0.07287303,0.0006060698,-0.0033575199,-0.18477617,0.0032513803,-0.04012616,-0.3930026,-0.034147095,-0.06602909,-0.0007203236,-0.0095134545,0.21304125
-0.006586941,0.22715306,-0.011835336,0.033331893,0.044553418,-0.009534482,0.11953353,0.050016996,-0.029403375,0.007883655,-0.12220469,0.028959075,-0.060582645,0.062060438,-0.1496122,0.08191761,-0.98924774,-0.11791238,-0.3546456,0.011545611,-0.18482697,0.06838316,-0.012004693,-0.0031336632,-0.18220238,-0.0011909705,-0.013660374,-0.25107792,-0.1496432,-0.03094635,-0.0012617838,0.023223588,0.13914603
-4.806486e-05,-0.028688733,-0.0073423972,0.021830708,0.22195798,-0.03837172,-0.07527484,0.07370179,0.024197204,-0.0075020734,0.047075525,-0.02736679,0.029619683,0.104034856,0.07836016,0.049147412,0.58093953,-0.029436804,0.06627585,-0.010337498,-0.3361626,0.082907535,-0.0014719713,0.00042789127,0.2460968,0.0042757927,0.011666397,0.7102512,0.12223493,-0.006292278,-0.0012617838,-0.0011243506,0.8813075
0.00029292563,-0.02050988,0.009956149,-0.10418036,0.26129732,-0.02788195,-0.085311405,0.06942657,0.013370516,-0.0075020734,0.06239315,-0.0174297,-0.02673132,0.1039018,-0.11841566,0.1010495,0.64573795,-0.020302253,0.06419983,0.0024503544,0.24857223,0.07843797,-0.0014004464,0.000825227,0.2457617,0.0014986708,0.01571018,0.91538864,0.09004743,-0.0791196,-0.0012617838,0.00083150476,0.92564595
-0.0039557274,0.1804697,-0.0046523926,0.025552893,0.15506347,-0.029587628,0.08236801,0.0514788,0.012504576,-0.0075020734,0.03646235,-0.027540958,-0.035866156,-0.19487618,-0.052655503,0.121841654,0.53654283,-0.018528663,0.074657515,-0.0021992056,-0.3893532,0.095902935,-0.005328142,-0.0057526394,-0.17963323,-0.011556774,0.01731373,0.23100987,0.07894058,-0.10575983,-0.0007203236,0.0040263752,0.67463344
0.0034082802,0.10159029,0.0012482547,0.023396766,-0.045648668,-0.012775529,0.12803009,0.051392477,-0.031573314,-0.009548129,-0.14420187,0.022514654,-0.025476992,0.11278199,0.04760338,-0.20750804,0.4939181,-0.031869624,0.055928838,0.0008986943,0.25801918,0.0781605,0.0016987043,-0.0009796238,0.2338907,-0.0005231968,-0.020766744,-0.3328969,-0.06173763,-0.041230954,0.0012981314,-0.0016333307,0.67873377
0.040430404,-0.03779916,0.007163591,0.01993481,-1.0552908,-0.030752052,0.07143354,-0.15322427,-0.035808563,0.009073228,-0.13172655,0.02217234,0.048644993,-0.12479651,-0.16042279,-0.2139003,-0.98829895,-0.18961215,-0.3777219,-0.01109432,-0.25894883,0.048595436,0.0032153805,0.020258415,-0.17772654,0.003122917,-0.0112654185,-0.09127281,-0.21864772,0.16145681,0.0023248363,-0.12822846,0.021079252
0.089296505,0.055621084,0.0056742593,-0.09257888,-1.1486328,-0.010265926,0.048800196,-0.21525547,-0.04473916,0.007871601,-0.09090256,0.019611144,0.048121054,0.03898147,0.234773,-0.24738558,-1.0403492,-0.17176725,-0.38231623,-0.0052453475,0.14765409,0.046750754,0.0026413726,-0.005315128,-0.16065069,-0.0017954379,-0.008959781,-0.54671633,-0.29726046,0.17365102,0.0076438896,-0.12829874,0.027363654
0.0025622144,0.12223256,0.007031774,0.017088102,0.18657695,-0.030123038,0.10596141,0.066587225,0.0077302875,-0.0075020734,0.03247519,-0.029948734,-0.035866156,0.106630296,-0.11099343,0.13057409,0.6194271,-0.017327778,0.079105295,0.0016519134,0.2945567,0.09460887,-0.0027380586,0.00019401684,-0.18513618,0.002975505,0.01571018,0.3031163,0.08330774,-0.10035923,-0.0012617838,-0.001405701,0.86506283
-0.0031080907,-0.036562875,-0.0046523926,0.024858203,-0.0061802072,-0.03823462,0.087630115,0.036136158,-0.0012520808,-0.0042767343,0.030085245,-0.027696684,-0.121508114,-0.17508881,-0.13269134,0.038253717,-0.8919567,0.06017604,0.08703384,-0.008425458,-0.2640487,-0.48109862,0.054594394,-0.0057526394,-0.1390423,0.0040040654,-0.006526134,-0.26074663,0.103843406,-0.20088537,-0.0007203236,-0.0011569681,0.101155855
0.006901199,0.0982067,-0.0041357772,0.030917082,0.25508827,-0.02989424,0.10244027,0.06489092,0.029586604,-0.0075020734,0.063551635,0.022039523,0.024692552,0.095685914,0.0962951,0.14418983,0.5796523,-0.031243203,0.06742348,0.0018032196,0.24860702,0.07852042,-0.0017828987,0.00054410344,0.22889353,-0.0015322702,0.01571018,0.8621671,0.1207074,0.113490984,0.0012981314,0.00013396825,0.96700656
0.017911509,-0.03823798,-0.0070805494,0.02455048,0.2008712,-0.033164684,-0.02037683,0.03167169,0.01666735,-0.0075020734,0.02932571,-0.03177446,-0.028594472,-0.3263411,-0.8855571,0.22826296,0.59292775,-0.021028224,0.057023946,-0.00401444,-0.34938186,-0.5684792,-0.014631438,-0.0017695058,0.16756162,-0.00022933264,0.002191492,0.5673771,0.04353025,-0.09894722,-0.0007203236,0.007728147,0.41346028
0.011435094,0.086145565,-0.0044422643,0.027318407,0.07002592,-0.025360195,0.10970923,0.052502092,0.020296931,-0.0042767343,0.043304183,0.035779994,0.038141772,0.12720956,0.17618658,-0.035284735,0.53222126,-0.031170128,0.065170236,0.0013433679,0.30874953,0.08644749,-0.001277435,-0.0013201176,0.24930534,-0.0020211297,-0.012065866,0.033642605,0.11223443,0.15497316,0.0012981314,0.00028226135,0.911093
0.0034082802,0.10066204,0.0075704553,0.023605134,-0.13485582,-0.029781759,0.07624781,0.06712254,0.017112952,-0.0042767343,0.044983216,-0.027993502,0.044259556,0.10813287,0.028792389,0.024477221,0.50160635,-0.024459353,0.057262447,0.0008986943,0.25686726,0.081413284,0.0007149881,0.00074373547,0.2454144,0.0015148743,-0.020766744,-0.32338914,0.15473267,-0.017760599,-0.0012617838,0.00013649714,0.79635805
0.0034082802,-0.023455624,0.0067144283,-0.06492825,-0.051796604,-0.027240286,0.073882826,0.06500428,0.012019542,0.008197821,0.039809167,-0.022437278,-0.03474899,0.12275037,-0.006953312,-0.10250564,0.5298157,-0.021179248,0.054324776,0.00091074506,0.28173035,0.08056013,0.0032924071,0.0008753693,0.26565272,0.0036157535,-0.020766744,-0.33815432,-0.012108471,-0.09918795,-0.0012617838,-0.0014622267,0.6952815
0.07850517,0.055345733,-0.01405003,0.050488345,0.021694291,-0.010790297,-0.08569868,-0.12168299,-0.045364335,-0.00943917,-0.11146186,0.032738872,0.026417661,0.07737421,0.49271992,-0.13747123,-0.9149913,-0.13857359,-0.23278064,-0.0052453475,0.18220273,0.053420678,0.0031788251,-0.0069362465,0.21741338,0.0006839002,-0.009956456,-0.20450753,-0.15463597,0.1722684,0.0076438896,0.016393771,0.35102296
0.024541782,-0.016322788,0.01855161,-0.10186405,0.01983503,-0.002665103,-0.11288763,0.046794698,-0.027041169,-0.00943917,-0.1203673,0.037352715,-0.054474756,0.08888242,-0.10178137,-0.20540473,-1.1175107,-0.10449301,-0.37839982,0.0024709953,0.21055722,0.07089192,0.004296635,-3.1196745e-05,-0.17234953,-0.07904729,-0.009956456,-0.33891007,-0.046999227,-0.06610962,0.0012981314,-0.016872324,0.07893523
-0.0010848348,-0.044605855,-0.006620217,0.024066864,0.22944327,-0.03380436,-0.013222149,0.03704214,0.011341783,-0.0075020734,0.03963613,-0.027292328,-0.0371082,-0.16918305,-0.2060481,0.08254777,0.6009539,-0.021361167,0.07456923,-0.0041988967,-0.35985082,-0.4302233,-0.011843623,6.48587e-05,-0.15707307,-0.02797465,0.01731373,0.82587457,0.057832338,-0.09886246,-0.0007203236,0.00744143,0.6106629
-0.014518665,-0.038777675,-0.014897438,-0.14685984,0.067863256,0.11238837,-0.060851492,-0.13979198,0.0081767,-0.017523231,-0.12851268,-0.013428312,-0.091619164,-0.116103455,-0.12089639,0.048083663,-0.9536234,0.089310765,0.09745404,-0.0029860863,-0.22913882,0.085764915,-0.0001591963,-0.007965617,-0.1266343,-0.027160332,0.011749474,0.06401457,-0.07469908,-0.1538898,-0.0022597408,-0.008500873,0.14119
-0.003317119,-0.034755997,0.011136051,-0.11596536,-0.079677306,-0.017125353,-0.02574026,-0.12650399,-0.022213245,-0.009548129,-0.11881148,-0.011038387,-0.059180945,-0.106233634,-0.18049708,0.023116063,-0.99845815,-0.10785624,-0.3657625,-0.00058022724,-0.2312632,0.059095725,-0.019018404,-0.0045825145,-0.17027338,0.003368856,-0.018133692,-0.07425851,-0.09058803,-0.10815228,-0.0022597408,-0.010121647,0.05143413
0.08072315,-0.011336459,0.009878388,-0.1681053,0.005874915,-0.0010952882,0.07028763,-0.16949798,-0.053028096,0.007871601,-0.06039416,0.023734769,0.026417661,0.050213855,0.27396977,0.052454047,-0.9619372,-0.14428046,-0.2897792,0.0022200078,0.22961807,0.053420678,-0.0010378641,-0.005315128,0.11451465,0.003605046,-0.008959781,-0.24070098,-0.37408662,0.13281585,0.0076438896,-0.13806672,0.20071894
0.055188894,0.07983179,0.00068441615,-0.12295497,-0.07437877,-0.01772821,0.11043575,0.06049746,0.039644897,0.0038787392,0.04066968,0.047648378,0.048023243,0.08704586,0.16290423,-0.23004617,0.44966844,-0.030868962,0.06457902,-0.0052453475,0.24233584,0.07146653,0.0031788251,-0.007849535,-0.18484688,-0.0017954379,-0.020766744,-0.5144882,-0.036952224,0.1758276,0.0012981314,-0.018842328,0.6407439
-0.0019321012,-0.027483119,-0.0063583693,0.024042362,0.12015934,-0.030629959,-0.09784145,0.0593914,0.0071864147,-0.0062524555,0.032640737,-0.033345155,-0.04080271,0.10591715,-0.18503237,0.04206776,0.6096247,-0.01872097,0.0791779,0.001521467,0.33072472,0.09091794,-0.0027380586,-0.0021527575,-0.19751881,-0.024922505,0.01571018,0.1701954,0.081612706,-0.09506755,-0.0012617838,0.0021427223,0.75054556
0.0046698414,-0.03171167,0.008428222,-0.09597257,0.039904833,-0.029152673,-0.08602002,0.033439737,0.0072779786,-0.0042873807,0.0313062,-0.021133961,-0.059989087,-0.15090889,-0.32108164,0.01846663,-1.0461941,-0.08005939,-0.39997122,-0.0037634526,-0.247133,-0.48507813,-0.023101352,-0.0021184543,-0.14787771,-0.02797465,0.011749474,0.06820549,0.064297296,-0.117333256,-0.0007203236,0.0072179525,0.048059247
0.0010779605,-0.04386435,-0.03127652,0.036410414,0.17895149,0.1776369,-0.0091647925,0.050982106,0.0027764696,-0.017523231,-0.2993048,-0.024227196,-0.020342523,-0.1743576,-0.055813733,0.0038781422,0.5990262,-0.028030083,0.07881722,0.0003377794,-0.33005074,0.0766111,0.00028233105,-0.0013165406,-0.17320028,-0.027160332,0.01731373,0.66951567,-0.015279357,-0.08878921,-0.0007203236,0.03445409,0.6655664
-0.008026582,-0.02709324,0.008428222,-0.091455996,0.08992964,-0.03838074,-0.080112256,0.03015185,0.006899247,-0.0042767343,0.039165616,-0.025803987,-0.060959738,-0.1368348,-0.0374801,0.19155572,-0.9952748,-0.07830208,-0.35672134,-0.0075506526,-0.23743932,-0.3938859,0.07932951,0.0010096412,-0.12986349,0.003965047,-0.018133692,-0.43149778,0.07926286,-0.13852017,-0.0007203236,0.0069312355,0.06530484
0.022206193,-0.020642899,0.006579831,0.034024514,-0.09606675,-0.030897316,0.09678873,0.0654111,-0.03795829,0.008180016,0.038166754,0.015803743,0.047499303,0.107310295,0.25305244,-0.08247385,0.42048976,-0.03510272,0.047731336,0.0022200078,0.31334662,0.07400714,0.0056551127,-0.001878993,-0.17965509,0.0034260422,-0.020766744,-0.3317101,-0.0412635,0.14756085,0.0012981314,0.015929798,0.7208782
0.0007017171,-0.027790265,0.008056919,0.029579869,0.04510497,-0.04654752,-0.092678905,0.05300771,0.012863845,0.014254006,0.041248795,0.03500379,0.040016975,0.09970371,-0.17752351,0.0282512,0.4699356,-0.036537427,0.07792364,-0.018240213,-0.4605247,0.09101289,0.00047597828,0.005211809,-0.2263531,0.00071080885,0.011666397,0.056821957,-0.014364839,0.12977718,-0.0012617838,-0.004020321,0.561201
-0.09527904,-0.0096501475,-0.0008082511,0.049330216,-0.015747739,-0.008859463,0.06731479,-0.18229315,-0.04855694,0.007871601,-0.04899582,0.02269935,0.026417661,0.05889901,0.2333803,-0.22709695,-0.9880793,-0.16467264,-0.31454355,0.0026554517,0.20938917,0.053420678,-0.0010378641,-0.0035669028,0.14873989,0.003605046,-0.008959781,-0.36773118,-0.35229993,0.15009679,0.0076438896,-0.12096485,0.13977866
-0.003997472,0.105751425,-0.0056658243,0.02957756,0.2806838,-0.02499478,0.10240733,0.07618375,0.02621236,-0.0075020734,0.06414431,-0.017619956,0.029619683,0.09217545,0.03827383,0.14735842,0.6238126,-0.021266242,0.065954365,0.0022386634,0.24415185,0.07948589,-0.0014719713,-0.0041003986,0.2414778,-0.00074822665,0.01571018,0.92371505,0.12607804,0.0046190238,-0.0012617838,0.00014082686,0.96550024
0.008521513,-0.031466253,-4.2297477e-05,0.027309462,-0.100124806,-0.039900076,0.09253874,0.033257306,0.0047598206,-0.0030344771,0.036410764,-0.027696684,-0.073228456,-0.17306116,-0.178258,0.020177146,-0.9824507,-0.07739834,-0.3383686,-0.0071152085,-0.26222962,-0.47283927,-0.0103777675,0.023145242,-0.1520253,0.0040040654,-0.018133692,-0.22403939,0.08390658,-0.1394453,-0.0007203236,-0.0010360077,0.05323112
-0.0057822326,-0.03603891,-0.007924927,0.022985304,-0.051052254,-0.019624004,-0.07545789,-0.13543439,0.009834247,0.00790146,-0.13225979,0.022603484,0.05456442,-0.12835437,-0.1502931,-0.16473557,-0.9372286,-0.17440777,-0.3843472,-0.013850616,-0.27194226,0.055630222,-0.005026783,-0.003530278,-0.15964317,0.00094988314,-0.018133692,-0.18862167,-0.108540475,0.13098848,-0.0022597408,0.014111441,0.05984031
-0.0016369607,-0.04078395,-0.006620217,0.023845252,0.2346408,-0.033690326,-0.011246243,0.056025684,0.011341783,-0.0075020734,0.0449053,-0.027292328,-0.031077556,-0.19176354,-0.05855211,-0.01678916,0.5922497,-0.019173544,0.07791112,-0.00036300294,-0.35186517,0.07924111,-0.004994085,-0.00251579,-0.1737508,-0.029038789,0.01731373,0.7397405,0.07042206,-0.0976889,-0.0007203236,0.012638723,0.72187096
0.0030672909,-0.029327009,-0.011855195,0.024831166,-0.10459213,-0.017128818,0.050679516,0.05750705,-0.024315227,-0.009548129,-0.1470851,0.022412878,-0.026597703,0.11751556,-0.17794013,-0.077928804,0.46186033,-0.03713309,0.05559613,-0.01695959,-0.41947863,0.077032104,0.0010904303,-0.003393564,0.26141623,0.0010463066,-0.03565284,-0.378736,-0.0671518,-0.033799857,-0.0012617838,-0.004843108,0.40368766
-0.00029873662,-0.036325768,0.008428222,-0.0879366,-0.11788752,-0.037980985,-0.08239381,0.035997275,0.005102005,-0.0042767343,0.029847998,-0.023163654,-0.12190066,0.07128434,-0.41974005,-0.029649073,-0.8837939,0.070572376,0.0879403,-0.007533424,-0.2575249,-0.5464167,-0.00672577,0.000825227,-0.13674276,-0.026851054,-0.013660374,-0.33070394,0.07919961,-0.18978547,-0.0012617838,0.0002530638,0.05352722
-0.014681029,-0.027840612,-0.0062189507,0.038758405,-0.16695473,-0.0075398018,0.10853485,-0.19900258,-0.017967893,-0.00943917,-0.1338304,-0.01876069,-0.03743229,0.0675546,-0.14164215,-0.15140386,0.5169217,-0.025616312,0.058827598,0.00077667437,0.27233633,0.059326526,-0.024149124,-0.004810565,-0.1812858,0.0055707647,-0.020766744,-0.6384284,-0.12577753,-0.09936338,-0.0074298615,-0.0019155282,0.3029901
0.0025109036,-0.02813211,-0.004943644,0.026425082,0.2756924,-0.025646742,0.091318525,0.07409602,0.008598578,-0.0075020734,0.06248109,-0.021362545,-0.031077556,0.10221943,-0.1061683,0.19112128,0.6539653,-0.017327778,0.07967295,0.0027013416,0.27536824,0.07794705,-0.0014004464,-0.0018698368,-0.20303303,-0.018156195,0.01571018,0.91289365,0.08793246,-0.08625436,-0.0012617838,-0.0016877584,0.9231106
-0.0019321012,-0.020979159,-0.0070805494,0.02194805,0.1655094,-0.0327756,-0.10863352,0.06236552,0.014009319,0.022882042,0.033139933,-0.031389926,-0.02391134,0.13847473,-0.089266345,0.04718103,0.63248855,-0.016301429,0.06257292,0.0012704796,0.23803276,0.10499374,0.000547503,-0.0020211237,0.22294618,0.0033376608,0.01571018,0.33560738,-0.0005111025,-0.078044616,-0.0012617838,-0.0021544944,0.85903585
0.014654069,-0.018484402,-0.0047644787,0.029651366,0.19721222,-0.02753619,0.104062915,0.053747546,-0.029086405,0.022882042,0.040657744,0.031046985,0.028222064,0.12971674,0.32857475,0.08443213,0.5163308,-0.035435054,0.06455658,0.003234196,0.280091,0.09130478,0.0044159964,-0.004142478,-0.17176688,0.000664123,0.01571018,0.32586545,-0.041643556,0.13269204,0.0012981314,0.015929468,0.90759724
0.024787934,0.057726998,-0.009924068,0.037135914,-0.021659315,-0.02158409,0.10997526,0.05752764,0.03182932,-0.0029255187,0.051353093,0.05656938,0.05017262,0.08954877,-0.010258982,-0.07682954,0.43800145,-0.029389773,0.06457902,-0.0052453475,0.24730141,0.07337421,0.003433026,-0.0073147756,-0.18522808,-0.0008535728,-0.020766744,-0.4034844,0.16529386,0.25609,0.0012981314,-0.00496067,0.753269
-0.025462799,0.10146785,-0.0047644787,0.03191287,-0.018890629,-0.026713679,0.10780363,0.059434753,-0.028758856,0.008197821,0.04734364,0.026867183,0.047499303,0.107487135,0.31268784,-0.09673461,0.42570236,-0.032722652,0.053608283,-0.004809904,0.2717969,0.07400714,-0.003685564,-0.004302816,-0.17269848,-0.0013970619,-0.020766744,-0.32814655,-0.044823702,0.13660972,0.0012981314,0.015106175,0.7530049
-0.0045037754,-0.024728023,0.014447332,0.052296184,-0.17317647,-0.049921416,0.045041844,0.044110853,0.008579055,-0.09310274,0.03331398,-0.036190346,-0.079181,0.07728296,-0.31312677,-0.29272023,-0.95270026,-0.07784676,-0.34118053,-0.0010852423,-0.2270138,-0.41824225,-0.00059782004,0.0002384116,-0.17039339,0.003965047,-0.013660374,-0.15978506,0.0096697435,-0.23811474,-0.0012617838,-0.0015571048,0.036242936
0.0131522585,-0.030703802,0.017238488,0.052552868,-0.3562252,-0.061473742,-0.037609294,0.03938958,0.0018661912,-0.09310274,0.024260966,-0.03823843,-0.10266905,-0.19453868,-0.27736577,-0.20757729,-0.895703,0.066542104,0.07463099,-0.0138143785,-0.23655939,-0.50309575,-0.011077754,0.0009790433,0.26785713,0.0041440516,-0.018133692,-0.1336803,-0.016307376,-0.28162718,-0.0007203236,0.011587338,0.05543717
0.0025622144,-0.022168802,-0.0053745727,0.02519065,0.090208635,-0.02641581,0.12286917,0.058523975,0.012560273,-0.0062524555,0.032729182,-0.031389926,-0.036456477,0.11917962,-0.08765617,0.055492178,0.6124163,-0.016956273,0.06207711,0.00083503575,0.30827498,0.09275853,-0.0027380586,-0.0018698368,0.26048774,0.00339455,0.01571018,0.14166638,0.089255325,-0.10377852,-0.0012617838,-0.001405701,0.86564845
0.0037806993,-0.038770784,0.0091467025,-0.12475705,-0.99568564,0.109178685,-0.011099033,-0.12814875,-0.010091657,0.005476623,-0.22325665,-0.020015433,-0.0595735,-0.08259501,-0.15434696,-0.078099474,-1.021158,-0.10891946,-0.37508765,0.0005552423,-0.20254292,0.0602953,0.008654696,-0.016115386,-0.21387093,0.004157375,-0.0112654185,-0.41188654,-0.0960433,-0.123297445,-0.0022597408,0.006880467,0.0147709595
0.03058604,-0.02110621,0.009927933,-0.14773658,-0.083289534,-0.02117459,0.09343012,0.056789435,-0.049874596,0.008180016,0.037925277,0.024501387,0.08327327,0.11958411,0.2879323,-0.06547422,-0.80085284,0.12835638,0.07262951,-0.004043718,0.21817754,0.07089695,0.0030505843,-0.0013315462,0.1972985,0.003605046,-0.009956456,-0.09277525,-0.030530842,0.21268146,0.0012981314,0.022630975,0.61186516
-0.011198648,0.11832038,-0.006992618,0.04095321,0.08579333,-0.013552257,-0.061485495,-0.1032652,-0.024010036,-0.009548129,-0.12681255,0.028918194,0.029408928,0.08033567,0.35383317,-0.016018461,0.43580008,-0.040010765,0.05947495,0.004486517,0.28135985,0.07063336,-0.00051650277,-0.005702162,-0.17374232,0.013236064,-0.012065866,-0.14145717,-0.13039921,0.12281252,0.0076438896,0.019453688,0.72636086
-0.009240221,-0.02291154,0.004240713,0.030163316,0.109115586,-0.02588235,0.11000722,0.0447222,0.023084624,-0.0062524555,0.039248295,0.04368031,0.03727686,-0.2677284,0.12490735,0.08119484,0.5530024,-0.030050905,0.06282219,0.0034040862,0.31487,0.08778534,-0.0057105944,-0.005402552,0.20407689,0.00090001617,0.021357514,0.15078804,0.10954342,0.14862382,0.0007410736,-0.00025671575,0.88418484
0.0872593,-0.012165143,0.011781513,-0.06968167,-1.1533109,-0.01499831,-0.05682071,-0.18091229,-0.04379644,-0.00943917,-0.13715185,0.024714848,0.048121054,-0.15124157,0.4571193,0.072260916,-1.0038785,-0.15342225,-0.2729168,-0.0007016416,0.19348936,0.045819223,-0.0023397214,-0.0062220204,-0.15145281,0.0034260422,-0.014429775,-0.5155305,-0.12073625,0.19862328,0.0023248363,0.0137807205,0.05668568
-0.012043459,-0.024421921,0.017894391,-0.19915193,0.024538014,0.1055514,-0.08626961,-0.12679558,0.0035327035,0.005488677,-0.18456721,-0.014141252,-0.04746125,0.055794504,-0.16616835,0.04637008,-1.0436021,-0.09439673,-0.4403109,-0.0032545144,-0.21055976,0.081121236,0.000547503,-0.0003084466,-0.1994062,0.0040398994,-0.0020528147,-0.06989551,-0.118764594,-0.115781285,-0.0074298615,-0.0065792743,0.061345045
-0.001178784,-0.04274807,0.008428222,-0.08625121,-0.03833444,-0.03880264,-0.06448715,0.028910676,-0.0018997367,-0.0042767343,0.02858968,-0.021133961,-0.115750596,-0.16181861,-0.29932457,-0.026616445,-0.8989125,0.07180699,0.08862995,-0.008174471,-0.25595102,-0.50589705,-0.02091475,-0.0021184543,-0.12294732,-0.02797465,-0.018133692,-0.3158392,0.055271246,-0.17982431,-0.0007203236,0.0063231154,0.053579506
-0.008721081,-0.031884674,-0.0062189507,0.027943084,-0.07164549,-0.011528267,0.1262399,0.056336537,-0.020166436,-0.009548129,-0.15688185,0.031722955,0.057349604,0.101850756,-0.09071568,-0.14627549,-0.9387036,-0.1754634,-0.3924886,-0.018566245,-0.27139282,0.06707909,0.0043170284,-0.0038522545,-0.18230663,-0.013192229,-0.013660374,-0.28051054,-0.030908564,0.14210375,-0.0012617838,0.02530257,0.10573211
-0.014681029,-0.026072891,0.007031774,0.035765618,-0.17098357,-0.030450126,0.11204361,-0.21578796,0.02028357,-0.009577213,0.041840337,0.03928536,-0.04185399,0.078216515,-0.11482998,-0.1386683,0.51453143,-0.015869876,0.058707576,0.0026554517,0.27439526,0.06025521,-0.012004693,-0.00184054,-0.21334988,0.0030301935,-0.020766744,-0.66031086,-0.03076986,-0.034147486,-0.0074298615,-0.0009466098,0.39849278
0.004862373,-0.023061035,0.011751735,0.027958225,0.1666993,-0.02719431,-0.12015277,0.04731312,0.03334622,-0.016643587,-0.18376486,0.034932833,0.014001168,0.100269854,0.10361607,0.03674047,0.5727579,-0.037751652,0.06715829,0.003234196,0.23587273,0.101498604,-0.00079046574,-0.0005480454,0.19209713,0.0008431269,0.01571018,0.40878215,-0.009144653,0.12703612,0.0012981314,-0.000900485,0.8795716
0.0046698414,-0.030498851,0.008428222,-0.09597257,0.04490469,-0.029152673,-0.08602002,0.033439737,0.0072779786,-0.0075020734,0.0313062,-0.021133961,-0.06613916,-0.15090889,-0.38564155,0.01846663,-1.0671971,-0.08005939,-0.39997122,-0.0037634526,-0.23678482,-0.5057681,-0.016748432,-0.0021184543,-0.14787771,-0.02797465,0.011749474,0.024870373,0.064297296,-0.13051097,-0.0007203236,0.0072179525,0.041675035
0.00094849244,-0.032078356,-0.020124933,0.048612706,0.02285916,0.19434935,-0.07546699,0.057378218,0.010801303,-0.010802291,0.049568057,-0.0321163,0.044146884,0.0831832,-0.046934,0.05868449,0.47806588,-0.027725356,0.0771489,-0.0059914887,-0.43306983,0.09538751,-0.0028095834,0.0007698514,-0.226714,-0.029038789,0.011666397,0.030766146,0.1059605,-0.008871304,-0.0012617838,0.0046600434,0.6277328
-0.019240305,-0.04514338,-0.00040784053,0.025529344,-0.39732844,-0.024880929,-0.085672855,-0.12680113,-0.028460653,0.0035703243,-0.14215367,0.02217234,-0.0595735,-0.10506163,-0.12583368,-0.12161652,-1.0294366,-0.12403449,-0.34958634,-0.011795103,-0.24045616,0.05872134,0.0030667465,0.01641054,-0.1474405,0.003122917,-0.0112654185,-0.56637204,-0.11306248,-0.034367807,-0.0022597408,0.015751664,0.02500504
-0.0030053388,-0.028045733,0.009284249,0.020455768,-0.09502496,-0.036188502,-0.051558986,0.053939246,-0.022877425,-0.009686171,0.04393075,-0.025895778,0.048681255,-0.20302247,0.0010205731,0.095247656,0.5163215,-0.032287538,0.07253807,0.00030331686,0.3115692,0.072255366,-0.00066039077,-0.0032920947,-0.15962285,0.003315151,-0.025240064,-0.33080837,-0.056498643,-0.026272446,-0.0007203236,-0.0024514224,0.5587901
0.014654069,0.079967156,0.01078396,0.029154647,0.17579842,-0.032406535,0.110357605,0.060736034,-0.03891736,0.022882042,0.040649638,0.027541617,0.025038457,0.13440421,0.36376634,0.08473129,0.5366186,-0.035435054,0.051606834,0.0013433679,0.24807885,0.09431109,-0.0020630057,-0.002078625,0.19850901,-0.0020780188,0.01571018,0.30286783,-0.042572986,0.12378704,0.0012981314,0.015929468,0.93793654
-0.007182054,0.108905256,0.008056919,0.022612,0.020057384,-0.037261862,-0.07657959,0.050029043,-0.0071324324,-0.004596591,0.035676286,-0.024529047,-0.036386285,0.0975834,-0.11358411,0.09836711,0.5720735,-0.020177344,0.07520425,-0.0010557922,0.2843957,0.08509411,0.000821466,0.00083660893,-0.21647502,-0.0020628236,-0.012065866,-0.071273655,-0.00886242,-0.08665605,-0.0012617838,-0.006435219,0.6956536
0.0010243938,-0.026634302,-0.0070805494,0.02115133,-0.026724594,-0.038150586,-0.061809532,0.049769793,0.011438779,-0.0042767343,0.038148426,-0.033003315,-0.039165415,-0.24190557,-0.16581926,-0.15407516,0.5381324,-0.024046045,0.058650143,-0.0056396043,0.29698658,0.078655414,-0.0029959434,0.00026449084,0.22511429,0.00339455,-0.025240064,-0.32063252,0.0711483,-0.10641591,-0.0007203236,0.0075055757,0.5541863
0.009022703,-0.024404747,-0.0063583693,0.017902404,-0.012135633,-0.029767647,-0.044717792,0.0619727,0.005024825,-0.0042767343,0.031173296,-0.03095523,-0.121822566,0.08988604,-0.17126575,0.09529349,-1.0544223,0.051821806,0.09004944,-0.005873363,0.21857613,0.089956686,-0.006839537,0.0006275234,-0.17768632,0.004257016,-0.009956456,-0.19348636,0.13252433,-0.20173989,-0.0012617838,0.0011937479,0.25027663
0.0038263812,-0.039167877,-0.0063583693,0.027593326,-0.035451148,-0.044997606,-0.07885203,0.028815985,0.0042159483,-0.0042767343,0.0347311,-0.030086609,-0.06707838,-0.15635528,-0.3478316,-0.024152426,-1.0078919,-0.07804322,-0.35555184,-0.0068642218,-0.25520134,-0.46603823,-0.02080765,-0.00251579,-0.14792939,-0.02797465,-0.018133692,-0.27991042,0.060244046,-0.14006133,-0.0007203236,0.007960396,0.03310793
-0.0046856552,-0.02643747,0.0061757476,-0.103098445,-0.19428636,-0.033113003,0.045502324,0.045041375,0.009064881,-0.0042767343,0.042193107,-0.037221696,-0.07957355,0.08264769,-0.2824474,-0.18225777,-0.9627566,-0.07804443,-0.34118053,-0.0008342548,-0.22227739,-0.44133145,0.0043725106,0.0002384116,-0.16832696,-0.026851054,-0.013660374,-0.5219458,0.086964995,-0.1449119,-0.0012617838,-0.0016051463,0.030779773
-0.0008377974,-0.04117467,0.008428222,-0.08592762,-0.034546256,-0.037277848,-0.078360744,0.029513642,-0.0013101278,-0.0042767343,0.028489966,-0.021133961,-0.115750596,-0.16257836,-0.29291108,-0.04090397,-0.8998634,0.07180699,0.08888567,-0.008174471,-0.26052797,-0.5015819,-0.022612229,-0.0021184543,-0.12763484,-0.02797465,-0.018133692,-0.3223701,0.07047385,-0.18697084,-0.0007203236,0.0063231154,0.052590284
0.0017054601,-0.024467502,0.0020574147,-0.09351287,-0.06315963,-0.003857223,-0.12496936,0.04846166,-0.02905506,0.00790146,-0.14517029,0.025386518,-0.054474756,0.07742291,0.12175834,-0.18856065,-1.0617437,-0.094454624,-0.38117293,0.0029064391,0.22963497,0.08062684,0.0016987043,0.00027806498,-0.16841489,-0.0915301,-0.009956456,-0.15334511,-0.124013856,-0.08088026,0.0012981314,-0.0017085557,0.10040246
-0.0019321012,-0.021354895,-0.0063583693,0.020611133,0.18254715,-0.030629959,-0.09784145,0.06267232,0.009173011,-0.0075020734,0.032640737,-0.03095523,-0.0354736,0.10019425,-0.1813797,0.049385943,0.6202454,-0.01872097,0.079897866,0.0012704796,0.2845653,0.09037445,0.015745606,-0.0021527575,-0.18843295,0.003215546,0.01571018,0.31720254,0.098045886,-0.09266574,-0.0012617838,0.0021427223,0.7973043
-0.08679831,-0.005299112,-0.00015438366,0.04431188,-0.2432742,-0.024016121,0.06431866,-0.1811822,-0.050596375,0.0038787392,0.023538498,0.03461419,0.03974535,-0.15955159,0.22520043,-0.25395977,0.39948466,-0.03596495,0.035492755,-0.00026619772,0.27368104,0.061340574,-0.0017445633,0.020872464,-0.12734227,0.0034260422,-0.025240064,-0.58608913,-0.13406588,0.13288411,0.0023248363,-0.05063381,0.3774198
-0.0050458545,0.10730111,-0.0053745727,0.02320435,-0.045912806,-0.025505146,0.07190437,0.062990524,0.011527393,-0.0042767343,0.039315365,-0.027993502,-0.039165415,0.11145074,-0.05604542,0.08492226,0.5245005,-0.01461538,0.05727442,-0.0010650217,0.27196527,0.08171504,0.000786513,-0.0042508533,0.26158983,0.0015148743,-0.020766744,-0.32935932,0.12325423,-0.107153796,-0.0012617838,-0.0011186549,0.77675533
-0.007876736,-0.03164659,-0.0057284446,0.02348963,0.24827172,-0.036170024,-0.02003319,-0.23900005,0.0062310356,-0.011692051,0.04294239,-0.026932094,-0.018337684,0.092280954,-0.06369422,-0.027793873,0.59882784,-0.023827108,0.07854963,-0.0042912606,-0.3523556,0.070749365,0.001885115,0.013813916,-0.2186701,0.0040398994,0.011666397,0.78650594,-0.01700841,-0.066453464,-0.0074298615,-0.0061362283,0.7098648
0.0005250152,-0.025406405,0.008966903,-0.08714187,0.022555726,-0.029184032,-0.08675499,0.046590976,0.018647749,-0.0042767343,0.036791172,0.032550815,-0.03787366,-0.24360228,-0.024518305,-0.047635086,0.55369,-0.024755927,0.06024379,-0.00066005794,0.2731165,0.082212396,-0.0037052252,0.0010119132,0.23238832,0.0008539788,-0.016539186,-0.1813712,0.10161326,-0.005788869,-0.0007203236,0.00068850996,0.67984587
0.0045213834,-0.023925075,-0.007602712,0.027380832,0.15117334,-0.028687162,-0.1041596,0.057940595,0.028740268,-0.016643587,-0.1429733,0.030651258,0.015183119,0.1383086,-0.18179469,0.023448676,0.53873974,-0.046716187,0.06571378,-0.017539432,-0.34615675,0.10043998,0.00047597828,-0.0012954681,0.24102624,0.00088981254,0.011666397,0.36970463,-0.011050774,0.121060014,-0.0012617838,-0.0038141618,0.74913317
-0.0019321012,-0.0201359,0.011751735,0.027047679,0.029804477,-0.018676247,-0.09658147,0.04776502,0.014912777,-0.009548129,-0.14650077,0.034932833,-0.025065146,0.11831009,-0.015987817,-0.08180708,0.55479914,-0.028417477,0.06145287,0.0032249663,0.27362514,0.08370293,0.00060130714,-0.0029290621,0.27370715,0.0007970896,-0.012065866,-0.14162727,-0.0019359585,-0.037490472,-0.0012617838,-0.0010273906,0.7298764
-0.005237632,-0.038595174,0.030035967,-0.17000115,-0.15266094,0.19477211,-0.013812408,-0.14054585,-0.010168534,-0.01298639,0.066810854,-0.02880773,-0.06360264,-0.1315525,-0.27356526,-0.029380986,-1.0025367,-0.088355966,-0.35363296,0.0045861946,-0.20120539,0.06021715,-0.01978954,-0.0016298336,-0.17810297,0.004157375,-0.018133692,-0.44199684,-0.03174136,-0.13776714,-0.0022597408,0.0037585457,0.04380634
-0.0009490076,-0.028624145,0.008428222,-0.08761302,-0.1042406,-0.03688182,-0.07599342,0.03329947,0.0056916135,-0.0042767343,0.029847998,-0.02077373,-0.10963195,0.044931393,-0.27348113,-0.037209515,-0.8911763,0.07054029,0.08921536,-0.0023954913,-0.25647548,-0.5021786,0.074732065,-0.0017554217,-0.13649233,0.0040040654,-0.013660374,-0.31670278,0.10317305,-0.18523419,-0.0012617838,0.0005397804,0.0743265
-0.004964076,-0.023111327,-4.2297477e-05,0.020278195,0.044609603,-0.025686363,0.0990018,0.056941446,0.010403182,0.0038965445,0.04239636,-0.03095523,0.042707466,0.10688329,0.009006783,-0.07333675,0.53132576,-0.025427442,0.07592569,0.003234196,0.29791006,0.081529036,0.0007499411,0.0026858067,-0.22834454,0.0031586569,-0.012065866,-0.18410414,-0.01342235,-0.037697643,0.0012981314,-0.0048201997,0.70485264
0.0334641,-0.03758307,0.006307564,-0.093480125,-0.99475366,-0.017460754,0.07189402,-0.17451686,-0.04293658,0.009073228,-0.13443388,0.020433273,0.048644993,-0.10401771,-0.1855368,-0.14019504,-0.98829895,-0.19027919,-0.3777219,-0.01109432,-0.25311202,0.048595436,0.0032153805,0.020258415,-0.17354405,0.003122917,-0.0112654185,-0.22957891,-0.19713302,0.15048608,-0.0022597408,-0.1278836,0.018504921
0.0050431523,-0.031589296,-0.0042672562,-0.08481757,0.040889703,-0.031268213,-0.07519045,0.040554766,0.02633138,0.008197821,0.043291297,0.0362086,0.042707466,-0.21929987,0.09290096,-0.041691054,0.4817834,-0.037558086,0.07634333,0.0032196296,0.30244163,0.078826606,-0.001223202,0.001143547,-0.18032193,-0.014661948,-0.016539186,-0.2024901,-0.016941937,0.15149735,0.0007410736,-0.0033348186,0.639104
0.0027429932,-0.032328613,-0.0046523926,0.019800033,0.19581777,-0.025477016,0.100732565,0.059653934,0.012504576,-0.0075020734,0.031298533,-0.031315465,-0.035866156,-0.27006525,-0.10041787,0.09078921,0.6258854,-0.019180942,0.07686596,-0.002287848,0.27438715,0.09785196,-0.005328142,-0.0031719904,-0.16381073,-0.024922505,0.021357514,0.21219598,0.083074816,-0.09793737,-0.0007203236,-0.0008110002,0.76489633
-0.0036774771,-0.029252902,-0.0049142404,0.023250507,0.23326051,-0.030353108,0.01659512,0.06816263,0.009097963,-0.0075020734,0.048032027,-0.026932094,-0.030685002,0.09418612,-0.09253278,-0.07909079,0.5991133,-0.016675498,0.078116424,-0.004992043,-0.35941792,0.078483954,-0.0058922498,-0.0044504856,-0.21151528,0.004096789,0.011666397,0.81194055,0.101148166,-0.07863913,-0.0012617838,-0.0004407707,0.7840585
-0.0007869289,-0.026943006,-4.2297477e-05,0.029075878,0.062989205,-0.03469294,0.11375955,0.056661718,0.017701441,-0.0017955056,0.040908508,0.03500379,0.045911536,0.10472672,-0.15816721,0.076944925,0.44429898,-0.036135163,0.07694888,-0.017539432,-0.4900253,0.089423835,-0.0028095834,0.0052240454,-0.22828835,0.00076769805,0.011666397,-0.009324295,0.11711369,0.14634493,-0.0012617838,-0.0066536656,0.6368126
-8.8055735e-05,-0.032569256,-0.0063583693,0.028552962,0.018990492,-0.034561314,-0.087054215,0.037045483,0.009173011,-0.006002594,0.034279708,-0.0321163,-0.045511212,0.07692184,-0.17378224,0.015236632,0.4710209,-0.019081593,0.06662894,-0.00038958143,-0.471881,-0.6376004,-0.008276807,-0.0021527575,-0.20859244,-0.02797465,0.011666397,-0.16828395,0.0683744,-0.11496191,-0.0012617838,0.0023346324,0.24273846
-0.001178784,-0.03448228,0.008966903,-0.09055476,-0.076750696,-0.037474666,-0.0730226,0.026296591,0.0035198564,-0.0042767343,0.02858792,-0.022821812,-0.0951018,-0.18855971,-0.2626949,-0.068807885,-0.9005318,0.07180699,0.07559506,-0.008425458,-0.2563612,-0.55308956,-0.022612229,-0.0021184543,0.22668128,0.00418307,-0.018133692,-0.33339867,0.055765744,-0.1843241,-0.0007203236,0.0063231154,0.067410424
-0.0050458545,0.09739031,0.012014927,0.023599617,-0.13928126,-0.033924587,0.07091819,0.059052583,-0.028949957,0.008197821,0.04534035,-0.021466855,0.037183046,0.11554501,0.08258084,0.0042250156,0.48201495,-0.023932392,0.057150435,0.0013341382,0.25596306,0.07847808,0.0001498599,-0.0017052796,0.21906696,0.0006190464,-0.020766744,-0.3591238,-0.05362305,-0.03629425,0.0012981314,-0.0010656135,0.73642975
0.012851185,0.077504605,0.0063394876,0.03220999,0.15455025,-0.03385074,0.12470027,0.04328512,0.027143704,0.01855528,0.038420156,0.035779994,0.03106365,0.12902871,0.30968016,0.0937976,0.54090905,-0.031694874,0.06700541,0.0013433679,0.3050282,0.0893518,-0.00079046574,0.0006757373,0.21950088,-0.0020780188,0.01571018,0.2634605,0.0014440938,0.13193591,0.0012981314,0.0014310793,0.94300675
0.01096344,-0.038953565,0.016299136,-0.08490162,0.016741328,-0.01344398,0.09155184,-0.14220132,0.032190308,0.007883655,-0.11280989,0.023951672,0.054243024,-0.120938845,-0.17355989,0.010444524,-0.9355999,-0.17841773,-0.35306782,-0.01109432,-0.2654959,0.04805535,-0.008412966,-0.0059373584,-0.16063876,0.003122917,-0.018133692,-0.49346432,-0.12727247,0.19055589,-0.0022597408,0.0044487044,0.066881984
-0.019982427,-0.043543547,-0.0046523926,0.017160645,-0.13092948,-0.04531529,0.014738128,-0.1679525,-0.0041647432,-0.009686171,0.02482087,-0.030086609,-0.112667404,-0.1858142,-0.14263274,-0.14791314,-0.9023825,0.05532696,0.090147816,-7.823086e-05,-0.2586762,0.07842319,0.0006038896,-0.011118546,-0.1695768,-0.027160332,-0.018133692,-0.24957241,-0.018710114,-0.16098797,-0.0022597408,-0.009974828,0.07640682
0.01983918,-0.038208287,0.017155161,-0.009571365,-1.0813658,-0.034195308,0.074074976,0.05590547,-0.035808563,0.007883655,-0.15758212,0.02217234,0.056504272,-0.18086419,-0.1870813,-0.036427163,-0.9512356,-0.18961215,-0.39550048,-0.01109432,-0.26235583,0.052602038,-0.008040524,-0.0030901786,-0.21595931,0.003122917,-0.018133692,-0.55809313,-0.13165204,0.19510463,-0.0007203236,-0.006090484,0.019689806
-0.0009490076,-0.03784219,-0.0063583693,0.025736796,-0.05823082,-0.044440243,-0.07711029,0.033206083,0.004616179,-0.0042767343,0.029763615,-0.0321163,-0.12190066,0.07376418,-0.39054787,-0.024263376,-0.8948023,0.061858125,0.08921536,-0.0021445039,-0.25713778,-0.53537595,-0.00672577,-0.0021527575,-0.13894549,-0.02797465,-0.013660374,-0.3341628,0.070802465,-0.19899392,-0.0012617838,0.0012822244,0.061769933
0.017564498,-0.023527503,-0.010400724,0.028061792,0.018132873,-0.026115032,0.1157667,-0.1948162,-0.021476964,0.008197821,0.027173545,-0.022260517,0.074995376,0.09948044,0.2536685,-0.12106785,-0.9001438,0.10481833,0.09353421,-0.004043718,0.21188289,0.0771288,0.0018473383,-0.005784927,0.21505563,0.0065439935,-0.009956456,-0.19519466,-0.10775406,-0.0780458,0.0076438896,0.029911852,0.44309035
0.0020076367,-0.032889586,-0.03294412,0.05266224,-0.06628474,0.111429326,-0.02215529,-0.11586699,0.017061824,-0.010427773,-0.21727893,0.030951003,-0.033996783,-0.17602032,-0.19136539,-0.0514894,-1.0169923,-0.11558413,-0.29000205,-0.0013745821,-0.21659671,0.062336855,0.0035899358,-0.003059658,0.34682363,0.0017958077,-0.018133692,-0.41780424,-0.09108191,-0.041334793,-0.0022597408,-0.0066392305,0.07999807
-0.012803878,0.08927199,0.004962893,0.025953751,0.063230485,-0.024949616,0.08891656,0.04818677,0.018242652,-0.0042767343,0.046994846,0.035105564,0.04964868,0.10092657,0.1453351,-0.09892864,0.46927986,-0.028530804,0.07585376,0.0013341382,0.29270297,0.08102532,0.0066954014,-0.0039007666,-0.21825004,-0.0045004683,-0.012065866,-0.22897111,0.10419842,0.16234227,0.0012981314,0.00056897796,0.7982589
-0.012803878,-0.019108934,-0.0053745727,0.027097085,0.027377425,-0.024159476,0.09247078,0.052443422,0.019166114,-0.0042767343,0.04707495,0.039959796,0.039332423,0.12529081,0.106758386,0.04206148,0.47578916,-0.028530804,0.0550834,0.0032249663,0.31020933,0.081235744,-0.0004773844,-0.0039007666,0.23201247,0.0019414861,-0.012065866,-0.34211844,0.15495846,0.15343727,0.0012981314,0.00070307177,0.8502623
-0.0017701989,-0.026092691,-0.0070805494,0.02606066,0.034593634,-0.032532014,-0.086304694,-0.15988736,0.018168246,-0.009686171,0.031124545,0.04368031,-0.028085146,-0.24923521,-0.049277015,-0.026151322,0.5736395,-0.0207551,0.057930734,0.0034040862,0.2781436,0.07345625,-0.00010539204,-0.00462534,0.24174315,0.0007970896,-0.016539186,-0.13081752,-0.016077526,-0.015856748,-0.0022597408,-0.0031267453,0.6449758
-0.018103812,0.20079534,0.011992077,0.020870043,-0.101752505,-0.029090377,-0.030093333,0.043480117,6.0036313e-05,0.00790146,-0.11628381,0.022109533,-0.10925485,-0.16382803,-0.20227343,-0.08357969,-0.88244814,0.110096686,0.09736963,-0.004711291,-0.2185724,0.08136206,0.0010845461,-0.0017871886,-0.14959523,-0.0034465839,-0.018133692,-0.21199296,-0.056345887,-0.057147108,-0.0007203236,-0.009555974,0.1454125
0.012851185,0.077504605,0.0063394876,0.03220999,0.1644201,-0.03385074,0.12470027,0.04328512,0.027143704,0.01855528,0.038637992,0.035779994,0.03106365,0.12902871,0.297902,0.0930366,0.56353414,-0.032524724,0.06700541,0.0013433679,0.3050282,0.089583606,-0.00079046574,0.0006757373,0.22080143,-0.0020780188,0.01571018,0.27045366,0.00084097486,0.13193591,0.0012981314,0.0014310793,0.9444545
-0.0010335245,-0.035595473,-0.0059913136,-0.09503711,0.0375292,-0.027473986,-0.07788602,0.033071104,0.012446529,-0.0075020734,0.03146683,-0.021133961,-0.045511212,-0.156307,-0.30203584,0.008801291,0.48717672,-0.023598056,0.06711087,-0.0041988967,-0.4510343,-0.63108504,-0.016748432,6.48587e-05,-0.17738515,-0.02797465,0.01731373,-0.042890094,0.054024708,-0.09396672,-0.0007203236,0.006698987,0.19959088
-0.0034315856,-0.035998702,0.0075704553,0.028961739,-0.1479283,-0.04500095,0.0787426,0.03314172,0.015347966,-0.0042767343,0.036421522,-0.03177446,-0.04377888,-0.21683572,-0.09867082,0.010449069,0.44743764,-0.020882107,0.048664358,-0.0071152085,-0.40829414,-0.61339176,-0.0103777675,-0.0036887857,0.20752415,0.00418307,-0.04012616,-0.42486775,0.06345054,-0.100592196,-0.0007203236,-0.00049437996,0.23580801
0.0015795929,-0.03395464,-0.02110896,0.041854106,0.20516045,0.19523802,-0.019963965,0.060521085,0.024197204,-0.010802291,0.05593752,-0.02736679,0.029619683,0.11040817,-0.037698627,-0.018529586,0.5704644,-0.02741445,0.06627585,-0.0050856154,-0.31702077,0.082907535,-0.0014719713,0.0007698514,0.24538887,0.0042757927,0.011666397,0.69993025,0.11020533,0.024926392,-0.0012617838,0.0046600434,0.89329576
-0.020724058,-0.016484726,-0.010922886,0.037610732,-0.010984065,-0.008222635,0.04852525,0.040678464,-0.037414573,0.00790146,-0.119870596,0.025517557,0.028678907,-0.22808395,0.40485418,0.09909415,-0.94692016,-0.13957138,-0.26100987,0.00030331686,0.26196682,0.06540275,-0.001829379,-0.0058312183,0.21066117,0.000999621,-0.014429775,-0.1747355,-0.112091236,0.13838008,0.0007410736,0.0005274778,0.34598556
-0.106639,-0.006971463,0.0065302863,0.01606063,-1.2860624,-0.026039287,0.045827355,-0.21097806,-0.040268004,0.007871601,-0.090197705,0.022024916,0.048121054,0.05790494,0.24454533,-0.28507662,-1.0403492,-0.16814746,-0.37248474,0.0026554517,0.19119668,0.046750754,0.0026413726,-0.0035669028,-0.1458808,0.0034260422,-0.008959781,-0.5818423,-0.28254288,0.17367063,0.0076438896,-0.111196876,0.022101007
-0.0010848348,-0.037913464,-0.0073423972,0.02543152,0.21539408,-0.03385727,-0.018973537,0.033825096,0.01617177,-0.0075020734,0.040496934,-0.02898018,-0.03276197,-0.20987587,-0.1860021,0.057729032,0.60267913,-0.021361167,0.058650862,-0.004449884,-0.3425743,-0.48173094,-0.011843623,6.48587e-05,0.18969855,0.00418307,0.01731373,0.8049373,0.046264675,-0.09621572,-0.0007203236,0.00744143,0.667665
-0.041808046,-0.0076488326,0.0063394876,0.044735238,-0.26643994,-0.029823137,0.111251,0.06256067,-0.046766978,-0.009577213,0.04995119,0.057905212,0.037183046,0.12267382,0.14414956,-0.09449476,0.45864195,-0.030748058,0.05410576,0.0026554517,0.2549442,0.07195745,0.0031788251,-0.0011348613,0.22407553,0.003605046,-0.020766744,-0.63605493,-0.016049625,0.1334983,0.0012981314,0.000335109,0.67793155
0.0087203225,-0.026543397,0.011992077,0.023850592,0.013753533,-0.01641306,-0.07176037,-0.17507234,0.0022339942,0.00790146,-0.09730267,-0.021790452,-0.10785316,0.071323834,-0.109473355,-0.18381335,-1.0602133,0.07857583,0.08577508,-0.0053529805,0.20661007,0.07365981,-0.009096987,-0.00033550058,-0.16894302,0.0034367496,-0.009956456,-0.18197846,-0.09032783,-0.18603598,-0.0074298615,-0.0024115157,0.1366119
-0.00096402504,-0.036778685,-0.0063583693,0.021615602,0.14223021,-0.034220673,-0.05448973,0.036652222,0.00019064278,-0.0075020734,0.029220192,-0.030086609,-0.11119696,-0.22835551,-0.18959843,0.03986004,-1.054907,0.0691407,0.09943759,-0.010462622,-0.24474998,-0.6241841,-0.010866891,6.48587e-05,-0.11047983,-0.02797465,0.011749474,0.06717782,0.06227516,-0.19338404,-0.0007203236,0.0071686623,0.091959015
0.024454601,0.2016938,0.009089564,-0.0031188454,-1.0739383,-0.049679406,0.080491416,-0.19981958,-0.034375228,0.0038787392,0.044865947,0.03406365,0.060108997,0.060195785,-0.16402787,-0.032859616,-0.9372933,-0.16827936,-0.37767017,0.012246394,-0.2006017,0.051693074,0.0039220797,0.01738649,-0.21900702,-0.0011909705,-0.013660374,-0.5494968,-0.15929663,0.19066438,-0.0074298615,0.002182588,0.03576875
0.00018402422,-0.031865165,-0.0070805494,0.02543152,0.15213574,-0.0345919,-0.08287642,0.049896847,0.01679069,-0.0075020734,0.03688154,-0.03177446,-0.031519923,-0.28653046,-0.03535313,0.06860628,0.5783205,-0.024398752,0.060713407,0.0012436527,-0.3493381,0.10723552,-0.005328142,6.48587e-05,0.18924797,0.0042757927,0.01731373,0.3006119,0.07075655,-0.10288672,-0.0007203236,0.0123520065,0.68153757
0.015006567,-0.018764367,-0.0121067,0.02647946,0.11812171,-0.032986928,-0.108716905,-0.15641709,0.017796507,0.0017026708,0.026864657,0.035239816,0.072939806,0.12008703,0.31509313,0.12959969,-1.0136565,0.13394275,0.09691171,-0.0030295295,0.21931565,0.07519615,-0.00051650277,-2.6296824e-05,0.19975217,0.0008431269,0.0071083046,0.11371182,-0.039526056,0.21233042,0.0076438896,0.000288438,0.6594354
0.012851185,-0.019144265,-0.0037200844,0.029393388,0.18121308,-0.02898039,0.118405566,0.05351725,0.019984342,0.01855528,0.038646102,0.03928536,0.038311087,0.12208305,0.32418096,0.11321214,0.54081476,-0.032524724,0.08158154,0.003234196,0.34916878,0.084858276,0.0044159964,-0.0013881158,-0.20377235,0.000664123,0.01571018,0.2125548,-0.015577652,0.14084092,0.0012981314,0.0014310793,0.9122685
-0.017874036,-0.035523515,0.011213054,0.018336296,-0.09780808,-0.031456698,-0.035702594,0.055922434,0.001825348,-0.009548129,-0.10910516,-0.029051168,-0.10964741,0.09000841,-0.12469129,-0.13512419,-0.9017394,0.0796533,0.09399171,-0.003209422,-0.2560531,0.08961627,0.0013105889,-0.003279149,-0.18050689,-0.027160332,-0.013660374,-0.25516218,-0.009588861,-0.16285308,-0.0012617838,-0.0023916273,0.11816003
0.0034082802,-0.022355258,-0.0053745727,0.021825742,-0.111643076,-0.027744332,0.075292416,0.06421618,-0.016851572,-0.009686171,0.03953598,-0.028360166,-0.03474899,0.12735629,0.00095211784,0.055635728,0.5342102,-0.019845894,0.057969294,0.00091074506,0.29829597,0.08056013,0.0014878287,-0.0030434774,0.25987867,0.003494155,-0.020766744,-0.34829432,-0.014793312,-0.091032766,-0.0012617838,-0.00071978284,0.7249317
0.011377887,0.12508291,0.004240713,0.024367586,-0.050617,-0.023005366,0.117819004,0.051469427,0.025417058,-0.0042767343,0.04583448,0.039500512,0.039332423,-0.24800399,0.06871394,-0.20861506,0.46236575,-0.033615522,0.056129128,-0.002022955,0.25906453,0.07836299,-0.00038144432,-0.0026222712,0.1993753,-0.0005082498,-0.025240064,-0.34215143,0.13267614,0.16207989,0.0007410736,-0.0005431027,0.7432441
-0.0043131886,-0.022703612,-0.011855195,0.021433773,0.018311618,-0.015900169,0.08715335,-0.18363369,0.008733504,-0.009548129,-0.12510943,-0.02482791,-0.025196005,0.11431906,-0.019942608,-0.13186146,0.5578441,-0.02537781,0.058175527,0.001346189,0.2965184,0.06699942,0.0013105889,-0.006560035,0.27925617,0.0033376608,-0.012065866,-0.23057362,-0.040132534,-0.095579915,-0.0074298615,-0.0013893896,0.65051174
-0.0022991183,-0.030483412,-0.0063583693,0.024970733,-0.10001247,-0.05081836,-0.0440794,0.055243164,0.010996897,0.008197821,0.041929435,0.03500379,-0.048105985,0.09149807,-0.18758892,-0.13382111,0.45991063,-0.024938107,0.069437556,-0.017660372,-0.42994934,0.07586468,-0.0032750377,-0.0018214916,-0.22429937,0.00071080885,-0.03565284,-0.3968572,-0.03213619,-0.028597297,-0.0012617838,-0.0036600668,0.30377996
0.0037806993,-0.033279058,0.023381142,-0.13055639,-0.94770163,0.28348437,-0.01274021,-0.14224336,-0.010908207,0.010981727,0.0786844,-0.026063716,-0.0639952,-0.11595295,-0.14494133,-0.02715283,-1.0210994,-0.09260872,-0.37908533,0.0005552423,-0.19363552,0.0605136,0.008654696,-0.016115386,-0.23911358,0.004157375,-0.018133692,-0.5470003,-0.07581228,-0.14494649,-0.0022597408,0.0069821486,0.021803927
0.0059233764,-0.033685714,0.009284249,0.026904676,-0.05580121,-0.041410737,-0.07965765,0.031612393,0.009974108,-0.0055263527,0.027752435,-0.027696684,-0.033242498,-0.1780282,-0.596339,-0.009475585,0.46856272,-0.021248952,0.06274879,-0.00401444,-0.40076286,-0.49035144,0.10568097,-0.0021184543,-0.19183758,0.0040040654,-0.004702462,-0.13753496,0.072857775,-0.11613825,-0.0007203236,0.007728147,0.18291686
0.02851111,-0.046591565,-0.007924927,0.027951987,-0.1761666,-0.015474104,-0.093665995,-0.15107475,0.011973809,0.00790146,-0.11689374,0.043930694,0.098645434,-0.13380449,-0.19617495,-0.2242589,-0.7179374,0.18577044,0.102000274,-0.0019196561,-0.24337685,0.059101492,0.0037385698,-0.0080207195,-0.13217066,-0.08011143,-0.018133692,-0.46641135,-0.08583691,0.21326111,-0.0022597408,0.03659028,0.11938349
-0.004202394,0.08726208,-0.0053745727,0.021598374,0.17232455,-0.027893977,0.124667324,0.06646331,0.02126041,0.022882042,0.03506026,0.035779994,-0.02279063,0.123838075,-0.015035226,0.08507339,0.61961573,-0.018051328,0.06307683,0.0017788117,0.27397648,0.09539753,0.0003273443,-0.0039687646,0.24000876,-0.0021240562,0.01571018,0.32448697,-0.0033640321,-0.019847445,-0.0012617838,-0.0004057106,0.91734576
-0.004407509,-0.04130245,0.007031774,0.01999476,-0.10922591,-0.04479086,-5.995622e-05,-0.20635833,0.0076053166,-0.009686171,0.03285616,-0.027696684,-0.042974696,-0.16078289,-0.01917072,0.025416281,0.46353278,-0.02032934,0.05931573,-0.0012810095,-0.4206052,0.06452209,-0.0047374023,-0.009054692,-0.21085821,0.004157375,-0.04012616,-0.3568427,-0.042367876,-0.08072568,-0.0022597408,-0.009178146,0.25353643
0.011747967,-0.04111865,0.0124443555,-0.006761575,-1.0731727,-0.014528708,0.06595102,-0.15816179,-0.032483652,0.007871601,-0.11488584,0.020433273,-0.059180945,-0.09597869,-0.15818967,-0.06728071,-1.0323173,-0.12928185,-0.35518825,-0.01109432,-0.2384183,0.058233485,-0.0072726673,-0.0059373584,-0.18817672,0.003122917,-0.0112654185,-0.43111768,-0.154888,-0.026305985,-0.0022597408,-0.0026508882,0.01571094
-0.02098224,0.09701911,-0.010400724,0.03660477,0.016980318,-0.026819931,0.08498974,-0.19841762,-0.046247225,0.008197821,0.023369592,0.00939184,0.028905151,0.09703648,0.1069564,-0.031373493,0.4185986,-0.032149963,0.038262308,-0.004809904,0.2450561,0.065997474,-0.0023693512,-0.006144897,0.16650689,0.0010822765,-0.020766744,-0.3305074,-0.16998182,0.10614712,0.0076438896,-0.04632043,0.670844
0.053973835,0.05467754,0.008215916,0.038792185,-0.16741624,-0.031643726,0.10608649,-0.19953828,0.03287127,-0.009577213,0.024681773,0.057243813,0.074995376,0.10381895,0.22157626,-0.24136014,-0.7983609,0.114892915,0.08478158,-0.011509073,0.16508336,0.0639785,0.0031788251,-0.0035095871,0.20732959,0.0006839002,-0.009956456,-0.3739343,-0.022991946,0.24605404,0.0076438896,0.00027751148,0.47541735
-0.005550953,-0.04017341,0.01518656,-0.14139286,-0.04525479,0.20057775,-0.032122113,0.047659215,-0.016408103,-0.00789681,0.07040996,-0.015714275,-0.04849854,-0.16786736,-0.066884294,0.020542633,0.46600744,-0.03218078,0.06762971,0.0052869767,-0.39339095,0.078705326,0.002301368,-0.0065350016,-0.18939526,0.0040398994,-0.04012616,-0.38562134,-0.008576406,-0.06983385,-0.0007203236,0.029864876,0.35311344
-0.016868673,-0.03991256,-0.0070357085,-0.05612152,0.028069584,-0.039401058,-0.053025287,-0.15469834,-0.0020946162,0.008197821,0.028443253,-0.02016938,0.0983503,-0.18541263,-0.18773189,-0.02496464,-0.830507,0.12381391,0.11288238,-0.012647837,-0.22769116,0.08506449,4.324192e-05,-0.006026704,-0.13673511,-0.024108186,-0.006526134,-0.07523752,-0.04270014,-0.059909984,-0.0022597408,-0.010558645,0.16288333
0.0033280146,-0.03152323,0.0072008925,-0.10341776,0.063665226,-0.037368804,-0.08680293,0.025507156,0.021951808,-0.0030344771,0.033391822,-0.018744037,-0.073228456,-0.14548917,-0.27990904,0.1515781,-0.9991008,-0.08042772,-0.35883957,-0.0075506526,-0.24122831,-0.42425504,-0.0061477185,-0.0070156655,-0.12584606,0.003965047,-0.018133692,0.15295465,0.060764845,-0.13462922,-0.0007203236,0.0029372275,0.07204997
-0.07193026,0.022838024,0.0004430383,0.040297806,-0.23558421,-0.026372923,0.092139296,0.06139514,-0.028163364,0.0038787392,0.04138937,0.048330996,0.1055006,0.094756015,0.38123575,-0.10283979,-0.75573933,0.10536781,0.07963313,-0.006120153,0.15785474,0.07045959,0.0031788251,-0.003205679,-0.14046639,-0.0017954379,-0.009956456,-0.50236475,-0.025856914,0.22401762,0.0012981314,0.020039495,0.43639863
-0.0056983875,-0.030674221,-0.005108491,0.05145575,-0.003366374,0.13084882,-0.03017175,-0.16520663,-0.016315842,0.005476623,-0.23319304,0.018831912,-0.032600455,0.055368163,0.018345892,0.089065544,0.47352967,-0.03486332,0.07090635,-0.01043622,-0.3787248,0.07878524,0.00060130714,0.008785401,-0.20633526,0.0014993282,0.0007675316,-0.2167042,-0.14862111,-0.02513163,-0.0074298615,-0.0068809455,0.3887322
0.09347805,-0.0068003945,-0.0067078094,0.041989796,0.018396407,-0.0016620402,0.084762156,0.051530495,-0.027346818,-0.00943917,-0.087271854,0.029107276,0.09393937,0.101772025,0.3983741,-0.21214785,-0.7548049,0.1507844,0.079960614,-0.004043718,0.21146792,0.066548824,-0.0070717474,-0.005480623,-0.13119039,0.0034260422,-0.009956456,-0.29658413,-0.0513883,0.27437449,0.0012981314,0.018359078,0.5518686
0.00013271393,0.17828074,-0.0073423972,0.026884569,0.21998814,-0.034435824,-0.018973537,0.05280953,0.01617177,-0.0075020734,0.048568696,-0.02643453,-0.02673132,-0.20357248,-0.035430692,-0.042877942,0.6063027,-0.024398752,0.06081132,0.008274324,-0.31585014,0.07938416,-0.004994085,6.48587e-05,0.21895994,0.00226224,0.01731373,0.82591224,0.06995927,-0.0934771,-0.0007203236,0.0123520065,0.8458274
0.0087203225,0.09933777,0.016196208,0.029559977,-0.07154441,-0.017119389,-0.062648684,-0.15008892,-0.014431548,-0.009548129,-0.10411702,-0.015798958,0.06997473,0.074746646,0.11767385,0.049489282,-0.8870607,0.122953385,0.085931435,-0.005365031,0.17857924,0.07666686,0.0014163038,-0.0021904937,0.20401713,0.0006190464,-0.009956456,-0.20178954,-0.13314772,-0.0786063,0.0076438896,-0.0028682135,0.37233672
-0.013906128,-0.02994983,-0.0050995406,-0.093552664,-0.0013297603,-0.032771114,-0.10095474,0.03170098,0.0052913823,-0.0030344771,0.03355114,-0.018744037,-0.073228456,-0.1555255,-0.31105036,-0.04904057,-1.0245098,-0.08011429,-0.36905974,-0.0075506526,-0.25599554,-0.48904604,-0.016259309,-0.0027671396,-0.15428875,0.0040040654,-0.006526134,-0.25709212,0.07163836,-0.13422404,-0.0007203236,0.0029372275,0.031168977
0.0005250152,-0.02931064,-0.0070805494,0.0262399,0.1660278,-0.030399261,-0.10271815,0.055958,0.030712074,-0.0075020734,0.034533072,0.04368031,-0.031519923,-0.2859724,-0.006324675,0.029700536,0.6280004,-0.022220608,0.06202063,-0.00066005794,0.22906588,0.10317926,-0.0055483007,6.48587e-05,0.17695852,0.0008539788,0.021357514,0.25530577,0.11165705,0.0021699122,-0.0007203236,-0.0009902301,0.82456607
-0.0010639786,-0.03334039,0.009207246,-0.07918186,0.026931496,-0.03900348,-0.08473566,-0.1899883,0.008374466,0.008197821,0.031527948,-0.022199072,0.031739082,0.0903228,-0.19503468,0.036410935,0.46324596,-0.03115227,0.071350835,-0.019146087,-0.45323986,0.077552386,0.00047597828,-0.005465967,-0.23163098,-0.024108186,-0.00022914249,-0.1323942,-0.023329383,-0.028534172,-0.0074298615,-0.0048099756,0.34296015
-4.806486e-05,-0.0330674,-0.006620217,0.02443998,0.24614505,-0.034211494,-0.022779007,0.06484304,0.00855409,-0.0075020734,0.04896821,-0.029322019,-0.031077556,0.09669596,-0.054936327,-0.011954183,0.5991133,-0.022545587,0.08084533,-0.0040616645,-0.35343906,0.08271837,-0.0014004464,0.00042789127,-0.20630015,-0.029038789,0.011666397,0.8376178,0.084021606,-0.09655912,-0.0012617838,0.0026962254,0.7930123
-0.006884251,-0.03868092,0.013411376,-0.11478443,-0.12541637,-0.039718203,-0.02084478,-0.15753652,-0.026459077,-0.009686171,0.039149396,-0.018827468,-0.0296177,-0.19972941,-0.05255375,0.0529309,0.45727456,-0.031041274,0.045906015,-0.0012810095,-0.33847955,0.0595595,0.009177885,-0.0048287194,0.2404456,0.0043363795,-0.04012616,-0.6626993,-0.053423263,-0.07103197,-0.0022597408,-0.009965499,0.26247716
0.010850419,-0.019108934,0.004240713,0.027097085,0.055244677,-0.024600357,0.10020304,0.05261063,0.020296931,-0.0042767343,0.04707495,0.039959796,0.039332423,0.1272552,0.09718113,-0.0374016,0.49050775,-0.03148356,0.06477016,0.0027895225,0.31111354,0.08475655,-0.00078831206,-0.0013201176,0.2609511,0.0019414861,-0.012065866,-0.25778,0.15022969,0.16438839,0.0012981314,0.00028226135,0.8660064
0.0034082802,0.10066204,0.0075704553,0.023491973,-0.09473528,-0.037502486,0.07540349,0.060092222,0.009194958,-0.0042767343,0.03921679,-0.027993502,-0.039165415,0.11236115,-0.07577641,-0.18232878,0.52943015,-0.017568136,0.060583424,-0.0015004657,0.27870566,0.08152818,-0.0004058597,0.00039364886,0.26057485,0.00047340413,-0.020766744,-0.33285716,0.085831456,-0.112105556,-0.0012617838,-0.0015394653,0.7067577
0.00034423638,0.10954189,0.011992077,0.02257875,0.03175781,-0.025733,-0.09144731,0.049906794,-0.012875934,-0.009548129,-0.13962753,-0.01796703,0.027273796,0.09314422,-0.064856336,0.0989004,0.57129,-0.0348638,0.0779304,0.0013433679,0.31752416,0.078153126,-0.002795099,-0.0005480454,-0.20295048,-0.0020628236,-0.012065866,0.0051108976,-0.037127364,-0.037776984,-0.0012617838,-0.0011803431,0.7114947
0.014950051,-0.040480696,0.008428222,-0.05817672,-0.05036434,-0.040894624,-0.0524463,0.053096123,-0.0042227902,0.008197821,0.035169158,-0.021133961,-0.11779869,-0.18573537,-0.09504092,-0.07032355,-0.91760993,0.091227576,0.09451007,0.013326172,-0.2577963,0.08856648,0.0006038896,0.0007934602,-0.16038059,-0.027160332,-0.018133692,-0.25778386,-0.021700911,-0.16069484,-0.0007203236,0.00044768973,0.11418063
-0.0060331495,-0.036078054,0.008428222,-0.09448812,-0.10621996,-0.03955758,-0.079711065,0.029076587,0.0052913823,-0.0042767343,0.034815483,-0.021133961,-0.06707838,-0.15483133,-0.36440384,-0.036733806,-1.0042659,-0.08042772,-0.36550814,-0.0072996654,-0.25558847,-0.46172315,-0.022612229,0.00046219444,-0.14513706,-0.02797465,-0.018133692,-0.2855646,0.07568579,-0.1308529,-0.0007203236,0.0069312355,0.027784148
-0.05048042,0.10522231,-0.010400724,0.0459695,-0.115017496,-0.025974749,0.088498555,0.05124771,-0.058885306,0.008180016,0.04953451,0.03305018,0.037183046,-0.24267308,0.2749176,-0.06461743,0.42839602,-0.03596495,0.0383081,-0.007731553,0.217556,0.06880816,0.002472126,-0.002949328,0.1724508,0.0006839002,-0.025240064,-0.54740566,-0.06789044,0.13118978,0.0007410736,0.011883702,0.6483085
0.006901199,-0.019892482,0.0039494615,0.030408137,0.24796791,-0.025076803,0.10491969,0.06559928,0.029586604,-0.0075020734,0.065748006,0.026219321,0.024692552,0.1089353,0.14717107,0.13662787,0.5796523,-0.031243203,0.06724128,0.004849514,0.2601877,0.07852042,-0.0017828987,-0.0015197496,0.23027974,0.0007146272,0.01571018,0.86393017,0.12326188,0.113490984,0.0012981314,0.00013396825,0.9661549
0.0026916824,0.1296038,0.008559701,0.029157292,0.25806528,-0.030688504,0.07825752,0.065439224,0.016216258,-0.0075020734,0.061233826,-0.019233346,-0.02673132,-0.23224199,-0.10884682,0.17033032,0.6530601,-0.019180942,0.062018838,-0.0039698114,0.23760419,0.07461283,-0.004994085,-0.0011081367,0.21874614,-0.00074822665,0.021357514,0.92364055,0.08370555,-0.083172336,-0.0007203236,-0.0010930574,0.9342951
0.003061593,-0.0201359,-0.0058967355,0.026571427,-0.00727679,-0.012030931,0.10105071,0.049460545,0.01742732,-0.009548129,-0.14740504,0.034932833,-0.025476992,0.12717254,0.009049593,-0.12926838,0.55045766,-0.03072535,0.06133424,0.0027895225,0.28033048,0.08018212,0.00060130714,-0.0030434774,0.29411432,0.0007970896,-0.012065866,-0.14561996,0.0020570331,-0.036067106,0.0012981314,-0.0011071919,0.7608911
-0.0044321707,-0.032328613,-0.0046523926,0.014531088,0.1434766,-0.025394995,0.09822021,0.056205805,0.01051798,-0.0062524555,0.031298533,-0.031315465,-0.0371883,-0.24064028,-0.10658255,0.10006139,0.6189377,-0.016228188,0.075988896,-0.001852404,0.33043236,0.08744067,-0.005328142,-0.0057526394,-0.16928175,-0.024922505,0.021357514,0.23308869,0.079883814,-0.09779162,-0.0007203236,-0.00052428356,0.7668846
0.008977047,-0.017777672,0.01496524,0.044754483,0.05664514,-0.017733695,-0.08232918,-0.13165385,-0.028816812,-0.009548129,-0.13523042,0.023787918,0.022693858,0.112165645,0.3420913,0.015992632,0.4548491,-0.045801204,0.048810624,0.0027895225,0.2825522,0.071405806,-0.00051650277,-0.0049448563,0.22065929,0.000999621,-0.012065866,-0.14587787,-0.17525929,0.12061392,0.0076438896,0.02027731,0.76236147
0.00023498153,-0.035820678,0.0016740055,0.030698603,-0.04215701,-0.040500388,0.053107575,0.047325704,-0.010768337,0.0038965445,0.044345405,-0.021170037,-0.06912648,-0.18769735,-0.32865167,-0.18041332,-1.0045166,-0.09706341,-0.36224458,-0.007103596,-0.23808196,0.07019227,0.009177885,-0.0014882861,-0.18076494,0.0034904545,-0.018133692,-0.46582142,-0.034017224,-0.111258276,-0.0007203236,-0.012685393,0.043708857
0.016452383,-0.03272933,0.023611767,0.033902254,-0.30580205,-0.027029255,-0.102286965,-0.17691408,0.03094148,0.007883655,-0.13962962,0.026112,0.03286103,0.080829166,-0.15751821,-0.075809374,-0.9483106,-0.18173605,-0.31942692,-0.014904077,-0.26853058,0.051865637,0.0039220797,-0.0046839174,0.32868987,0.0033019204,-0.013660374,-0.35730204,-0.1779108,0.19658786,-0.0074298615,0.010699717,0.086006396
-0.0018226652,-0.033866163,0.008428222,-0.11640059,0.12148342,-0.03838074,-0.055419378,0.02914447,0.006899247,-0.0042767343,0.04356912,-0.028193912,-0.06707838,-0.14565824,-0.37570164,0.19423161,-0.9952748,-0.07887855,-0.35672134,-0.0072996654,-0.2360853,-0.4042256,-0.010452036,0.0010096412,-0.1295243,-0.026851054,-0.018133692,-0.49907517,0.06530664,-0.12873761,-0.0007203236,0.0075785886,0.03990327
-0.007900371,-0.0191122,-0.006148241,0.027336206,0.06615195,-0.032084957,-0.08762093,-0.15520045,0.021263847,-0.009686171,0.034330834,0.039959796,0.027714498,0.12074224,0.15833685,-0.048090193,0.49526086,-0.030143775,0.063097715,0.0036696398,0.28125158,0.07218179,-0.00051650277,-0.004262307,0.24722736,0.0008431269,-0.012065866,-0.12999006,0.0051153502,0.14120042,0.0076438896,-0.0010077609,0.797388
0.00019919954,-0.03092271,0.011992077,0.035217445,-0.13225675,-0.024178145,-0.08271977,-0.1657074,-0.0070113763,-0.009548129,-0.11843643,-0.028898807,-0.0595735,0.058303345,-0.31428632,-0.33364287,-0.9893156,-0.102167085,-0.375243,-0.011819227,-0.22771405,0.063206434,0.009884584,-0.007040905,-0.19211425,-0.031986486,-0.013660374,-0.5154616,-0.0952732,-0.111477196,-0.0074298615,-0.004123142,0.02383089
-0.0016854351,-0.036577046,-0.0063583693,0.027498093,0.0730101,-0.034480993,-0.075547956,0.04966577,0.009974108,-0.0075020734,0.036527697,-0.030086609,-0.039480567,-0.18026336,-0.06546964,0.04509992,0.50957704,-0.01908084,0.071459234,-0.00036300294,-0.46152228,0.092212,-0.005328142,-0.00251579,-0.19680156,-0.029038789,0.01731373,0.027141118,0.066501886,-0.10608161,-0.0007203236,0.012638723,0.46015105
-0.011042208,-0.031152377,-0.005466596,0.023780555,0.21317258,-0.033402417,-0.027765786,0.038234275,0.00904967,-0.0062598167,0.03727783,-0.029726375,-0.032940708,0.08709251,-0.14481053,0.103421174,0.58868724,-0.019508002,0.07587652,-0.0010760127,-0.36823222,-0.4824942,-0.009356926,-0.030275386,-0.16040999,-0.009597769,0.011666397,0.6636451,0.06367904,-0.10337013,-0.0012617838,-0.0023359123,0.6237858
-0.0018836273,0.13358086,0.010273495,0.028575998,0.28314814,-0.03406097,-0.08013691,0.068764396,0.008054705,-0.0075020734,0.061220914,-0.017966121,-0.031077556,0.08146932,-0.1377104,0.14471589,0.6539653,-0.015019904,0.0808299,0.0025472094,0.2587822,0.07794705,-0.0014004464,-0.0017554217,-0.19512588,0.0075412355,0.01571018,0.86583996,0.08063273,-0.080162026,-0.0012617838,0.0018606656,0.9138005
-0.011120996,-0.022343595,0.008428222,-0.060449872,-0.02946825,-0.027087322,-0.055354472,-0.1892245,0.004907126,-0.009686171,0.029384457,-0.022002585,0.10314214,0.08840271,-0.06969793,0.049798287,-0.97365624,0.09293313,0.10853957,0.0019147171,0.21770151,0.07343096,-0.0040428946,-0.003864971,-0.16317889,0.003315151,-0.009956456,-0.19522013,-0.035431918,-0.078197464,-0.0074298615,-0.0023827078,0.25211796
0.0027429932,-0.034016017,-0.0046523926,0.019570304,0.047758613,-0.026204953,0.04858585,0.049843434,0.009928371,-0.0042767343,0.034589708,-0.031315465,-0.04714781,-0.22266555,-0.15657598,-0.073804975,0.55336857,-0.019386668,0.071113095,-0.002287848,0.2974571,0.081026725,-0.0034850666,-0.0029723581,-0.19763188,-0.024922505,-0.016539186,-0.19556186,0.07820622,-0.11120579,-0.0007203236,-0.0009447644,0.5543897
0.008632441,-0.020465696,-0.0070805494,0.027285716,-0.0084266635,-0.029745428,-0.099378124,0.056686897,0.01665157,-0.0042767343,0.04715815,0.039959796,0.039332423,0.11582169,-0.0089764865,0.032297205,0.5051774,-0.03281898,0.063621506,0.0027895225,0.30531245,0.08018045,-0.0004773844,0.0009776101,0.23791231,0.0018954488,-0.012065866,-0.31605467,0.15312985,0.16182394,0.0012981314,0.00020943995,0.8113702
-0.012453119,-0.03802032,0.025309948,-0.17893746,-0.021372737,0.033886503,-0.07060938,0.036975376,-0.030544536,0.005488677,-0.2739426,0.022716314,0.057349604,-0.12916358,-0.24330305,-0.28560966,-0.921317,-0.18379915,-0.40000755,-0.013850616,-0.22131291,0.058694243,0.0037385698,-0.030789306,-0.16061875,0.003122917,-0.018133692,-0.35585743,-0.11030573,0.13432482,-0.0007203236,-0.0057809614,0.03826169
0.09568872,-0.009404831,0.009852706,-0.17148618,-0.4225115,-0.025049567,-0.07756685,-0.20070864,-0.029441917,0.008180016,0.021475498,0.040596187,0.09669877,0.06815878,0.3686083,-0.19925779,-0.77743125,0.12784427,0.0811462,-0.004043718,0.2018179,0.05582316,-0.0066993046,-0.0046839174,-0.13322625,0.0034260422,-0.009956456,-0.3174786,-0.15594988,0.2490107,0.0076438896,0.019413417,0.27111724
-0.00071596884,-0.027692424,0.01584378,-0.07878785,-0.19066681,-0.036583874,-0.066925645,0.035879135,0.008521009,-0.0042767343,0.04051345,-0.03483177,-0.067304835,0.042316932,-0.21456559,-0.13857971,-0.9829502,-0.07874422,-0.36832005,-0.0015206861,-0.23841096,-0.41307756,0.033605568,0.0013420759,-0.16384818,0.003965047,-0.013660374,-0.26801354,0.06836509,-0.19035631,-0.0012617838,0.0011420306,0.03808703
-0.106639,-0.0048396573,0.012660389,0.005439899,-1.2554653,-0.041047722,0.051393084,-0.25135294,-0.04937349,0.008180016,0.022335032,0.024991956,0.031438302,0.08678469,0.16131198,-0.21326426,-0.96727216,-0.122767925,-0.29424456,0.0026554517,0.20770049,0.051987022,-0.0015610534,-0.0035669028,0.22325213,0.003605046,-0.009956456,-0.37651214,-0.15883999,0.17167407,0.0076438896,-0.044533316,0.06136234
-0.100227445,0.08719812,-0.0020977138,0.045127653,0.030026678,-0.0034008606,0.07542971,-0.12832096,0.04178834,0.003582378,-0.04532805,0.03166019,0.048644993,-0.13279325,0.541518,0.0037980005,-0.89149195,-0.13729613,-0.24473315,-0.007731553,0.16457626,0.052098285,-0.0017445633,0.020872464,-0.1260272,-0.0017954379,-0.014429775,-0.210907,-0.09879061,0.17182304,0.0023248363,0.003022745,0.32671645
-0.01721102,-0.032474954,-0.022966575,0.052175246,-0.060356576,0.0711785,-0.04437859,0.047974363,0.021227121,0.005488677,-0.27270967,0.036599554,0.038167905,0.08038662,-0.13181321,-0.27642632,0.4145412,-0.045385756,0.06916355,-0.011137003,-0.35929382,0.06841524,0.004445269,-0.024415305,-0.20397964,0.0017384026,-0.03565284,-0.5487348,-0.06504329,0.15219948,-0.0012617838,-0.0017645535,0.27076313
-0.0021618777,0.1288158,-0.0063583693,0.024866836,0.015343011,-0.030738603,-0.07433141,0.045696016,0.016107643,-0.0042767343,0.04002796,0.03317379,-0.046755254,-0.16832529,-0.026508067,-0.081037335,0.55406946,-0.019787008,0.07289784,-0.005216211,0.2705564,0.07983549,0.020180246,-0.0019660713,-0.19122498,-0.0045465054,-0.016539186,-0.20812996,0.1016176,-0.0057935333,-0.0007203236,0.0017176704,0.64817786
0.019153057,-0.025982885,0.008428222,-0.09330597,-0.03675287,-0.033008147,-0.10311501,0.033557694,0.006913144,-0.0055263527,0.03340131,-0.023163654,-0.059989087,0.18672952,-0.93689305,-0.04575579,-1.0112014,-0.07996044,-0.39758518,-0.0008342548,-0.24034713,-0.5064628,-0.011700188,-0.001773223,-0.1682384,-0.028016057,-0.011922141,-0.17571163,0.081724614,-0.14610933,-0.0012617838,0.0014346172,0.024777671
0.0017054601,-0.02161326,-0.007924927,0.01805956,-0.08830519,-0.013355033,-0.13067205,0.057068676,0.0070704124,0.00790146,-0.15330808,-0.024393218,0.0503823,0.087427475,-0.11623555,-0.2053411,-1.113055,-0.12851006,-0.40481994,0.0026554517,0.22774301,0.0741796,-0.009386367,0.0011842367,-0.18168782,0.0055707647,-0.009956456,-0.1710121,-0.046509292,-0.066463366,-0.0012617838,-0.000305879,0.09512388
0.0032394743,-0.024112588,3.8954677e-05,-0.084470086,0.1041342,-0.02341922,0.09717792,0.05781826,0.008216113,-0.0062598167,0.037787203,-0.02077373,-0.035866156,0.1072248,-0.08129449,0.08932415,0.51316184,-0.019005092,0.07736658,-0.0038565737,-0.45161507,0.09725718,-0.0027380586,0.008452075,-0.21341206,0.004096789,0.011666397,0.2606658,0.08092184,-0.09483718,-0.0012617838,-0.0019570908,0.6443331
-8.8055735e-05,-0.027145093,-0.0067134937,-0.085928224,0.068663,-0.024602488,-0.039377864,0.036735315,0.014488822,-0.0075020734,0.0341537,-0.021208422,-0.0314005,0.1327702,-0.16371408,-0.14053343,0.564124,-0.02178269,0.058074612,-0.00064056885,-0.3454733,-0.8219212,-0.0152652925,-0.0021527575,0.19303991,0.00418307,0.011666397,0.33330777,0.05993673,-0.08486824,-0.0012617838,0.0012023682,0.44307703
-0.00033532374,-0.04045864,-0.0063583693,0.025046833,0.00558051,-0.036207356,-0.079477616,0.02826237,-0.0017959531,-0.0055263527,0.027607126,-0.030086609,-0.1086613,-0.17176022,-0.2851082,0.00885626,-0.9140493,0.062326357,0.08937345,-0.008174471,-0.23637308,-0.5300587,-0.023101352,-0.00251579,-0.13418974,-0.02797465,-0.006526134,-0.19239828,0.057679217,-0.20964575,-0.0007203236,0.0070655593,0.06666053
0.0032394743,0.12605068,-4.2297477e-05,0.022095969,0.17080317,-0.03548193,0.09222432,0.05357191,-0.011412484,-0.011692051,0.033021554,-0.024150966,-0.028257573,0.11741959,-0.120865904,0.099943995,0.57847923,-0.022654323,0.07671465,0.0013600625,-0.3350643,0.107924476,0.000547503,0.024136212,-0.19832589,-0.0010625069,0.011666397,0.4320459,-0.02811476,-0.057587832,-0.0012617838,-0.004282955,0.7634229
0.0016309042,-0.029057825,-0.020124933,0.04949476,0.14494556,0.2179699,-0.07546699,0.057739116,0.020771345,0.029967228,0.05310786,0.044988293,-0.028257573,0.100842014,-0.051176827,0.06026326,0.5406218,-0.023307243,0.080723256,-0.0059914887,-0.37693676,0.09832827,0.0003273443,0.0009014852,-0.21747398,-0.017326474,0.011666397,0.30268463,-0.011856372,-0.024378715,-0.0012617838,0.0008352383,0.7380277
0.0007017171,-0.026310058,-0.005621704,-0.0970771,0.08339052,-0.019677524,-0.09840204,0.051255338,0.019059567,-0.0064342692,-0.14140482,0.01884733,0.028979685,0.09697414,-0.1749949,0.018753868,0.46955308,-0.043449067,0.07795266,-0.018240213,-0.45340934,0.089537784,0.00047597828,0.014469439,-0.22219297,0.00071080885,0.011666397,0.07913996,-0.014871006,0.12849608,-0.0012617838,-0.0050437655,0.49053216
0.00029292563,-0.022026302,-0.007371801,0.02989164,0.25528893,-0.029989028,-0.08642828,0.06933318,0.01288469,-0.0075020734,0.06437312,-0.021016382,-0.02673132,0.10480605,-0.10152034,0.121445775,0.64573795,-0.021673724,0.06419983,0.0024503544,0.24706988,0.07843797,-0.0014004464,0.00042789127,0.24828991,0.0014986708,0.01571018,0.93532544,0.089195594,-0.08044826,-0.0012617838,0.0015739491,0.9359211
-0.09527904,-0.0063863997,-0.0037882826,0.05416852,-0.0060223937,-0.0039891186,0.053686965,-0.16441618,-0.040268004,0.007871601,-0.049387585,0.022024916,0.048121054,0.045958713,0.36437476,-0.28554514,-0.9459032,-0.14066067,-0.34783065,0.0026554517,0.22136274,0.050594155,0.0022689302,-0.005630756,-0.09688946,0.0034260422,-0.008959781,-0.25590414,-0.2691546,0.1432687,0.0076438896,-0.12096485,0.15199955
-0.019015418,-0.028054582,-0.0037200844,0.022876844,-0.116808735,-0.024031656,0.10653254,0.055978823,0.025605,-0.0042767343,0.043528847,0.03735359,0.04964868,-0.20504592,0.12987034,-0.115837045,0.45465174,-0.028426003,0.06551253,-0.00026619772,0.31198943,0.07398551,0.008624551,-0.00520292,-0.16550972,0.004367907,-0.025240064,-0.32573324,0.14038652,0.16003375,0.0007410736,-0.00025638606,0.67366606
-0.0037259506,-0.03234523,-0.0046523926,0.027904192,0.022814801,-0.03047351,0.10422481,0.056718547,0.0077302875,-0.0042767343,0.03780254,-0.0321163,-0.04080271,0.10527039,-0.073433384,0.11678588,0.48080865,-0.016303996,0.06817952,-0.004762447,-0.41141063,0.09090116,-0.0027380586,-0.0044504856,-0.24663083,-0.029038789,-0.00022914249,-0.10171155,0.083743945,-0.113203995,-0.0012617838,-0.0004407707,0.53728724
0.0045949304,-0.033039656,-0.005466596,0.030541953,0.086871,-0.043499786,-0.08916756,0.025246557,0.021465981,-0.0030344771,0.03330744,-0.027696684,-0.06707838,-0.14701311,-0.15122521,0.14244993,-0.9991008,-0.07804322,-0.34888327,-0.0071152085,-0.24601568,-0.41161633,-0.014343715,-0.003113273,-0.12804878,0.003965047,-0.018133692,0.0962892,0.0610363,-0.14383766,-0.0007203236,0.00718652,0.08685233
-0.001407184,-0.028688733,-0.0073423972,0.021830708,0.22414634,-0.037679132,-0.07329894,0.07353458,0.024197204,-0.0075020734,0.047075525,-0.02736679,0.029619683,0.10429733,0.0813731,0.052526534,0.58093953,-0.024211597,0.065398775,-0.011038281,-0.33511314,0.082907535,-0.0014719713,-0.0021527575,0.2460968,0.0042757927,0.011666397,0.71239954,0.12223493,-0.0033592877,-0.0012617838,-0.000837634,0.8831226
0.011665101,-0.035918172,-0.005466596,0.026617056,-0.10926621,-0.042548556,-0.073154144,0.026253173,0.009974108,-0.0030344771,0.03281118,-0.027696684,-0.046450444,-0.17287676,-0.07273456,-0.04291797,0.45516974,-0.021248952,0.062005293,-0.0071152085,-0.41989633,-0.55475515,-0.022612229,0.009143923,-0.16256781,0.0040040654,-0.04012616,-0.4490446,0.06044839,-0.107730664,-0.0007203236,0.0069542704,0.16627161
-0.003997472,-0.022026302,-0.0056658243,0.02778974,0.28309438,-0.02561763,0.09958186,0.073622,0.013428563,-0.0075020734,0.06157823,-0.021016382,-0.02673132,0.111773066,-0.0033155426,0.13776632,0.6467156,-0.014375024,0.0630167,0.0028857982,0.25403255,0.07978765,-0.0014004464,-0.0044504856,0.25381204,0.0014986708,0.01571018,0.93414426,0.09238533,-0.07689051,-0.0012617838,-0.0014010416,0.95424074
0.009615684,-0.028733663,-0.027307875,0.058269404,-0.019458003,0.094517365,-0.07015809,-0.1527068,-0.021166645,-0.010427773,-0.22990629,0.030174615,0.05456442,0.057450596,-0.3076698,-0.29077345,-0.90644026,-0.18198305,-0.403784,-0.01695959,-0.23903675,0.050747834,-0.01277255,-0.003602797,-0.18395747,0.003122917,-0.013660374,-0.3373524,-0.15247379,0.16770604,-0.0074298615,3.5580306e-05,0.047833834
0.018204624,0.19073135,0.040393814,0.05416739,-0.17950255,0.15842512,-0.011345659,-0.1432859,-0.0029789202,-0.010427773,-0.17848548,-0.027566068,-0.10785316,-0.1120374,-0.20850685,-0.096000545,-0.8942988,0.092784666,0.08884233,0.022398185,-0.17792235,0.06641787,-0.018812459,-0.0011573797,-0.15408815,-0.00015651163,-0.018133692,-0.6107141,-0.036890343,-0.2060402,-0.0022597408,0.003038436,0.086076535
0.002647467,0.19753951,-0.0046523926,0.023372298,-0.1081392,-0.038021453,0.042886913,0.03499928,-0.0018416897,-0.0042767343,0.031085849,-0.025151033,-0.12785321,-0.1367724,-0.18658763,-0.10389779,-0.87067735,0.060858034,0.08485114,-0.015705206,-0.21760923,-0.45774567,0.025786556,-0.0024249114,-0.13507254,-0.0012564331,-0.018133692,-0.33787096,0.083442464,-0.21127106,-0.0007203236,-0.0015774488,0.08954207
0.01585663,-0.033210397,0.016699808,0.029800633,-0.2638079,-0.036245838,-0.07633566,-0.19612716,0.011045881,-0.009686171,0.035673615,-0.047403194,-0.04336725,0.07250832,-0.15768175,-0.2220765,0.52098674,-0.017072732,0.060782064,7.18353e-05,0.2709585,0.06240104,0.009884584,-0.0061347336,-0.20567524,-0.08888115,-0.020766744,-0.5869275,-0.0025108638,-0.119713716,-0.0074298615,-0.0028542161,0.28156975
-0.0028905333,-0.02632419,0.011136051,-0.12008067,-0.17122377,-0.0065569617,-0.10211168,-0.1851939,0.004700447,0.00790146,-0.12295239,-0.015370106,-0.038553,0.050648227,-0.06149022,-0.2197301,0.52971286,-0.028352285,0.06444163,0.00077667437,0.28143927,0.062240407,-0.023377987,-0.00026050792,-0.1803858,0.0055707647,-0.020766744,-0.48571885,-0.14187005,-0.09940995,-0.0074298615,-0.002204655,0.28026736
0.009796463,-0.03493988,0.03196477,-0.16840762,-0.03716137,0.051230993,-0.06887622,-0.12330535,0.025509758,0.009789953,-0.24061018,0.026234714,0.05456442,-0.0990629,-0.26951328,-0.28387296,-0.92512983,-0.18094958,-0.39218527,-0.013149833,-0.23267551,0.04981631,-0.008412966,0.0004713647,-0.17207485,0.003122917,-0.018133692,-0.29745868,-0.11993864,0.17078437,-0.0022597408,-0.005835031,0.040694464
0.00018402422,-0.035974476,0.011136051,-0.07909171,0.077215716,-0.022016248,-0.07647897,0.04501907,-0.016658781,-0.011523848,-0.11027098,-0.014074486,-0.028234998,-0.19543087,-0.08125346,0.041552193,0.5121375,-0.038383204,0.07236532,-0.005529425,-0.44457182,0.08921822,-0.0001591963,-0.0012611649,-0.18533985,-0.027160332,0.01731373,0.03893913,-0.03364558,-0.06750319,-0.0007203236,-0.009992316,0.38233623
-0.0021618777,-0.024123525,-0.0070805494,0.026535952,0.16903491,-0.031774223,-0.1037852,0.056140874,-0.04813742,-0.01678163,0.03367848,0.04016191,-0.02391134,-0.29808673,0.007231119,0.014781926,0.62584317,-0.027271947,0.061143555,0.0034040862,0.24970578,0.09492357,-0.0003793549,-0.0038890627,0.19016163,0.0007970896,0.021357514,0.20697074,-0.02019931,-0.023683265,-0.0007203236,-0.002451752,0.7803978
0.008092416,-0.039727118,0.011018368,0.029146172,0.033495933,-0.015943993,0.092370085,-0.15822302,0.015948439,0.003582378,-0.10788373,-0.021944575,0.055088356,0.0637357,-0.21915841,0.0041329823,-0.9597914,-0.1524154,-0.3632637,-0.014904077,-0.23527153,0.060204074,0.004445269,0.026925886,-0.18415217,0.005663488,-0.013660374,-0.48746267,-0.13938971,-0.05314742,-0.0074298615,0.04048993,0.06793325
0.0025622144,-0.021699896,-0.0053745727,0.02164285,0.041319095,-0.02508455,0.10020304,0.0602156,0.014780516,-0.0042767343,0.04508928,-0.031389926,0.043068904,0.12468007,0.0076009976,-0.123310305,0.53225607,-0.024459353,0.06412256,0.0027895225,0.2774786,0.085928194,-0.0009665075,-0.0013201176,0.26808992,0.00339455,-0.012065866,-0.17017414,0.10633915,-0.019552516,-0.0012617838,2.403336e-06,0.81171274
0.0050333235,0.099838,-0.005466596,0.016989112,0.1631177,-0.033126753,-0.10767257,0.058326643,0.0048633614,0.018580768,0.03308517,-0.02755881,-0.028257573,0.09916141,-0.106070735,0.062578805,0.62408304,-0.016301429,0.08008006,-0.0006203484,0.30838987,0.09345397,0.000547503,0.006933577,-0.1850152,-0.0020628236,0.01571018,0.3096539,-0.01238605,-0.08269303,-0.0012617838,-0.0029283706,0.8160115
0.008977047,-0.019960778,0.00524908,0.043102205,-0.007908348,-0.013179075,-0.038419142,-0.1352325,-0.024010036,0.007889406,-0.08807163,0.018937662,0.028884992,0.072727814,0.26285836,0.008922915,0.45159197,-0.045801204,0.05740494,0.0027895225,0.3125884,0.0683995,0.0057245926,-0.0034871986,-0.15847173,0.0008206171,-0.011069192,-0.16949661,-0.1892633,0.12746885,0.0076438896,0.0046400097,0.66658986
-0.0982831,0.07299352,0.0103850635,0.03779792,-1.187236,-0.025516296,0.05249939,-0.21199866,0.0434101,0.016452076,-0.09174996,0.031348024,0.048644993,0.06628948,0.31421408,-0.45343918,-0.9788274,-0.1406366,-0.3558731,-0.0021021983,0.14186208,0.04918642,-0.0015610534,-0.0035669028,-0.19081801,-0.063632086,-0.009956456,-0.062397115,-0.0976262,0.2023902,0.0076438896,-0.011380278,0.05781608
0.008038164,-0.03357152,0.01584378,-0.026175808,-0.94615483,-0.04775542,-0.031763,0.034117877,0.006899247,-0.0042767343,0.036629464,-0.032802075,-0.079181,-0.1399321,-0.3536265,-0.21819003,-1.0073452,-0.07972766,-0.36816466,-0.0075506526,-0.22414863,-0.39775056,0.049277004,0.0009790433,-0.20749219,0.003965047,-0.018133692,-0.49199808,0.11306072,-0.21341011,-0.0007203236,0.025540927,0.0106134
-0.0019321012,0.09211485,-0.0070805494,0.023622712,0.1579491,-0.030048277,-0.10319401,0.06165716,0.014002996,-0.0075020734,0.032780252,-0.027993502,-0.031519923,0.12596494,-0.13645935,0.045684744,0.62532955,-0.015019904,0.062755115,-0.0006203484,0.22815202,0.104798965,-0.0027380586,-0.0021527575,0.2147859,0.00047340413,0.01571018,0.31931737,0.087349966,-0.08963356,-0.0012617838,0.0021427223,0.8650622
0.004530849,-0.022061834,0.0072008925,-0.068280004,-0.025508113,-0.032255918,-0.08255291,0.052940194,0.0047595785,0.0038965445,0.039819755,-0.022002585,-0.04849854,0.09873813,-0.08846178,-0.11698809,0.55450386,-0.018871374,0.07317913,0.0008258063,0.31292722,0.07988236,0.0013105889,0.0042338963,-0.23314236,0.0031586569,-0.012065866,-0.30318254,-0.005720141,-0.09375374,-0.0012617838,-0.0038045787,0.5409197
-0.00031783234,-0.030650463,-0.0063583693,0.024066864,0.13601913,-0.03473273,-0.075547956,0.035947863,0.011960703,-0.0075020734,0.033277273,-0.027696684,-0.04150425,-0.1717184,-0.14292902,0.04540458,0.5112074,-0.021306261,0.071935855,-0.00401444,-0.43541807,-0.635046,0.055842187,-0.00251579,-0.16083841,0.0040040654,0.01731373,0.14241293,0.07763761,-0.10072196,-0.0007203236,0.008117966,0.3489085
0.0034082802,-0.023578256,-0.0046523926,0.020461086,-0.11090301,-0.027590068,0.06651831,0.064522974,-0.008562637,-0.009686171,0.039438028,-0.027925469,-0.048105985,0.109098494,-0.0027459348,0.039414134,0.5430537,-0.019845894,0.070864975,0.00091074506,0.31872746,0.075834796,-0.0047305943,-0.0030434774,-0.20618531,0.003315151,-0.020766744,-0.3243473,-0.02849832,-0.09406495,-0.0012617838,-0.003274731,0.6192461
-0.027413744,-0.03313982,-0.001608855,0.026867183,-0.12207031,-0.014270853,0.056571607,-0.17935513,0.011262307,0.0036001834,-0.09039895,0.022350313,0.09220206,0.079030715,-0.08437296,-0.09186047,-0.71311164,0.16846052,0.10466197,-0.015551721,-0.2706888,0.06798505,0.0014163038,0.02398428,-0.15890682,0.0009889015,-0.013660374,-0.23531823,-0.1364478,0.19904509,-0.0074298615,0.015583714,0.22775252
0.0005026257,-0.037464675,-0.0063583693,0.020677669,-0.061797764,-0.046393253,-0.06610344,0.055675574,-0.0071324324,-0.009686171,0.044313487,-0.029086538,-0.04849854,0.093383476,-0.07548336,-0.027226178,0.47792047,-0.025063703,0.06994256,-0.0046172915,-0.42007157,0.08123022,0.0013105889,-0.0012954681,-0.23178329,-0.027160332,-0.00022914249,-0.39387354,-0.016387694,-0.07685454,-0.0012617838,-0.0017347552,0.33848414
-0.007523045,-0.026424972,-0.0059887595,0.018546965,0.091049805,-0.028933918,-0.09408002,0.046217073,0.004395583,-0.011554008,-0.13232401,-0.026661243,-0.020106288,0.10075576,-0.104093656,0.055624645,0.51993835,-0.028409155,0.080124505,-0.0042912606,-0.44677222,0.093059264,0.000547503,0.0025583757,-0.21826999,0.0040398994,0.011666397,0.23371696,-0.01318717,-0.078650326,-0.0012617838,-0.005876,0.5270694
-0.0029443102,-0.035450667,0.008883576,-0.065693215,0.0012345577,-0.024260504,0.0491717,0.046250958,-0.009020148,-0.009548129,-0.12646298,-0.014074486,-0.0609752,-0.20688681,-0.2673789,-0.12967129,-1.0484478,-0.109058954,-0.38273457,-0.008009469,-0.2619392,0.077048235,0.0006038896,-0.0026318643,-0.18273963,-0.024108186,-0.006526134,-0.20152462,-0.02864356,-0.09657809,-0.0007203236,-0.009669603,0.04600296
0.0033197305,-0.03152323,0.008428222,-0.08357263,-0.10422855,-0.03792129,-0.08215963,0.02897726,0.0047017736,-0.0042767343,0.034815483,-0.018744037,-0.0728359,-0.12659824,-0.38568413,0.08214895,-1.0050979,-0.08037282,-0.34888327,-0.0071152085,-0.24017888,-0.4237246,0.07138367,0.0005371873,-0.14606585,0.003965047,-0.018133692,-0.41833866,0.08673466,-0.13947509,-0.0007203236,0.0072179525,0.03412938
0.0023960136,-0.03170901,-0.00056446047,0.020311302,-0.113880605,-0.021245524,0.044483032,0.050450545,0.004349847,-0.0044585485,-0.13593385,-0.026661243,-0.040347256,0.09734849,-0.13849705,-0.14812453,0.46813864,-0.027678287,0.06698696,-0.005090766,-0.4343964,0.07975511,0.0013105889,0.023158299,-0.23005356,0.0040398994,-0.03565284,-0.37145567,-0.015147727,-0.08006244,-0.0012617838,-0.00469772,0.28830302
0.010813244,0.16139981,-0.020847112,0.05852449,-0.10415229,0.22234434,-0.03154857,0.05445252,-0.022924034,-0.01298639,0.08734963,0.030944278,0.038364995,0.08641398,-0.110213555,0.06663802,0.4291656,-0.03759359,0.054271873,-0.0034055489,-0.3541025,0.07545768,0.0043170284,0.0032870548,0.24801555,-0.00021774469,-0.03565284,-0.5749102,-0.006509035,0.12867208,-0.0012617838,-0.0011242874,0.6326338
-0.004202394,-0.020790726,-0.0053745727,0.02175942,0.18958563,-0.025276488,0.12035681,0.066821575,0.014546867,-0.0075020734,0.032654807,-0.031389926,-0.031519923,0.15004085,-0.09832506,0.06522549,0.6225063,-0.014375024,0.062266856,0.0012704796,0.25350443,0.10182014,-0.0027380586,-0.0044504856,0.2394211,0.00339455,0.01571018,0.2932593,0.091583624,-0.092792906,-0.0012617838,-0.0011189845,0.8914037
-0.0021618777,-0.025636222,-0.0070805494,0.021466482,0.17457582,-0.03034127,-0.10667509,0.05906089,0.027603818,-0.0075020734,0.0372461,-0.033003315,0.036375508,-0.29077914,0.003610247,0.032331493,0.6071335,-0.02376429,0.06327124,-0.00022461405,0.24725038,0.10202174,-0.0053996667,-0.002165703,0.18198326,0.00339455,0.021357514,0.187792,0.12218854,0.005102901,-0.0007203236,-0.00070351356,0.8172998
-0.00096402504,-0.036778685,-0.0063583693,0.021615602,0.12214084,-0.033611998,-0.0758648,0.034500286,0.00019064278,-0.0075020734,0.02745733,-0.030086609,-0.10504689,-0.19964802,-0.2645764,0.051096305,-1.0154315,0.0691407,0.09943759,-0.010462622,-0.25657287,-0.5685827,-0.023101352,6.48587e-05,-0.11047983,-0.02797465,0.011749474,0.15898938,0.059540737,-0.19715942,-0.0007203236,0.0067788423,0.09906383
0.00034423638,-0.020790726,-0.0070805494,0.016706845,0.1523969,-0.031375453,-0.10835279,0.06253274,0.0120164,-0.0075020734,0.032738693,-0.031389926,-0.031519923,0.12081918,-0.1772211,0.040638942,0.6164089,-0.021673724,0.06344998,0.00083503575,0.29225543,0.095099784,-0.0027380586,0.00042789127,0.22414881,0.00339455,0.01571018,0.2626102,0.08839389,-0.09455315,-0.0012617838,0.0018560058,0.84129256
-0.0018836273,0.105751425,-0.007371801,0.0315663,0.26813233,-0.029296447,-0.08445237,0.0684576,0.01288469,-0.0075020734,0.064755104,-0.017619956,-0.02673132,0.09527711,-0.099757984,0.13132685,0.64573795,-0.01872097,0.06350495,-0.00016049622,0.23628496,0.07843797,-0.0014004464,-0.0021527575,0.24617879,-0.00074822665,0.01571018,0.9332547,0.08759661,-0.07751528,-0.0012617838,0.0018606656,0.94325095
-0.00071596884,-0.03396669,0.01584378,-0.07878785,-0.16355577,-0.038018264,-0.054190286,0.035879135,0.008521009,-0.0042767343,0.034079622,-0.037221696,-0.07342348,0.075481236,-0.35550573,-0.21700746,-0.9829502,-0.07874422,-0.36832005,-0.0012696986,-0.23841096,-0.42869273,-0.0026159743,0.0013420759,-0.16369943,-0.026851054,-0.013660374,-0.43424356,0.060704168,-0.20262945,-0.0012617838,0.0011420306,0.024929095
-0.030536724,-0.022716312,0.0023718437,0.03868524,-0.13431855,-0.00769028,0.12356278,0.052427158,-0.033468682,-0.00434959,-0.15538745,0.026020022,0.036985952,0.10645895,0.23314184,-0.102712125,0.4307263,-0.04388143,0.06383649,0.0026554517,0.30442584,0.07562035,0.0030505843,0.0036557326,-0.17927001,0.0034260422,-0.020766744,-0.47419527,-0.04312492,0.13936532,0.0012981314,0.002291058,0.6220215
-0.0024870168,-0.039736286,-0.02110896,0.038745865,0.20707667,0.1922334,-0.0069397576,0.05250515,0.01617177,-0.010802291,0.052111123,-0.02898018,-0.02673132,-0.24548264,-0.07516983,-0.040180527,0.5837515,-0.02208365,0.060586177,0.0005428703,-0.31544688,0.07938416,-0.004886615,-0.0021738298,0.21935625,0.0042757927,0.01731373,0.7072393,0.05778247,-0.090825655,-0.0007203236,0.022190645,0.8142797
0.0087203225,-0.022703612,-0.0135611715,0.019284304,-0.08131535,-0.013286466,-0.070192546,-0.17691655,0.010669613,-0.009548129,-0.1073202,-0.02482791,0.06997473,0.10046566,-0.087653674,0.023839831,-0.9503461,0.12051199,0.09027599,-0.003474203,0.20907342,0.07561157,0.0014163038,-0.0016816584,0.25330445,0.0036157535,-0.009956456,-0.19113722,-0.06656349,-0.08140474,-0.0074298615,-0.002207981,0.302755
3.2454263e-06,-0.030357365,0.011992077,0.020455098,0.17790695,-0.033767413,-0.08141442,0.052870106,0.006382179,0.022585683,-0.115493804,-0.025554286,-0.020106288,0.122000396,-0.060235724,0.06933151,0.56263787,-0.03211022,0.080124505,-0.0058757,-0.35729197,0.103106774,0.000547503,0.0009568607,-0.20844257,-0.027160332,0.011666397,0.3850817,-0.027229264,-0.07586308,-0.0012617838,-0.0041217054,0.65065354
-0.10626344,0.073826484,-0.0020977138,0.030924994,-0.009157347,-0.0020146412,0.114259526,0.05339301,0.026096048,0.003582378,-0.11045448,0.038489375,0.09446331,0.09825325,0.33155495,-0.2631518,-0.75998294,0.12621307,0.09595787,-0.006120153,0.16006485,0.068984486,0.0031788251,0.0054773567,-0.14191487,-0.0017954379,-0.009956456,-0.3026942,-0.044697937,0.24734019,0.0012981314,0.019758495,0.4833475
-0.02472946,-0.042412426,-0.0062189507,0.029711602,-0.062427945,-0.013759171,0.07181128,-0.15420431,0.0020724419,-0.009548129,-0.11218007,-0.028194617,0.098121494,-0.16256547,-0.29672825,-0.19355065,-0.7847069,0.13413757,0.10481046,-0.011741964,-0.22038178,0.06544735,-0.008412966,-0.008462904,-0.14303349,0.005663488,-0.018133692,-0.48219997,-0.06617612,-0.055266224,-0.0022597408,-0.010450538,0.0906751
-0.003267725,-0.03664507,0.0061757476,-0.102783754,-0.118027605,-0.034792263,0.033943843,0.037223104,0.005245646,-0.0042767343,0.03927486,-0.021133961,-0.07957355,-0.1684182,-0.2364791,-0.12517814,-0.9796567,-0.08008127,-0.34165633,-0.0072996654,-0.24825662,-0.44517118,-0.00026617633,-0.00036105793,-0.15353766,-0.026851054,-0.018133692,-0.3940213,0.07804025,-0.1334352,-0.0007203236,-0.001425056,0.030442625
-0.004202394,-0.022168802,-0.0053745727,0.02519065,0.13849086,-0.025789501,0.11340498,0.058356762,0.012560273,-0.0062524555,0.032679208,-0.031389926,-0.036456477,0.12199592,-0.15310375,0.08141367,0.6124163,-0.014003519,0.061200034,0.0012704796,0.3225822,0.091408856,-0.0027380586,-0.0044504856,0.26048774,0.00339455,0.01571018,0.1509243,0.08908726,-0.09836906,-0.0012617838,-0.0011189845,0.8683497
-0.0033342708,-0.026799703,-0.0053745727,0.021801021,0.17996164,-0.03631214,0.09754073,-0.19164726,0.012566596,-0.01678163,0.027668294,-0.03016107,-0.018780053,0.12152036,-0.05089654,0.09226184,0.53577566,-0.017957019,0.06020977,-0.0056706094,-0.42077452,0.08577907,0.000547503,-0.010016024,0.26905996,0.0042189034,0.011666397,0.23860832,-0.0033024964,-0.069032975,-0.0074298615,-0.004050308,0.71938556
0.0061490415,-0.023787942,-0.020847112,0.051540226,0.10782452,0.1929323,-0.08400243,0.057442088,0.029201722,-0.010802291,0.056301817,0.035678223,0.036375508,0.11747536,-0.022081058,0.023134086,0.5097807,-0.035129193,0.06568476,-0.0050856154,-0.37340966,0.09833652,-0.0028095834,0.0007698514,0.23823085,0.0017352211,0.011666397,0.27990797,0.11951759,0.16222675,-0.0012617838,0.0014712797,0.8487354
-0.003911216,-0.029400514,0.0027467844,-0.08133371,-0.072842695,-0.008924576,0.06291643,-0.15752706,0.013179036,-0.0044585485,-0.127024,0.01754537,-0.0595735,0.07742332,-0.27357844,-0.1511842,-0.99495643,-0.11603006,-0.36213267,-0.01695959,-0.24850473,0.069508724,0.0041683945,0.011292984,-0.20455706,0.00094988314,-0.013660374,-0.34923205,-0.039006088,-0.051425166,-0.0074298615,-0.024156433,0.045759052
0.06409951,-0.012366587,-0.0062581617,-0.14506298,-0.19318464,-0.0077440543,-0.058884665,-0.13615547,-0.04379644,0.007871601,-0.09570268,0.033298016,0.048644993,-0.08635404,0.52612716,-0.22136517,-0.9307243,-0.14005859,-0.25707,-0.00045065413,0.23144646,0.052098285,-0.0017445633,-0.0043670274,-0.09204611,-0.0915301,-0.0075615,-0.36684152,-0.15357469,0.13424037,0.0023248363,0.028775578,0.13903043
-0.0076503055,-0.03658409,-0.011974754,0.021406056,-0.13418761,-0.04613725,-0.04131234,0.030014457,-0.0001880884,-0.0042767343,0.024614438,-0.041754723,-0.11597705,-0.14519791,-0.18614444,-0.11940269,-0.8862954,0.06308507,0.0864512,-0.008425458,-0.23268925,-0.4284692,0.07932951,0.00010925392,-0.12947613,0.003965047,-0.018133692,-0.55491626,0.073604986,-0.21833937,-0.0007203236,0.007059689,0.05324867
0.012417944,-0.029596051,0.0061757476,-0.110130504,-0.16868496,-0.02136822,0.10891588,0.058483407,0.022771884,-0.0042767343,0.049791314,-0.019972892,0.054575816,-0.17695606,-0.10556517,-0.123072684,0.49940914,-0.024836546,0.064056836,-0.0007016416,0.27468935,0.06911741,0.0038387533,-1.0971329e-05,-0.16751423,0.00651263,-0.025240064,-0.65283453,0.14813712,-0.00725773,-0.0007203236,-0.0015654047,0.4598712
-0.008559815,-0.030650463,-0.005466596,0.024066864,0.11974375,-0.034586113,-0.08341492,0.03032583,0.011960703,-0.0062598167,0.03151442,-0.027696684,-0.03574673,-0.1799426,-0.20354271,0.02471082,0.4988778,-0.021361167,0.07281292,-0.004449884,-0.46825993,-0.64969164,-0.023101352,-0.0027671396,-0.16083841,0.0040040654,0.01731373,0.071432695,0.049754415,-0.10377405,-0.0007203236,0.0034474218,0.27084997
-0.017482357,-0.031856913,0.011136051,-0.05943643,-0.089767605,-0.019459374,-0.022093594,-0.1885017,0.0023111734,-0.009548129,-0.09392424,-0.016744016,-0.10785316,0.07899652,-0.012164764,-0.12303085,-0.897338,0.08833547,0.09261406,-0.0029821142,-0.25430733,0.0748208,-0.003753514,-0.0071213287,-0.1753383,0.0040398994,-0.013660374,-0.2532876,-0.022303874,-0.16190983,-0.0074298615,-0.0059150136,0.10485516
-0.0044646976,-0.021194108,0.00032475818,-0.08365083,0.031781666,-0.019670906,0.09664503,0.05680976,-0.021155396,-0.004596591,0.041631997,0.024637466,-0.047377825,0.113484815,-0.028908849,-0.09927491,0.54742926,-0.025408847,0.07379801,0.0027895225,0.299802,0.084687114,0.00060130714,0.010221669,-0.2359444,0.0006180857,-0.012065866,-0.22110562,-0.006893368,-0.039389484,-0.0012617838,-0.0055626435,0.64745855
0.007433487,-0.03344909,-0.01735019,0.055420235,-0.030454153,0.09182816,-0.031747986,0.04240391,0.018846262,0.005488677,-0.29045847,0.023325076,0.057349604,-0.17336138,-0.19666311,-0.012935567,-0.9452944,-0.17237736,-0.4080294,-0.0066264635,-0.23914857,0.058610223,0.0037385698,-0.025594793,-0.16847229,0.001616804,-0.018133692,-0.43824658,-0.052750755,0.15662022,-0.0007203236,-0.008013028,0.06619906
0.012237165,0.122720405,-0.00488468,0.03107444,-0.12549601,-0.031036787,0.104989246,0.059726305,-0.030882826,0.008180016,0.05121632,-0.021032162,0.047499303,0.08828387,0.025746431,-0.11024785,0.46015835,-0.026127411,0.06321493,-0.0052453475,0.24121998,0.069899924,-0.0070717474,0.0014228161,-0.17794631,0.00074513315,-0.020766744,-0.5821846,-0.03842131,-0.03780835,0.0012981314,-0.0013523302,0.5670141
-0.001369939,-0.030137839,0.008056919,0.022395551,-0.16670732,-0.04706955,-0.0557487,0.026974354,0.0064134216,-0.0030344771,0.039046835,-0.041754723,-0.07342348,-0.15739773,-0.18684709,-0.09112625,-0.9952748,-0.07815661,-0.34676504,-0.0071152085,-0.22474559,-0.4042256,-0.010452036,-0.004160589,-0.15279143,0.003965047,-0.018133692,-0.4546782,0.037351806,-0.18678755,-0.0007203236,0.00718065,0.029693358
-0.012672893,-0.022569848,-0.006992618,0.025936987,0.0040052864,-0.012546975,-0.061722603,-0.13205011,0.008559477,0.00790146,-0.10570065,-0.021790452,0.09167812,0.08654213,0.22123002,0.11229776,-0.8993863,0.10205675,0.10953995,0.0019147171,0.2186614,0.07366055,0.0006808276,-0.0033134853,-0.14618845,0.0033611883,-0.009956456,-0.19154896,-0.10314597,-0.07468659,0.0076438896,-0.002581497,0.347367
-0.025773361,0.15604104,0.008832305,0.023445288,0.013745071,-0.033326525,-0.08896238,-0.15627158,-0.0022200032,-0.009686171,0.027661398,0.034919918,0.09722271,-0.1759135,0.22965722,-0.28679955,-0.83265024,0.1452632,0.10201967,-0.00019005488,0.18254077,0.06793078,0.0012477395,-0.0042280033,-0.11389771,-0.0067968844,-0.014429775,-0.1962496,-0.040568676,0.2100429,0.0023248363,-0.0012636418,0.35760313
-0.0014556585,-0.03319249,0.009284249,0.02078099,-0.0005098281,-0.048844162,-0.09420979,0.054540887,-0.013692482,-0.009686171,0.03947494,-0.029086538,0.040016975,0.09953543,-0.17557442,0.115485884,0.45148617,-0.03065749,0.07278682,-0.019146087,-0.39299706,0.084879406,0.0007499411,-0.003478781,-0.2412676,-0.024108186,-0.00022914249,-0.2063901,-0.038729157,-0.033635862,-0.0012617838,-0.0035263028,0.4226005
0.0035890592,-0.023882736,0.012014927,0.02468641,-0.11623424,-0.033193514,0.058770448,0.04925777,-0.037798867,0.008197821,0.040258095,0.035441935,-0.033628277,-0.26829183,0.10017348,-0.018704746,0.4932115,-0.029408434,0.045540452,-0.00013212702,0.2842962,0.07676284,0.0005609705,-0.00042678427,0.2109303,0.000999621,-0.025240064,-0.36614463,-0.06983735,-0.028315097,0.0007410736,-0.0031914562,0.6204724
-0.00031783234,-0.035262264,0.008428222,-0.0834187,0.058173843,-0.029152673,-0.074431084,0.032903895,0.012446529,-0.0075020734,0.031342916,-0.021133961,-0.03574673,-0.18007153,-0.17501993,0.009075385,0.49362567,-0.023635855,0.071935855,-0.0037634526,-0.4509985,-0.61844635,-0.023101352,-0.0021184543,-0.16505346,-0.02797465,0.01731373,0.09428295,0.053552497,-0.08951781,-0.0007203236,0.006985704,0.2579274
-0.003267845,-0.021546667,-4.2297477e-05,0.030156992,-0.108103655,-0.023723003,0.14337438,0.065504715,0.014218742,0.0038965445,0.045381874,-0.03095523,0.061943527,0.09767972,-0.14641394,-0.07489753,-1.1139895,-0.11910025,-0.39009213,0.0022200078,0.2256388,0.0777726,0.0043170284,0.0001590494,-0.19788043,0.0055707647,-0.009956456,-0.30308565,-0.028605675,-0.06608001,-0.0012617838,-0.004278008,0.14617836
0.01426824,-0.049413,0.013087705,-0.11104529,-0.121892415,-0.009763418,0.1087781,-0.15933006,0.043666303,0.00790146,-0.111806124,0.02121873,0.024745068,-0.15578288,-0.1407634,-0.059253972,0.42103037,-0.053890172,0.047649905,-0.01109432,-0.37419647,0.057081074,0.0037385698,-0.003795857,0.21503185,0.0033019204,-0.04012616,-0.6283734,-0.15758891,0.12073986,-0.0022597408,-0.0050131795,0.27039889
-0.05898776,0.04733313,-0.010922886,0.049294278,-0.09039457,-0.0062468587,0.079043284,0.05504887,-0.035635747,0.007883655,-0.09445896,0.017220343,0.07223598,0.086682945,0.25802022,-0.052175313,-0.73931324,0.12801206,0.07496702,-0.006120153,0.17292032,0.06775637,-0.0010378641,-0.002553346,0.16028333,0.0006839002,-0.009956456,-0.39174014,-0.13582575,0.20571408,0.0012981314,-0.0022414923,0.48683748
0.006804941,-0.029377079,0.0027467844,-0.1252906,-0.11762803,-0.0038353223,0.115183376,-0.15593708,-0.01759443,-0.0044585485,-0.13717055,-0.0111114895,0.055088356,0.054583646,-0.22390059,-0.15956664,-0.95492214,-0.1529499,-0.38291276,-0.01695959,-0.23747653,0.06233874,0.004445269,0.028188292,-0.18253294,0.005663488,-0.013660374,-0.46648207,-0.14599976,-0.05352413,-0.0074298615,0.040630437,0.042108044
0.020950757,-0.023113031,0.005483461,-0.0917391,-0.1368978,-0.02340631,0.13511056,0.06542857,0.03694033,0.008180016,0.04539677,0.028830301,0.037183046,0.11952312,0.19262064,-0.06946223,0.46709162,-0.032857914,0.055009466,0.0022200078,0.29235172,0.07915039,0.0018473383,0.0014228161,0.23280564,0.003605046,-0.020766744,-0.33583933,-0.009841025,0.12415538,0.0012981314,0.00068896514,0.7881688
-0.0038151718,-0.037651457,-0.004285337,-0.09291866,-0.044554688,-0.034515247,0.08416446,0.03715522,0.005245646,-0.0042767343,0.03661906,-0.021133961,-0.073228456,-0.17640364,-0.19417043,0.03566789,-0.9824507,-0.079782836,-0.3483249,-0.0072996654,-0.26261678,-0.47283927,-0.008573188,-0.0031719904,-0.15000868,-0.02797465,-0.018133692,-0.22497892,0.073668785,-0.13023685,-0.0007203236,-0.0012912918,0.0459884
-0.041808046,-0.009335144,0.005483461,-0.1444102,-0.3233461,-0.021708407,0.11171147,0.062654056,-0.05389499,-0.009577213,0.050159488,0.04547912,0.037183046,0.12176957,0.13769919,-0.09448498,0.45864195,-0.031415094,0.05410576,0.0026554517,0.24997865,0.07195745,0.0031788251,-0.0011348613,0.22082241,0.003605046,-0.020766744,-0.6611299,-0.015384769,0.12252758,0.0012981314,-0.014561603,0.603125
-0.002987272,-0.04141299,0.040393814,0.044305563,-0.026371006,0.18931124,-0.010755717,-0.15202947,0.0065936674,-0.010427773,-0.2048265,-0.021134667,-0.038553,-0.14703876,-0.10143986,-0.10842318,0.46760228,-0.03247294,0.06540401,0.0045861946,-0.39967555,0.06369638,-0.003760322,-0.0021439746,-0.19247678,0.0040398994,-0.04012616,-0.3800398,-0.05131508,-0.08855589,-0.0022597408,0.0037257534,0.25578037
-0.00033532374,-0.030086292,-0.0070805494,0.022099221,0.091082275,-0.03379102,-0.08242432,0.032123405,0.0050206273,-0.0075020734,0.027573628,-0.03177446,-0.0888735,-0.23483004,-0.1708909,0.041742142,-1.0064368,0.06910861,0.08264213,-0.005324689,-0.27180287,-0.62009037,-0.023101352,-0.00251579,0.20636514,0.00418307,0.011749474,0.097507894,0.047354348,-0.1915797,-0.0007203236,0.0070655593,0.123143554
-0.00031783234,-0.034330416,-0.0063583693,0.027958231,0.00065656914,-0.034124054,-0.075547956,0.032810505,0.011960703,-0.0055263527,0.031258535,-0.027696684,-0.04511866,-0.14425829,-0.24830218,0.013894261,0.47682014,-0.021213558,0.064571805,-0.00401444,-0.47135657,-0.56477696,0.09127886,-0.00251579,-0.18680434,0.0040040654,0.01731373,-0.20861043,0.07420867,-0.11332156,-0.0007203236,0.007728147,0.22445343
0.0011844537,-0.036778685,-0.0046523926,0.023878234,0.1516988,-0.02992139,0.08488037,0.03853497,0.012504576,-0.0075020734,0.033175737,-0.030086609,-0.0418968,-0.23417611,-0.114991754,0.09934341,0.5288839,-0.020716285,0.07096109,-0.0041988967,-0.39662737,-0.7244949,-0.010866891,-0.0031719904,-0.16889372,-0.02797465,0.01731373,0.111338384,0.06972189,-0.10642887,-0.0007203236,-0.0007810966,0.34957433
-0.005362613,-0.021119954,-0.010400724,0.02504401,0.09185459,-0.028213505,0.095820084,-0.16268201,-0.028168034,-0.009686171,0.030039705,0.031721417,-0.027205236,0.13388376,0.19450238,0.034972798,0.56683725,-0.019122526,0.06044688,0.0036696398,0.31526217,0.07518672,-0.00066513673,-0.006759667,0.25412473,0.0008431269,-0.012065866,0.05807404,-0.055391513,-0.03340178,0.0076438896,-0.0017409362,0.8400355
0.016846549,-0.04109522,0.006307564,0.0045781606,-1.0486963,-0.017184807,0.07189402,-0.15253456,-0.029043747,0.0035703243,-0.11820499,-0.022580525,0.055088356,-0.0966585,-0.15096767,-0.079851985,-1.0023931,-0.1620585,-0.37191564,-0.01109432,-0.23536327,0.05756382,0.0032153805,0.020258415,-0.17177859,0.005663488,-0.0112654185,-0.5719823,-0.14619263,-0.034255788,-0.0022597408,0.008822311,0.015937435
-0.019375779,0.17122157,-0.001608855,0.019160649,-0.08222714,-0.015737927,0.04348958,0.056400366,0.0068767103,0.0036001834,-0.12873116,-0.02061871,0.100906685,0.07954929,-0.21295783,-0.01507091,-0.7759806,0.13356052,0.107093215,-0.008521048,-0.21705194,0.08678618,0.003113782,0.003365242,-0.16270946,-0.00082343246,-0.013660374,-0.2038595,-0.042207688,-0.062499605,-0.0012617838,-0.005682912,0.2544701
0.093709424,-0.006011356,0.0042482726,0.05051042,-0.33931914,-0.006321702,0.07610931,-0.17545256,0.0434101,0.003582378,-0.07010607,0.025543317,0.048644993,0.08204707,0.53203654,0.14773417,-0.9262577,-0.14358935,-0.25890738,0.0022200078,0.23212029,0.051134232,-0.0015610534,0.01738649,-0.14636566,0.0034260422,-0.009956456,-0.22565466,-0.13781352,0.19942428,0.0076438896,0.010269435,0.3283702
-0.0027755625,-0.022421852,-0.0135611715,0.021685073,-0.11752179,-0.013475395,-0.07965699,0.056177977,0.014136955,0.00790146,-0.15643393,-0.02482791,0.026145756,0.11068186,-0.012683293,0.036655184,0.5075222,-0.03291391,0.056538247,0.0032249663,0.27598494,0.07594769,0.0014163038,-0.0014714049,0.22493309,0.003494155,-0.020766744,-0.32615343,-0.06496982,-0.03369485,-0.0012617838,-0.00089329673,0.6450872
0.0820199,-0.0069085574,0.008508635,0.050133087,-0.19840047,-0.010954609,0.06455985,-0.18817335,0.03775162,0.007883655,-0.0549875,0.045571316,0.09220206,0.07915023,0.44071698,-0.2632053,-0.72008413,0.12654804,0.07570936,-0.0037927302,0.20841259,0.05969248,-0.0010378641,-0.005315128,-0.1378908,-0.0915301,-0.009956456,-0.37612188,-0.11960333,0.2449341,0.0076438896,0.00023770554,0.38799784
-0.0015652768,-0.033087954,-0.006649621,0.026069475,0.25906718,-0.031090999,-0.069994844,-0.24316241,0.008519344,-0.01678163,0.054057773,-0.019332854,-0.018337684,-0.17757124,-0.13874187,0.11527076,0.66400594,-0.01815459,0.07629488,-0.00023708567,0.26733917,0.06356792,0.00017486108,-0.008081329,-0.18037231,-0.01627774,0.021357514,0.90035295,-0.027462753,-0.066981465,-0.0022597408,-0.0032627482,0.81415266
-0.0019321012,-0.0201872,0.00982293,0.02689252,0.020264266,-0.038229313,-0.10383567,0.054250795,0.015380554,0.008197821,0.03788113,0.039959796,-0.033457235,0.12450913,-0.014000881,-0.03273203,0.5733706,-0.018623134,0.06142385,0.0036696398,0.27946737,0.08587486,0.00060130714,-0.0010740692,0.27485487,0.0007970896,-0.012065866,-0.034473732,-0.004520323,-0.028772596,-0.0012617838,-0.0007463899,0.7976801
-0.00011795759,-0.042691097,0.009284249,0.025334453,-0.121634945,-0.048141763,-0.0661009,0.0289845,-0.0017959531,-0.0042767343,0.028381383,-0.030086609,-0.115750596,-0.1630464,-0.30659822,-0.013011398,-0.8952865,0.0631569,0.08950702,-0.013563391,-0.25766274,-0.5015819,-0.022612229,0.00046219444,-0.12509638,-0.02797465,-0.018133692,-0.31696317,0.07005082,-0.19890617,-0.0007203236,0.0067788423,0.053694114
0.0016856696,-0.030588595,0.024549216,-0.1615467,0.09568924,0.13841781,-0.07399755,0.047638625,-0.011919136,0.024474176,-0.15993895,-0.013428312,-0.040734235,-0.16028261,-0.14951846,0.06751599,-1.127627,-0.09379709,-0.46946365,-0.005094738,-0.23133896,0.087020665,-0.0001591963,-0.00036616705,-0.14771432,-0.027160332,0.011749474,0.20806973,-0.07087744,-0.08453501,-0.0007203236,-0.006885487,0.09446194
0.00084931287,-0.035574812,0.009284249,0.02066924,-0.11521031,-0.051960453,-0.03864052,0.058741085,0.004273753,0.008197821,0.044757422,-0.0321163,-0.04849854,0.08928868,-0.078580625,-0.091083534,0.46735945,-0.024067463,0.069686845,-0.0046172915,-0.4185578,0.08123022,0.0013105889,0.0011564927,-0.22402726,-0.027160332,-0.03565284,-0.4015474,-0.014520231,-0.0818398,-0.0012617838,-0.0017347552,0.31663138
0.0021699134,-0.027411833,-0.0056364206,0.026154878,0.23106909,-0.034855977,0.094673075,0.064847596,0.02767783,-0.0075020734,0.045940917,0.032433283,-0.02673132,0.11684841,-0.17481555,0.107044004,0.5967062,-0.027996555,0.0638421,-0.017539432,-0.3462459,0.08283095,-0.0016206052,-0.0018698368,0.25845343,0.00094670174,0.011666397,0.69649595,0.0983867,-0.0037278382,-0.0012617838,-0.0033191552,0.87848955
0.00034423638,-0.022706283,-0.0070805494,0.02549244,0.030409133,-0.032021087,-0.12015726,0.057338025,0.012265974,-0.0042767343,0.03860414,-0.031389926,0.042203993,0.11754984,-0.033749595,0.034327846,0.57638174,-0.024492374,0.064370275,0.0027138134,0.31064817,0.086625025,-0.0028095834,0.0007779781,0.2561495,0.00339455,-0.012065866,-0.0028638996,0.11691669,-0.013977032,-0.0012617838,0.0009700171,0.8276671
0.0053800014,-0.035556532,0.008428222,-0.09959592,-0.21045421,-0.0371761,-0.042171378,0.03343158,0.00029773696,-0.0042767343,0.03113265,-0.035192,-0.12824577,-0.15249743,-0.43041342,-0.086292565,-0.8862954,0.065603144,0.08732827,-0.013563391,-0.23141281,-0.4567231,-0.0040991167,0.0007794114,-0.12693423,-0.026851054,-0.018133692,-0.57844627,0.0600947,-0.2013781,-0.0007203236,0.0060305283,0.032065827
0.088995345,-0.0076976675,0.0033922459,-0.15538915,-1.0588,-0.005827051,0.05482374,-0.23057072,-0.04473916,-0.06409121,-0.09024877,0.02028585,0.048644993,0.06672428,0.35468033,-0.26090673,-0.97762096,-0.14775528,-0.35102677,0.0022200078,0.19698866,0.04918642,-0.0015610534,0.024922354,-0.19515614,0.0034260422,-0.009956456,-0.21910931,-0.1365966,0.19139923,0.0076438896,0.0052917185,0.06077488
-0.0111436695,-0.04913726,0.010162342,-0.092539445,0.047240846,0.00075216143,0.08145016,-0.10867338,-0.032483652,-0.00434959,-0.11062141,0.022716314,-0.0595735,-0.11585809,-0.1665787,-0.035470515,-0.9953214,-0.123601526,-0.32498127,-0.011795103,-0.22715132,0.062377878,0.0035899358,0.029264688,-0.1679673,0.003122917,-0.018133692,-0.33066005,-0.116477005,-0.028883172,-0.0022597408,0.02555638,0.060263306
-0.026115047,-0.032096434,-0.007924927,0.029411905,-0.07797749,-0.018918093,-0.04837121,-0.16818371,0.008747764,0.00790146,-0.112227134,0.022350313,0.098121494,0.07132158,-0.08260609,0.091614515,-0.71823955,0.1714093,0.10944127,-0.015551721,-0.28035858,0.06375063,-0.005019975,-0.007103526,-0.1495839,0.00086730294,-0.013660374,-0.23094887,-0.13884908,0.19679385,-0.0074298615,0.04076693,0.2445088
-0.012500703,-0.030461079,0.015472476,0.022806749,-1.0365416,-0.06270487,-0.032092325,0.031737372,0.0064134216,-0.09186047,0.038436573,-0.03416065,-0.07957355,-0.16049506,-0.3226525,-0.18941778,-1.011008,-0.07900572,-0.35820836,-0.0071152085,-0.20990732,-0.41172937,-0.0046223053,-0.005138503,-0.2145033,0.003965047,-0.018133692,-0.18931322,0.0103594465,-0.22087476,-0.0007203236,0.025796212,0.010695241
-0.0051179826,-0.04104703,-0.004171168,0.022047216,-0.0456848,-0.028599981,-0.029312389,-0.13644819,-0.008238889,0.007889406,-0.11652831,-0.019848656,-0.0595735,-0.08639147,-0.2162222,0.061708927,-1.0060648,-0.10737424,-0.3657625,-0.008009469,-0.24760273,0.069523044,0.0024786075,-0.003274968,-0.14427422,-0.02815196,-0.0112654185,-0.17469338,-0.08426399,-0.08619584,-0.0022597408,-0.010039435,0.056667466
-0.004202394,-0.021354895,-0.0046523926,0.023825994,0.14848578,-0.025223577,0.112880304,0.06384745,0.0077302875,-0.0062524555,0.03255685,-0.03095523,-0.040410154,0.108716495,-0.11357506,0.058420043,0.6096247,-0.014375024,0.07732607,0.0012704796,0.3430137,0.08668351,0.015745606,-0.0044504856,-0.2101148,0.003215546,0.01571018,0.15466598,0.09890732,-0.098612316,-0.0012617838,-0.0011189845,0.8155702
-0.0017701989,0.12997693,-0.0063583693,0.016444873,0.13763748,-0.032477424,-0.08427095,-0.15035671,0.007651054,-0.011661891,0.026179338,-0.025529115,-0.027248034,-0.17531343,-0.10744409,0.034011364,0.6238579,-0.01815459,0.07664528,-0.00399422,0.30181316,0.07480755,0.0033641588,-0.008081329,-0.16430892,-0.0020628236,0.021357514,0.2923928,-0.034380425,-0.083428755,-0.0022597408,-0.0029806911,0.71189564
0.011567188,-0.039997976,0.0133003825,-0.0077834358,-1.1643964,-0.02124431,0.063982934,-0.19134481,-0.016901342,0.007889406,-0.1097208,-0.018914811,-0.059180945,0.053986955,-0.260229,-0.024856674,-1.0195041,-0.11278436,-0.36518306,-0.00885784,-0.21524747,0.05887518,-0.023776682,-0.008571484,-0.20639127,0.005663488,-0.0126637,-0.47723287,-0.17823748,-0.14898637,-0.0074298615,0.02392048,0.012620897
-0.0027755625,-0.02043804,0.008966903,-0.08984743,-0.097619146,-0.02714763,-0.07499195,0.05968631,-0.026991397,-0.009686171,0.041689232,0.0253119,-0.034508187,0.114629366,0.004282063,0.10682635,0.52892643,-0.023100974,0.058026053,0.0032249663,0.29348263,0.080663115,0.0012676698,-0.0029290621,0.24697499,0.0009535837,-0.020766744,-0.36164668,-0.022428593,-0.032366544,-0.0012617838,-0.00135474,0.6954241
-0.010304692,-0.028185792,-0.00056446047,0.020311302,-0.015602021,-0.014229672,0.05444151,0.053492602,0.003590751,-0.0044585485,-0.13474327,-0.026661243,-0.0609752,0.095557496,-0.17901082,-0.09299862,-1.0172572,-0.09700994,-0.39274475,-0.0043899836,-0.26271886,0.081171006,0.0031151676,0.011247236,-0.21414998,0.004196394,-0.013660374,-0.19123176,-0.022074295,-0.11704096,-0.0012617838,-0.0077930004,0.07717283
0.009918406,-0.02379573,0.0121804075,-0.07943839,-0.07891302,-0.025667662,-0.10891874,-0.19481623,-0.021799447,0.008197821,0.027341124,-0.015840169,0.074995376,0.07979149,0.16952775,-0.16748802,-0.87698674,0.10630661,0.0907165,-0.004043718,0.20738584,0.0771288,0.0018473383,-0.00033550058,0.20644438,0.006145617,-0.009956456,-0.22542554,-0.13891762,-0.07411809,0.0076438896,-0.0033296568,0.29657337
-0.005552505,0.110144496,-0.0006805507,0.028851854,-0.14162669,-0.031007672,0.12932046,0.05633228,-0.041589297,0.008180016,0.041534264,0.027541617,-0.033628277,0.10784664,0.02157643,-0.09119004,0.48986724,-0.018863268,0.052028146,-0.004809904,0.23405871,0.07697764,0.0029019504,0.00095036195,0.23419596,0.0006839002,-0.020766744,-0.48110786,-0.052547317,-0.033225432,0.0012981314,-0.0010656135,0.68291044
0.0039117457,-0.029633377,0.008966903,-0.09531738,-0.018780604,-0.035631776,-0.09010342,0.036053542,0.009353758,-0.0042767343,0.036153004,-0.021208422,-0.0951018,0.08591823,-0.2236609,0.17462958,-0.8856614,0.06368654,0.07490542,-0.0077844113,-0.23978591,-0.53978544,-0.0026159743,0.0013726738,0.23013799,0.0041440516,-0.013660374,-0.49334127,0.06403207,-0.18502343,-0.0012617838,0.0002530638,0.11021319
0.0023112502,-0.025433417,-4.2297477e-05,0.02031076,-0.043207623,-0.027312389,0.06362864,-0.21132018,0.0052262708,-0.004596591,0.034004662,-0.03095523,-0.04336725,0.091209106,-0.024019245,-0.00020238012,0.53642046,-0.015896903,0.06496575,0.001346189,0.29908276,0.06905325,0.0031853067,0.024874443,-0.2130298,0.003315151,-0.020766744,-0.30745995,-0.027688323,-0.09822667,-0.0074298615,-0.0017481714,0.5539841
-0.004202394,0.086239755,0.0075704553,0.021885997,0.18893744,-0.029471075,0.122187905,0.06646331,0.021254087,-0.0075020734,0.034509074,0.035779994,-0.031519923,0.11597698,0.010700879,0.07941649,0.6167982,-0.016769808,0.06307683,0.0017788117,0.27397648,0.097305216,-0.0029582174,-0.0020365454,0.23710601,-0.002067167,0.01571018,0.28553352,0.11289843,-0.0015409472,-0.0012617838,0.00042288407,0.9239136
-0.0021372158,-0.038279217,0.011136051,-0.07183432,-0.093180746,-0.02447436,-0.02293907,-0.14875883,-0.015591555,-0.009548129,-0.11733024,-0.011038387,-0.038553,-0.13209303,-0.19044742,-0.12979187,0.45816776,-0.042369787,0.06612279,-0.0078043784,-0.41571188,0.06246227,0.0006060698,-0.00771061,-0.16503082,0.0032513803,-0.04012616,-0.37817767,-0.08386868,-0.059529908,-0.0022597408,-0.010380593,0.17412493
-0.008611125,-0.038477637,-0.0057284446,0.024066864,0.22081481,-0.033573832,-0.019113198,0.035556763,0.011341783,-0.0062598167,0.04136983,-0.024902403,-0.0371082,-0.16782632,-0.14360237,0.06618695,0.59801865,-0.021361167,0.07456923,-0.004449884,-0.35985082,-0.4302233,-0.011843623,-0.0027671396,-0.15741225,0.0040040654,0.01731373,0.82229495,0.053290542,-0.09835794,-0.0007203236,0.0034474218,0.62260884
-0.006879217,-0.03536202,-0.0063583693,0.026617056,-0.0068874303,-0.037285887,-0.09470153,0.03317526,0.004805557,-0.0055263527,0.031609155,-0.030086609,-0.059989087,-0.17112279,-0.2320725,0.010191508,-1.0310891,-0.077784695,-0.3979058,-0.0041988967,-0.23736456,-0.4710841,-0.023101352,6.48587e-05,-0.15328051,-0.02797465,-0.006526134,-0.08107957,0.06289116,-0.15867059,-0.0007203236,0.0076736794,0.04396196
-0.06273107,0.018389275,0.01078396,0.041176252,-0.27192754,-0.03070589,0.09300238,-0.19521728,0.044526845,0.008180016,0.03363361,0.052523833,0.074995376,0.10408143,0.35183915,-0.06833953,-0.7810854,0.09028702,0.06995514,-0.006120153,0.15251213,0.058926307,0.0031788251,-0.002660731,0.20694801,0.0006839002,-0.009956456,-0.4717449,-0.031209225,0.22854981,0.0076438896,0.019344138,0.46008852
-0.015054501,-0.036977425,-0.017691983,0.022773115,0.14581585,-0.024648452,-0.07884699,0.054274403,-0.0074649826,0.018284408,-0.49966002,0.009584603,0.08152032,-0.22627966,-0.24319129,0.057045467,-1.0345516,0.15895014,0.12142512,-0.03914755,-0.23319277,0.075727776,0.00010333632,0.0086091645,-0.122529745,0.00052542,0.011749474,0.3843162,-0.07196648,0.18453544,-0.0007203236,-0.008931499,0.22704643
-0.0033342708,-0.034494687,-0.0062189507,0.03147791,0.07632142,-0.02432988,0.09128316,-0.17330064,0.004939456,0.00790146,-0.10389185,-0.022951521,-0.026833301,0.07867042,-0.2296344,0.11552208,0.49076226,-0.025868626,0.071034685,-0.013099852,-0.46903983,0.07802581,0.000547503,-0.009067202,-0.21493156,-0.024108186,0.011666397,-0.05138359,-0.103600696,-0.075210705,-0.0074298615,-0.004991541,0.38579607
-0.00403066,-0.034998037,0.038465012,0.048384592,-0.1174948,0.2845959,-0.02358264,-0.21292944,0.007888641,0.015283003,0.07947019,-0.026229493,0.040403362,0.06484366,-0.10022187,-0.07546577,0.42871347,-0.02417102,0.067063846,-0.005885121,-0.39244476,0.06306573,-0.008409287,0.002729693,-0.21535878,0.004157375,-0.03565284,-0.4068548,-0.040952936,-0.018474007,-0.0074298615,-0.0017927515,0.37595248
-0.0010639786,-0.02657287,-0.0075578713,-0.06759688,0.20227325,-0.02004131,-0.08687298,-0.19003415,0.017681137,-0.016643587,-0.111590356,-0.016744016,0.01610548,0.10602185,-0.18869658,0.0060125864,0.5317521,-0.036105826,0.080625266,-0.018240213,-0.35449675,0.08678275,-0.0012848054,-0.0077182963,-0.1966445,0.0032513803,0.011666397,0.39594218,-0.05074141,-0.02591758,-0.0074298615,-0.005090976,0.5303576
0.0019195704,-0.025100358,0.0028237866,0.020703051,-0.0426008,-0.012241149,0.06515231,0.056155775,0.0047584935,-0.0044585485,-0.1370363,-0.0278901,-0.040347256,0.10376625,-0.008595056,-0.033448614,0.5382766,-0.02537781,0.06637241,0.001346189,0.30221748,0.07859412,0.0032924071,0.014475265,-0.2153613,0.003315151,-0.020766744,-0.294261,-0.028447008,-0.09822667,-0.0012617838,-0.0040428913,0.58522403
0.00094849244,-0.028574683,-0.020124933,0.044411056,-0.012668601,0.20077689,-0.07815741,0.053112514,0.0071864147,-0.0075769536,0.050746657,-0.029726375,-0.040410154,0.08074583,-0.12315511,0.01179396,0.46325085,-0.020834142,0.07090841,-0.0031557914,-0.36899802,0.08396935,0.015745606,0.0007698514,-0.24575995,0.004096789,-0.00022914249,-0.22584078,0.08105134,-0.11965203,-0.0012617838,0.012248149,0.4890484
-0.0018836273,-0.022026302,-0.007371801,0.02797837,0.26138464,-0.029296447,-0.08445237,0.06916597,0.01288469,-0.0075020734,0.06600869,-0.021016382,-0.02673132,0.10506853,-0.14589654,0.12482488,0.64573795,-0.015019904,0.06332275,0.0028857982,0.24616568,0.07843797,-0.0014004464,-0.0021527575,0.24828991,0.0014986708,0.01571018,0.8762118,0.089195594,-0.07751528,-0.0012617838,0.0018606656,0.93045217
-0.0046856552,-0.03396669,0.013591305,-0.103098445,-0.1799357,-0.034168348,0.045502324,0.04087747,0.009064881,-0.0042767343,0.03566896,-0.037221696,-0.07957355,0.08264769,-0.32806137,-0.3024396,-0.9490375,-0.07851379,-0.34118053,-0.0008342548,-0.22880906,-0.43549377,0.0043725106,0.0002384116,-0.1685174,-0.026851054,-0.013660374,-0.41776162,0.052413907,-0.19781855,-0.0012617838,-0.0016051463,0.027018469
-0.009522951,-0.02597848,0.007976278,-0.089140184,0.07569748,-0.030605484,-0.06571079,-0.14597827,0.02633138,0.008197821,0.032572452,0.024922136,0.033905633,-0.22430593,0.27837357,-0.01198129,0.48042634,-0.033775486,0.07408861,0.0034040862,0.30350843,0.0675554,0.007265287,-0.0023730104,-0.17300798,0.000664123,-0.016539186,-0.09686875,-0.039281942,0.13192599,0.0023248363,-0.0017456827,0.6666062
0.0033407528,-0.037280597,-0.0063583693,0.023780555,0.20510963,-0.032940358,-0.02139826,0.04170438,0.00904967,-0.0075020734,0.03727783,-0.0321163,-0.032940708,0.10828105,-0.12802178,0.21057265,0.58868724,-0.019453097,0.07499945,-0.00038958143,-0.36718276,-0.4824942,-0.009356926,0.00014744705,-0.1600708,-0.022659583,0.011666397,0.66450095,0.06869747,-0.100437135,-0.0012617838,0.0019448125,0.66562116
0.0015748746,-0.038987026,-0.0026557397,-0.13905646,0.008033596,0.0744877,-0.04094102,-0.1311786,-0.018329576,0.0097779,-0.23796722,0.021358116,-0.0532284,-0.081976786,-0.12738042,0.08855294,-1.0472643,-0.116744205,-0.39591715,-0.00823312,-0.23913436,0.07399355,0.000383731,-0.006110624,-0.15197565,-0.017326474,0.00034214114,-0.1977042,-0.07643384,-0.027983611,-0.0022597408,-0.007883414,0.057997063
-0.003915688,0.18197586,0.02262041,-0.1728783,-0.10559566,0.2035853,-0.0682823,0.051410496,-0.007962833,0.015283003,0.067044176,-0.019220475,-0.042153444,0.0674384,-0.07619998,0.09006866,0.46674025,-0.020307207,0.068157844,-0.006018807,-0.36307314,0.08086644,0.0010366262,0.00022311433,-0.19783771,-0.009678318,-0.03565284,-0.37889564,-0.01239698,-0.066234425,-0.0012617838,0.0003518259,0.45754924
0.0005287444,0.13137324,-0.0027867567,-0.06901749,0.043269414,-0.0055986433,-0.06856109,-0.10093363,0.0020435597,0.0036001834,-0.100018725,-0.014497397,0.08688628,-0.13265832,0.15105632,-0.04311346,-0.9270708,0.12562238,0.11206337,-0.0051859114,0.16916531,0.073420584,-0.001223202,-0.0032411763,-0.12138553,-0.0020167863,-0.009471314,-0.027632657,-0.065801926,-0.075599544,0.0023248363,-0.009577885,0.31356868
-0.0044321707,-0.02646192,0.012014927,0.02468641,0.06896579,-0.033706997,0.08724009,0.041802183,-0.0366133,0.008197821,0.036469482,0.035441935,-0.032336522,-0.2945918,0.1352045,0.022053372,0.56798685,-0.026142249,0.059767384,0.0034040862,0.3175475,0.08102222,-0.0013718359,-0.0032070652,0.22584052,0.0008431269,-0.016539186,0.008351689,-0.054029904,-0.020485934,0.0007410736,-0.0030388336,0.7833292
0.00094849244,-0.025158878,0.022380067,-0.17454492,0.044529233,0.1652708,-0.08315328,0.051334545,-0.021383306,-0.020081848,0.052996736,-0.01817866,-0.02752575,0.09688611,-0.08495592,0.009633595,0.529001,-0.0245492,0.058269516,-0.0031557914,-0.4082043,0.09502528,0.000547503,0.00094876974,0.26758355,0.0042189034,0.011666397,0.0618844,0.011119946,-0.061838865,-0.0012617838,0.0066385893,0.6541748
0.008712751,-0.03057671,-0.0053984975,0.022753559,-0.081439,-0.022076963,-0.105903395,-0.16264716,-0.01697383,0.0035881295,-0.12539448,0.018831912,0.055088356,0.04333231,-0.14097387,-0.19787787,-0.9426999,-0.18133348,-0.4014988,-0.01695959,-0.2854664,0.061144724,0.003113782,0.008407528,-0.15105484,0.003122917,-0.0126637,-0.17856339,-0.23635451,0.10433425,-0.0074298615,0.026627753,0.055009056
0.019508956,-0.044213694,0.009908722,-0.13427821,-0.23202291,-0.0066596474,-0.09933223,-0.17236318,-0.03856064,-0.0044585485,-0.14274618,0.014264567,0.035906658,0.05239062,-0.1491065,-0.17789303,0.4085576,-0.054054376,0.06672694,-0.014904077,-0.37802893,0.059588574,0.004445269,0.03175624,-0.18388432,0.003122917,-0.03565284,-0.6453501,-0.17625423,0.10740605,-0.0074298615,0.040405862,0.14897613
-0.003810715,0.100530356,-0.0053745727,0.023254842,0.06615175,-0.028361078,0.08630568,-0.18835661,0.009201282,-0.009686171,0.034120463,-0.027993502,-0.028325945,0.10272058,-0.039666556,-0.05900051,0.5615534,-0.015896903,0.059294574,-9.996584e-05,0.25481644,0.073413864,0.000821466,-0.009816392,0.28517115,0.000416515,-0.012065866,-0.1339041,0.00062469894,-0.09656741,-0.0074298615,-0.0036633373,0.74817985
-0.006577798,-0.025774138,-0.015783632,0.053386122,0.039412666,0.1925628,-0.07985861,0.05082088,0.01390956,-0.009560035,0.045761973,0.03500379,-0.039480567,0.08404432,-0.045851406,0.055534054,0.50142926,-0.023228923,0.07502121,-0.0050856154,-0.42919806,0.09654503,-0.0029582174,-0.0061178464,-0.22977358,0.0015562174,0.011666397,0.036438514,0.09098283,-0.008871304,-0.0012617838,0.00066603534,0.63550574
0.002763031,0.1052959,0.00089498167,0.026084328,0.15762581,-0.032010403,0.11214773,0.057419278,-0.008890188,-0.0065723117,0.03276363,-0.024529047,-0.036386285,0.09546652,-0.00030419324,0.07907097,0.6193344,-0.016281279,0.075960375,-9.996584e-05,0.33313295,0.09111271,0.000547503,0.014427611,-0.20859972,-0.0020628236,0.01571018,0.14445387,-0.007947751,-0.07994302,-0.0012617838,-0.0012072722,0.8373534
0.016364403,-0.040423743,0.003602811,0.025170885,-0.17294168,-0.012598892,0.119783744,0.043639455,0.025526812,0.003582378,-0.16075136,0.034667782,0.057349604,-0.19682933,-0.20860754,-0.07869664,-0.9530379,-0.17656627,-0.37119713,-0.01109432,-0.25700325,0.058881104,0.0037385698,0.011899008,-0.1658306,0.003122917,-0.018133692,-0.44793773,-0.06845351,0.16967948,-0.0007203236,0.032599118,0.0671907
-0.017030574,-0.031483136,0.009207246,-0.07147617,0.06025818,-0.03800536,-0.08732416,0.05899428,-0.008117114,0.01855528,0.03536254,-0.01916931,0.102755755,0.09118492,-0.18012561,0.028924884,-0.8800772,0.12837872,0.11833045,-0.017037435,-0.24213329,0.097126774,0.00047597828,-0.0016237879,-0.1478606,-0.024108186,0.0061021405,0.054043993,-0.026327897,-0.06578061,-0.0012617838,-0.0047554853,0.27819222
-0.021838624,-0.023976374,-0.0070805494,0.024774414,0.120091766,-0.041105896,-0.099866346,0.067058906,0.025740704,0.022882042,0.037354756,0.035678223,0.07757205,0.13602915,-0.17941548,0.02784326,-0.9772368,0.18195772,0.10274544,-0.016131561,-0.22106604,0.096055165,0.00047597828,-0.0020211237,0.23652403,0.00088981254,0.0061021405,0.28850552,0.0006214316,0.19873548,-0.0012617838,-0.0018061653,0.5486906
-0.00011795759,-0.036619853,0.008428222,-0.08625121,-0.093248494,-0.038676526,-0.06646306,0.031608485,-0.0018997367,-0.0042767343,0.02858968,-0.018744037,-0.121508114,-0.12806322,-0.36614504,-0.029570218,-0.89611846,0.07183907,0.087354906,-0.0138143785,-0.25700045,-0.49125144,0.08566467,0.00046219444,-0.1232865,0.003965047,-0.018133692,-0.3127817,0.08152272,-0.18514644,-0.0007203236,0.0060363985,0.058205012
-0.007825426,-0.027884351,0.0072008925,-0.08042057,0.09515406,-0.031255793,-0.08198252,-0.17179742,0.0053491867,-0.011692051,0.027499886,-0.02077373,-0.026740698,0.082231,-0.053427428,0.0059347255,0.5116332,-0.025785197,0.073015794,-0.0042912606,-0.4613504,0.08487373,0.000547503,0.012092148,-0.2388509,0.0040398994,0.011666397,0.058981687,-0.008355887,-0.08011059,-0.0074298615,-0.006878672,0.43386918
0.06846625,-0.0012949491,0.009927933,-0.1424823,-0.28318223,-0.020669952,0.08211012,-0.2116376,-0.040923454,-0.009577213,0.03363525,0.04417716,0.074995376,0.100814536,0.38444448,-0.16869706,-0.77814084,0.121470556,0.0702536,-0.004043718,0.2040173,0.058926307,-0.0010378641,-0.0062639494,0.18211903,0.003605046,-0.009956456,-0.42577463,-0.03409359,0.21540622,0.0076438896,0.024286553,0.4131579
-0.023557326,-0.023038814,0.0049447794,-0.08822537,-0.023906378,-0.023803286,0.1191737,0.061291978,0.026466874,0.008197821,0.04529882,0.028155867,0.047499303,0.113119505,0.22975785,-0.11715029,0.4619323,-0.03214192,0.06972179,0.0032249663,0.3126067,0.07460272,-0.003685564,-0.0017052796,-0.19253185,0.0038244186,-0.020766744,-0.32655212,-0.026095843,0.14165623,0.0012981314,0.00097568176,0.72134423
0.014769272,-0.035024054,0.009284249,0.02290233,-0.016558832,-0.045946755,-0.021150291,0.060731754,0.00985261,-0.0042767343,0.033219043,0.044988293,-0.122215115,0.093565,-0.10494027,0.07205542,-0.8558834,0.10634566,0.09945502,-0.00058299117,-0.25968382,0.09639473,0.0022638324,0.001024859,-0.17773062,-0.050541677,-0.013660374,-0.24389383,0.12089949,-0.05169423,-0.0012617838,-0.00123112,0.24638735
-0.0037259506,-0.02944351,-0.0046523926,0.02038587,0.16662946,-0.029197944,0.09707656,0.061362185,0.009716883,-0.0075020734,0.032356724,-0.0321163,-0.035866156,0.11057491,-0.07482328,0.11220977,0.51841396,-0.016675498,0.07736658,-0.0058979164,-0.441458,0.099380195,-0.0027380586,-0.0044504856,-0.21229918,-0.029038789,0.011666397,0.22649136,0.086241595,-0.08766332,-0.0012617838,-0.0004407707,0.67066
0.016865648,-0.03830265,0.008883576,-0.067572154,-0.0821902,-0.021020364,0.022676969,-0.14547274,0.0030604037,-0.009548129,-0.09838489,0.015613599,-0.10785316,-0.18807209,-0.23858432,-0.16734293,-0.87804663,0.14009975,0.09566916,-0.0030692965,-0.2625921,0.07223194,0.0010845461,-0.006474044,-0.15516865,0.00071080885,-0.018133692,-0.23486085,-0.05113046,-0.058915243,-0.0022597408,-0.011741687,0.08554479
0.029764475,0.108954445,-0.00033598556,0.03520178,-0.09608192,-0.027436629,0.12804474,0.061716735,0.041219424,0.0038787392,0.04368471,0.035105564,0.048023243,0.09408179,0.16823389,-0.10050323,0.4572849,-0.030528316,0.06486674,-0.0052453475,0.26428807,0.07313201,0.0030505843,-0.008523986,-0.18717717,-0.0017954379,-0.020766744,-0.10301431,-0.019859103,0.15774252,0.0012981314,-0.0025625993,0.7885642
0.028783157,-0.02321137,0.0063394876,0.031425517,-0.09334205,-0.028491685,0.12989822,0.065260164,-0.028586423,-0.009577213,0.03684047,0.036441397,0.08327327,0.120488375,0.1885058,-0.089987,-0.8454593,0.13703753,0.087236375,-0.004043718,0.22308548,0.07879569,0.0030505843,-0.00043217698,0.22715217,0.003605046,-0.009956456,-0.373386,-0.007588601,0.22365218,0.0012981314,-0.013720243,0.5707562
-0.014294271,-0.036971204,-0.014552053,0.041095585,0.012952011,-0.009429968,0.08322143,-0.16028537,-0.041847616,0.007871601,-0.11710537,0.032637097,0.026417661,0.058343735,-0.1383729,0.025567947,-0.9695135,-0.17589006,-0.30056423,-0.01560486,-0.26745328,0.05376122,0.004445269,-0.005630756,0.25768343,0.0033019204,-0.0126637,-0.26088625,-0.33714402,0.12112988,-0.0074298615,-0.14516509,0.09958673
-0.0018836273,0.100183636,0.009956149,-0.11779328,0.2731741,-0.027189367,-0.0833355,0.068551,0.013370516,-0.0075020734,0.06113958,-0.016630093,-0.02673132,0.09437286,-0.09727284,0.122360244,0.64573795,-0.021050565,0.06350495,-0.00016049622,0.2357215,0.07843797,-0.0014004464,-0.0017554217,0.24365059,-0.00074822665,0.01571018,0.9078418,0.08844845,-0.07618661,-0.0012617838,0.0011182213,0.93357384
-0.1043687,-0.008657775,-0.004381733,-0.08405487,-1.185406,-0.013176372,-0.044730548,-0.19716936,-0.041546557,0.007871601,-0.09198726,0.02028585,0.048121054,0.0508301,0.39913777,0.14926063,-1.0250874,-0.1454474,-0.27761954,0.0026554517,0.19278948,0.046750754,0.0026413726,-0.0029356927,-0.120781,0.0034260422,-0.008959781,-0.57860124,-0.29261863,0.17534907,0.0076438896,0.016260775,0.047247473
-0.01507271,-0.024783613,-0.0053745727,0.035126068,-0.15027742,-0.024264563,0.09984743,0.0645933,0.013724866,-0.0042767343,0.045321178,-0.031389926,-0.039165415,0.10855547,-0.21309161,-0.14501776,0.50722295,-0.014430335,0.05129558,0.0008258063,0.25497437,0.074157566,0.009183268,-0.0015952119,0.26899895,0.0066916337,-0.020766744,-0.64020455,0.11959557,-0.12233413,-0.0012617838,-0.0011186549,0.575967
0.00034423638,-0.027483119,-0.0063583693,0.020583395,0.17389847,-0.031322543,-0.09981736,0.06283953,0.009173011,-0.0075020734,0.032664448,-0.033345155,-0.035866156,0.106200755,-0.14176194,0.058963522,0.62302136,-0.01797266,0.08077493,0.0010860232,0.26903903,0.09796004,-0.0027380586,0.00042789127,-0.18809377,-0.024922505,0.01571018,0.33032307,0.08394102,-0.095213294,-0.0012617838,0.0018560058,0.79505986
-0.018852782,-0.044930372,-0.0063583693,0.023185825,0.20131223,-0.03380436,-0.0138173085,0.035055947,0.011837362,-0.0075020734,0.029227758,-0.030086609,-0.032940708,-0.27454075,-1.011393,0.27329177,0.59415144,-0.02108313,0.073819384,-0.0041988967,-0.3677078,-0.5169715,-0.014631438,0.00081114296,-0.13843401,-0.026250456,0.002191492,0.6269419,0.055097904,-0.10306596,-0.0007203236,0.00744143,0.34697244
0.0046698414,-0.030165642,0.008428222,-0.09597257,0.07181969,-0.029152673,-0.08602002,0.033439737,0.0072779786,-0.0075020734,0.0313062,-0.021133961,-0.059989087,-0.16761594,-0.27504617,0.0015214626,-1.0671971,-0.08015209,-0.40759623,-0.0037634526,-0.25459617,-0.4931294,-0.023101352,-0.0021184543,-0.14662819,-0.02797465,0.011749474,-0.0013730191,0.064297296,-0.12899503,-0.0007203236,0.0072179525,0.04446096
-0.004964076,0.10069919,-4.2297477e-05,0.025613816,0.09718819,-0.025509521,0.12597845,0.060506508,0.013315845,-0.005010198,0.03844084,-0.02755881,0.045911536,0.08873053,0.020952232,0.073032714,0.5841475,-0.023847492,0.07959291,0.0013433679,0.3188258,0.091965854,-0.0028095834,0.0041984785,-0.21029767,-0.0020059345,0.01571018,0.12849085,0.10553106,-0.015653497,-0.0012617838,-0.0038578408,0.8578941
-0.010714234,-0.032679543,-0.015783632,0.042617008,-0.04097104,0.20449258,-0.04778386,0.047375165,0.010939092,-0.006334696,0.06323642,0.033072017,-0.0735429,-0.17131655,-0.1177138,-0.108338825,-1.0132324,-0.10169491,-0.40427592,0.003357153,-0.23376726,0.08542457,-0.003216102,-0.022533277,-0.1817406,0.0015562174,-0.018133692,-0.20204945,0.109766714,-0.020887177,-0.0007203236,0.01059615,0.107700504
0.008745461,-0.045977946,-0.00082306634,-0.104817815,-0.23622547,-0.013125029,-0.09931674,-0.13530749,-0.048032902,0.007871601,-0.13236314,0.029043032,0.032539636,-0.10092173,-0.2166159,-0.105247915,-0.9571757,-0.18626484,-0.30176163,-0.01109432,-0.25824526,0.052481823,0.0037385698,-0.0043670274,0.2405868,0.0033019204,-0.0112654185,-0.46334216,-0.21324325,0.11670705,-0.0022597408,0.0104226805,0.045572586
-0.0003916002,-0.029428378,0.007979916,-0.12582487,-0.0887019,-0.03565244,-0.04095241,-0.16261308,-0.008658324,0.0038965445,0.040591944,-0.014176622,-0.0639952,0.052563697,-0.3147601,-0.079523385,-0.99025005,-0.088128,-0.36734432,-0.011614136,-0.22106586,0.06366836,0.009884584,0.007414706,-0.19060026,0.0034904545,-0.013660374,-0.5392066,-0.12255108,-0.10132774,-0.0074298615,-0.005378959,0.03444982
0.0015560883,-0.029385658,0.0067144283,-0.09848125,-0.08000161,-0.036857404,0.08043372,0.033011194,0.01066524,-0.0042767343,0.036593102,-0.022821812,-0.052579656,-0.20329283,-0.1574795,0.00513291,-0.99005026,-0.07972793,-0.28403056,-0.0071152085,-0.26433173,-0.53104997,-0.0103777675,-0.0036887857,0.28092307,0.00418307,-0.018133692,-0.23615707,0.073711306,-0.12453511,-0.0007203236,-0.0010045753,0.0689696
-0.026621697,-0.048988298,-0.0050271945,-0.10724328,-0.100607075,-0.010633266,-0.08987369,-0.17323603,-0.02038009,0.007889406,-0.08864726,0.021104943,0.09832404,0.032342732,-0.09813714,-0.22352406,-0.727764,0.18468666,0.10339005,-0.014402081,-0.26019284,0.06623234,0.0043170284,-0.00079419115,-0.11829693,-0.08011143,-0.0126637,-0.39891538,-0.24552228,0.16916737,-0.0074298615,0.0038711,0.11233233
-0.013740219,-0.023527527,0.0072008925,-0.09617352,-0.07927126,-0.035657983,-0.09066257,0.028125286,0.006913144,-0.0030344771,0.035974085,-0.02077373,-0.073228456,0.07451789,-0.43334344,-0.08613932,-1.0059181,-0.08029339,-0.37869543,-0.0015206861,-0.25846714,-0.5022428,-0.008423249,-0.0061644954,-0.16892475,0.0040040654,-0.013660374,-0.27353996,0.08926169,-0.14302386,-0.0012617838,-0.0028461076,0.030650198
-0.0010335245,-0.030650463,-0.0063583693,0.024066864,0.11992447,-0.03481664,-0.077523865,0.033963144,0.011960703,-0.0075020734,0.03151442,-0.027696684,-0.04150425,-0.16090357,-0.22644193,0.038012158,0.4988778,-0.021361167,0.07281292,-0.004449884,-0.46825993,-0.635046,0.09127886,6.48587e-05,-0.16083841,0.0040040654,0.01731373,0.076609775,0.07763761,-0.104159474,-0.0007203236,0.00744143,0.3093343
0.0018868073,-0.033039656,-0.0063583693,0.02659545,0.07891224,-0.043730315,-0.082450695,0.02989125,0.021465981,-0.0042767343,0.03737247,-0.027696684,-0.060959738,-0.13954638,-0.07139714,0.15399422,-0.9991008,-0.07785818,-0.34888327,-0.0071152085,-0.24067992,-0.38433203,0.10180863,0.00013985159,-0.12804878,0.003965047,-0.018133692,0.08852078,0.08618506,-0.15362024,-0.0007203236,0.007960396,0.11019997
-0.017326027,-0.038481552,0.0124443555,-0.08808613,-1.0626185,-0.016837355,0.061931044,-0.21287635,-0.017731743,0.013374504,-0.12405172,-0.017990695,-0.059180945,0.045826767,-0.22338277,-0.026537517,-1.0195041,-0.10452513,-0.35522676,-0.009558623,-0.2046048,0.056927368,-0.023776682,-0.0068232594,-0.20792505,0.005663488,-0.0126637,-0.29263437,-0.22200157,-0.1388369,-0.0074298615,0.023365257,0.014912521
